record_type,wall_time_ms,lat,lon,bearing_deg,bearing_valid,gps_accuracy_m,fused_speed_kmh,details
LOCATION_ONLY,1790428109447,29.5980039,52.4781522,,false,26.57,0.000,source=fused:fused;speedReason=NO_SPEED;derived=;locationGapMs=0;callbackGapMs=-1;fusion=POSITION_OR_SPEED
LOCATION,1790428111941,29.5979295,52.4779604,,false,18.53,0.419,source=fused:fused;speedReason=OK;derived=29.34;locationGapMs=2494;callbackGapMs=2494;fusion=GPS_IMU
LOCATION,1790428113452,29.5979221,52.4779414,,false,14.89,0.000,source=fused:fused;speedReason=OK;derived=29.34;locationGapMs=1511;callbackGapMs=1511;fusion=GPS_IMU
LOCATION,1790428114528,29.5979283,52.4779458,,false,8.40,0.000,source=fused:fused;speedReason=OK;derived=4.80;locationGapMs=1075;callbackGapMs=1075;fusion=GPS_IMU
LOCATION,1790428115493,29.5979748,52.4780202,,false,7.75,0.000,source=fused:fused;speedReason=OK;derived=4.80;locationGapMs=965;callbackGapMs=965;fusion=GPS_IMU
LOCATION,1790428116048,29.5979773,52.4780228,,false,14.63,0.000,source=fused:fused;speedReason=OK;derived=2.71;locationGapMs=555;callbackGapMs=555;fusion=GPS_IMU
LOCATION,1790428117103,29.5979927,52.4780469,,false,14.96,0.000,source=fused:fused;speedReason=OK;derived=9.87;locationGapMs=1055;callbackGapMs=1055;fusion=GPS_IMU
LOCATION,1790428117623,29.5979992,52.4780532,,false,13.75,0.000,source=fused:fused;speedReason=OK;derived=6.55;locationGapMs=519;callbackGapMs=519;fusion=GPS_IMU
LOCATION,1790428118445,29.5979971,52.4780414,,false,13.86,0.000,source=fused:fused;speedReason=OK;derived=6.55;locationGapMs=824;callbackGapMs=824;fusion=GPS_IMU
LOCATION,1790428119437,29.5979936,52.4780179,,false,13.15,0.000,source=fused:fused;speedReason=OK;derived=6.55;locationGapMs=991;callbackGapMs=991;fusion=GPS_IMU
LOCATION,1790428120475,29.5979895,52.4779891,,false,13.02,0.000,source=fused:fused;speedReason=OK;derived=8.39;locationGapMs=1037;callbackGapMs=1037;fusion=GPS_IMU
LOCATION,1790428121433,29.5979891,52.4779705,,false,9.25,0.000,source=fused:fused;speedReason=OK;derived=8.39;locationGapMs=959;callbackGapMs=959;fusion=GPS_IMU
LOCATION,1790428122441,29.5979900,52.4779635,,false,7.33,0.000,source=fused:fused;speedReason=OK;derived=6.77;locationGapMs=1009;callbackGapMs=1009;fusion=GPS_IMU
LOCATION,1790428123578,29.5979920,52.4779588,,false,5.25,0.000,source=fused:fused;speedReason=OK;derived=2.45;locationGapMs=1137;callbackGapMs=1137;fusion=GPS_IMU
LOCATION,1790428124577,29.5979945,52.4779564,,false,4.72,0.000,source=fused:fused;speedReason=OK;derived=1.60;locationGapMs=999;callbackGapMs=999;fusion=GPS_IMU
LOCATION,1790428125583,29.5979978,52.4779539,,false,4.48,0.000,source=fused:fused;speedReason=OK;derived=1.57;locationGapMs=1006;callbackGapMs=1006;fusion=GPS_IMU
LOCATION,1790428126572,29.5980011,52.4779515,,false,4.41,0.000,source=fused:fused;speedReason=OK;derived=1.57;locationGapMs=988;callbackGapMs=988;fusion=GPS_IMU
LOCATION,1790428127564,29.5980050,52.4779492,,false,4.33,0.000,source=fused:fused;speedReason=OK;derived=1.58;locationGapMs=992;callbackGapMs=992;fusion=GPS_IMU
LOCATION,1790428128622,29.5980083,52.4779471,,false,4.24,0.000,source=fused:fused;speedReason=OK;derived=1.58;locationGapMs=1058;callbackGapMs=1058;fusion=GPS_IMU
LOCATION,1790428129126,29.5980100,52.4779472,,false,4.19,0.000,source=fused:fused;speedReason=OK;derived=1.42;locationGapMs=504;callbackGapMs=504;fusion=GPS_IMU
LOCATION,1790428129569,29.5980119,52.4779460,,false,4.11,0.000,source=fused:fused;speedReason=OK;derived=1.42;locationGapMs=444;callbackGapMs=444;fusion=GPS_IMU
LOCATION,1790428130590,29.5980158,52.4779437,,false,4.03,0.000,source=fused:fused;speedReason=OK;derived=1.72;locationGapMs=1020;callbackGapMs=1020;fusion=GPS_IMU
LOCATION,1790428131589,29.5980179,52.4779417,,false,3.85,0.000,source=fused:fused;speedReason=OK;derived=1.72;locationGapMs=1000;callbackGapMs=1000;fusion=GPS_IMU
LOCATION,1790428132612,29.5980183,52.4779407,,false,3.76,0.000,source=fused:fused;speedReason=OK;derived=1.09;locationGapMs=1022;callbackGapMs=1022;fusion=GPS_IMU
LOCATION,1790428133637,29.5980179,52.4779399,,false,3.75,0.000,source=fused:fused;speedReason=OK;derived=0.38;locationGapMs=1025;callbackGapMs=1025;fusion=GPS_IMU
LOCATION,1790428134628,29.5980172,52.4779389,,false,3.77,0.000,source=fused:fused;speedReason=OK;derived=0.38;locationGapMs=991;callbackGapMs=991;fusion=GPS_IMU
LOCATION,1790428135624,29.5980149,52.4779382,,false,3.84,0.000,source=fused:fused;speedReason=OK;derived=0.45;locationGapMs=997;callbackGapMs=997;fusion=GPS_IMU
LOCATION,1790428136626,29.5980127,52.4779397,,false,3.99,0.000,source=fused:fused;speedReason=OK;derived=0.95;locationGapMs=1001;callbackGapMs=1001;fusion=GPS_IMU
LOCATION,1790428137624,29.5980125,52.4779397,,false,4.19,0.000,source=fused:fused;speedReason=OK;derived=0.95;locationGapMs=998;callbackGapMs=998;fusion=GPS_IMU
LOCATION,1790428138630,29.5980063,52.4779391,,false,4.28,0.000,source=fused:fused;speedReason=OK;derived=1.02;locationGapMs=1006;callbackGapMs=1006;fusion=GPS_IMU
LOCATION,1790428139624,29.5980020,52.4779385,,false,4.45,0.000,source=fused:fused;speedReason=OK;derived=1.74;locationGapMs=994;callbackGapMs=994;fusion=GPS_IMU
LOCATION,1790428140583,29.5979999,52.4779375,,false,4.68,0.000,source=fused:fused;speedReason=OK;derived=1.74;locationGapMs=960;callbackGapMs=960;fusion=GPS_IMU
LOCATION,1790428141610,29.5980003,52.4779390,,false,4.92,0.000,source=fused:fused;speedReason=OK;derived=0.95;locationGapMs=1027;callbackGapMs=1027;fusion=GPS_IMU
LOCATION,1790428142447,29.5980024,52.4779426,,false,5.13,0.000,source=fused:fused;speedReason=OK;derived=0.95;locationGapMs=836;callbackGapMs=836;fusion=GPS_IMU
LOCATION,1790428143594,29.5980048,52.4779515,,false,5.29,0.000,source=fused:fused;speedReason=OK;derived=1.81;locationGapMs=1147;callbackGapMs=1147;fusion=GPS_IMU
LOCATION,1790428144536,29.5980056,52.4779543,,false,5.43,0.000,source=fused:fused;speedReason=OK;derived=1.81;locationGapMs=942;callbackGapMs=942;fusion=GPS_IMU
LOCATION,1790428145594,29.5980059,52.4779645,,false,5.58,0.000,source=fused:fused;speedReason=OK;derived=2.83;locationGapMs=1059;callbackGapMs=1059;fusion=GPS_IMU
LOCATION,1790428146601,29.5980054,52.4779742,,false,5.53,0.000,source=fused:fused;speedReason=OK;derived=3.36;locationGapMs=1006;callbackGapMs=1006;fusion=GPS_IMU
LOCATION,1790428147602,29.5980033,52.4779859,,false,5.39,0.000,source=fused:fused;speedReason=OK;derived=3.37;locationGapMs=998;callbackGapMs=998;fusion=GPS_IMU
LOCATION,1790428148617,29.5980018,52.4779964,,false,5.35,0.000,source=fused:fused;speedReason=OK;derived=3.64;locationGapMs=1018;callbackGapMs=1018;fusion=GPS_IMU
LOCATION,1790428149588,29.5979971,52.4780065,,false,5.25,0.000,source=fused:fused;speedReason=OK;derived=4.11;locationGapMs=972;callbackGapMs=972;fusion=GPS_IMU
LOCATION,1790428150594,29.5979940,52.4780141,,false,5.17,0.000,source=fused:fused;speedReason=OK;derived=3.64;locationGapMs=1006;callbackGapMs=1006;fusion=GPS_IMU
LOCATION,1790428151539,29.5979924,52.4780180,,false,5.19,0.000,source=fused:fused;speedReason=OK;derived=2.91;locationGapMs=945;callbackGapMs=945;fusion=GPS_IMU
LOCATION,1790428152480,29.5979893,52.4780248,,false,5.01,0.000,source=fused:fused;speedReason=OK;derived=2.84;locationGapMs=941;callbackGapMs=941;fusion=GPS_IMU
LOCATION,1790428153051,29.5979875,52.4780321,,false,4.67,0.000,source=fused:fused;speedReason=OK;derived=2.84;locationGapMs=571;callbackGapMs=571;fusion=GPS_IMU
LOCATION,1790428153578,29.5979875,52.4780363,,false,4.51,0.000,source=fused:fused;speedReason=OK;derived=2.84;locationGapMs=527;callbackGapMs=527;fusion=GPS_IMU
LOCATION,1790428154477,29.5979866,52.4780366,,false,4.18,0.000,source=fused:fused;speedReason=OK;derived=2.78;locationGapMs=899;callbackGapMs=899;fusion=GPS_IMU
LOCATION,1790428155544,29.5979868,52.4780393,,false,3.90,0.000,source=fused:fused;speedReason=OK;derived=0.89;locationGapMs=1067;callbackGapMs=1067;fusion=GPS_IMU
LOCATION,1790428156605,29.5979838,52.4780472,,false,3.47,0.000,source=fused:fused;speedReason=OK;derived=0.89;locationGapMs=1061;callbackGapMs=1061;fusion=GPS_IMU
LOCATION,1790428157609,29.5979682,52.4780651,,false,3.24,0.000,source=fused:fused;speedReason=OK;derived=2.83;locationGapMs=1003;callbackGapMs=1003;fusion=GPS_IMU
LOCATION,1790428158606,29.5979609,52.4780771,,false,3.18,0.000,source=fused:fused;speedReason=OK;derived=5.11;locationGapMs=998;callbackGapMs=998;fusion=GPS_IMU
LOCATION,1790428159606,29.5979607,52.4780784,,false,3.20,0.000,source=fused:fused;speedReason=OK;derived=5.11;locationGapMs=1000;callbackGapMs=1000;fusion=GPS_IMU
LOCATION,1790428160604,29.5979124,52.4782118,,false,3.23,0.000,source=fused:fused;speedReason=OK;derived=5.11;locationGapMs=998;callbackGapMs=998;fusion=GPS_IMU
LOCATION,1790428161612,29.5979054,52.4782509,,false,3.31,0.000,source=fused:fused;speedReason=OK;derived=13.81;locationGapMs=1008;callbackGapMs=1008;fusion=GPS_IMU
LOCATION,1790428162610,29.5979119,52.4782840,,false,3.42,0.000,source=fused:fused;speedReason=OK;derived=13.81;locationGapMs=998;callbackGapMs=998;fusion=GPS_IMU
LOCATION,1790428163490,29.5979136,52.4782927,,false,3.58,0.000,source=fused:fused;speedReason=OK;derived=11.85;locationGapMs=880;callbackGapMs=880;fusion=GPS_IMU
LOCATION,1790428164611,29.5979239,52.4783168,,false,3.50,0.000,source=fused:fused;speedReason=OK;derived=8.35;locationGapMs=1121;callbackGapMs=1121;fusion=GPS_IMU
LOCATION,1790428165158,29.5979254,52.4783200,,false,3.40,0.000,source=fused:fused;speedReason=OK;derived=3.53;locationGapMs=546;callbackGapMs=546;fusion=GPS_IMU
LOCATION,1790428165720,29.5979255,52.4783201,,false,3.40,0.000,source=fused:fused;speedReason=OK;derived=2.32;locationGapMs=563;callbackGapMs=563;fusion=GPS_IMU
LOCATION,1790428166262,29.5979254,52.4783198,,false,3.42,0.000,source=fused:fused;speedReason=OK;derived=0.21;locationGapMs=542;callbackGapMs=542;fusion=GPS_IMU
LOCATION,1790428167078,29.5980547,52.4784530,,false,3.98,0.000,source=fused:fused;speedReason=OK;derived=0.21;locationGapMs=816;callbackGapMs=816;fusion=GPS_IMU
LOCATION,1790428167616,29.5981060,52.4784999,,false,4.16,0.000,source=fused:fused;speedReason=OK;derived=48.70;locationGapMs=538;callbackGapMs=538;fusion=GPS_IMU
LOCATION,1790428168197,29.5981297,52.4785228,,false,4.34,0.000,source=fused:fused;speedReason=OK;derived=48.70;locationGapMs=580;callbackGapMs=580;fusion=GPS_IMU
LOCATION,1790428168948,29.5981672,52.4785473,,false,4.54,0.000,source=fused:fused;speedReason=OK;derived=22.94;locationGapMs=751;callbackGapMs=751;fusion=GPS_IMU
LOCATION,1790428169396,29.5981720,52.4785510,,false,4.51,0.000,source=fused:fused;speedReason=OK;derived=21.34;locationGapMs=449;callbackGapMs=449;fusion=GPS_IMU
LOCATION,1790428170055,29.5981758,52.4785536,,false,4.69,0.000,source=fused:fused;speedReason=OK;derived=5.14;locationGapMs=659;callbackGapMs=659;fusion=GPS_IMU
LOCATION,1790428170614,29.5981763,52.4785541,,false,4.89,0.000,source=fused:fused;speedReason=OK;derived=2.68;locationGapMs=559;callbackGapMs=559;fusion=GPS_IMU
LOCATION,1790428171141,29.5981761,52.4785551,,false,4.94,0.000,source=fused:fused;speedReason=OK;derived=0.68;locationGapMs=527;callbackGapMs=527;fusion=GPS_IMU
LOCATION,1790428172197,29.5983629,52.4786526,,false,5.13,0.000,source=fused:fused;speedReason=OK;derived=0.68;locationGapMs=1056;callbackGapMs=1056;fusion=GPS_IMU
LOCATION,1790428172832,29.5984716,52.4787043,,false,5.21,0.000,source=fused:fused;speedReason=OK;derived=73.97;locationGapMs=635;callbackGapMs=635;fusion=GPS_IMU
LOCATION,1790428173590,29.5985883,52.4787667,26.000,true,5.11,0.018,source=fused:fused;speedReason=OK;derived=73.97;locationGapMs=747;callbackGapMs=747;fusion=GPS_IMU
LOCATION,1790428174600,29.5986367,52.4788050,25.000,true,5.41,1.663,source=fused:fused;speedReason=OK;derived=68.81;locationGapMs=1013;callbackGapMs=1013;fusion=GPS_IMU
LOCATION,1790428175598,29.5987150,52.4788417,27.000,true,5.62,2.636,source=fused:fused;speedReason=OK;derived=33.73;locationGapMs=1001;callbackGapMs=1001;fusion=GPS_IMU
LOCATION,1790428176596,29.5987717,52.4788783,28.000,true,6.07,3.341,source=fused:fused;speedReason=OK;derived=26.03;locationGapMs=998;callbackGapMs=998;fusion=GPS_IMU
LOCATION,1790428177603,29.5988133,52.4789533,31.000,true,5.28,3.787,source=fused:fused;speedReason=OK;derived=30.76;locationGapMs=1007;callbackGapMs=1007;fusion=GPS_IMU
LOCATION,1790428178615,29.5988683,52.4790050,33.000,true,4.96,3.879,source=fused:fused;speedReason=OK;derived=28.46;locationGapMs=998;callbackGapMs=998;fusion=GPS_IMU
LOCATION,1790428179595,29.5989150,52.4790283,31.000,true,4.88,4.612,source=fused:fused;speedReason=OK;derived=28.46;locationGapMs=995;callbackGapMs=995;fusion=GPS_IMU
LOCATION,1790428180587,29.5989650,52.4790583,28.000,true,4.75,4.143,source=fused:fused;speedReason=OK;derived=22.76;locationGapMs=990;callbackGapMs=990;fusion=GPS_IMU
LOCATION,1790428181600,29.5989967,52.4790733,24.000,true,4.62,6.062,source=fused:fused;speedReason=OK;derived=20.43;locationGapMs=1016;callbackGapMs=1016;fusion=GPS_IMU
LOCATION,1790428182598,29.5990217,52.4790800,23.000,true,4.50,9.622,source=fused:fused;speedReason=OK;derived=13.47;locationGapMs=996;callbackGapMs=996;fusion=GPS_IMU
LOCATION,1790428183588,29.5990367,52.4790783,21.000,true,4.50,12.043,source=fused:fused;speedReason=OK;derived=10.29;locationGapMs=992;callbackGapMs=992;fusion=GPS_IMU
LOCATION,1790428184609,29.5990417,52.4790650,14.000,true,4.50,12.390,source=fused:fused;speedReason=OK;derived=6.06;locationGapMs=1011;callbackGapMs=1011;fusion=GPS_IMU
LOCATION,1790428185593,29.5990450,52.4790533,7.000,true,4.52,12.687,source=fused:fused;speedReason=OK;derived=4.99;locationGapMs=994;callbackGapMs=994;fusion=GPS_IMU
LOCATION,1790428186602,29.5990550,52.4790333,3.000,true,4.54,12.472,source=fused:fused;speedReason=OK;derived=4.99;locationGapMs=1008;callbackGapMs=1008;fusion=GPS_IMU
LOCATION,1790428187596,29.5990433,52.4790233,6.000,true,4.52,11.490,source=fused:fused;speedReason=OK;derived=5.86;locationGapMs=995;callbackGapMs=995;fusion=GPS_IMU
LOCATION,1790428188597,29.5990317,52.4790117,6.000,true,4.50,9.808,source=fused:fused;speedReason=OK;derived=6.14;locationGapMs=1001;callbackGapMs=1001;fusion=GPS_IMU
LOCATION,1790428189613,29.5990017,52.4789917,6.000,true,4.42,0.000,source=fused:fused;speedReason=OK;derived=6.14;locationGapMs=1004;callbackGapMs=1004;fusion=GPS_IMU
LOCATION,1790428190603,29.5990033,52.4789633,6.000,true,4.30,0.000,source=fused:fused;speedReason=OK;derived=9.91;locationGapMs=1001;callbackGapMs=1001;fusion=GPS_IMU
LOCATION,1790428191608,29.5989800,52.4789417,6.000,true,4.18,0.000,source=fused:fused;speedReason=OK;derived=11.89;locationGapMs=1006;callbackGapMs=1006;fusion=GPS_IMU
LOCATION,1790428192604,29.5989617,52.4789433,6.000,true,4.04,0.000,source=fused:fused;speedReason=OK;derived=9.91;locationGapMs=995;callbackGapMs=995;fusion=GPS_IMU
LOCATION,1790428193598,29.5989450,52.4789367,6.000,true,3.90,0.000,source=fused:fused;speedReason=OK;derived=7.36;locationGapMs=995;callbackGapMs=995;fusion=GPS_IMU
LOCATION,1790428194583,29.5989350,52.4789333,6.000,true,3.87,0.000,source=fused:fused;speedReason=OK;derived=7.09;locationGapMs=986;callbackGapMs=986;fusion=GPS_IMU
LOCATION,1790428195593,29.5989350,52.4789333,6.000,true,3.78,0.000,source=fused:fused;speedReason=OK;derived=4.22;locationGapMs=1001;callbackGapMs=1001;fusion=GPS_IMU
LOCATION,1790428196592,29.5989350,52.4789333,,false,3.73,0.000,source=fused:fused;speedReason=OK;derived=0.00;locationGapMs=1009;callbackGapMs=1009;fusion=GPS_IMU
LOCATION,1790428197604,29.5989350,52.4789333,,false,3.67,0.000,source=fused:fused;speedReason=OK;derived=0.00;locationGapMs=1013;callbackGapMs=1013;fusion=GPS_IMU
LOCATION,1790428198605,29.5989083,52.4789483,,false,3.60,0.000,source=fused:fused;speedReason=OK;derived=0.00;locationGapMs=1001;callbackGapMs=1001;fusion=GPS_IMU
LOCATION,1790428199600,29.5988850,52.4789417,212.000,true,3.54,0.034,source=fused:fused;speedReason=OK;derived=9.66;locationGapMs=992;callbackGapMs=992;fusion=GPS_IMU
LOCATION,1790428200626,29.5988517,52.4789267,201.000,true,3.48,0.780,source=fused:fused;speedReason=OK;derived=11.86;locationGapMs=1008;callbackGapMs=1008;fusion=GPS_IMU
LOCATION,1790428201605,29.5988133,52.4789033,207.000,true,3.42,1.216,source=fused:fused;speedReason=OK;derived=14.17;locationGapMs=997;callbackGapMs=997;fusion=GPS_IMU
LOCATION,1790428202604,29.5987783,52.4788750,215.000,true,3.43,1.556,source=fused:fused;speedReason=OK;derived=17.14;locationGapMs=998;callbackGapMs=998;fusion=GPS_IMU
LOCATION,1790428203599,29.5987417,52.4788417,214.000,true,3.43,4.087,source=fused:fused;speedReason=OK;derived=17.41;locationGapMs=996;callbackGapMs=996;fusion=GPS_IMU
LOCATION,1790428204605,29.5986983,52.4788033,210.000,true,3.43,4.977,source=fused:fused;speedReason=OK;derived=18.73;locationGapMs=1008;callbackGapMs=1008;fusion=GPS_IMU
LOCATION,1790428205600,29.5986483,52.4787433,217.000,true,3.42,4.442,source=fused:fused;speedReason=OK;derived=21.72;locationGapMs=994;callbackGapMs=994;fusion=GPS_IMU
LOCATION,1790428206601,29.5986017,52.4786717,224.000,true,3.40,5.370,source=fused:fused;speedReason=OK;derived=29.09;locationGapMs=990;callbackGapMs=990;fusion=GPS_IMU
LOCATION,1790428207587,29.5985583,52.4786183,222.000,true,3.38,5.692,source=fused:fused;speedReason=OK;derived=29.09;locationGapMs=996;callbackGapMs=996;fusion=GPS_IMU
LOCATION,1790428208603,29.5985083,52.4785733,218.000,true,3.37,5.098,source=fused:fused;speedReason=OK;derived=25.53;locationGapMs=1015;callbackGapMs=1015;fusion=GPS_IMU
LOCATION,1790428209607,29.5984600,52.4785250,220.000,true,3.36,5.141,source=fused:fused;speedReason=OK;derived=25.47;locationGapMs=1005;callbackGapMs=1005;fusion=GPS_IMU
LOCATION,1790428210601,29.5984050,52.4784717,221.000,true,3.38,4.509,source=fused:fused;speedReason=OK;derived=25.47;locationGapMs=995;callbackGapMs=995;fusion=GPS_IMU
LOCATION,1790428211610,29.5983500,52.4784200,220.000,true,3.46,4.426,source=fused:fused;speedReason=OK;derived=28.49;locationGapMs=997;callbackGapMs=997;fusion=GPS_IMU
LOCATION,1790428212597,29.5982817,52.4783550,218.000,true,3.54,4.849,source=fused:fused;speedReason=OK;derived=28.91;locationGapMs=999;callbackGapMs=999;fusion=GPS_IMU
LOCATION,1790428213606,29.5982233,52.4782833,221.000,true,3.60,6.018,source=fused:fused;speedReason=OK;derived=33.91;locationGapMs=1008;callbackGapMs=1008;fusion=GPS_IMU
LOCATION,1790428214600,29.5981667,52.4782300,220.000,true,3.62,5.926,source=fused:fused;speedReason=OK;derived=33.91;locationGapMs=993;callbackGapMs=993;fusion=GPS_IMU
LOCATION,1790428215591,29.5981083,52.4781900,216.000,true,3.65,6.210,source=fused:fused;speedReason=OK;derived=29.46;locationGapMs=993;callbackGapMs=993;fusion=GPS_IMU
LOCATION,1790428216592,29.5980417,52.4781083,218.000,true,3.70,6.737,source=fused:fused;speedReason=OK;derived=29.46;locationGapMs=1002;callbackGapMs=1002;fusion=GPS_IMU
LOCATION,1790428217609,29.5979783,52.4780533,218.000,true,3.73,5.409,source=fused:fused;speedReason=OK;derived=31.62;locationGapMs=1004;callbackGapMs=1004;fusion=GPS_IMU
LOCATION,1790428218598,29.5979167,52.4779917,221.000,true,3.77,5.710,source=fused:fused;speedReason=OK;derived=32.61;locationGapMs=1001;callbackGapMs=1001;fusion=GPS_IMU
LOCATION,1790428219600,29.5978517,52.4779517,220.000,true,3.80,6.239,source=fused:fused;speedReason=OK;derived=31.62;locationGapMs=1002;callbackGapMs=1002;fusion=GPS_IMU
LOCATION,1790428220596,29.5977867,52.4779183,219.000,true,3.84,4.723,source=fused:fused;speedReason=OK;derived=29.39;locationGapMs=996;callbackGapMs=996;fusion=GPS_IMU
LOCATION,1790428221594,29.5977250,52.4778800,216.000,true,3.88,4.047,source=fused:fused;speedReason=OK;derived=28.55;locationGapMs=998;callbackGapMs=998;fusion=GPS_IMU
LOCATION,1790428222596,29.5976867,52.4778200,224.000,true,3.92,5.437,source=fused:fused;speedReason=OK;derived=28.07;locationGapMs=999;callbackGapMs=999;fusion=GPS_IMU
LOCATION,1790428223607,29.5976433,52.4777650,225.000,true,3.94,3.946,source=fused:fused;speedReason=OK;derived=25.94;locationGapMs=1005;callbackGapMs=1005;fusion=GPS_IMU
LOCATION,1790428224604,29.5976167,52.4777350,224.000,true,3.95,4.061,source=fused:fused;speedReason=OK;derived=25.71;locationGapMs=1004;callbackGapMs=1004;fusion=GPS_IMU
LOCATION,1790428225597,29.5975967,52.4777267,226.000,true,3.97,3.983,source=fused:fused;speedReason=OK;derived=14.84;locationGapMs=995;callbackGapMs=995;fusion=GPS_IMU
LOCATION,1790428226600,29.5976133,52.4776833,239.000,true,4.00,7.889,source=fused:fused;speedReason=OK;derived=14.84;locationGapMs=1003;callbackGapMs=1003;fusion=GPS_IMU
LOCATION,1790428227584,29.5976133,52.4776500,250.000,true,4.00,8.411,source=fused:fused;speedReason=OK;derived=11.80;locationGapMs=984;callbackGapMs=984;fusion=GPS_IMU
LOCATION,1790428228611,29.5976317,52.4776333,260.000,true,4.02,8.505,source=fused:fused;speedReason=OK;derived=11.80;locationGapMs=1018;callbackGapMs=1018;fusion=GPS_IMU
LOCATION,1790428229598,29.5976517,52.4776117,271.000,true,4.07,10.742,source=fused:fused;speedReason=OK;derived=11.04;locationGapMs=994;callbackGapMs=994;fusion=GPS_IMU
LOCATION,1790428230598,29.5976917,52.4775900,290.000,true,4.20,8.017,source=fused:fused;speedReason=OK;derived=11.04;locationGapMs=1000;callbackGapMs=1000;fusion=GPS_IMU
LOCATION,1790428231868,29.5977317,52.4775517,304.000,true,4.25,4.425,source=fused:fused;speedReason=OK;derived=17.66;locationGapMs=1000;callbackGapMs=1000;fusion=GPS_IMU
LOCATION,1790428232594,29.5977850,52.4775433,311.000,true,4.36,3.989,source=fused:fused;speedReason=OK;derived=20.81;locationGapMs=995;callbackGapMs=995;fusion=GPS_IMU
LOCATION,1790428233586,29.5978367,52.4775000,314.000,true,4.37,4.189,source=fused:fused;speedReason=OK;derived=21.58;locationGapMs=994;callbackGapMs=994;fusion=GPS_IMU
LOCATION,1790428234599,29.5978733,52.4774550,312.000,true,4.42,3.371,source=fused:fused;speedReason=OK;derived=21.58;locationGapMs=1010;callbackGapMs=1010;fusion=GPS_IMU
LOCATION,1790428235592,29.5979233,52.4774067,314.000,true,4.42,3.241,source=fused:fused;speedReason=OK;derived=25.72;locationGapMs=996;callbackGapMs=996;fusion=GPS_IMU
LOCATION,1790428236589,29.5979700,52.4773567,315.000,true,4.43,3.620,source=fused:fused;speedReason=OK;derived=25.60;locationGapMs=997;callbackGapMs=997;fusion=GPS_IMU
LOCATION,1790428237860,29.5980250,52.4773100,318.000,true,5.45,5.803,source=fused:fused;speedReason=OK;derived=26.22;locationGapMs=999;callbackGapMs=999;fusion=GPS_IMU
LOCATION,1790428238590,29.5980667,52.4772433,315.000,true,5.46,5.986,source=fused:fused;speedReason=OK;derived=27.36;locationGapMs=1003;callbackGapMs=1003;fusion=GPS_IMU
LOCATION,1790428239616,29.5981133,52.4771833,311.000,true,5.64,7.142,source=fused:fused;speedReason=OK;derived=27.36;locationGapMs=1023;callbackGapMs=1023;fusion=GPS_IMU
LOCATION,1790428240598,29.5981317,52.4771117,307.000,true,5.62,11.804,source=fused:fused;speedReason=OK;derived=27.36;locationGapMs=985;callbackGapMs=985;fusion=GPS_IMU
LOCATION,1790428241589,29.5981733,52.4770250,309.000,true,5.57,13.649,source=fused:fused;speedReason=OK;derived=27.36;locationGapMs=990;callbackGapMs=990;fusion=GPS_IMU
LOCATION,1790428242851,29.5981983,52.4769583,304.000,true,4.30,13.611,source=fused:fused;speedReason=OK;derived=26.42;locationGapMs=1005;callbackGapMs=1005;fusion=GPS_IMU
LOCATION,1790428243623,29.5982233,52.4769183,306.000,true,4.20,13.359,source=fused:fused;speedReason=OK;derived=25.18;locationGapMs=1030;callbackGapMs=1030;fusion=GPS_IMU
LOCATION,1790428244595,29.5982267,52.4768850,296.000,true,4.17,14.532,source=fused:fused;speedReason=OK;derived=16.65;locationGapMs=971;callbackGapMs=971;fusion=GPS_IMU
LOCATION,1790428245626,29.5982017,52.4768600,284.000,true,4.08,16.443,source=fused:fused;speedReason=OK;derived=12.94;locationGapMs=1024;callbackGapMs=1024;fusion=GPS_IMU
LOCATION,1790428246626,29.5981750,52.4768633,273.000,true,4.08,20.238,source=fused:fused;speedReason=OK;derived=12.04;locationGapMs=1006;callbackGapMs=1006;fusion=GPS_IMU
LOCATION,1790428247589,29.5981200,52.4769183,273.000,true,4.12,22.383,source=fused:fused;speedReason=OK;derived=12.94;locationGapMs=965;callbackGapMs=965;fusion=GPS_IMU
LOCATION,1790428248589,29.5980600,52.4769867,171.000,true,4.17,22.298,source=fused:fused;speedReason=OK;derived=30.20;locationGapMs=1000;callbackGapMs=1000;fusion=GPS_IMU
LOCATION,1790428249572,29.5979800,52.4770733,152.000,true,4.23,19.271,source=fused:fused;speedReason=OK;derived=33.80;locationGapMs=976;callbackGapMs=976;fusion=GPS_IMU
LOCATION,1790428250572,29.5978983,52.4771833,147.000,true,4.30,19.834,source=fused:fused;speedReason=OK;derived=45.03;locationGapMs=1007;callbackGapMs=1007;fusion=GPS_IMU
LOCATION,1790428251572,29.5978217,52.4772600,146.000,true,4.32,20.756,source=fused:fused;speedReason=OK;derived=45.03;locationGapMs=992;callbackGapMs=992;fusion=GPS_IMU
LOCATION,1790428252562,29.5977533,52.4773383,143.000,true,4.32,20.414,source=fused:fused;speedReason=OK;derived=40.95;locationGapMs=996;callbackGapMs=996;fusion=GPS_IMU
LOCATION,1790428253589,29.5976767,52.4774417,139.000,true,4.26,21.654,source=fused:fused;speedReason=OK;derived=40.95;locationGapMs=1028;callbackGapMs=1028;fusion=GPS_IMU
LOCATION,1790428254582,29.5976000,52.4775350,137.000,true,4.16,25.746,source=fused:fused;speedReason=OK;derived=44.99;locationGapMs=993;callbackGapMs=993;fusion=GPS_IMU
LOCATION,1790428255589,29.5975283,52.4776067,136.000,true,4.04,26.040,source=fused:fused;speedReason=OK;derived=44.99;locationGapMs=1007;callbackGapMs=1007;fusion=GPS_IMU
LOCATION,1790428256592,29.5974633,52.4776933,133.000,true,3.94,26.221,source=fused:fused;speedReason=OK;derived=39.77;locationGapMs=1001;callbackGapMs=1001;fusion=GPS_IMU
LOCATION,1790428257586,29.5974083,52.4777650,131.000,true,3.84,27.844,source=fused:fused;speedReason=OK;derived=37.73;locationGapMs=997;callbackGapMs=997;fusion=GPS_IMU
LOCATION,1790428258590,29.5973500,52.4778383,131.000,true,3.76,32.170,source=fused:fused;speedReason=OK;derived=34.43;locationGapMs=1004;callbackGapMs=1004;fusion=GPS_IMU
LOCATION,1790428259585,29.5972867,52.4779167,133.000,true,3.70,34.522,source=fused:fused;speedReason=OK;derived=34.43;locationGapMs=996;callbackGapMs=996;fusion=GPS_IMU
LOCATION,1790428260590,29.5972283,52.4780100,130.000,true,3.66,36.387,source=fused:fused;speedReason=OK;derived=37.37;locationGapMs=1003;callbackGapMs=1003;fusion=GPS_IMU
LOCATION,1790428261586,29.5971650,52.4781150,133.000,true,3.67,36.867,source=fused:fused;speedReason=OK;derived=39.90;locationGapMs=995;callbackGapMs=995;fusion=GPS_IMU
LOCATION,1790428262591,29.5970933,52.4782150,132.000,true,3.68,37.942,source=fused:fused;speedReason=OK;derived=44.71;locationGapMs=1003;callbackGapMs=1003;fusion=GPS_IMU
LOCATION,1790428263599,29.5970167,52.4783350,130.000,true,3.72,36.631,source=fused:fused;speedReason=OK;derived=44.97;locationGapMs=1010;callbackGapMs=1010;fusion=GPS_IMU
LOCATION,1790428264621,29.5969533,52.4784517,129.000,true,3.80,34.440,source=fused:fused;speedReason=OK;derived=46.84;locationGapMs=1023;callbackGapMs=1023;fusion=GPS_IMU
LOCATION,1790428265570,29.5968983,52.4785750,127.000,true,3.85,33.960,source=fused:fused;speedReason=OK;derived=50.98;locationGapMs=947;callbackGapMs=947;fusion=GPS_IMU
LOCATION,1790428266568,29.5968350,52.4787067,125.000,true,3.95,33.522,source=fused:fused;speedReason=OK;derived=50.98;locationGapMs=1000;callbackGapMs=1000;fusion=GPS_IMU
LOCATION,1790428267570,29.5967683,52.4788133,127.000,true,4.05,33.171,source=fused:fused;speedReason=OK;derived=50.98;locationGapMs=1002;callbackGapMs=1002;fusion=GPS_IMU
LOCATION,1790428268576,29.5967200,52.4789050,127.000,true,4.15,36.203,source=fused:fused;speedReason=OK;derived=45.63;locationGapMs=1003;callbackGapMs=1003;fusion=GPS_IMU
LOCATION,1790428269566,29.5966567,52.4789983,127.000,true,4.23,38.105,source=fused:fused;speedReason=OK;derived=41.48;locationGapMs=993;callbackGapMs=993;fusion=GPS_IMU
LOCATION,1790428270569,29.5965850,52.4791050,128.000,true,4.32,38.318,source=fused:fused;speedReason=OK;derived=41.48;locationGapMs=1005;callbackGapMs=1005;fusion=GPS_IMU
LOCATION,1790428271570,29.5964967,52.4791967,128.000,true,4.34,36.577,source=fused:fused;speedReason=OK;derived=46.71;locationGapMs=1000;callbackGapMs=1000;fusion=GPS_IMU
LOCATION,1790428272591,29.5964083,52.4792850,129.000,true,4.34,36.732,source=fused:fused;speedReason=OK;derived=46.71;locationGapMs=1020;callbackGapMs=1020;fusion=GPS_IMU
LOCATION,1790428273597,29.5963017,52.4793833,130.000,true,4.30,36.950,source=fused:fused;speedReason=OK;derived=47.58;locationGapMs=1002;callbackGapMs=1002;fusion=GPS_IMU
LOCATION,1790428274591,29.5962267,52.4794933,130.000,true,4.28,39.161,source=fused:fused;speedReason=OK;derived=48.70;locationGapMs=999;callbackGapMs=999;fusion=GPS_IMU
LOCATION,1790428275590,29.5961350,52.4795983,131.000,true,4.30,40.902,source=fused:fused;speedReason=OK;derived=51.82;locationGapMs=999;callbackGapMs=999;fusion=GPS_IMU
LOCATION,1790428276593,29.5960317,52.4797167,131.000,true,4.32,41.014,source=fused:fused;speedReason=OK;derived=51.82;locationGapMs=1003;callbackGapMs=1003;fusion=GPS_IMU
LOCATION,1790428277606,29.5959267,52.4798250,134.000,true,4.36,42.256,source=fused:fused;speedReason=OK;derived=55.80;locationGapMs=1011;callbackGapMs=1011;fusion=GPS_IMU
LOCATION,1790428278601,29.5958150,52.4799400,135.000,true,4.42,45.466,source=fused:fused;speedReason=OK;derived=58.17;locationGapMs=991;callbackGapMs=991;fusion=GPS_IMU
LOCATION,1790428279596,29.5956517,52.4800600,134.000,true,4.38,47.074,source=fused:fused;speedReason=OK;derived=60.51;locationGapMs=1002;callbackGapMs=1002;fusion=GPS_IMU
LOCATION,1790428280597,29.5955433,52.4801750,135.000,true,4.32,46.834,source=fused:fused;speedReason=OK;derived=60.51;locationGapMs=999;callbackGapMs=999;fusion=GPS_IMU
LOCATION,1790428281589,29.5954417,52.4802900,134.000,true,4.28,47.316,source=fused:fused;speedReason=OK;derived=59.05;locationGapMs=991;callbackGapMs=991;fusion=GPS_IMU
LOCATION,1790428282584,29.5953400,52.4804117,134.000,true,4.23,49.985,source=fused:fused;speedReason=OK;derived=59.05;locationGapMs=993;callbackGapMs=993;fusion=GPS_IMU
LOCATION,1790428283576,29.5952050,52.4805400,135.000,true,4.15,51.444,source=fused:fused;speedReason=OK;derived=59.14;locationGapMs=995;callbackGapMs=995;fusion=GPS_IMU
LOCATION,1790428284575,29.5950900,52.4806633,136.000,true,4.05,51.321,source=fused:fused;speedReason=OK;derived=63.33;locationGapMs=993;callbackGapMs=993;fusion=GPS_IMU
LOCATION,1790428285585,29.5949717,52.4807917,136.000,true,4.02,51.315,source=fused:fused;speedReason=OK;derived=64.04;locationGapMs=1016;callbackGapMs=1016;fusion=GPS_IMU
LOCATION,1790428286576,29.5948517,52.4809067,137.000,true,3.98,50.681,source=fused:fused;speedReason=OK;derived=63.33;locationGapMs=991;callbackGapMs=991;fusion=GPS_IMU
LOCATION,1790428287575,29.5947300,52.4810233,137.000,true,3.95,52.150,source=fused:fused;speedReason=OK;derived=63.34;locationGapMs=1000;callbackGapMs=1000;fusion=GPS_IMU
LOCATION,1790428288570,29.5946133,52.4811333,136.000,true,3.90,52.881,source=fused:fused;speedReason=OK;derived=63.03;locationGapMs=993;callbackGapMs=993;fusion=GPS_IMU
LOCATION,1790428289590,29.5945050,52.4812450,136.000,true,3.86,52.939,source=fused:fused;speedReason=OK;derived=60.76;locationGapMs=1014;callbackGapMs=1014;fusion=GPS_IMU
LOCATION,1790428290578,29.5943983,52.4813600,135.000,true,3.85,54.505,source=fused:fused;speedReason=OK;derived=58.73;locationGapMs=996;callbackGapMs=996;fusion=GPS_IMU
LOCATION,1790428291584,29.5942933,52.4814717,136.000,true,3.82,54.118,source=fused:fused;speedReason=OK;derived=57.38;locationGapMs=1004;callbackGapMs=1004;fusion=GPS_IMU
LOCATION,1790428292575,29.5941967,52.4815850,135.000,true,3.80,52.824,source=fused:fused;speedReason=OK;derived=56.98;locationGapMs=993;callbackGapMs=993;fusion=GPS_IMU
LOCATION,1790428293570,29.5941133,52.4817000,134.000,true,3.80,51.395,source=fused:fused;speedReason=OK;derived=55.59;locationGapMs=993;callbackGapMs=993;fusion=GPS_IMU
LOCATION,1790428294590,29.5940200,52.4818083,134.000,true,3.78,50.160,source=fused:fused;speedReason=OK;derived=52.48;locationGapMs=1014;callbackGapMs=1014;fusion=GPS_IMU
LOCATION,1790428295584,29.5939233,52.4819133,135.000,true,3.74,49.162,source=fused:fused;speedReason=OK;derived=52.48;locationGapMs=1002;callbackGapMs=1002;fusion=GPS_IMU
LOCATION,1790428296572,29.5938317,52.4820183,134.000,true,3.72,49.620,source=fused:fused;speedReason=OK;derived=52.42;locationGapMs=987;callbackGapMs=987;fusion=GPS_IMU
LOCATION,1790428297585,29.5937417,52.4821267,133.000,true,3.66,49.951,source=fused:fused;speedReason=OK;derived=52.42;locationGapMs=1013;callbackGapMs=1013;fusion=GPS_IMU
LOCATION,1790428298578,29.5936550,52.4822450,131.000,true,3.62,50.147,source=fused:fused;speedReason=OK;derived=52.42;locationGapMs=993;callbackGapMs=993;fusion=GPS_IMU
LOCATION,1790428299579,29.5935683,52.4823550,133.000,true,5.08,50.268,source=fused:fused;speedReason=OK;derived=51.56;locationGapMs=1002;callbackGapMs=1002;fusion=GPS_IMU
LOCATION,1790428300572,29.5934767,52.4824633,134.000,true,4.87,50.377,source=fused:fused;speedReason=OK;derived=53.25;locationGapMs=987;callbackGapMs=987;fusion=GPS_IMU
LOCATION,1790428301574,29.5933833,52.4825717,134.000,true,5.08,50.590,source=fused:fused;speedReason=OK;derived=52.67;locationGapMs=1008;callbackGapMs=1008;fusion=GPS_IMU
LOCATION,1790428302587,29.5932767,52.4826750,135.000,true,5.08,50.793,source=fused:fused;speedReason=OK;derived=53.25;locationGapMs=1012;callbackGapMs=1012;fusion=GPS_IMU
LOCATION,1790428303571,29.5931767,52.4827817,135.000,true,4.87,50.875,source=fused:fused;speedReason=OK;derived=55.08;locationGapMs=985;callbackGapMs=985;fusion=GPS_IMU
LOCATION,1790428304591,29.5930700,52.4828933,135.000,true,3.60,50.946,source=fused:fused;speedReason=OK;derived=55.39;locationGapMs=1020;callbackGapMs=1020;fusion=GPS_IMU
LOCATION,1790428305601,29.5929733,52.4829983,135.000,true,3.60,51.081,source=fused:fused;speedReason=OK;derived=55.39;locationGapMs=1004;callbackGapMs=1004;fusion=GPS_IMU
LOCATION,1790428306599,29.5928750,52.4831033,136.000,true,3.62,51.200,source=fused:fused;speedReason=OK;derived=53.50;locationGapMs=1003;callbackGapMs=1003;fusion=GPS_IMU
LOCATION,1790428307580,29.5927817,52.4832017,136.000,true,3.62,51.301,source=fused:fused;speedReason=OK;derived=52.99;locationGapMs=981;callbackGapMs=981;fusion=GPS_IMU
LOCATION,1790428308577,29.5926883,52.4833033,136.000,true,3.64,51.362,source=fused:fused;speedReason=OK;derived=51.68;locationGapMs=995;callbackGapMs=995;fusion=GPS_IMU
LOCATION,1790428309580,29.5925983,52.4834017,136.000,true,3.65,51.402,source=fused:fused;speedReason=OK;derived=51.62;locationGapMs=1004;callbackGapMs=1004;fusion=GPS_IMU
LOCATION,1790428310578,29.5925017,52.4835083,134.000,true,3.67,51.407,source=fused:fused;speedReason=OK;derived=51.68;locationGapMs=1000;callbackGapMs=1000;fusion=GPS_IMU
LOCATION,1790428311567,29.5924100,52.4836200,134.000,true,3.68,51.413,source=fused:fused;speedReason=OK;derived=53.55;locationGapMs=985;callbackGapMs=985;fusion=GPS_IMU
LOCATION,1790428312588,29.5923250,52.4837233,134.000,true,3.70,51.452,source=fused:fused;speedReason=OK;derived=53.55;locationGapMs=1024;callbackGapMs=1024;fusion=GPS_IMU
LOCATION,1790428313567,29.5922367,52.4838317,134.000,true,3.70,51.523,source=fused:fused;speedReason=OK;derived=52.90;locationGapMs=977;callbackGapMs=977;fusion=GPS_IMU
LOCATION,1790428314569,29.5921417,52.4839417,135.000,true,3.70,51.592,source=fused:fused;speedReason=OK;derived=52.90;locationGapMs=1003;callbackGapMs=1003;fusion=GPS_IMU
LOCATION,1790428315583,29.5920350,52.4840600,135.000,true,3.70,51.685,source=fused:fused;speedReason=OK;derived=53.77;locationGapMs=1015;callbackGapMs=1015;fusion=GPS_IMU
LOCATION,1790428316592,29.5919250,52.4841750,135.000,true,3.70,51.863,source=fused:fused;speedReason=OK;derived=58.41;locationGapMs=1006;callbackGapMs=1006;fusion=GPS_IMU
LOCATION,1790428317595,29.5918133,52.4842883,137.000,true,3.70,52.057,source=fused:fused;speedReason=OK;derived=59.10;locationGapMs=1006;callbackGapMs=1006;fusion=GPS_IMU
LOCATION,1790428318592,29.5917050,52.4843967,136.000,true,3.72,52.197,source=fused:fused;speedReason=OK;derived=59.10;locationGapMs=997;callbackGapMs=997;fusion=GPS_IMU
LOCATION,1790428319590,29.5916333,52.4844583,136.000,true,3.74,52.294,source=fused:fused;speedReason=OK;derived=57.59;locationGapMs=999;callbackGapMs=999;fusion=GPS_IMU
LOCATION,1790428320604,29.5915483,52.4845450,137.000,true,5.56,52.301,source=fused:fused;speedReason=OK;derived=44.86;locationGapMs=1013;callbackGapMs=1013;fusion=GPS_IMU
LOCATION,1790428321593,29.5914700,52.4846167,139.000,true,5.34,52.256,source=fused:fused;speedReason=OK;derived=40.55;locationGapMs=987;callbackGapMs=987;fusion=GPS_IMU
LOCATION,1790428322596,29.5914033,52.4846800,139.000,true,5.69,52.186,source=fused:fused;speedReason=OK;derived=40.55;locationGapMs=1005;callbackGapMs=1005;fusion=GPS_IMU
LOCATION,1790428323597,29.5912533,52.4847933,142.000,true,5.76,52.091,source=fused:fused;speedReason=OK;derived=40.55;locationGapMs=1002;callbackGapMs=1002;fusion=GPS_IMU
LOCATION,1790428324592,29.5911400,52.4848733,143.000,true,5.55,52.002,source=fused:fused;speedReason=OK;derived=53.39;locationGapMs=995;callbackGapMs=995;fusion=GPS_IMU
LOCATION,1790428325598,29.5910467,52.4849367,142.000,true,4.17,51.922,source=fused:fused;speedReason=OK;derived=53.39;locationGapMs=1004;callbackGapMs=1004;fusion=GPS_IMU
LOCATION,1790428326599,29.5909817,52.4849800,142.000,true,4.34,51.826,source=fused:fused;speedReason=OK;derived=43.13;locationGapMs=999;callbackGapMs=999;fusion=GPS_IMU
LOCATION,1790428327572,29.5909150,52.4850333,143.000,true,4.42,51.698,source=fused:fused;speedReason=OK;derived=33.23;locationGapMs=977;callbackGapMs=977;fusion=GPS_IMU
LOCATION,1790428328582,29.5909100,52.4850433,146.000,true,4.52,51.547,source=fused:fused;speedReason=OK;derived=30.04;locationGapMs=1009;callbackGapMs=1009;fusion=GPS_IMU
LOCATION,1790428329596,29.5909517,52.4850150,146.000,true,4.66,51.340,source=fused:fused;speedReason=OK;derived=19.08;locationGapMs=1014;callbackGapMs=1014;fusion=GPS_IMU
LOCATION,1790428330586,29.5910150,52.4849817,149.000,true,4.67,51.012,source=fused:fused;speedReason=OK;derived=19.08;locationGapMs=991;callbackGapMs=991;fusion=GPS_IMU
LOCATION,1790428331602,29.5910433,52.4849717,148.000,true,4.72,50.536,source=fused:fused;speedReason=OK;derived=19.08;locationGapMs=1013;callbackGapMs=1013;fusion=GPS_IMU
LOCATION,1790428332587,29.5910650,52.4849517,160.000,true,4.66,49.732,source=fused:fused;speedReason=OK;derived=11.67;locationGapMs=987;callbackGapMs=987;fusion=GPS_IMU
LOCATION,1790428333597,29.5910533,52.4849500,155.000,true,4.58,48.791,source=fused:fused;speedReason=OK;derived=11.27;locationGapMs=1011;callbackGapMs=1011;fusion=GPS_IMU
LOCATION,1790428334588,29.5910450,52.4849350,159.000,true,4.57,48.042,source=fused:fused;speedReason=OK;derived=6.26;locationGapMs=989;callbackGapMs=989;fusion=GPS_IMU
LOCATION,1790428335588,29.5911067,52.4849217,145.000,true,4.52,47.333,source=fused:fused;speedReason=OK;derived=6.26;locationGapMs=1002;callbackGapMs=1002;fusion=GPS_IMU
LOCATION,1790428336587,29.5911483,52.4849067,145.000,true,4.40,46.508,source=fused:fused;speedReason=OK;derived=17.42;locationGapMs=999;callbackGapMs=999;fusion=GPS_IMU
LOCATION,1790428337596,29.5911717,52.4849100,162.000,true,4.38,45.667,source=fused:fused;speedReason=OK;derived=17.42;locationGapMs=1006;callbackGapMs=1006;fusion=GPS_IMU
LOCATION,1790428338591,29.5911817,52.4849000,169.000,true,4.35,44.852,source=fused:fused;speedReason=OK;derived=9.35;locationGapMs=997;callbackGapMs=997;fusion=GPS_IMU
LOCATION,1790428339589,29.5911800,52.4848883,176.000,true,4.28,44.079,source=fused:fused;speedReason=OK;derived=5.32;locationGapMs=999;callbackGapMs=999;fusion=GPS_IMU
LOCATION,1790428340589,29.5912500,52.4848517,188.000,true,4.20,43.166,source=fused:fused;speedReason=OK;derived=5.32;locationGapMs=1000;callbackGapMs=1000;fusion=GPS_IMU
LOCATION,1790428341594,29.5912300,52.4848200,204.000,true,4.10,42.483,source=fused:fused;speedReason=OK;derived=13.57;locationGapMs=1005;callbackGapMs=1005;fusion=GPS_IMU
LOCATION,1790428342588,29.5912083,52.4847833,209.000,true,4.03,41.915,source=fused:fused;speedReason=OK;derived=15.56;locationGapMs=993;callbackGapMs=993;fusion=GPS_IMU
LOCATION,1790428343582,29.5911767,52.4847433,214.000,true,3.93,41.509,source=fused:fused;speedReason=OK;derived=15.56;locationGapMs=995;callbackGapMs=995;fusion=GPS_IMU
LOCATION,1790428344578,29.5911417,52.4846900,220.000,true,3.85,41.313,source=fused:fused;speedReason=OK;derived=18.90;locationGapMs=995;callbackGapMs=995;fusion=GPS_IMU
LOCATION,1790428345589,29.5911000,52.4846250,225.000,true,3.74,41.137,source=fused:fused;speedReason=OK;derived=23.37;locationGapMs=1012;callbackGapMs=1012;fusion=GPS_IMU
LOCATION,1790428346592,29.5910533,52.4845550,225.000,true,3.75,40.970,source=fused:fused;speedReason=OK;derived=27.79;locationGapMs=1003;callbackGapMs=1003;fusion=GPS_IMU
LOCATION,1790428347583,29.5909917,52.4844517,225.000,true,3.78,40.798,source=fused:fused;speedReason=OK;derived=30.62;locationGapMs=990;callbackGapMs=990;fusion=GPS_IMU
LOCATION,1790428348593,29.5909417,52.4843567,229.000,true,3.80,40.592,source=fused:fused;speedReason=OK;derived=38.48;locationGapMs=1005;callbackGapMs=1005;fusion=GPS_IMU
LOCATION,1790428349579,29.5908800,52.4842700,225.000,true,3.82,40.390,source=fused:fused;speedReason=OK;derived=39.31;locationGapMs=992;callbackGapMs=992;fusion=GPS_IMU
LOCATION,1790428350583,29.5908150,52.4842000,222.000,true,3.80,40.240,source=fused:fused;speedReason=OK;derived=38.48;locationGapMs=1004;callbackGapMs=1004;fusion=GPS_IMU
LOCATION,1790428351591,29.5907767,52.4841200,224.000,true,3.78,40.103,source=fused:fused;speedReason=OK;derived=35.48;locationGapMs=1008;callbackGapMs=1008;fusion=GPS_IMU
LOCATION,1790428352589,29.5907300,52.4840283,226.000,true,3.75,39.962,source=fused:fused;speedReason=OK;derived=35.48;locationGapMs=999;callbackGapMs=999;fusion=GPS_IMU
LOCATION,1790428353599,29.5906867,52.4839483,227.000,true,3.68,39.800,source=fused:fused;speedReason=OK;derived=32.62;locationGapMs=1006;callbackGapMs=1006;fusion=GPS_IMU
LOCATION,1790428354579,29.5906400,52.4838683,229.000,true,3.67,39.692,source=fused:fused;speedReason=OK;derived=34.10;locationGapMs=984;callbackGapMs=984;fusion=GPS_IMU
LOCATION,1790428355590,29.5906033,52.4838033,229.000,true,3.64,39.570,source=fused:fused;speedReason=OK;derived=32.62;locationGapMs=1010;callbackGapMs=1010;fusion=GPS_IMU
LOCATION,1790428356595,29.5905667,52.4837717,228.000,true,3.62,39.363,source=fused:fused;speedReason=OK;derived=26.72;locationGapMs=1003;callbackGapMs=1003;fusion=GPS_IMU
LOCATION,1790428357603,29.5905250,52.4837283,228.000,true,3.62,39.132,source=fused:fused;speedReason=OK;derived=22.27;locationGapMs=1010;callbackGapMs=1010;fusion=GPS_IMU
LOCATION,1790428358606,29.5904650,52.4836750,225.000,true,3.60,38.837,source=fused:fused;speedReason=OK;derived=22.27;locationGapMs=996;callbackGapMs=996;fusion=GPS_IMU
LOCATION,1790428359575,29.5904017,52.4836100,225.000,true,3.58,38.582,source=fused:fused;speedReason=OK;derived=30.43;locationGapMs=974;callbackGapMs=974;fusion=GPS_IMU
LOCATION,1790428360569,29.5903417,52.4835517,224.000,true,3.55,38.394,source=fused:fused;speedReason=OK;derived=31.57;locationGapMs=995;callbackGapMs=995;fusion=GPS_IMU
LOCATION_ONLY,1790428361494,29.5903417,52.4835517,224.000,true,8.01,38.346,source=fused:fused;speedReason=NO_SPEED;derived=31.57;locationGapMs=926;callbackGapMs=926;fusion=GPS_IMU
LOCATION,1790428362575,29.5902200,52.4834067,223.000,true,7.33,38.228,source=fused:fused;speedReason=OK;derived=31.57;locationGapMs=1081;callbackGapMs=1081;fusion=GPS_IMU
LOCATION,1790428363573,29.5901583,52.4833333,224.000,true,7.30,38.211,source=fused:fused;speedReason=OK;derived=35.52;locationGapMs=1000;callbackGapMs=1000;fusion=GPS_IMU
LOCATION,1790428364566,29.5900867,52.4832550,226.000,true,7.28,38.212,source=fused:fused;speedReason=OK;derived=39.92;locationGapMs=990;callbackGapMs=990;fusion=GPS_IMU
LOCATION,1790428365565,29.5900033,52.4831700,225.000,true,7.27,38.234,source=fused:fused;speedReason=OK;derived=39.92;locationGapMs=1000;callbackGapMs=1000;fusion=GPS_IMU
LOCATION,1790428366589,29.5899367,52.4830500,222.000,true,3.38,38.359,source=fused:fused;speedReason=OK;derived=44.57;locationGapMs=1024;callbackGapMs=1024;fusion=GPS_IMU
LOCATION,1790428367594,29.5898733,52.4829433,224.000,true,3.34,38.459,source=fused:fused;speedReason=OK;derived=44.78;locationGapMs=1005;callbackGapMs=1005;fusion=GPS_IMU
LOCATION,1790428368591,29.5898000,52.4828067,226.000,true,3.28,38.567,source=fused:fused;speedReason=OK;derived=48.42;locationGapMs=996;callbackGapMs=996;fusion=GPS_IMU
LOCATION,1790428369597,29.5897300,52.4826983,226.000,true,3.22,38.652,source=fused:fused;speedReason=OK;derived=46.87;locationGapMs=1003;callbackGapMs=1003;fusion=GPS_IMU
LOCATION,1790428370596,29.5896633,52.4826333,223.000,true,3.16,38.658,source=fused:fused;speedReason=OK;derived=46.87;locationGapMs=1002;callbackGapMs=1002;fusion=GPS_IMU
LOCATION,1790428371579,29.5895983,52.4825717,223.000,true,3.17,38.627,source=fused:fused;speedReason=OK;derived=34.89;locationGapMs=983;callbackGapMs=983;fusion=GPS_IMU
LOCATION,1790428372587,29.5895433,52.4824817,224.000,true,3.13,38.570,source=fused:fused;speedReason=OK;derived=34.89;locationGapMs=1008;callbackGapMs=1008;fusion=GPS_IMU
LOCATION,1790428373597,29.5894883,52.4824300,222.000,true,3.14,38.505,source=fused:fused;speedReason=OK;derived=34.26;locationGapMs=1010;callbackGapMs=1010;fusion=GPS_IMU
LOCATION,1790428374603,29.5894450,52.4823733,229.000,true,3.16,38.373,source=fused:fused;speedReason=OK;derived=28.12;locationGapMs=1006;callbackGapMs=1006;fusion=GPS_IMU
LOCATION,1790428375602,29.5894133,52.4823250,232.000,true,3.17,38.184,source=fused:fused;speedReason=OK;derived=26.10;locationGapMs=997;callbackGapMs=997;fusion=GPS_IMU
LOCATION,1790428376588,29.5893850,52.4822867,231.000,true,3.18,37.957,source=fused:fused;speedReason=OK;derived=21.13;locationGapMs=989;callbackGapMs=989;fusion=GPS_IMU
LOCATION,1790428377597,29.5893600,52.4822617,225.000,true,3.20,37.641,source=fused:fused;speedReason=OK;derived=17.69;locationGapMs=1007;callbackGapMs=1007;fusion=GPS_IMU
LOCATION,1790428378597,29.5893467,52.4822217,242.000,true,3.20,37.271,source=fused:fused;speedReason=OK;derived=14.90;locationGapMs=1002;callbackGapMs=1002;fusion=GPS_IMU
LOCATION,1790428379601,29.5893417,52.4821967,247.000,true,3.20,36.937,source=fused:fused;speedReason=OK;derived=13.16;locationGapMs=1003;callbackGapMs=1003;fusion=GPS_IMU
LOCATION,1790428380600,29.5893467,52.4821883,247.000,true,3.22,36.587,source=fused:fused;speedReason=OK;derived=8.92;locationGapMs=994;callbackGapMs=994;fusion=GPS_IMU
LOCATION,1790428381585,29.5893450,52.4821850,247.000,true,3.23,36.075,source=fused:fused;speedReason=OK;derived=3.57;locationGapMs=990;callbackGapMs=990;fusion=GPS_IMU
LOCATION,1790428382591,29.5893233,52.4821800,247.000,true,3.23,35.538,source=fused:fused;speedReason=OK;derived=3.57;locationGapMs=1007;callbackGapMs=1007;fusion=GPS_IMU
LOCATION,1790428383592,29.5893133,52.4821767,206.000,true,3.23,35.070,source=fused:fused;speedReason=OK;derived=4.15;locationGapMs=1001;callbackGapMs=1001;fusion=GPS_IMU
LOCATION,1790428384572,29.5892983,52.4821650,205.000,true,3.23,34.629,source=fused:fused;speedReason=OK;derived=7.39;locationGapMs=980;callbackGapMs=980;fusion=GPS_IMU
LOCATION,1790428385590,29.5892767,52.4821450,214.000,true,3.22,34.166,source=fused:fused;speedReason=OK;derived=7.39;locationGapMs=1017;callbackGapMs=1017;fusion=GPS_IMU
LOCATION,1790428386576,29.5892550,52.4821300,220.000,true,3.18,33.671,source=fused:fused;speedReason=OK;derived=10.28;locationGapMs=984;callbackGapMs=984;fusion=GPS_IMU
LOCATION,1790428387578,29.5892350,52.4821083,226.000,true,3.15,33.246,source=fused:fused;speedReason=OK;derived=10.90;locationGapMs=1005;callbackGapMs=1005;fusion=GPS_IMU
LOCATION,1790428388577,29.5892150,52.4820883,231.000,true,3.13,32.810,source=fused:fused;speedReason=OK;derived=10.64;locationGapMs=996;callbackGapMs=996;fusion=GPS_IMU
LOCATION,1790428389573,29.5892117,52.4820450,227.000,true,3.08,32.392,source=fused:fused;speedReason=OK;derived=10.94;locationGapMs=999;callbackGapMs=999;fusion=GPS_IMU
LOCATION,1790428390589,29.5892067,52.4820133,220.000,true,3.06,31.999,source=fused:fused;speedReason=OK;derived=11.06;locationGapMs=1016;callbackGapMs=1016;fusion=GPS_IMU
LOCATION,1790428391593,29.5892017,52.4819833,226.000,true,3.04,31.620,source=fused:fused;speedReason=OK;derived=11.06;locationGapMs=1000;callbackGapMs=1000;fusion=GPS_IMU
LOCATION,1790428392590,29.5891950,52.4819450,238.000,true,3.02,31.297,source=fused:fused;speedReason=OK;derived=11.06;locationGapMs=1001;callbackGapMs=1001;fusion=GPS_IMU
LOCATION,1790428393595,29.5891850,52.4819017,231.000,true,3.00,31.038,source=fused:fused;speedReason=OK;derived=13.61;locationGapMs=1005;callbackGapMs=1005;fusion=GPS_IMU
LOCATION,1790428394593,29.5891633,52.4818783,225.000,true,3.00,30.799,source=fused:fused;speedReason=OK;derived=13.61;locationGapMs=998;callbackGapMs=998;fusion=GPS_IMU
LOCATION,1790428395590,29.5891383,52.4818433,219.000,true,3.00,30.553,source=fused:fused;speedReason=OK;derived=15.54;locationGapMs=997;callbackGapMs=997;fusion=GPS_IMU
LOCATION,1790428396597,29.5891033,52.4818117,222.000,true,3.02,30.379,source=fused:fused;speedReason=OK;derived=15.81;locationGapMs=1003;callbackGapMs=1003;fusion=GPS_IMU
LOCATION,1790428397599,29.5890700,52.4817850,217.000,true,3.04,30.215,source=fused:fused;speedReason=OK;derived=16.15;locationGapMs=1005;callbackGapMs=1005;fusion=GPS_IMU
LOCATION,1790428398593,29.5890450,52.4817583,222.000,true,3.06,30.079,source=fused:fused;speedReason=OK;derived=16.15;locationGapMs=995;callbackGapMs=995;fusion=GPS_IMU
LOCATION,1790428399597,29.5890233,52.4817333,230.000,true,3.10,29.937,source=fused:fused;speedReason=OK;derived=13.72;locationGapMs=1004;callbackGapMs=1004;fusion=GPS_IMU
LOCATION,1790428400592,29.5890083,52.4817200,222.000,true,3.14,29.769,source=fused:fused;speedReason=OK;derived=12.24;locationGapMs=996;callbackGapMs=996;fusion=GPS_IMU
LOCATION,1790428401587,29.5889967,52.4816717,236.000,true,3.15,29.602,source=fused:fused;speedReason=OK;derived=12.24;locationGapMs=994;callbackGapMs=994;fusion=GPS_IMU
LOCATION,1790428402592,29.5889867,52.4816567,232.000,true,3.18,29.453,source=fused:fused;speedReason=OK;derived=7.60;locationGapMs=1001;callbackGapMs=1001;fusion=GPS_IMU
LOCATION,1790428403587,29.5889900,52.4816417,254.000,true,3.41,29.277,source=fused:fused;speedReason=OK;derived=6.57;locationGapMs=999;callbackGapMs=999;fusion=GPS_IMU
LOCATION,1790428404586,29.5889867,52.4816450,229.000,true,3.45,29.120,source=fused:fused;speedReason=OK;derived=5.40;locationGapMs=999;callbackGapMs=999;fusion=GPS_IMU
LOCATION,1790428405589,29.5889850,52.4816617,229.000,true,3.55,28.936,source=fused:fused;speedReason=OK;derived=5.40;locationGapMs=1004;callbackGapMs=1004;fusion=GPS_IMU
LOCATION,1790428406606,29.5889783,52.4816617,229.000,true,3.58,0.000,source=fused:fused;speedReason=OK;derived=2.63;locationGapMs=1015;callbackGapMs=1015;fusion=GPS_IMU
LOCATION,1790428407611,29.5889650,52.4816833,229.000,true,3.55,0.000,source=fused:fused;speedReason=OK;derived=5.84;locationGapMs=1000;callbackGapMs=1000;fusion=GPS_IMU
LOCATION,1790428408611,29.5889650,52.4816833,229.000,true,3.26,0.000,source=fused:fused;speedReason=OK;derived=2.63;locationGapMs=1005;callbackGapMs=1005;fusion=GPS_IMU
LOCATION,1790428409585,29.5889650,52.4816833,229.000,true,3.14,0.000,source=fused:fused;speedReason=OK;derived=0.00;locationGapMs=973;callbackGapMs=973;fusion=GPS_IMU
LOCATION,1790428410606,29.5889650,52.4816833,229.000,true,2.98,0.000,source=fused:fused;speedReason=OK;derived=0.00;locationGapMs=1020;callbackGapMs=1020;fusion=GPS_IMU
LOCATION,1790428411577,29.5889650,52.4816833,229.000,true,2.92,0.000,source=fused:fused;speedReason=OK;derived=0.00;locationGapMs=974;callbackGapMs=974;fusion=GPS_IMU
LOCATION_ONLY,1790428412142,29.5889650,52.4816833,229.000,true,6.40,0.000,source=fused:fused;speedReason=NO_SPEED;derived=0.00;locationGapMs=565;callbackGapMs=565;fusion=GPS_IMU
LOCATION,1790428412569,29.5889650,52.4816833,229.000,true,5.86,0.000,source=fused:fused;speedReason=OK;derived=0.00;locationGapMs=428;callbackGapMs=428;fusion=GPS_IMU
LOCATION,1790428413618,29.5889650,52.4816833,,false,6.27,0.000,source=fused:fused;speedReason=OK;derived=0.00;locationGapMs=1050;callbackGapMs=1050;fusion=GPS_IMU
LOCATION,1790428414644,29.5889650,52.4816833,,false,6.22,0.000,source=fused:fused;speedReason=OK;derived=0.00;locationGapMs=1025;callbackGapMs=1025;fusion=GPS_IMU
LOCATION,1790428415601,29.5889650,52.4816833,,false,5.66,0.000,source=fused:fused;speedReason=OK;derived=0.00;locationGapMs=958;callbackGapMs=958;fusion=GPS_IMU
LOCATION,1790428416590,29.5889650,52.4816833,,false,6.08,0.000,source=fused:fused;speedReason=OK;derived=0.00;locationGapMs=989;callbackGapMs=989;fusion=GPS_IMU
LOCATION,1790428417596,29.5889650,52.4816833,,false,2.34,0.000,source=fused:fused;speedReason=OK;derived=0.00;locationGapMs=1006;callbackGapMs=1006;fusion=GPS_IMU
LOCATION,1790428418619,29.5889650,52.4816833,,false,2.30,0.000,source=fused:fused;speedReason=OK;derived=0.00;locationGapMs=1023;callbackGapMs=1023;fusion=GPS_IMU
LOCATION,1790428419629,29.5889650,52.4816833,,false,3.65,0.000,source=fused:fused;speedReason=OK;derived=0.00;locationGapMs=1010;callbackGapMs=1010;fusion=GPS_IMU
LOCATION,1790428420635,29.5889783,52.4817867,,false,3.77,0.000,source=fused:fused;speedReason=OK;derived=0.00;locationGapMs=1006;callbackGapMs=1006;fusion=GPS_IMU
LOCATION,1790428421633,29.5889817,52.4817900,,false,3.72,0.000,source=fused:fused;speedReason=OK;derived=1.78;locationGapMs=998;callbackGapMs=998;fusion=GPS_IMU
LOCATION,1790428422642,29.5889867,52.4817950,,false,3.67,0.000,source=fused:fused;speedReason=OK;derived=2.63;locationGapMs=1009;callbackGapMs=1009;fusion=GPS_IMU
LOCATION,1790428423628,29.5889833,52.4817917,,false,3.51,0.000,source=fused:fused;speedReason=OK;derived=1.80;locationGapMs=986;callbackGapMs=986;fusion=GPS_IMU
LOCATION,1790428424633,29.5889833,52.4817917,,false,1.62,0.000,source=fused:fused;speedReason=OK;derived=1.80;locationGapMs=1005;callbackGapMs=1005;fusion=GPS_IMU
LOCATION_ONLY,1790428425471,29.5889833,52.4817917,,false,6.88,0.000,source=fused:fused;speedReason=NO_SPEED;derived=0.00;locationGapMs=838;callbackGapMs=838;fusion=GPS_IMU
LOCATION,1790428426632,29.5889833,52.4817917,,false,5.91,0.000,source=fused:fused;speedReason=OK;derived=0.00;locationGapMs=1161;callbackGapMs=1161;fusion=GPS_IMU
LOCATION,1790428427631,29.5889833,52.4817917,,false,5.79,0.000,source=fused:fused;speedReason=OK;derived=0.00;locationGapMs=999;callbackGapMs=999;fusion=GPS_IMU
LOCATION,1790428428618,29.5889833,52.4817917,,false,5.67,0.000,source=fused:fused;speedReason=OK;derived=0.00;locationGapMs=987;callbackGapMs=987;fusion=GPS_IMU
LOCATION,1790428429628,29.5889833,52.4817917,,false,6.43,0.000,source=fused:fused;speedReason=OK;derived=0.00;locationGapMs=1010;callbackGapMs=1010;fusion=GPS_IMU
LOCATION,1790428430624,29.5889833,52.4817917,,false,1.00,0.000,source=fused:fused;speedReason=OK;derived=0.00;locationGapMs=996;callbackGapMs=996;fusion=GPS_IMU
LOCATION,1790428431698,29.5889833,52.4817917,,false,1.00,0.000,source=fused:fused;speedReason=OK;derived=0.00;locationGapMs=1074;callbackGapMs=1074;fusion=GPS_IMU
LOCATION,1790428432639,29.5889833,52.4817917,,false,2.83,0.000,source=fused:fused;speedReason=OK;derived=0.00;locationGapMs=941;callbackGapMs=941;fusion=GPS_IMU
LOCATION,1790428433674,29.5889833,52.4817917,,false,2.83,0.000,source=fused:fused;speedReason=OK;derived=0.00;locationGapMs=1035;callbackGapMs=1035;fusion=GPS_IMU
LOCATION,1790428434589,29.5889833,52.4817917,,false,2.56,0.000,source=fused:fused;speedReason=OK;derived=0.00;locationGapMs=915;callbackGapMs=915;fusion=GPS_IMU
LOCATION,1790428435613,29.5889833,52.4817917,,false,2.56,0.000,source=fused:fused;speedReason=OK;derived=0.00;locationGapMs=1024;callbackGapMs=1024;fusion=GPS_IMU
LOCATION,1790428436601,29.5889833,52.4817917,,false,2.58,0.000,source=fused:fused;speedReason=OK;derived=0.00;locationGapMs=989;callbackGapMs=989;fusion=GPS_IMU
LOCATION,1790428437622,29.5889833,52.4817917,,false,1.05,0.000,source=fused:fused;speedReason=OK;derived=0.00;locationGapMs=1020;callbackGapMs=1020;fusion=GPS_IMU
LOCATION_ONLY,1790428438622,29.5889833,52.4817917,,false,7.53,0.000,source=fused:fused;speedReason=NO_SPEED;derived=0.00;locationGapMs=1000;callbackGapMs=1000;fusion=GPS_IMU
LOCATION,1790428439622,29.5889833,52.4817917,,false,7.63,0.000,source=fused:fused;speedReason=OK;derived=0.00;locationGapMs=1000;callbackGapMs=1000;fusion=GPS_IMU
LOCATION,1790428440628,29.5889833,52.4817917,,false,7.64,0.000,source=fused:fused;speedReason=OK;derived=0.00;locationGapMs=1006;callbackGapMs=1006;fusion=GPS_IMU
LOCATION,1790428441625,29.5889833,52.4817917,,false,7.63,0.000,source=fused:fused;speedReason=OK;derived=0.00;locationGapMs=997;callbackGapMs=997;fusion=GPS_IMU
LOCATION,1790428442691,29.5889833,52.4817917,,false,7.59,0.000,source=fused:fused;speedReason=OK;derived=0.00;locationGapMs=1066;callbackGapMs=1066;fusion=GPS_IMU
LOCATION,1790428443644,29.5889833,52.4817917,,false,1.08,0.000,source=fused:fused;speedReason=OK;derived=0.00;locationGapMs=953;callbackGapMs=953;fusion=GPS_IMU
LOCATION,1790428444633,29.5889833,52.4817917,,false,1.00,0.000,source=fused:fused;speedReason=OK;derived=0.00;locationGapMs=989;callbackGapMs=989;fusion=GPS_IMU
LOCATION_ONLY,1790428445199,29.5889833,52.4817917,,false,4.62,0.000,source=fused:fused;speedReason=NO_SPEED;derived=0.00;locationGapMs=566;callbackGapMs=566;fusion=GPS_IMU
LOCATION,1790428446632,29.5889833,52.4817917,,false,4.59,0.000,source=fused:fused;speedReason=OK;derived=0.00;locationGapMs=1433;callbackGapMs=1433;fusion=GPS_IMU
LOCATION,1790428447639,29.5889833,52.4817917,,false,4.07,0.000,source=fused:fused;speedReason=OK;derived=0.00;locationGapMs=1007;callbackGapMs=1007;fusion=GPS_IMU
LOCATION,1790428448625,29.5889833,52.4817917,,false,4.06,0.000,source=fused:fused;speedReason=OK;derived=0.00;locationGapMs=986;callbackGapMs=986;fusion=GPS_IMU
LOCATION,1790428449636,29.5889833,52.4817917,,false,4.59,0.000,source=fused:fused;speedReason=OK;derived=0.00;locationGapMs=1011;callbackGapMs=1011;fusion=GPS_IMU
LOCATION,1790428450627,29.5889833,52.4817917,,false,0.98,0.000,source=fused:fused;speedReason=OK;derived=0.00;locationGapMs=991;callbackGapMs=991;fusion=GPS_IMU
LOCATION,1790428451627,29.5889833,52.4817917,,false,0.97,0.000,source=fused:fused;speedReason=OK;derived=0.00;locationGapMs=1000;callbackGapMs=1000;fusion=GPS_IMU
LOCATION,1790428452635,29.5889833,52.4817917,,false,1.98,0.000,source=fused:fused;speedReason=OK;derived=0.00;locationGapMs=1008;callbackGapMs=1008;fusion=GPS_IMU
LOCATION,1790428453697,29.5889833,52.4817917,,false,2.15,0.000,source=fused:fused;speedReason=OK;derived=0.00;locationGapMs=1062;callbackGapMs=1062;fusion=GPS_IMU
LOCATION,1790428454628,29.5889833,52.4817917,,false,1.97,0.000,source=fused:fused;speedReason=OK;derived=0.00;locationGapMs=931;callbackGapMs=931;fusion=GPS_IMU
LOCATION,1790428455625,29.5889833,52.4817917,,false,1.96,0.000,source=fused:fused;speedReason=OK;derived=0.00;locationGapMs=997;callbackGapMs=997;fusion=GPS_IMU
LOCATION,1790428456623,29.5889833,52.4817917,,false,1.94,0.000,source=fused:fused;speedReason=OK;derived=0.00;locationGapMs=998;callbackGapMs=998;fusion=GPS_IMU
LOCATION,1790428457622,29.5889833,52.4817917,,false,0.90,0.000,source=fused:fused;speedReason=OK;derived=0.00;locationGapMs=999;callbackGapMs=999;fusion=GPS_IMU
LOCATION_ONLY,1790428458486,29.5889833,52.4817917,,false,6.38,0.000,source=fused:fused;speedReason=NO_SPEED;derived=0.00;locationGapMs=864;callbackGapMs=864;fusion=GPS_IMU
LOCATION,1790428459634,29.5889833,52.4817917,,false,6.38,0.000,source=fused:fused;speedReason=OK;derived=0.00;locationGapMs=1148;callbackGapMs=1148;fusion=GPS_IMU
LOCATION,1790428460631,29.5889833,52.4817917,,false,6.38,0.000,source=fused:fused;speedReason=OK;derived=0.00;locationGapMs=997;callbackGapMs=997;fusion=GPS_IMU
LOCATION,1790428461616,29.5889833,52.4817917,,false,5.59,0.000,source=fused:fused;speedReason=OK;derived=0.00;locationGapMs=985;callbackGapMs=985;fusion=GPS_IMU
LOCATION,1790428462608,29.5889833,52.4817917,,false,5.59,0.000,source=fused:fused;speedReason=OK;derived=0.00;locationGapMs=992;callbackGapMs=992;fusion=GPS_IMU
LOCATION,1790428463610,29.5889833,52.4817917,,false,0.90,0.000,source=fused:fused;speedReason=OK;derived=0.00;locationGapMs=1002;callbackGapMs=1002;fusion=GPS_IMU
LOCATION,1790428464590,29.5889833,52.4817917,,false,0.92,0.000,source=fused:fused;speedReason=OK;derived=0.00;locationGapMs=980;callbackGapMs=980;fusion=GPS_IMU
LOCATION_ONLY,1790428465120,29.5889833,52.4817917,,false,4.36,0.000,source=fused:fused;speedReason=NO_SPEED;derived=0.00;locationGapMs=530;callbackGapMs=530;fusion=GPS_IMU
LOCATION,1790428465597,29.5889833,52.4817917,,false,3.88,0.000,source=fused:fused;speedReason=OK;derived=0.00;locationGapMs=477;callbackGapMs=477;fusion=GPS_IMU
LOCATION,1790428466599,29.5889833,52.4817917,,false,3.90,0.000,source=fused:fused;speedReason=OK;derived=0.00;locationGapMs=1002;callbackGapMs=1002;fusion=GPS_IMU
LOCATION,1790428467576,29.5889833,52.4817917,,false,3.90,0.000,source=fused:fused;speedReason=OK;derived=0.00;locationGapMs=977;callbackGapMs=977;fusion=GPS_IMU
LOCATION,1790428468585,29.5889833,52.4817917,,false,3.91,0.000,source=fused:fused;speedReason=OK;derived=0.00;locationGapMs=1009;callbackGapMs=1009;fusion=GPS_IMU
LOCATION,1790428469639,29.5889833,52.4817917,,false,4.41,0.000,source=fused:fused;speedReason=OK;derived=0.00;locationGapMs=1054;callbackGapMs=1054;fusion=GPS_IMU
LOCATION,1790428470597,29.5889833,52.4817917,,false,0.98,0.000,source=fused:fused;speedReason=OK;derived=0.00;locationGapMs=958;callbackGapMs=958;fusion=GPS_IMU
LOCATION,1790428471630,29.5889833,52.4817917,,false,0.98,0.000,source=fused:fused;speedReason=OK;derived=0.00;locationGapMs=1033;callbackGapMs=1033;fusion=GPS_IMU
LOCATION,1790428472617,29.5889833,52.4817917,,false,1.80,0.000,source=fused:fused;speedReason=OK;derived=0.00;locationGapMs=987;callbackGapMs=987;fusion=GPS_IMU
LOCATION,1790428473619,29.5889833,52.4817917,,false,1.80,0.000,source=fused:fused;speedReason=OK;derived=0.00;locationGapMs=1002;callbackGapMs=1002;fusion=GPS_IMU
LOCATION,1790428474637,29.5889833,52.4817917,,false,1.80,0.000,source=fused:fused;speedReason=OK;derived=0.00;locationGapMs=1018;callbackGapMs=1018;fusion=GPS_IMU
LOCATION,1790428475631,29.5889833,52.4817917,,false,1.80,0.000,source=fused:fused;speedReason=OK;derived=0.00;locationGapMs=994;callbackGapMs=994;fusion=GPS_IMU
LOCATION,1790428476633,29.5889833,52.4817917,,false,1.67,0.000,source=fused:fused;speedReason=OK;derived=0.00;locationGapMs=1002;callbackGapMs=1002;fusion=GPS_IMU
LOCATION,1790428477604,29.5889833,52.4817917,,false,0.97,0.000,source=fused:fused;speedReason=OK;derived=0.00;locationGapMs=971;callbackGapMs=971;fusion=GPS_IMU
LOCATION_ONLY,1790428478432,29.5889833,52.4817917,,false,6.30,0.000,source=fused:fused;speedReason=NO_SPEED;derived=0.00;locationGapMs=828;callbackGapMs=828;fusion=GPS_IMU
LOCATION,1790428479635,29.5889833,52.4817917,,false,6.27,0.000,source=fused:fused;speedReason=OK;derived=0.00;locationGapMs=1202;callbackGapMs=1202;fusion=GPS_IMU
LOCATION,1790428480628,29.5889833,52.4817917,,false,6.25,0.000,source=fused:fused;speedReason=OK;derived=0.00;locationGapMs=994;callbackGapMs=994;fusion=GPS_IMU
LOCATION,1790428481641,29.5889833,52.4817917,,false,6.25,0.000,source=fused:fused;speedReason=OK;derived=0.00;locationGapMs=1013;callbackGapMs=1013;fusion=GPS_IMU
LOCATION,1790428482632,29.5889833,52.4817917,,false,6.25,0.000,source=fused:fused;speedReason=OK;derived=0.00;locationGapMs=991;callbackGapMs=991;fusion=GPS_IMU
LOCATION,1790428483622,29.5889833,52.4817917,,false,0.90,0.000,source=fused:fused;speedReason=OK;derived=0.00;locationGapMs=990;callbackGapMs=990;fusion=GPS_IMU
LOCATION,1790428484639,29.5889833,52.4817917,,false,0.90,0.000,source=fused:fused;speedReason=OK;derived=0.00;locationGapMs=1017;callbackGapMs=1017;fusion=GPS_IMU
LOCATION,1790428485642,29.5889833,52.4817917,,false,3.38,0.000,source=fused:fused;speedReason=OK;derived=0.00;locationGapMs=1003;callbackGapMs=1003;fusion=GPS_IMU
LOCATION,1790428486620,29.5889833,52.4817917,,false,3.02,0.000,source=fused:fused;speedReason=OK;derived=0.00;locationGapMs=978;callbackGapMs=978;fusion=GPS_IMU
LOCATION,1790428487627,29.5889833,52.4817917,,false,3.38,0.000,source=fused:fused;speedReason=OK;derived=0.00;locationGapMs=1007;callbackGapMs=1007;fusion=GPS_IMU
LOCATION,1790428488634,29.5889833,52.4817917,,false,3.38,0.000,source=fused:fused;speedReason=OK;derived=0.00;locationGapMs=1007;callbackGapMs=1007;fusion=GPS_IMU
LOCATION,1790428489616,29.5889833,52.4817917,,false,3.02,0.000,source=fused:fused;speedReason=OK;derived=0.00;locationGapMs=982;callbackGapMs=982;fusion=GPS_IMU
LOCATION,1790428490636,29.5889833,52.4817917,,false,0.90,0.000,source=fused:fused;speedReason=OK;derived=0.00;locationGapMs=1020;callbackGapMs=1020;fusion=GPS_IMU
LOCATION,1790428491629,29.5889833,52.4817917,,false,0.90,0.000,source=fused:fused;speedReason=OK;derived=0.00;locationGapMs=993;callbackGapMs=993;fusion=GPS_IMU
LOCATION,1790428492620,29.5889833,52.4817917,,false,1.25,0.000,source=fused:fused;speedReason=OK;derived=0.00;locationGapMs=991;callbackGapMs=991;fusion=GPS_IMU
LOCATION,1790428493628,29.5889833,52.4817917,,false,1.25,0.000,source=fused:fused;speedReason=OK;derived=0.00;locationGapMs=1008;callbackGapMs=1008;fusion=GPS_IMU
LOCATION,1790428494622,29.5889833,52.4817917,,false,1.31,0.000,source=fused:fused;speedReason=OK;derived=0.00;locationGapMs=994;callbackGapMs=994;fusion=GPS_IMU
LOCATION,1790428495629,29.5889833,52.4817917,,false,1.25,0.000,source=fused:fused;speedReason=OK;derived=0.00;locationGapMs=1007;callbackGapMs=1007;fusion=GPS_IMU
LOCATION,1790428496630,29.5889833,52.4817917,,false,1.25,0.000,source=fused:fused;speedReason=OK;derived=0.00;locationGapMs=1001;callbackGapMs=1001;fusion=GPS_IMU
LOCATION,1790428497623,29.5889833,52.4817917,,false,0.90,0.000,source=fused:fused;speedReason=OK;derived=0.00;locationGapMs=993;callbackGapMs=993;fusion=GPS_IMU
LOCATION_ONLY,1790428498470,29.5889833,52.4817917,,false,6.35,0.000,source=fused:fused;speedReason=NO_SPEED;derived=0.00;locationGapMs=847;callbackGapMs=847;fusion=GPS_IMU
LOCATION,1790428499617,29.5889833,52.4817917,,false,5.57,0.000,source=fused:fused;speedReason=OK;derived=0.00;locationGapMs=1147;callbackGapMs=1147;fusion=GPS_IMU
LOCATION,1790428500704,29.5889833,52.4817917,,false,6.35,0.000,source=fused:fused;speedReason=OK;derived=0.00;locationGapMs=1087;callbackGapMs=1087;fusion=GPS_IMU
LOCATION,1790428501631,29.5889833,52.4817917,,false,6.35,0.000,source=fused:fused;speedReason=OK;derived=0.00;locationGapMs=927;callbackGapMs=927;fusion=GPS_IMU
LOCATION,1790428502630,29.5889833,52.4817917,,false,6.35,0.000,source=fused:fused;speedReason=OK;derived=0.00;locationGapMs=999;callbackGapMs=999;fusion=GPS_IMU
LOCATION,1790428503614,29.5889833,52.4817917,,false,0.90,0.000,source=fused:fused;speedReason=OK;derived=0.00;locationGapMs=984;callbackGapMs=984;fusion=GPS_IMU
LOCATION,1790428504589,29.5889833,52.4817917,,false,0.90,0.000,source=fused:fused;speedReason=OK;derived=0.00;locationGapMs=975;callbackGapMs=975;fusion=GPS_IMU
LOCATION_ONLY,1790428505133,29.5889833,52.4817917,,false,4.27,0.000,source=fused:fused;speedReason=NO_SPEED;derived=0.00;locationGapMs=544;callbackGapMs=544;fusion=GPS_IMU
LOCATION,1790428505621,29.5889833,52.4817917,,false,3.79,0.000,source=fused:fused;speedReason=OK;derived=0.00;locationGapMs=488;callbackGapMs=488;fusion=GPS_IMU
LOCATION,1790428506624,29.5889833,52.4817917,,false,3.79,0.000,source=fused:fused;speedReason=OK;derived=0.00;locationGapMs=1003;callbackGapMs=1003;fusion=GPS_IMU
LOCATION,1790428507638,29.5889833,52.4817917,,false,4.27,0.000,source=fused:fused;speedReason=OK;derived=0.00;locationGapMs=1014;callbackGapMs=1014;fusion=GPS_IMU
LOCATION,1790428508625,29.5889833,52.4817917,,false,4.27,0.000,source=fused:fused;speedReason=OK;derived=0.00;locationGapMs=987;callbackGapMs=987;fusion=GPS_IMU
LOCATION,1790428509630,29.5889833,52.4817917,,false,4.27,0.000,source=fused:fused;speedReason=OK;derived=0.00;locationGapMs=1005;callbackGapMs=1005;fusion=GPS_IMU
LOCATION,1790428510631,29.5889833,52.4817917,,false,0.90,0.000,source=fused:fused;speedReason=OK;derived=0.00;locationGapMs=1001;callbackGapMs=1001;fusion=GPS_IMU
LOCATION,1790428511634,29.5889833,52.4817917,,false,0.90,0.000,source=fused:fused;speedReason=OK;derived=0.00;locationGapMs=1003;callbackGapMs=1003;fusion=GPS_IMU
LOCATION,1790428512635,29.5889833,52.4817917,,false,1.72,0.000,source=fused:fused;speedReason=OK;derived=0.00;locationGapMs=1001;callbackGapMs=1001;fusion=GPS_IMU
LOCATION,1790428513624,29.5889833,52.4817917,,false,1.60,0.000,source=fused:fused;speedReason=OK;derived=0.00;locationGapMs=989;callbackGapMs=989;fusion=GPS_IMU
LOCATION,1790428514632,29.5889833,52.4817917,,false,1.72,0.000,source=fused:fused;speedReason=OK;derived=0.00;locationGapMs=1008;callbackGapMs=1008;fusion=GPS_IMU
LOCATION,1790428515637,29.5889833,52.4817917,,false,1.72,0.000,source=fused:fused;speedReason=OK;derived=0.00;locationGapMs=1005;callbackGapMs=1005;fusion=GPS_IMU
LOCATION,1790428516629,29.5889833,52.4817917,,false,1.60,0.000,source=fused:fused;speedReason=OK;derived=0.00;locationGapMs=992;callbackGapMs=992;fusion=GPS_IMU
LOCATION,1790428517629,29.5889833,52.4817917,,false,0.90,0.000,source=fused:fused;speedReason=OK;derived=0.00;locationGapMs=1001;callbackGapMs=1001;fusion=GPS_IMU
LOCATION_ONLY,1790428518457,29.5889833,52.4817917,,false,6.20,0.000,source=fused:fused;speedReason=NO_SPEED;derived=0.00;locationGapMs=827;callbackGapMs=827;fusion=GPS_IMU
LOCATION,1790428519695,29.5889833,52.4817917,,false,5.44,0.000,source=fused:fused;speedReason=OK;derived=0.00;locationGapMs=1238;callbackGapMs=1238;fusion=GPS_IMU
LOCATION,1790428520647,29.5889833,52.4817917,,false,6.20,0.000,source=fused:fused;speedReason=OK;derived=0.00;locationGapMs=952;callbackGapMs=952;fusion=GPS_IMU
LOCATION,1790428521650,29.5889833,52.4817917,,false,6.20,0.000,source=fused:fused;speedReason=OK;derived=0.00;locationGapMs=1003;callbackGapMs=1003;fusion=GPS_IMU
LOCATION,1790428522634,29.5889833,52.4817917,,false,6.20,0.000,source=fused:fused;speedReason=OK;derived=0.00;locationGapMs=984;callbackGapMs=984;fusion=GPS_IMU
LOCATION,1790428523623,29.5889833,52.4817917,,false,0.90,0.000,source=fused:fused;speedReason=OK;derived=0.00;locationGapMs=989;callbackGapMs=989;fusion=GPS_IMU
LOCATION,1790428524644,29.5889833,52.4817917,,false,0.90,0.000,source=fused:fused;speedReason=OK;derived=0.00;locationGapMs=1021;callbackGapMs=1021;fusion=GPS_IMU
LOCATION_ONLY,1790428525184,29.5889833,52.4817917,,false,4.37,0.000,source=fused:fused;speedReason=NO_SPEED;derived=0.00;locationGapMs=540;callbackGapMs=540;fusion=GPS_IMU
LOCATION,1790428525616,29.5889833,52.4817917,,false,3.87,0.000,source=fused:fused;speedReason=OK;derived=0.00;locationGapMs=432;callbackGapMs=432;fusion=GPS_IMU
LOCATION,1790428526632,29.5889833,52.4817917,,false,3.87,0.000,source=fused:fused;speedReason=OK;derived=0.00;locationGapMs=1016;callbackGapMs=1016;fusion=GPS_IMU
LOCATION,1790428527638,29.5889833,52.4817917,,false,4.37,0.000,source=fused:fused;speedReason=OK;derived=0.00;locationGapMs=1006;callbackGapMs=1006;fusion=GPS_IMU
LOCATION,1790428528631,29.5889833,52.4817917,,false,4.37,0.000,source=fused:fused;speedReason=OK;derived=0.00;locationGapMs=994;callbackGapMs=994;fusion=GPS_IMU
LOCATION,1790428529639,29.5889833,52.4817917,,false,3.87,0.000,source=fused:fused;speedReason=OK;derived=0.00;locationGapMs=1007;callbackGapMs=1007;fusion=GPS_IMU
LOCATION,1790428530627,29.5889833,52.4817917,,false,0.90,0.000,source=fused:fused;speedReason=OK;derived=0.00;locationGapMs=988;callbackGapMs=988;fusion=GPS_IMU
LOCATION,1790428531628,29.5889833,52.4817917,,false,0.90,0.000,source=fused:fused;speedReason=OK;derived=0.00;locationGapMs=1001;callbackGapMs=1001;fusion=GPS_IMU
LOCATION,1790428532637,29.5889833,52.4817917,,false,2.67,0.000,source=fused:fused;speedReason=OK;derived=0.00;locationGapMs=1009;callbackGapMs=1009;fusion=GPS_IMU
LOCATION,1790428533624,29.5889833,52.4817917,,false,2.97,0.000,source=fused:fused;speedReason=OK;derived=0.00;locationGapMs=987;callbackGapMs=987;fusion=GPS_IMU
LOCATION,1790428534634,29.5889833,52.4817917,,false,2.67,0.000,source=fused:fused;speedReason=OK;derived=0.00;locationGapMs=1010;callbackGapMs=1010;fusion=GPS_IMU
LOCATION,1790428535682,29.5889833,52.4817917,,false,2.67,0.000,source=fused:fused;speedReason=OK;derived=0.00;locationGapMs=1048;callbackGapMs=1048;fusion=GPS_IMU
LOCATION,1790428536635,29.5889833,52.4817917,,false,2.97,0.000,source=fused:fused;speedReason=OK;derived=0.00;locationGapMs=954;callbackGapMs=954;fusion=GPS_IMU
LOCATION,1790428537643,29.5889833,52.4817917,,false,0.90,0.000,source=fused:fused;speedReason=OK;derived=0.00;locationGapMs=1007;callbackGapMs=1007;fusion=GPS_IMU
LOCATION,1790428538648,29.5889833,52.4817917,,false,0.90,0.000,source=fused:fused;speedReason=OK;derived=0.00;locationGapMs=1006;callbackGapMs=1006;fusion=GPS_IMU
LOCATION,1790428539637,29.5889833,52.4817917,,false,1.15,0.000,source=fused:fused;speedReason=OK;derived=0.00;locationGapMs=988;callbackGapMs=988;fusion=GPS_IMU
LOCATION,1790428540640,29.5889833,52.4817917,,false,1.15,0.000,source=fused:fused;speedReason=OK;derived=0.00;locationGapMs=1003;callbackGapMs=1003;fusion=GPS_IMU
LOCATION,1790428541628,29.5889833,52.4817917,,false,1.11,0.000,source=fused:fused;speedReason=OK;derived=0.00;locationGapMs=988;callbackGapMs=988;fusion=GPS_IMU
LOCATION,1790428542638,29.5889833,52.4817917,,false,1.13,0.000,source=fused:fused;speedReason=OK;derived=0.00;locationGapMs=1010;callbackGapMs=1010;fusion=GPS_IMU
LOCATION,1790428543637,29.5889833,52.4817917,,false,1.20,0.000,source=fused:fused;speedReason=OK;derived=0.00;locationGapMs=999;callbackGapMs=999;fusion=GPS_IMU
LOCATION,1790428544591,29.5889833,52.4817917,,false,0.98,0.000,source=fused:fused;speedReason=OK;derived=0.00;locationGapMs=954;callbackGapMs=954;fusion=GPS_IMU
LOCATION_ONLY,1790428545350,29.5889833,52.4817917,,false,5.80,0.000,source=fused:fused;speedReason=NO_SPEED;derived=0.00;locationGapMs=759;callbackGapMs=759;fusion=GPS_IMU
LOCATION,1790428546707,29.5889833,52.4817917,,false,5.85,0.000,source=fused:fused;speedReason=OK;derived=0.00;locationGapMs=1357;callbackGapMs=1357;fusion=GPS_IMU
LOCATION,1790428547637,29.5889833,52.4817917,,false,5.16,0.000,source=fused:fused;speedReason=OK;derived=0.00;locationGapMs=930;callbackGapMs=930;fusion=GPS_IMU
LOCATION,1790428548636,29.5889833,52.4817917,,false,5.16,0.000,source=fused:fused;speedReason=OK;derived=0.00;locationGapMs=999;callbackGapMs=999;fusion=GPS_IMU
LOCATION,1790428549640,29.5889833,52.4817917,,false,5.80,0.000,source=fused:fused;speedReason=OK;derived=0.00;locationGapMs=1004;callbackGapMs=1004;fusion=GPS_IMU
LOCATION,1790428550621,29.5889833,52.4817917,,false,0.98,0.000,source=fused:fused;speedReason=OK;derived=0.00;locationGapMs=981;callbackGapMs=981;fusion=GPS_IMU
LOCATION,1790428551638,29.5889833,52.4817917,,false,0.95,0.000,source=fused:fused;speedReason=OK;derived=0.00;locationGapMs=1017;callbackGapMs=1017;fusion=GPS_IMU
LOCATION,1790428552638,29.5889833,52.4817917,,false,2.93,0.000,source=fused:fused;speedReason=OK;derived=0.00;locationGapMs=1000;callbackGapMs=1000;fusion=GPS_IMU
LOCATION,1790428553636,29.5889833,52.4817917,,false,2.91,0.000,source=fused:fused;speedReason=OK;derived=0.00;locationGapMs=998;callbackGapMs=998;fusion=GPS_IMU
LOCATION,1790428554630,29.5889833,52.4817917,,false,3.23,0.000,source=fused:fused;speedReason=OK;derived=0.00;locationGapMs=994;callbackGapMs=994;fusion=GPS_IMU
LOCATION,1790428555626,29.5889833,52.4817917,,false,3.23,0.000,source=fused:fused;speedReason=OK;derived=0.00;locationGapMs=996;callbackGapMs=996;fusion=GPS_IMU
LOCATION,1790428556644,29.5889833,52.4817917,,false,3.23,0.000,source=fused:fused;speedReason=OK;derived=0.00;locationGapMs=1018;callbackGapMs=1018;fusion=GPS_IMU
LOCATION,1790428557628,29.5889833,52.4817917,,false,0.90,0.000,source=fused:fused;speedReason=OK;derived=0.00;locationGapMs=984;callbackGapMs=984;fusion=GPS_IMU
LOCATION,1790428558635,29.5889833,52.4817917,,false,0.90,0.000,source=fused:fused;speedReason=OK;derived=0.00;locationGapMs=1007;callbackGapMs=1007;fusion=GPS_IMU
LOCATION,1790428559642,29.5889833,52.4817917,,false,0.90,0.000,source=fused:fused;speedReason=OK;derived=0.00;locationGapMs=1007;callbackGapMs=1007;fusion=GPS_IMU
LOCATION,1790428560638,29.5889833,52.4817917,,false,0.90,0.000,source=fused:fused;speedReason=OK;derived=0.00;locationGapMs=996;callbackGapMs=996;fusion=GPS_IMU
LOCATION,1790428561636,29.5889833,52.4817917,,false,0.90,0.000,source=fused:fused;speedReason=OK;derived=0.00;locationGapMs=998;callbackGapMs=998;fusion=GPS_IMU
LOCATION,1790428562634,29.5889833,52.4817917,,false,0.90,0.000,source=fused:fused;speedReason=OK;derived=0.00;locationGapMs=998;callbackGapMs=998;fusion=GPS_IMU
LOCATION,1790428563632,29.5889833,52.4817917,,false,0.90,0.000,source=fused:fused;speedReason=OK;derived=0.00;locationGapMs=998;callbackGapMs=998;fusion=GPS_IMU
LOCATION,1790428564622,29.5889833,52.4817917,,false,0.90,0.000,source=fused:fused;speedReason=OK;derived=0.00;locationGapMs=990;callbackGapMs=990;fusion=GPS_IMU
LOCATION_ONLY,1790428565344,29.5889833,52.4817917,,false,5.53,0.000,source=fused:fused;speedReason=NO_SPEED;derived=0.00;locationGapMs=722;callbackGapMs=722;fusion=GPS_IMU
LOCATION,1790428566639,29.5889833,52.4817917,,false,5.53,0.000,source=fused:fused;speedReason=OK;derived=0.00;locationGapMs=1295;callbackGapMs=1295;fusion=GPS_IMU
LOCATION,1790428567703,29.5889833,52.4817917,,false,4.87,0.000,source=fused:fused;speedReason=OK;derived=0.00;locationGapMs=1064;callbackGapMs=1064;fusion=GPS_IMU
LOCATION,1790428568627,29.5889833,52.4817917,,false,4.87,0.000,source=fused:fused;speedReason=OK;derived=0.00;locationGapMs=925;callbackGapMs=925;fusion=GPS_IMU
LOCATION,1790428569633,29.5889833,52.4817917,,false,5.53,0.000,source=fused:fused;speedReason=OK;derived=0.00;locationGapMs=1005;callbackGapMs=1005;fusion=GPS_IMU
LOCATION,1790428570638,29.5889833,52.4817917,,false,0.90,0.000,source=fused:fused;speedReason=OK;derived=0.00;locationGapMs=1005;callbackGapMs=1005;fusion=GPS_IMU
LOCATION,1790428571639,29.5889833,52.4817917,,false,0.90,0.000,source=fused:fused;speedReason=OK;derived=0.00;locationGapMs=1001;callbackGapMs=1001;fusion=GPS_IMU
LOCATION,1790428572591,29.5889833,52.4817917,,false,3.01,0.000,source=fused:fused;speedReason=OK;derived=0.00;locationGapMs=953;callbackGapMs=953;fusion=GPS_IMU
LOCATION,1790428573621,29.5889833,52.4817917,,false,3.03,0.000,source=fused:fused;speedReason=OK;derived=0.00;locationGapMs=1029;callbackGapMs=1029;fusion=GPS_IMU
LOCATION,1790428574604,29.5889833,52.4817917,,false,3.04,0.000,source=fused:fused;speedReason=OK;derived=0.00;locationGapMs=983;callbackGapMs=983;fusion=GPS_IMU
LOCATION,1790428575636,29.5889833,52.4817917,,false,3.06,0.000,source=fused:fused;speedReason=OK;derived=0.00;locationGapMs=1032;callbackGapMs=1032;fusion=GPS_IMU
LOCATION,1790428576639,29.5889833,52.4817917,,false,3.07,0.000,source=fused:fused;speedReason=OK;derived=0.00;locationGapMs=1003;callbackGapMs=1003;fusion=GPS_IMU
LOCATION,1790428577636,29.5889833,52.4817917,,false,1.00,0.000,source=fused:fused;speedReason=OK;derived=0.00;locationGapMs=997;callbackGapMs=997;fusion=GPS_IMU
LOCATION,1790428578691,29.5889833,52.4817917,,false,1.00,0.000,source=fused:fused;speedReason=OK;derived=0.00;locationGapMs=1054;callbackGapMs=1054;fusion=GPS_IMU
LOCATION,1790428579625,29.5889833,52.4817917,,false,1.00,0.000,source=fused:fused;speedReason=OK;derived=0.00;locationGapMs=935;callbackGapMs=935;fusion=GPS_IMU
LOCATION,1790428580640,29.5889833,52.4817917,,false,1.00,0.000,source=fused:fused;speedReason=OK;derived=0.00;locationGapMs=1015;callbackGapMs=1015;fusion=GPS_IMU
LOCATION,1790428581611,29.5889833,52.4817917,,false,0.98,0.000,source=fused:fused;speedReason=OK;derived=0.00;locationGapMs=971;callbackGapMs=971;fusion=GPS_IMU
LOCATION,1790428582628,29.5889833,52.4817917,,false,0.97,0.000,source=fused:fused;speedReason=OK;derived=0.00;locationGapMs=1017;callbackGapMs=1017;fusion=GPS_IMU
LOCATION,1790428583647,29.5889833,52.4817917,,false,0.95,0.000,source=fused:fused;speedReason=OK;derived=0.00;locationGapMs=1018;callbackGapMs=1018;fusion=GPS_IMU
LOCATION,1790428584602,29.5889833,52.4817917,,false,0.93,0.000,source=fused:fused;speedReason=OK;derived=0.00;locationGapMs=956;callbackGapMs=956;fusion=GPS_IMU
LOCATION_ONLY,1790428585319,29.5889833,52.4817917,,false,5.45,0.000,source=fused:fused;speedReason=NO_SPEED;derived=0.00;locationGapMs=717;callbackGapMs=717;fusion=GPS_IMU
LOCATION,1790428586634,29.5889833,52.4817917,,false,5.43,0.000,source=fused:fused;speedReason=OK;derived=0.00;locationGapMs=1315;callbackGapMs=1315;fusion=GPS_IMU
LOCATION,1790428587611,29.5889833,52.4817917,,false,4.78,0.000,source=fused:fused;speedReason=OK;derived=0.00;locationGapMs=977;callbackGapMs=977;fusion=GPS_IMU
LOCATION,1790428588636,29.5889833,52.4817917,,false,4.78,0.000,source=fused:fused;speedReason=OK;derived=0.00;locationGapMs=1025;callbackGapMs=1025;fusion=GPS_IMU
LOCATION,1790428589622,29.5889833,52.4817917,,false,5.43,0.000,source=fused:fused;speedReason=OK;derived=0.00;locationGapMs=986;callbackGapMs=986;fusion=GPS_IMU
LOCATION,1790428590629,29.5889833,52.4817917,,false,0.92,0.000,source=fused:fused;speedReason=OK;derived=0.00;locationGapMs=1007;callbackGapMs=1007;fusion=GPS_IMU
LOCATION,1790428591628,29.5889833,52.4817917,,false,0.93,0.000,source=fused:fused;speedReason=OK;derived=0.00;locationGapMs=999;callbackGapMs=999;fusion=GPS_IMU
LOCATION,1790428592633,29.5889833,52.4817917,,false,2.93,0.000,source=fused:fused;speedReason=OK;derived=0.00;locationGapMs=1005;callbackGapMs=1005;fusion=GPS_IMU
LOCATION,1790428593636,29.5889833,52.4817917,,false,2.93,0.000,source=fused:fused;speedReason=OK;derived=0.00;locationGapMs=1003;callbackGapMs=1003;fusion=GPS_IMU
LOCATION,1790428594691,29.5889833,52.4817917,,false,2.93,0.000,source=fused:fused;speedReason=OK;derived=0.00;locationGapMs=1055;callbackGapMs=1055;fusion=GPS_IMU
LOCATION,1790428595647,29.5889833,52.4817917,,false,2.91,0.000,source=fused:fused;speedReason=OK;derived=0.00;locationGapMs=956;callbackGapMs=956;fusion=GPS_IMU
LOCATION,1790428596639,29.5889833,52.4817917,,false,2.90,0.000,source=fused:fused;speedReason=OK;derived=0.00;locationGapMs=991;callbackGapMs=991;fusion=GPS_IMU
LOCATION,1790428597635,29.5889833,52.4817917,,false,0.90,0.000,source=fused:fused;speedReason=OK;derived=0.00;locationGapMs=997;callbackGapMs=997;fusion=GPS_IMU
LOCATION,1790428598649,29.5889833,52.4817917,,false,0.90,0.000,source=fused:fused;speedReason=OK;derived=0.00;locationGapMs=1014;callbackGapMs=1014;fusion=GPS_IMU
LOCATION,1790428599634,29.5889833,52.4817917,,false,1.25,0.000,source=fused:fused;speedReason=OK;derived=0.00;locationGapMs=985;callbackGapMs=985;fusion=GPS_IMU
LOCATION,1790428600712,29.5889833,52.4817917,,false,1.31,0.000,source=fused:fused;speedReason=OK;derived=0.00;locationGapMs=1078;callbackGapMs=1078;fusion=GPS_IMU
LOCATION,1790428601638,29.5889833,52.4817917,,false,1.25,0.000,source=fused:fused;speedReason=OK;derived=0.00;locationGapMs=926;callbackGapMs=926;fusion=GPS_IMU
LOCATION,1790428602628,29.5889833,52.4817917,,false,1.31,0.000,source=fused:fused;speedReason=OK;derived=0.00;locationGapMs=990;callbackGapMs=990;fusion=GPS_IMU
LOCATION,1790428603631,29.5889833,52.4817917,,false,1.25,0.000,source=fused:fused;speedReason=OK;derived=0.00;locationGapMs=1003;callbackGapMs=1003;fusion=GPS_IMU
LOCATION,1790428604628,29.5889833,52.4817917,,false,0.90,0.000,source=fused:fused;speedReason=OK;derived=0.00;locationGapMs=997;callbackGapMs=997;fusion=GPS_IMU
LOCATION_ONLY,1790428605376,29.5889833,52.4817917,,false,5.69,0.000,source=fused:fused;speedReason=NO_SPEED;derived=0.00;locationGapMs=748;callbackGapMs=748;fusion=GPS_IMU
LOCATION,1790428606644,29.5889833,52.4817917,,false,5.69,0.000,source=fused:fused;speedReason=OK;derived=0.00;locationGapMs=1268;callbackGapMs=1268;fusion=GPS_IMU
LOCATION,1790428607633,29.5889833,52.4817917,,false,5.01,0.000,source=fused:fused;speedReason=OK;derived=0.00;locationGapMs=989;callbackGapMs=989;fusion=GPS_IMU
LOCATION,1790428608624,29.5889833,52.4817917,,false,5.01,0.000,source=fused:fused;speedReason=OK;derived=0.00;locationGapMs=992;callbackGapMs=992;fusion=GPS_IMU
LOCATION,1790428609634,29.5889833,52.4817917,,false,5.69,0.000,source=fused:fused;speedReason=OK;derived=0.00;locationGapMs=1009;callbackGapMs=1009;fusion=GPS_IMU
LOCATION,1790428610633,29.5889833,52.4817917,,false,0.90,0.000,source=fused:fused;speedReason=OK;derived=0.00;locationGapMs=999;callbackGapMs=999;fusion=GPS_IMU
LOCATION,1790428611700,29.5889833,52.4817917,,false,0.90,0.000,source=fused:fused;speedReason=OK;derived=0.00;locationGapMs=1067;callbackGapMs=1067;fusion=GPS_IMU
LOCATION,1790428612629,29.5889833,52.4817917,,false,2.86,0.000,source=fused:fused;speedReason=OK;derived=0.00;locationGapMs=929;callbackGapMs=929;fusion=GPS_IMU
LOCATION,1790428613631,29.5889833,52.4817917,,false,3.18,0.000,source=fused:fused;speedReason=OK;derived=0.00;locationGapMs=1001;callbackGapMs=1001;fusion=GPS_IMU
LOCATION,1790428614648,29.5889833,52.4817917,,false,3.18,0.000,source=fused:fused;speedReason=OK;derived=0.00;locationGapMs=1018;callbackGapMs=1018;fusion=GPS_IMU
LOCATION,1790428615636,29.5889833,52.4817917,,false,3.18,0.000,source=fused:fused;speedReason=OK;derived=0.00;locationGapMs=988;callbackGapMs=988;fusion=GPS_IMU
LOCATION,1790428616636,29.5889833,52.4817917,,false,3.18,0.000,source=fused:fused;speedReason=OK;derived=0.00;locationGapMs=1000;callbackGapMs=1000;fusion=GPS_IMU
LOCATION,1790428617634,29.5889833,52.4817917,,false,0.90,0.000,source=fused:fused;speedReason=OK;derived=0.00;locationGapMs=998;callbackGapMs=998;fusion=GPS_IMU
LOCATION,1790428618645,29.5889833,52.4817917,,false,0.90,0.000,source=fused:fused;speedReason=OK;derived=0.00;locationGapMs=1011;callbackGapMs=1011;fusion=GPS_IMU
LOCATION,1790428619638,29.5889833,52.4817917,,false,0.90,0.000,source=fused:fused;speedReason=OK;derived=0.00;locationGapMs=993;callbackGapMs=993;fusion=GPS_IMU
LOCATION,1790428620642,29.5889833,52.4817917,,false,0.90,0.000,source=fused:fused;speedReason=OK;derived=0.00;locationGapMs=1004;callbackGapMs=1004;fusion=GPS_IMU
LOCATION,1790428621634,29.5889833,52.4817917,,false,0.90,0.000,source=fused:fused;speedReason=OK;derived=0.00;locationGapMs=992;callbackGapMs=992;fusion=GPS_IMU
LOCATION,1790428622688,29.5889833,52.4817917,,false,0.90,0.000,source=fused:fused;speedReason=OK;derived=0.00;locationGapMs=1054;callbackGapMs=1054;fusion=GPS_IMU
LOCATION,1790428623649,29.5889833,52.4817917,,false,0.90,0.000,source=fused:fused;speedReason=OK;derived=0.00;locationGapMs=961;callbackGapMs=961;fusion=GPS_IMU
LOCATION,1790428624639,29.5889833,52.4817917,,false,0.90,0.000,source=fused:fused;speedReason=OK;derived=0.00;locationGapMs=990;callbackGapMs=990;fusion=GPS_IMU
LOCATION_ONLY,1790428625401,29.5889833,52.4817917,,false,5.75,0.000,source=fused:fused;speedReason=NO_SPEED;derived=0.00;locationGapMs=762;callbackGapMs=762;fusion=GPS_IMU
LOCATION,1790428626645,29.5889833,52.4817917,,false,5.75,0.000,source=fused:fused;speedReason=OK;derived=0.00;locationGapMs=1244;callbackGapMs=1244;fusion=GPS_IMU
LOCATION,1790428627634,29.5889833,52.4817917,,false,5.75,0.000,source=fused:fused;speedReason=OK;derived=0.00;locationGapMs=989;callbackGapMs=989;fusion=GPS_IMU
LOCATION,1790428628631,29.5889833,52.4817917,,false,5.06,0.000,source=fused:fused;speedReason=OK;derived=0.00;locationGapMs=997;callbackGapMs=997;fusion=GPS_IMU
LOCATION,1790428629642,29.5889833,52.4817917,,false,5.75,0.000,source=fused:fused;speedReason=OK;derived=0.00;locationGapMs=1011;callbackGapMs=1011;fusion=GPS_IMU
LOCATION,1790428630625,29.5889833,52.4817917,,false,0.90,0.000,source=fused:fused;speedReason=OK;derived=0.00;locationGapMs=983;callbackGapMs=983;fusion=GPS_IMU
LOCATION,1790428631636,29.5889833,52.4817917,,false,0.90,0.000,source=fused:fused;speedReason=OK;derived=0.00;locationGapMs=1011;callbackGapMs=1011;fusion=GPS_IMU
LOCATION,1790428632628,29.5889833,52.4817917,,false,3.50,0.000,source=fused:fused;speedReason=OK;derived=0.00;locationGapMs=992;callbackGapMs=992;fusion=GPS_IMU
LOCATION,1790428633634,29.5889833,52.4817917,,false,3.13,0.000,source=fused:fused;speedReason=OK;derived=0.00;locationGapMs=1006;callbackGapMs=1006;fusion=GPS_IMU
LOCATION,1790428634641,29.5889833,52.4817917,,false,3.13,0.000,source=fused:fused;speedReason=OK;derived=0.00;locationGapMs=1007;callbackGapMs=1007;fusion=GPS_IMU
LOCATION,1790428635640,29.5889833,52.4817917,,false,3.50,0.000,source=fused:fused;speedReason=OK;derived=0.00;locationGapMs=999;callbackGapMs=999;fusion=GPS_IMU
LOCATION,1790428636628,29.5889833,52.4817917,,false,3.13,0.000,source=fused:fused;speedReason=OK;derived=0.00;locationGapMs=988;callbackGapMs=988;fusion=GPS_IMU
LOCATION,1790428637632,29.5889833,52.4817917,,false,0.90,0.000,source=fused:fused;speedReason=OK;derived=0.00;locationGapMs=1004;callbackGapMs=1004;fusion=GPS_IMU
LOCATION,1790428638709,29.5889833,52.4817917,,false,0.90,0.000,source=fused:fused;speedReason=OK;derived=0.00;locationGapMs=1077;callbackGapMs=1077;fusion=GPS_IMU
LOCATION,1790428639624,29.5889833,52.4817917,,false,0.99,0.000,source=fused:fused;speedReason=OK;derived=0.00;locationGapMs=915;callbackGapMs=915;fusion=GPS_IMU
LOCATION,1790428640627,29.5889833,52.4817917,,false,0.99,0.000,source=fused:fused;speedReason=OK;derived=0.00;locationGapMs=1003;callbackGapMs=1003;fusion=GPS_IMU
LOCATION,1790428641634,29.5889833,52.4817917,,false,1.00,0.000,source=fused:fused;speedReason=OK;derived=0.00;locationGapMs=1007;callbackGapMs=1007;fusion=GPS_IMU
LOCATION,1790428642638,29.5889833,52.4817917,,false,1.00,0.000,source=fused:fused;speedReason=OK;derived=0.00;locationGapMs=1004;callbackGapMs=1004;fusion=GPS_IMU
LOCATION,1790428643635,29.5889833,52.4817917,,false,0.99,0.000,source=fused:fused;speedReason=OK;derived=0.00;locationGapMs=997;callbackGapMs=997;fusion=GPS_IMU
LOCATION,1790428644631,29.5889833,52.4817917,,false,0.90,0.000,source=fused:fused;speedReason=OK;derived=0.00;locationGapMs=996;callbackGapMs=996;fusion=GPS_IMU
LOCATION_ONLY,1790428645432,29.5889833,52.4817917,,false,5.98,0.000,source=fused:fused;speedReason=NO_SPEED;derived=0.00;locationGapMs=801;callbackGapMs=801;fusion=GPS_IMU
LOCATION,1790428646632,29.5889833,52.4817917,,false,6.02,0.000,source=fused:fused;speedReason=OK;derived=0.00;locationGapMs=1200;callbackGapMs=1200;fusion=GPS_IMU
LOCATION,1790428647633,29.5889833,52.4817917,,false,5.30,0.000,source=fused:fused;speedReason=OK;derived=0.00;locationGapMs=1002;callbackGapMs=1002;fusion=GPS_IMU
LOCATION,1790428648630,29.5889833,52.4817917,,false,5.32,0.000,source=fused:fused;speedReason=OK;derived=0.00;locationGapMs=996;callbackGapMs=996;fusion=GPS_IMU
LOCATION,1790428649595,29.5889833,52.4817917,,false,5.33,0.000,source=fused:fused;speedReason=OK;derived=0.00;locationGapMs=965;callbackGapMs=965;fusion=GPS_IMU
LOCATION,1790428650587,29.5889833,52.4817917,,false,0.98,0.000,source=fused:fused;speedReason=OK;derived=0.00;locationGapMs=992;callbackGapMs=992;fusion=GPS_IMU
LOCATION,1790428651583,29.5889833,52.4817917,,false,0.97,0.000,source=fused:fused;speedReason=OK;derived=0.00;locationGapMs=996;callbackGapMs=996;fusion=GPS_IMU
LOCATION,1790428652603,29.5889833,52.4817917,,false,3.27,0.000,source=fused:fused;speedReason=OK;derived=0.00;locationGapMs=1020;callbackGapMs=1020;fusion=GPS_IMU
LOCATION,1790428653589,29.5889833,52.4817917,,false,3.27,0.000,source=fused:fused;speedReason=OK;derived=0.00;locationGapMs=987;callbackGapMs=987;fusion=GPS_IMU
LOCATION,1790428654586,29.5889833,52.4817917,,false,3.27,0.000,source=fused:fused;speedReason=OK;derived=0.00;locationGapMs=996;callbackGapMs=996;fusion=GPS_IMU
LOCATION,1790428655629,29.5889833,52.4817917,,false,3.67,0.000,source=fused:fused;speedReason=OK;derived=0.00;locationGapMs=1043;callbackGapMs=1043;fusion=GPS_IMU
LOCATION,1790428656588,29.5889833,52.4817917,,false,3.68,0.000,source=fused:fused;speedReason=OK;derived=0.00;locationGapMs=959;callbackGapMs=959;fusion=GPS_IMU
LOCATION,1790428657633,29.5889833,52.4817917,,false,0.98,0.000,source=fused:fused;speedReason=OK;derived=0.00;locationGapMs=1045;callbackGapMs=1045;fusion=GPS_IMU
LOCATION_ONLY,1790428658610,29.5889833,52.4817917,,false,7.29,0.000,source=fused:fused;speedReason=NO_SPEED;derived=0.00;locationGapMs=977;callbackGapMs=977;fusion=GPS_IMU
LOCATION,1790428659626,29.5889833,52.4817917,,false,7.29,0.000,source=fused:fused;speedReason=OK;derived=0.00;locationGapMs=1016;callbackGapMs=1016;fusion=GPS_IMU
LOCATION,1790428660594,29.5889833,52.4817917,,false,6.38,0.000,source=fused:fused;speedReason=OK;derived=0.00;locationGapMs=968;callbackGapMs=968;fusion=GPS_IMU
LOCATION,1790428661625,29.5889833,52.4817917,,false,7.26,0.000,source=fused:fused;speedReason=OK;derived=0.00;locationGapMs=1031;callbackGapMs=1031;fusion=GPS_IMU
LOCATION,1790428662632,29.5889833,52.4817917,,false,6.37,0.000,source=fused:fused;speedReason=OK;derived=0.00;locationGapMs=1007;callbackGapMs=1007;fusion=GPS_IMU
LOCATION,1790428663635,29.5889833,52.4817917,,false,0.94,0.000,source=fused:fused;speedReason=OK;derived=0.00;locationGapMs=1002;callbackGapMs=1002;fusion=GPS_IMU
LOCATION,1790428664609,29.5889833,52.4817917,,false,0.93,0.000,source=fused:fused;speedReason=OK;derived=0.00;locationGapMs=975;callbackGapMs=975;fusion=GPS_IMU
LOCATION_ONLY,1790428665183,29.5889833,52.4817917,,false,4.55,0.000,source=fused:fused;speedReason=NO_SPEED;derived=0.00;locationGapMs=574;callbackGapMs=574;fusion=GPS_IMU
LOCATION,1790428666647,29.5889833,52.4817917,,false,4.59,0.000,source=fused:fused;speedReason=OK;derived=0.00;locationGapMs=1464;callbackGapMs=1464;fusion=GPS_IMU
LOCATION,1790428667627,29.5889833,52.4817917,,false,4.07,0.000,source=fused:fused;speedReason=OK;derived=0.00;locationGapMs=980;callbackGapMs=980;fusion=GPS_IMU
LOCATION,1790428668619,29.5889833,52.4817917,,false,4.07,0.000,source=fused:fused;speedReason=OK;derived=0.00;locationGapMs=991;callbackGapMs=991;fusion=GPS_IMU
LOCATION,1790428669606,29.5889833,52.4817917,,false,4.09,0.000,source=fused:fused;speedReason=OK;derived=0.00;locationGapMs=988;callbackGapMs=988;fusion=GPS_IMU
LOCATION,1790428670630,29.5889833,52.4817917,,false,1.00,0.000,source=fused:fused;speedReason=OK;derived=0.00;locationGapMs=1024;callbackGapMs=1024;fusion=GPS_IMU
LOCATION,1790428671621,29.5889833,52.4817917,,false,1.00,0.000,source=fused:fused;speedReason=OK;derived=0.00;locationGapMs=992;callbackGapMs=992;fusion=GPS_IMU
LOCATION,1790428672625,29.5889833,52.4817917,,false,2.21,0.000,source=fused:fused;speedReason=OK;derived=0.00;locationGapMs=1003;callbackGapMs=1003;fusion=GPS_IMU
LOCATION,1790428673643,29.5889833,52.4817917,,false,2.19,0.000,source=fused:fused;speedReason=OK;derived=0.00;locationGapMs=1018;callbackGapMs=1018;fusion=GPS_IMU
LOCATION,1790428674639,29.5889833,52.4817917,,false,2.17,0.000,source=fused:fused;speedReason=OK;derived=0.00;locationGapMs=996;callbackGapMs=996;fusion=GPS_IMU
LOCATION,1790428675613,29.5889833,52.4817917,,false,1.99,0.000,source=fused:fused;speedReason=OK;derived=0.00;locationGapMs=974;callbackGapMs=974;fusion=GPS_IMU
LOCATION,1790428676633,29.5889833,52.4817917,,false,2.14,0.000,source=fused:fused;speedReason=OK;derived=0.00;locationGapMs=1020;callbackGapMs=1020;fusion=GPS_IMU
LOCATION,1790428677623,29.5889833,52.4817917,,false,0.90,0.000,source=fused:fused;speedReason=OK;derived=0.00;locationGapMs=990;callbackGapMs=990;fusion=GPS_IMU
LOCATION_ONLY,1790428678502,29.5889833,52.4817917,,false,6.51,0.000,source=fused:fused;speedReason=NO_SPEED;derived=0.00;locationGapMs=879;callbackGapMs=879;fusion=GPS_IMU
LOCATION,1790428679611,29.5889833,52.4817917,,false,5.70,0.000,source=fused:fused;speedReason=OK;derived=0.00;locationGapMs=1109;callbackGapMs=1109;fusion=GPS_IMU
LOCATION,1790428680635,29.5889833,52.4817917,,false,6.51,0.000,source=fused:fused;speedReason=OK;derived=0.00;locationGapMs=1024;callbackGapMs=1024;fusion=GPS_IMU
LOCATION,1790428681636,29.5889833,52.4817917,,false,6.51,0.000,source=fused:fused;speedReason=OK;derived=0.00;locationGapMs=1001;callbackGapMs=1001;fusion=GPS_IMU
LOCATION,1790428682688,29.5889833,52.4817917,,false,6.51,0.000,source=fused:fused;speedReason=OK;derived=0.00;locationGapMs=1052;callbackGapMs=1052;fusion=GPS_IMU
LOCATION,1790428683622,29.5889833,52.4817917,,false,0.90,0.000,source=fused:fused;speedReason=OK;derived=0.00;locationGapMs=934;callbackGapMs=934;fusion=GPS_IMU
LOCATION,1790428684626,29.5889833,52.4817917,,false,0.90,0.000,source=fused:fused;speedReason=OK;derived=0.00;locationGapMs=1004;callbackGapMs=1004;fusion=GPS_IMU
LOCATION_ONLY,1790428685151,29.5889833,52.4817917,,false,4.17,0.000,source=fused:fused;speedReason=NO_SPEED;derived=0.00;locationGapMs=524;callbackGapMs=524;fusion=GPS_IMU
LOCATION,1790428685628,29.5889833,52.4817917,,false,4.17,0.000,source=fused:fused;speedReason=OK;derived=0.00;locationGapMs=478;callbackGapMs=478;fusion=GPS_IMU
LOCATION,1790428686630,29.5889833,52.4817917,,false,4.17,0.000,source=fused:fused;speedReason=OK;derived=0.00;locationGapMs=1003;callbackGapMs=1003;fusion=GPS_IMU
LOCATION,1790428687631,29.5889833,52.4817917,,false,3.70,0.000,source=fused:fused;speedReason=OK;derived=0.00;locationGapMs=1000;callbackGapMs=1000;fusion=GPS_IMU
LOCATION,1790428688625,29.5889833,52.4817917,,false,4.17,0.000,source=fused:fused;speedReason=OK;derived=0.00;locationGapMs=994;callbackGapMs=994;fusion=GPS_IMU
LOCATION,1790428689636,29.5889833,52.4817917,,false,4.17,0.000,source=fused:fused;speedReason=OK;derived=0.00;locationGapMs=1011;callbackGapMs=1011;fusion=GPS_IMU
LOCATION,1790428690590,29.5889833,52.4817917,,false,0.90,0.000,source=fused:fused;speedReason=OK;derived=0.00;locationGapMs=955;callbackGapMs=955;fusion=GPS_IMU
LOCATION,1790428691621,29.5889833,52.4817917,,false,0.90,0.000,source=fused:fused;speedReason=OK;derived=0.00;locationGapMs=1030;callbackGapMs=1030;fusion=GPS_IMU
LOCATION,1790428692623,29.5889833,52.4817917,,false,1.72,0.000,source=fused:fused;speedReason=OK;derived=0.00;locationGapMs=1002;callbackGapMs=1002;fusion=GPS_IMU
LOCATION,1790428693627,29.5889833,52.4817917,,false,1.86,0.000,source=fused:fused;speedReason=OK;derived=0.00;locationGapMs=1004;callbackGapMs=1004;fusion=GPS_IMU
LOCATION,1790428694633,29.5889833,52.4817917,,false,1.72,0.000,source=fused:fused;speedReason=OK;derived=0.00;locationGapMs=1006;callbackGapMs=1006;fusion=GPS_IMU
LOCATION,1790428695630,29.5889833,52.4817917,,false,1.86,0.000,source=fused:fused;speedReason=OK;derived=0.00;locationGapMs=997;callbackGapMs=997;fusion=GPS_IMU
LOCATION,1790428696628,29.5889833,52.4817917,,false,1.86,0.000,source=fused:fused;speedReason=OK;derived=0.00;locationGapMs=998;callbackGapMs=998;fusion=GPS_IMU
LOCATION,1790428697634,29.5889833,52.4817917,,false,0.90,0.000,source=fused:fused;speedReason=OK;derived=0.00;locationGapMs=1006;callbackGapMs=1006;fusion=GPS_IMU
LOCATION_ONLY,1790428698385,29.5889833,52.4817917,,false,5.71,0.000,source=fused:fused;speedReason=NO_SPEED;derived=0.00;locationGapMs=751;callbackGapMs=751;fusion=GPS_IMU
LOCATION,1790428699639,29.5889833,52.4817917,,false,5.71,0.000,source=fused:fused;speedReason=OK;derived=0.00;locationGapMs=1254;callbackGapMs=1254;fusion=GPS_IMU
LOCATION,1790428700633,29.5889833,52.4817917,,false,5.71,0.000,source=fused:fused;speedReason=OK;derived=0.00;locationGapMs=994;callbackGapMs=994;fusion=GPS_IMU
LOCATION,1790428701629,29.5889833,52.4817917,,false,5.02,0.000,source=fused:fused;speedReason=OK;derived=0.00;locationGapMs=997;callbackGapMs=997;fusion=GPS_IMU
LOCATION,1790428702637,29.5889833,52.4817917,,false,5.02,0.000,source=fused:fused;speedReason=OK;derived=0.00;locationGapMs=1007;callbackGapMs=1007;fusion=GPS_IMU
LOCATION,1790428703641,29.5889833,52.4817917,,false,0.90,0.000,source=fused:fused;speedReason=OK;derived=0.00;locationGapMs=1004;callbackGapMs=1004;fusion=GPS_IMU
LOCATION,1790428704698,29.5889833,52.4817917,,false,0.90,0.000,source=fused:fused;speedReason=OK;derived=0.00;locationGapMs=1057;callbackGapMs=1057;fusion=GPS_IMU
LOCATION,1790428705624,29.5889833,52.4817917,,false,2.92,0.000,source=fused:fused;speedReason=OK;derived=0.00;locationGapMs=926;callbackGapMs=926;fusion=GPS_IMU
LOCATION,1790428706640,29.5889833,52.4817917,,false,3.25,0.000,source=fused:fused;speedReason=OK;derived=0.00;locationGapMs=1016;callbackGapMs=1016;fusion=GPS_IMU
LOCATION,1790428707628,29.5889833,52.4817917,,false,2.92,0.000,source=fused:fused;speedReason=OK;derived=0.00;locationGapMs=988;callbackGapMs=988;fusion=GPS_IMU
LOCATION,1790428708644,29.5889833,52.4817917,,false,2.92,0.000,source=fused:fused;speedReason=OK;derived=0.00;locationGapMs=1016;callbackGapMs=1016;fusion=GPS_IMU
LOCATION,1790428709633,29.5889833,52.4817917,,false,2.92,0.000,source=fused:fused;speedReason=OK;derived=0.00;locationGapMs=989;callbackGapMs=989;fusion=GPS_IMU
LOCATION,1790428710637,29.5889833,52.4817917,,false,0.90,0.000,source=fused:fused;speedReason=OK;derived=0.00;locationGapMs=1004;callbackGapMs=1004;fusion=GPS_IMU
LOCATION,1790428711637,29.5889833,52.4817917,,false,0.90,0.000,source=fused:fused;speedReason=OK;derived=0.00;locationGapMs=1000;callbackGapMs=1000;fusion=GPS_IMU
LOCATION,1790428712628,29.5889833,52.4817917,,false,0.90,0.000,source=fused:fused;speedReason=OK;derived=0.00;locationGapMs=991;callbackGapMs=991;fusion=GPS_IMU
LOCATION,1790428713625,29.5889833,52.4817917,,false,0.90,0.000,source=fused:fused;speedReason=OK;derived=0.00;locationGapMs=997;callbackGapMs=997;fusion=GPS_IMU
LOCATION,1790428714613,29.5889833,52.4817917,,false,0.90,0.000,source=fused:fused;speedReason=OK;derived=0.00;locationGapMs=988;callbackGapMs=988;fusion=GPS_IMU
LOCATION,1790428715676,29.5889833,52.4817917,,false,0.90,0.000,source=fused:fused;speedReason=OK;derived=0.00;locationGapMs=1063;callbackGapMs=1063;fusion=GPS_IMU
LOCATION,1790428716633,29.5889833,52.4817917,,false,0.90,0.000,source=fused:fused;speedReason=OK;derived=0.00;locationGapMs=957;callbackGapMs=957;fusion=GPS_IMU
LOCATION,1790428717628,29.5889833,52.4817917,,false,0.90,0.000,source=fused:fused;speedReason=OK;derived=0.00;locationGapMs=995;callbackGapMs=995;fusion=GPS_IMU
LOCATION_ONLY,1790428718400,29.5889833,52.4817917,,false,5.87,0.000,source=fused:fused;speedReason=NO_SPEED;derived=0.00;locationGapMs=772;callbackGapMs=772;fusion=GPS_IMU
LOCATION,1790428719627,29.5889833,52.4817917,,false,5.87,0.000,source=fused:fused;speedReason=OK;derived=0.00;locationGapMs=1227;callbackGapMs=1227;fusion=GPS_IMU
LOCATION,1790428720630,29.5889833,52.4817917,,false,5.87,0.000,source=fused:fused;speedReason=OK;derived=0.00;locationGapMs=1003;callbackGapMs=1003;fusion=GPS_IMU
LOCATION,1790428721630,29.5889833,52.4817917,,false,5.87,0.000,source=fused:fused;speedReason=OK;derived=0.00;locationGapMs=1000;callbackGapMs=1000;fusion=GPS_IMU
LOCATION,1790428722636,29.5889833,52.4817917,,false,5.87,0.000,source=fused:fused;speedReason=OK;derived=0.00;locationGapMs=1007;callbackGapMs=1007;fusion=GPS_IMU
LOCATION,1790428723621,29.5889833,52.4817917,,false,0.90,0.000,source=fused:fused;speedReason=OK;derived=0.00;locationGapMs=984;callbackGapMs=984;fusion=GPS_IMU
LOCATION,1790428724623,29.5889833,52.4817917,,false,0.90,0.000,source=fused:fused;speedReason=OK;derived=0.00;locationGapMs=1002;callbackGapMs=1002;fusion=GPS_IMU
LOCATION,1790428725634,29.5889833,52.4817917,,false,3.26,0.000,source=fused:fused;speedReason=OK;derived=0.00;locationGapMs=1011;callbackGapMs=1011;fusion=GPS_IMU
LOCATION,1790428726691,29.5889833,52.4817917,,false,3.65,0.000,source=fused:fused;speedReason=OK;derived=0.00;locationGapMs=1057;callbackGapMs=1057;fusion=GPS_IMU
LOCATION,1790428727635,29.5889833,52.4817917,,false,3.65,0.000,source=fused:fused;speedReason=OK;derived=0.00;locationGapMs=944;callbackGapMs=944;fusion=GPS_IMU
LOCATION,1790428728642,29.5889833,52.4817917,,false,3.65,0.000,source=fused:fused;speedReason=OK;derived=0.00;locationGapMs=1007;callbackGapMs=1007;fusion=GPS_IMU
LOCATION,1790428729639,29.5889833,52.4817917,,false,3.65,0.000,source=fused:fused;speedReason=OK;derived=0.00;locationGapMs=997;callbackGapMs=997;fusion=GPS_IMU
LOCATION,1790428730621,29.5889833,52.4817917,,false,0.90,0.000,source=fused:fused;speedReason=OK;derived=0.00;locationGapMs=982;callbackGapMs=982;fusion=GPS_IMU
LOCATION,1790428731645,29.5889833,52.4817917,,false,0.90,0.000,source=fused:fused;speedReason=OK;derived=0.00;locationGapMs=1022;callbackGapMs=1022;fusion=GPS_IMU
LOCATION,1790428732629,29.5889833,52.4817917,,false,1.23,0.000,source=fused:fused;speedReason=OK;derived=0.00;locationGapMs=986;callbackGapMs=986;fusion=GPS_IMU
LOCATION,1790428733632,29.5889833,52.4817917,,false,1.24,0.000,source=fused:fused;speedReason=OK;derived=0.00;locationGapMs=1003;callbackGapMs=1003;fusion=GPS_IMU
LOCATION,1790428734632,29.5889833,52.4817917,,false,1.25,0.000,source=fused:fused;speedReason=OK;derived=0.00;locationGapMs=1000;callbackGapMs=1000;fusion=GPS_IMU
LOCATION,1790428735633,29.5889833,52.4817917,,false,1.33,0.000,source=fused:fused;speedReason=OK;derived=0.00;locationGapMs=1001;callbackGapMs=1001;fusion=GPS_IMU
LOCATION,1790428736627,29.5889833,52.4817917,,false,1.27,0.000,source=fused:fused;speedReason=OK;derived=0.00;locationGapMs=994;callbackGapMs=994;fusion=GPS_IMU
LOCATION,1790428737655,29.5889833,52.4817917,,false,0.95,0.000,source=fused:fused;speedReason=OK;derived=0.00;locationGapMs=1028;callbackGapMs=1028;fusion=GPS_IMU
LOCATION_ONLY,1790428738413,29.5889833,52.4817917,,false,6.02,0.000,source=fused:fused;speedReason=NO_SPEED;derived=0.00;locationGapMs=758;callbackGapMs=758;fusion=GPS_IMU
LOCATION,1790428739637,29.5889833,52.4817917,,false,5.99,0.000,source=fused:fused;speedReason=OK;derived=0.00;locationGapMs=1224;callbackGapMs=1224;fusion=GPS_IMU
LOCATION,1790428740627,29.5889833,52.4817917,,false,5.26,0.000,source=fused:fused;speedReason=OK;derived=0.00;locationGapMs=990;callbackGapMs=990;fusion=GPS_IMU
LOCATION,1790428741633,29.5889833,52.4817917,,false,5.97,0.000,source=fused:fused;speedReason=OK;derived=0.00;locationGapMs=1006;callbackGapMs=1006;fusion=GPS_IMU
LOCATION,1790428742627,29.5889833,52.4817917,,false,5.97,0.000,source=fused:fused;speedReason=OK;derived=0.00;locationGapMs=994;callbackGapMs=994;fusion=GPS_IMU
LOCATION,1790428743620,29.5889833,52.4817917,,false,0.90,0.000,source=fused:fused;speedReason=OK;derived=0.00;locationGapMs=993;callbackGapMs=993;fusion=GPS_IMU
LOCATION,1790428744601,29.5889833,52.4817917,,false,0.90,0.000,source=fused:fused;speedReason=OK;derived=0.00;locationGapMs=981;callbackGapMs=981;fusion=GPS_IMU
LOCATION,1790428745632,29.5889833,52.4817917,,false,3.16,0.000,source=fused:fused;speedReason=OK;derived=0.00;locationGapMs=1031;callbackGapMs=1031;fusion=GPS_IMU
LOCATION,1790428746643,29.5889833,52.4817917,,false,3.16,0.000,source=fused:fused;speedReason=OK;derived=0.00;locationGapMs=1011;callbackGapMs=1011;fusion=GPS_IMU
LOCATION,1790428747638,29.5889833,52.4817917,,false,3.16,0.000,source=fused:fused;speedReason=OK;derived=0.00;locationGapMs=995;callbackGapMs=995;fusion=GPS_IMU
LOCATION,1790428748688,29.5889833,52.4817917,,false,3.16,0.000,source=fused:fused;speedReason=OK;derived=0.00;locationGapMs=1050;callbackGapMs=1050;fusion=GPS_IMU
LOCATION,1790428749629,29.5889833,52.4817917,,false,3.16,0.000,source=fused:fused;speedReason=OK;derived=0.00;locationGapMs=941;callbackGapMs=941;fusion=GPS_IMU
LOCATION,1790428750630,29.5889833,52.4817917,,false,0.90,0.000,source=fused:fused;speedReason=OK;derived=0.00;locationGapMs=1001;callbackGapMs=1001;fusion=GPS_IMU
LOCATION,1790428751619,29.5889833,52.4817917,,false,0.90,0.000,source=fused:fused;speedReason=OK;derived=0.00;locationGapMs=989;callbackGapMs=989;fusion=GPS_IMU
LOCATION,1790428752638,29.5889833,52.4817917,,false,0.90,0.000,source=fused:fused;speedReason=OK;derived=0.00;locationGapMs=1019;callbackGapMs=1019;fusion=GPS_IMU
LOCATION,1790428753626,29.5889833,52.4817917,,false,0.90,0.000,source=fused:fused;speedReason=OK;derived=0.00;locationGapMs=988;callbackGapMs=988;fusion=GPS_IMU
LOCATION,1790428754710,29.5889833,52.4817917,,false,0.90,0.000,source=fused:fused;speedReason=OK;derived=0.00;locationGapMs=1084;callbackGapMs=1084;fusion=GPS_IMU
LOCATION,1790428755644,29.5889833,52.4817917,,false,0.90,0.000,source=fused:fused;speedReason=OK;derived=0.00;locationGapMs=934;callbackGapMs=934;fusion=GPS_IMU
LOCATION,1790428756646,29.5889833,52.4817917,,false,0.90,0.000,source=fused:fused;speedReason=OK;derived=0.00;locationGapMs=1002;callbackGapMs=1002;fusion=GPS_IMU
LOCATION,1790428757641,29.5889833,52.4817917,,false,0.90,0.000,source=fused:fused;speedReason=OK;derived=0.00;locationGapMs=995;callbackGapMs=995;fusion=GPS_IMU
LOCATION_ONLY,1790428758277,29.5889833,52.4817917,,false,4.89,0.000,source=fused:fused;speedReason=NO_SPEED;derived=0.00;locationGapMs=636;callbackGapMs=636;fusion=GPS_IMU
LOCATION,1790428759632,29.5889833,52.4817917,,false,4.32,0.000,source=fused:fused;speedReason=OK;derived=0.00;locationGapMs=1355;callbackGapMs=1355;fusion=GPS_IMU
LOCATION,1790428760633,29.5889833,52.4817917,,false,4.32,0.000,source=fused:fused;speedReason=OK;derived=0.00;locationGapMs=1001;callbackGapMs=1001;fusion=GPS_IMU
LOCATION,1790428761597,29.5889833,52.4817917,,false,4.32,0.000,source=fused:fused;speedReason=OK;derived=0.00;locationGapMs=964;callbackGapMs=964;fusion=GPS_IMU
LOCATION,1790428762597,29.5889833,52.4817917,,false,4.32,0.000,source=fused:fused;speedReason=OK;derived=0.00;locationGapMs=1000;callbackGapMs=1000;fusion=GPS_IMU
LOCATION,1790428763644,29.5889833,52.4817917,,false,0.92,0.000,source=fused:fused;speedReason=OK;derived=0.00;locationGapMs=1047;callbackGapMs=1047;fusion=GPS_IMU
LOCATION,1790428764636,29.5889833,52.4817917,,false,0.92,0.000,source=fused:fused;speedReason=OK;derived=0.00;locationGapMs=992;callbackGapMs=992;fusion=GPS_IMU
LOCATION,1790428765609,29.5889833,52.4817917,,false,2.45,0.000,source=fused:fused;speedReason=OK;derived=0.00;locationGapMs=973;callbackGapMs=973;fusion=GPS_IMU
LOCATION,1790428766619,29.5889833,52.4817917,,false,2.72,0.000,source=fused:fused;speedReason=OK;derived=0.00;locationGapMs=1009;callbackGapMs=1009;fusion=GPS_IMU
LOCATION,1790428767639,29.5889833,52.4817917,,false,2.74,0.000,source=fused:fused;speedReason=OK;derived=0.00;locationGapMs=1021;callbackGapMs=1021;fusion=GPS_IMU
LOCATION,1790428768639,29.5889833,52.4817917,,false,2.48,0.000,source=fused:fused;speedReason=OK;derived=0.00;locationGapMs=1000;callbackGapMs=1000;fusion=GPS_IMU
LOCATION,1790428769615,29.5889833,52.4817917,,false,2.46,0.000,source=fused:fused;speedReason=OK;derived=0.00;locationGapMs=976;callbackGapMs=976;fusion=GPS_IMU
LOCATION,1790428770633,29.5889833,52.4817917,,false,0.94,0.000,source=fused:fused;speedReason=OK;derived=0.00;locationGapMs=1018;callbackGapMs=1018;fusion=GPS_IMU
LOCATION_ONLY,1790428771558,29.5889833,52.4817917,,false,6.84,0.000,source=fused:fused;speedReason=NO_SPEED;derived=0.00;locationGapMs=925;callbackGapMs=925;fusion=GPS_IMU
LOCATION,1790428772620,29.5889833,52.4817917,,false,5.98,0.000,source=fused:fused;speedReason=OK;derived=0.00;locationGapMs=1062;callbackGapMs=1062;fusion=GPS_IMU
LOCATION,1790428773624,29.5889833,52.4817917,,false,5.97,0.000,source=fused:fused;speedReason=OK;derived=0.00;locationGapMs=1004;callbackGapMs=1004;fusion=GPS_IMU
LOCATION,1790428774634,29.5889833,52.4817917,,false,6.81,0.000,source=fused:fused;speedReason=OK;derived=0.00;locationGapMs=1010;callbackGapMs=1010;fusion=GPS_IMU
LOCATION,1790428775616,29.5889833,52.4817917,,false,5.98,0.000,source=fused:fused;speedReason=OK;derived=0.00;locationGapMs=982;callbackGapMs=982;fusion=GPS_IMU
LOCATION,1790428776639,29.5889833,52.4817917,,false,0.94,0.000,source=fused:fused;speedReason=OK;derived=0.00;locationGapMs=1023;callbackGapMs=1023;fusion=GPS_IMU
LOCATION,1790428777642,29.5889833,52.4817917,,false,0.96,0.000,source=fused:fused;speedReason=OK;derived=0.00;locationGapMs=1003;callbackGapMs=1003;fusion=GPS_IMU
LOCATION_ONLY,1790428778239,29.5889833,52.4817917,,false,4.72,0.000,source=fused:fused;speedReason=NO_SPEED;derived=0.00;locationGapMs=597;callbackGapMs=597;fusion=GPS_IMU
LOCATION,1790428779645,29.5889833,52.4817917,,false,4.72,0.000,source=fused:fused;speedReason=OK;derived=0.00;locationGapMs=1406;callbackGapMs=1406;fusion=GPS_IMU
LOCATION,1790428780631,29.5889833,52.4817917,,false,4.70,0.000,source=fused:fused;speedReason=OK;derived=0.00;locationGapMs=986;callbackGapMs=986;fusion=GPS_IMU
LOCATION,1790428781639,29.5889833,52.4817917,,false,4.68,0.000,source=fused:fused;speedReason=OK;derived=0.00;locationGapMs=1008;callbackGapMs=1008;fusion=GPS_IMU
LOCATION,1790428782634,29.5889833,52.4817917,,false,4.14,0.000,source=fused:fused;speedReason=OK;derived=0.00;locationGapMs=995;callbackGapMs=995;fusion=GPS_IMU
LOCATION,1790428783640,29.5889833,52.4817917,,false,0.90,0.000,source=fused:fused;speedReason=OK;derived=0.00;locationGapMs=1006;callbackGapMs=1006;fusion=GPS_IMU
LOCATION,1790428784622,29.5889833,52.4817917,,false,0.90,0.000,source=fused:fused;speedReason=OK;derived=0.00;locationGapMs=982;callbackGapMs=982;fusion=GPS_IMU
LOCATION,1790428785647,29.5889833,52.4817917,,false,2.54,0.000,source=fused:fused;speedReason=OK;derived=0.00;locationGapMs=1025;callbackGapMs=1025;fusion=GPS_IMU
LOCATION,1790428786637,29.5889833,52.4817917,,false,2.30,0.000,source=fused:fused;speedReason=OK;derived=0.00;locationGapMs=990;callbackGapMs=990;fusion=GPS_IMU
LOCATION,1790428787693,29.5889833,52.4817917,,false,2.30,0.000,source=fused:fused;speedReason=OK;derived=0.00;locationGapMs=1056;callbackGapMs=1056;fusion=GPS_IMU
LOCATION,1790428788635,29.5889833,52.4817917,,false,2.30,0.000,source=fused:fused;speedReason=OK;derived=0.00;locationGapMs=941;callbackGapMs=941;fusion=GPS_IMU
LOCATION,1790428789599,29.5889833,52.4817917,,false,2.30,0.000,source=fused:fused;speedReason=OK;derived=0.00;locationGapMs=966;callbackGapMs=966;fusion=GPS_IMU
LOCATION,1790428790622,29.5889833,52.4817917,,false,0.90,0.000,source=fused:fused;speedReason=OK;derived=0.00;locationGapMs=1022;callbackGapMs=1022;fusion=GPS_IMU
LOCATION_ONLY,1790428791543,29.5889833,52.4817917,,false,6.92,0.000,source=fused:fused;speedReason=NO_SPEED;derived=0.00;locationGapMs=921;callbackGapMs=921;fusion=GPS_IMU
LOCATION,1790428792586,29.5889833,52.4817917,,false,6.06,0.000,source=fused:fused;speedReason=OK;derived=0.00;locationGapMs=1043;callbackGapMs=1043;fusion=GPS_IMU
LOCATION,1790428793638,29.5889833,52.4817917,,false,6.92,0.000,source=fused:fused;speedReason=OK;derived=0.00;locationGapMs=1052;callbackGapMs=1052;fusion=GPS_IMU
LOCATION,1790428794627,29.5889833,52.4817917,,false,6.92,0.000,source=fused:fused;speedReason=OK;derived=0.00;locationGapMs=989;callbackGapMs=989;fusion=GPS_IMU
LOCATION,1790428795629,29.5889833,52.4817917,,false,6.07,0.000,source=fused:fused;speedReason=OK;derived=0.00;locationGapMs=1002;callbackGapMs=1002;fusion=GPS_IMU
LOCATION,1790428796596,29.5889833,52.4817917,,false,0.93,0.000,source=fused:fused;speedReason=OK;derived=0.00;locationGapMs=967;callbackGapMs=967;fusion=GPS_IMU
LOCATION,1790428797650,29.5889833,52.4817917,,false,0.94,0.000,source=fused:fused;speedReason=OK;derived=0.00;locationGapMs=1054;callbackGapMs=1054;fusion=GPS_IMU
LOCATION_ONLY,1790428798148,29.5889833,52.4817917,,false,4.08,0.000,source=fused:fused;speedReason=NO_SPEED;derived=0.00;locationGapMs=498;callbackGapMs=498;fusion=GPS_IMU
LOCATION,1790428798648,29.5889833,52.4817917,,false,3.63,0.000,source=fused:fused;speedReason=OK;derived=0.00;locationGapMs=500;callbackGapMs=500;fusion=GPS_IMU
LOCATION,1790428799649,29.5889833,52.4817917,,false,4.08,0.000,source=fused:fused;speedReason=OK;derived=0.00;locationGapMs=1001;callbackGapMs=1001;fusion=GPS_IMU
LOCATION,1790428800636,29.5889833,52.4817917,,false,4.07,0.000,source=fused:fused;speedReason=OK;derived=0.00;locationGapMs=987;callbackGapMs=987;fusion=GPS_IMU
LOCATION,1790428801633,29.5889833,52.4817917,,false,4.05,0.000,source=fused:fused;speedReason=OK;derived=0.00;locationGapMs=997;callbackGapMs=997;fusion=GPS_IMU
LOCATION,1790428802629,29.5889833,52.4817917,,false,3.60,0.000,source=fused:fused;speedReason=OK;derived=0.00;locationGapMs=996;callbackGapMs=996;fusion=GPS_IMU
LOCATION,1790428803628,29.5889833,52.4817917,,false,0.90,0.000,source=fused:fused;speedReason=OK;derived=0.00;locationGapMs=999;callbackGapMs=999;fusion=GPS_IMU
LOCATION,1790428804634,29.5889833,52.4817917,,false,0.90,0.000,source=fused:fused;speedReason=OK;derived=0.00;locationGapMs=1006;callbackGapMs=1006;fusion=GPS_IMU
LOCATION,1790428805643,29.5889833,52.4817917,,false,1.92,0.000,source=fused:fused;speedReason=OK;derived=0.00;locationGapMs=1009;callbackGapMs=1009;fusion=GPS_IMU
LOCATION,1790428806636,29.5889833,52.4817917,,false,1.78,0.000,source=fused:fused;speedReason=OK;derived=0.00;locationGapMs=993;callbackGapMs=993;fusion=GPS_IMU
LOCATION,1790428807621,29.5889833,52.4817917,,false,1.79,0.000,source=fused:fused;speedReason=OK;derived=0.00;locationGapMs=985;callbackGapMs=985;fusion=GPS_IMU
LOCATION,1790428808633,29.5889833,52.4817917,,false,1.96,0.000,source=fused:fused;speedReason=OK;derived=0.00;locationGapMs=1012;callbackGapMs=1012;fusion=GPS_IMU
LOCATION,1790428809680,29.5889833,52.4817917,,false,1.83,0.000,source=fused:fused;speedReason=OK;derived=0.00;locationGapMs=1047;callbackGapMs=1047;fusion=GPS_IMU
LOCATION,1790428810636,29.5889833,52.4817917,,false,1.00,0.000,source=fused:fused;speedReason=OK;derived=0.00;locationGapMs=956;callbackGapMs=956;fusion=GPS_IMU
LOCATION_ONLY,1790428811439,29.5889833,52.4817917,,false,6.16,0.000,source=fused:fused;speedReason=NO_SPEED;derived=0.00;locationGapMs=802;callbackGapMs=802;fusion=GPS_IMU
LOCATION,1790428812632,29.5889833,52.4817917,,false,6.18,0.000,source=fused:fused;speedReason=OK;derived=0.00;locationGapMs=1194;callbackGapMs=1194;fusion=GPS_IMU
LOCATION,1790428813638,29.5889833,52.4817917,,false,6.18,0.000,source=fused:fused;speedReason=OK;derived=0.00;locationGapMs=1006;callbackGapMs=1006;fusion=GPS_IMU
LOCATION,1790428814627,29.5889833,52.4817917,,false,6.16,0.000,source=fused:fused;speedReason=OK;derived=0.00;locationGapMs=989;callbackGapMs=989;fusion=GPS_IMU
LOCATION,1790428815633,29.5889833,52.4817917,,false,6.14,0.000,source=fused:fused;speedReason=OK;derived=0.00;locationGapMs=1006;callbackGapMs=1006;fusion=GPS_IMU
LOCATION,1790428816609,29.5889833,52.4817917,,false,1.00,0.000,source=fused:fused;speedReason=OK;derived=0.00;locationGapMs=976;callbackGapMs=976;fusion=GPS_IMU
LOCATION,1790428817634,29.5889833,52.4817917,,false,1.00,0.000,source=fused:fused;speedReason=OK;derived=0.00;locationGapMs=1025;callbackGapMs=1025;fusion=GPS_IMU
LOCATION,1790428818645,29.5889833,52.4817917,,false,3.48,0.000,source=fused:fused;speedReason=OK;derived=0.00;locationGapMs=1011;callbackGapMs=1011;fusion=GPS_IMU
LOCATION,1790428819639,29.5889833,52.4817917,,false,3.90,0.000,source=fused:fused;speedReason=OK;derived=0.00;locationGapMs=994;callbackGapMs=994;fusion=GPS_IMU
LOCATION,1790428820679,29.5889833,52.4817917,,false,3.48,0.000,source=fused:fused;speedReason=OK;derived=0.00;locationGapMs=1040;callbackGapMs=1040;fusion=GPS_IMU
LOCATION,1790428821636,29.5889833,52.4817917,,false,3.90,0.000,source=fused:fused;speedReason=OK;derived=0.00;locationGapMs=957;callbackGapMs=957;fusion=GPS_IMU
LOCATION,1790428822637,29.5889833,52.4817917,,false,3.48,0.000,source=fused:fused;speedReason=OK;derived=0.00;locationGapMs=1001;callbackGapMs=1001;fusion=GPS_IMU
LOCATION,1790428823631,29.5889833,52.4817917,,false,1.00,0.000,source=fused:fused;speedReason=OK;derived=0.00;locationGapMs=994;callbackGapMs=994;fusion=GPS_IMU
LOCATION,1790428824629,29.5889833,52.4817917,,false,1.00,0.000,source=fused:fused;speedReason=OK;derived=0.00;locationGapMs=998;callbackGapMs=998;fusion=GPS_IMU
LOCATION,1790428825640,29.5889833,52.4817917,,false,1.58,0.000,source=fused:fused;speedReason=OK;derived=0.00;locationGapMs=1011;callbackGapMs=1011;fusion=GPS_IMU
LOCATION,1790428826595,29.5889833,52.4817917,,false,1.50,0.000,source=fused:fused;speedReason=OK;derived=0.00;locationGapMs=955;callbackGapMs=955;fusion=GPS_IMU
LOCATION,1790428827632,29.5889833,52.4817917,,false,1.50,0.000,source=fused:fused;speedReason=OK;derived=0.00;locationGapMs=1037;callbackGapMs=1037;fusion=GPS_IMU
LOCATION,1790428828637,29.5889833,52.4817917,,false,1.58,0.000,source=fused:fused;speedReason=OK;derived=0.00;locationGapMs=1005;callbackGapMs=1005;fusion=GPS_IMU
LOCATION,1790428829637,29.5889833,52.4817917,,false,1.58,0.000,source=fused:fused;speedReason=OK;derived=0.00;locationGapMs=1000;callbackGapMs=1000;fusion=GPS_IMU
LOCATION,1790428830607,29.5889833,52.4817917,,false,0.98,0.000,source=fused:fused;speedReason=OK;derived=0.00;locationGapMs=970;callbackGapMs=970;fusion=GPS_IMU
LOCATION_ONLY,1790428831431,29.5889833,52.4817917,,false,6.23,0.000,source=fused:fused;speedReason=NO_SPEED;derived=0.00;locationGapMs=824;callbackGapMs=824;fusion=GPS_IMU
LOCATION,1790428832699,29.5889833,52.4817917,,false,6.19,0.000,source=fused:fused;speedReason=OK;derived=0.00;locationGapMs=1268;callbackGapMs=1268;fusion=GPS_IMU
LOCATION,1790428833623,29.5889833,52.4817917,,false,5.44,0.000,source=fused:fused;speedReason=OK;derived=0.00;locationGapMs=924;callbackGapMs=924;fusion=GPS_IMU
LOCATION,1790428834640,29.5889833,52.4817917,,false,6.16,0.000,source=fused:fused;speedReason=OK;derived=0.00;locationGapMs=1017;callbackGapMs=1017;fusion=GPS_IMU
LOCATION,1790428835631,29.5889833,52.4817917,,false,6.16,0.000,source=fused:fused;speedReason=OK;derived=0.00;locationGapMs=991;callbackGapMs=991;fusion=GPS_IMU
LOCATION,1790428836629,29.5889833,52.4817917,,false,0.90,0.000,source=fused:fused;speedReason=OK;derived=0.00;locationGapMs=998;callbackGapMs=998;fusion=GPS_IMU
LOCATION,1790428837639,29.5889833,52.4817917,,false,0.90,0.000,source=fused:fused;speedReason=OK;derived=0.00;locationGapMs=1010;callbackGapMs=1010;fusion=GPS_IMU
LOCATION,1790428838694,29.5889827,52.4817878,,false,3.59,0.000,source=fused:fused;speedReason=OK;derived=0.00;locationGapMs=1055;callbackGapMs=1055;fusion=GPS_IMU
LOCATION,1790428839636,29.5889826,52.4817882,,false,3.93,0.000,source=fused:fused;speedReason=OK;derived=0.15;locationGapMs=942;callbackGapMs=942;fusion=GPS_IMU
LOCATION,1790428840648,29.5889828,52.4817885,,false,4.28,0.000,source=fused:fused;speedReason=OK;derived=0.15;locationGapMs=1012;callbackGapMs=1012;fusion=GPS_IMU
LOCATION,1790428841637,29.5889825,52.4817890,,false,4.64,0.000,source=fused:fused;speedReason=OK;derived=0.15;locationGapMs=989;callbackGapMs=989;fusion=GPS_IMU
LOCATION,1790428842631,29.5889827,52.4817894,,false,4.40,0.000,source=fused:fused;speedReason=OK;derived=0.16;locationGapMs=994;callbackGapMs=994;fusion=GPS_IMU
LOCATION,1790428843634,29.5889828,52.4817896,,false,3.00,0.000,source=fused:fused;speedReason=OK;derived=0.16;locationGapMs=1003;callbackGapMs=1003;fusion=GPS_IMU
LOCATION,1790428844627,29.5889827,52.4817896,,false,3.00,0.000,source=fused:fused;speedReason=OK;derived=0.08;locationGapMs=993;callbackGapMs=993;fusion=GPS_IMU
LOCATION,1790428845637,29.5889829,52.4817895,,false,3.00,0.000,source=fused:fused;speedReason=OK;derived=0.08;locationGapMs=1010;callbackGapMs=1010;fusion=GPS_IMU
LOCATION,1790428846630,29.5889830,52.4817896,,false,3.00,0.000,source=fused:fused;speedReason=OK;derived=0.05;locationGapMs=993;callbackGapMs=993;fusion=GPS_IMU
LOCATION,1790428847640,29.5889826,52.4817893,,false,3.00,0.000,source=fused:fused;speedReason=OK;derived=0.09;locationGapMs=1010;callbackGapMs=1010;fusion=GPS_IMU
LOCATION,1790428848632,29.5889826,52.4817893,,false,3.00,0.000,source=fused:fused;speedReason=OK;derived=0.05;locationGapMs=992;callbackGapMs=992;fusion=GPS_IMU
LOCATION,1790428849720,29.5889825,52.4817891,,false,3.00,0.000,source=fused:fused;speedReason=OK;derived=0.07;locationGapMs=1088;callbackGapMs=1088;fusion=GPS_IMU
LOCATION,1790428850644,29.5889826,52.4817896,,false,3.00,0.000,source=fused:fused;speedReason=OK;derived=0.07;locationGapMs=924;callbackGapMs=924;fusion=GPS_IMU
LOCATION,1790428851430,29.5889827,52.4817895,,false,3.00,0.000,source=fused:fused;speedReason=OK;derived=0.07;locationGapMs=786;callbackGapMs=786;fusion=GPS_IMU
LOCATION,1790428852637,29.5889822,52.4817893,,false,3.00,0.000,source=fused:fused;speedReason=OK;derived=0.18;locationGapMs=1207;callbackGapMs=1207;fusion=GPS_IMU
LOCATION,1790428853642,29.5889819,52.4817894,,false,3.00,0.000,source=fused:fused;speedReason=OK;derived=0.12;locationGapMs=1005;callbackGapMs=1005;fusion=GPS_IMU
LOCATION,1790428854625,29.5889818,52.4817895,,false,3.00,0.000,source=fused:fused;speedReason=OK;derived=0.12;locationGapMs=983;callbackGapMs=983;fusion=GPS_IMU
LOCATION,1790428855639,29.5889817,52.4817903,,false,3.00,0.000,source=fused:fused;speedReason=OK;derived=0.12;locationGapMs=1014;callbackGapMs=1014;fusion=GPS_IMU
LOCATION,1790428856629,29.5889815,52.4817897,,false,3.00,0.000,source=fused:fused;speedReason=OK;derived=0.23;locationGapMs=990;callbackGapMs=990;fusion=GPS_IMU
LOCATION,1790428857640,29.5889815,52.4817896,,false,3.00,0.000,source=fused:fused;speedReason=OK;derived=0.23;locationGapMs=1011;callbackGapMs=1011;fusion=GPS_IMU
LOCATION,1790428858636,29.5889811,52.4817893,,false,3.00,0.000,source=fused:fused;speedReason=OK;derived=0.19;locationGapMs=996;callbackGapMs=996;fusion=GPS_IMU
LOCATION,1790428859635,29.5889813,52.4817891,,false,3.00,0.000,source=fused:fused;speedReason=OK;derived=0.11;locationGapMs=999;callbackGapMs=999;fusion=GPS_IMU
LOCATION,1790428860618,29.5889809,52.4817897,,false,3.00,0.000,source=fused:fused;speedReason=OK;derived=0.19;locationGapMs=983;callbackGapMs=983;fusion=GPS_IMU
LOCATION,1790428861641,29.5889808,52.4817897,,false,3.00,0.000,source=fused:fused;speedReason=OK;derived=0.11;locationGapMs=1022;callbackGapMs=1022;fusion=GPS_IMU
LOCATION,1790428862643,29.5889806,52.4817901,,false,3.00,0.000,source=fused:fused;speedReason=OK;derived=0.16;locationGapMs=1004;callbackGapMs=1004;fusion=GPS_IMU
LOCATION,1790428863618,29.5889806,52.4817906,,false,3.00,0.000,source=fused:fused;speedReason=OK;derived=0.16;locationGapMs=974;callbackGapMs=974;fusion=GPS_IMU
LOCATION,1790428864620,29.5889807,52.4817905,,false,3.00,0.000,source=fused:fused;speedReason=OK;derived=0.16;locationGapMs=1002;callbackGapMs=1002;fusion=GPS_IMU
LOCATION,1790428865635,29.5889806,52.4817907,,false,3.00,0.000,source=fused:fused;speedReason=OK;derived=0.08;locationGapMs=1015;callbackGapMs=1015;fusion=GPS_IMU
LOCATION,1790428866627,29.5889805,52.4817905,,false,3.00,0.000,source=fused:fused;speedReason=OK;derived=0.08;locationGapMs=992;callbackGapMs=992;fusion=GPS_IMU
LOCATION,1790428867631,29.5889809,52.4817908,,false,3.00,0.000,source=fused:fused;speedReason=OK;derived=0.08;locationGapMs=1004;callbackGapMs=1004;fusion=GPS_IMU
LOCATION,1790428868622,29.5889810,52.4817908,,false,3.00,0.000,source=fused:fused;speedReason=OK;derived=0.08;locationGapMs=991;callbackGapMs=991;fusion=GPS_IMU
LOCATION,1790428869644,29.5889811,52.4817915,,false,3.00,0.000,source=fused:fused;speedReason=OK;derived=0.19;locationGapMs=1022;callbackGapMs=1022;fusion=GPS_IMU
LOCATION,1790428870636,29.5889803,52.4817919,,false,3.00,0.000,source=fused:fused;speedReason=OK;derived=0.24;locationGapMs=992;callbackGapMs=992;fusion=GPS_IMU
LOCATION,1790428871249,29.5889802,52.4817919,,false,3.00,0.000,source=fused:fused;speedReason=OK;derived=0.24;locationGapMs=613;callbackGapMs=613;fusion=GPS_IMU
LOCATION,1790428872625,29.5889802,52.4817928,,false,3.00,0.000,source=fused:fused;speedReason=OK;derived=0.23;locationGapMs=1376;callbackGapMs=1376;fusion=GPS_IMU
LOCATION,1790428873628,29.5889801,52.4817928,,false,3.00,0.000,source=fused:fused;speedReason=OK;derived=0.07;locationGapMs=1003;callbackGapMs=1003;fusion=GPS_IMU
LOCATION,1790428874636,29.5889801,52.4817921,,false,3.00,0.000,source=fused:fused;speedReason=OK;derived=0.23;locationGapMs=1008;callbackGapMs=1008;fusion=GPS_IMU
LOCATION,1790428875637,29.5889798,52.4817920,,false,3.00,0.000,source=fused:fused;speedReason=OK;derived=0.12;locationGapMs=1001;callbackGapMs=1001;fusion=GPS_IMU
LOCATION,1790428876625,29.5889798,52.4817922,,false,3.00,0.000,source=fused:fused;speedReason=OK;derived=0.12;locationGapMs=988;callbackGapMs=988;fusion=GPS_IMU
LOCATION,1790428877635,29.5889799,52.4817920,,false,3.00,0.000,source=fused:fused;speedReason=OK;derived=0.08;locationGapMs=1010;callbackGapMs=1010;fusion=GPS_IMU
LOCATION,1790428878630,29.5889798,52.4817922,,false,3.00,0.000,source=fused:fused;speedReason=OK;derived=0.08;locationGapMs=995;callbackGapMs=995;fusion=GPS_IMU
LOCATION,1790428879631,29.5889795,52.4817919,,false,3.00,0.000,source=fused:fused;speedReason=OK;derived=0.08;locationGapMs=1001;callbackGapMs=1001;fusion=GPS_IMU
LOCATION,1790428880633,29.5889797,52.4817911,,false,3.00,0.000,source=fused:fused;speedReason=OK;derived=0.16;locationGapMs=1002;callbackGapMs=1002;fusion=GPS_IMU
LOCATION,1790428881632,29.5889800,52.4817914,,false,3.00,0.000,source=fused:fused;speedReason=OK;derived=0.16;locationGapMs=999;callbackGapMs=999;fusion=GPS_IMU
LOCATION,1790428882611,29.5889803,52.4817916,,false,3.00,0.000,source=fused:fused;speedReason=OK;derived=0.16;locationGapMs=979;callbackGapMs=979;fusion=GPS_IMU
LOCATION,1790428883632,29.5889804,52.4817918,,false,3.00,0.000,source=fused:fused;speedReason=OK;derived=0.14;locationGapMs=1021;callbackGapMs=1021;fusion=GPS_IMU
LOCATION,1790428884640,29.5889803,52.4817919,,false,3.00,0.000,source=fused:fused;speedReason=OK;derived=0.08;locationGapMs=1008;callbackGapMs=1008;fusion=GPS_IMU
LOCATION,1790428885605,29.5889809,52.4817918,,false,3.00,0.000,source=fused:fused;speedReason=OK;derived=0.08;locationGapMs=965;callbackGapMs=965;fusion=GPS_IMU
LOCATION,1790428886636,29.5889813,52.4817921,,false,3.00,0.000,source=fused:fused;speedReason=OK;derived=0.19;locationGapMs=1031;callbackGapMs=1031;fusion=GPS_IMU
LOCATION,1790428887632,29.5889815,52.4817927,,false,3.00,0.000,source=fused:fused;speedReason=OK;derived=0.22;locationGapMs=996;callbackGapMs=996;fusion=GPS_IMU
LOCATION,1790428888634,29.5889820,52.4817926,,false,3.00,0.000,source=fused:fused;speedReason=OK;derived=0.20;locationGapMs=1002;callbackGapMs=1002;fusion=GPS_IMU
LOCATION,1790428889639,29.5889820,52.4817927,,false,3.00,0.000,source=fused:fused;speedReason=OK;derived=0.20;locationGapMs=1005;callbackGapMs=1005;fusion=GPS_IMU
LOCATION,1790428890644,29.5889823,52.4817931,,false,3.00,0.000,source=fused:fused;speedReason=OK;derived=0.18;locationGapMs=1005;callbackGapMs=1005;fusion=GPS_IMU
LOCATION,1790428891292,29.5889824,52.4817929,,false,3.00,0.000,source=fused:fused;speedReason=OK;derived=0.12;locationGapMs=648;callbackGapMs=648;fusion=GPS_IMU
LOCATION,1790428892611,29.5889826,52.4817928,,false,3.00,0.000,source=fused:fused;speedReason=OK;derived=0.12;locationGapMs=1319;callbackGapMs=1319;fusion=GPS_IMU
LOCATION,1790428893685,29.5889826,52.4817929,,false,3.00,0.000,source=fused:fused;speedReason=OK;derived=0.07;locationGapMs=1074;callbackGapMs=1074;fusion=GPS_IMU
LOCATION,1790428894620,29.5889827,52.4817926,,false,3.00,0.000,source=fused:fused;speedReason=OK;derived=0.07;locationGapMs=935;callbackGapMs=935;fusion=GPS_IMU
LOCATION,1790428895635,29.5889827,52.4817927,,false,3.00,0.000,source=fused:fused;speedReason=OK;derived=0.03;locationGapMs=1015;callbackGapMs=1015;fusion=GPS_IMU
LOCATION,1790428896633,29.5889826,52.4817929,,false,3.00,0.000,source=fused:fused;speedReason=OK;derived=0.08;locationGapMs=998;callbackGapMs=998;fusion=GPS_IMU
LOCATION,1790428897638,29.5889823,52.4817936,,false,3.00,0.000,source=fused:fused;speedReason=OK;derived=0.08;locationGapMs=1005;callbackGapMs=1005;fusion=GPS_IMU
LOCATION,1790428898626,29.5889828,52.4817940,,false,3.00,0.000,source=fused:fused;speedReason=OK;derived=0.25;locationGapMs=988;callbackGapMs=988;fusion=GPS_IMU
LOCATION,1790428899695,29.5889830,52.4817941,,false,3.00,0.000,source=fused:fused;speedReason=OK;derived=0.25;locationGapMs=1069;callbackGapMs=1069;fusion=GPS_IMU
LOCATION,1790428900639,29.5889832,52.4817941,,false,3.00,0.000,source=fused:fused;speedReason=OK;derived=0.08;locationGapMs=944;callbackGapMs=944;fusion=GPS_IMU
LOCATION,1790428901638,29.5889831,52.4817939,,false,3.00,0.000,source=fused:fused;speedReason=OK;derived=0.08;locationGapMs=999;callbackGapMs=999;fusion=GPS_IMU
LOCATION,1790428902634,29.5889831,52.4817938,,false,3.00,0.000,source=fused:fused;speedReason=OK;derived=0.08;locationGapMs=996;callbackGapMs=996;fusion=GPS_IMU
LOCATION,1790428903639,29.5889831,52.4817938,,false,3.00,0.000,source=fused:fused;speedReason=OK;derived=0.04;locationGapMs=1005;callbackGapMs=1005;fusion=GPS_IMU
LOCATION,1790428904639,29.5889828,52.4817940,,false,3.00,0.000,source=fused:fused;speedReason=OK;derived=0.04;locationGapMs=1000;callbackGapMs=1000;fusion=GPS_IMU
LOCATION,1790428905636,29.5889825,52.4817940,,false,3.00,0.000,source=fused:fused;speedReason=OK;derived=0.12;locationGapMs=997;callbackGapMs=997;fusion=GPS_IMU
LOCATION,1790428906637,29.5889822,52.4817940,,false,3.00,0.000,source=fused:fused;speedReason=OK;derived=0.12;locationGapMs=1001;callbackGapMs=1001;fusion=GPS_IMU
LOCATION,1790428907633,29.5889817,52.4817942,,false,3.00,0.000,source=fused:fused;speedReason=OK;derived=0.12;locationGapMs=995;callbackGapMs=995;fusion=GPS_IMU
LOCATION,1790428908629,29.5889820,52.4817945,,false,3.00,0.000,source=fused:fused;speedReason=OK;derived=0.16;locationGapMs=997;callbackGapMs=997;fusion=GPS_IMU
LOCATION,1790428909633,29.5889821,52.4817943,,false,3.00,0.000,source=fused:fused;speedReason=OK;derived=0.16;locationGapMs=1004;callbackGapMs=1004;fusion=GPS_IMU
LOCATION,1790428910697,29.5889822,52.4817943,,false,3.00,0.000,source=fused:fused;speedReason=OK;derived=0.08;locationGapMs=1064;callbackGapMs=1064;fusion=GPS_IMU
LOCATION,1790428911287,29.5889821,52.4817943,,false,3.00,0.000,source=fused:fused;speedReason=OK;derived=0.07;locationGapMs=590;callbackGapMs=590;fusion=GPS_IMU
LOCATION,1790428912645,29.5889820,52.4817938,,false,3.00,0.000,source=fused:fused;speedReason=OK;derived=0.07;locationGapMs=1358;callbackGapMs=1358;fusion=GPS_IMU
LOCATION,1790428913637,29.5889819,52.4817936,,false,3.00,0.000,source=fused:fused;speedReason=OK;derived=0.08;locationGapMs=992;callbackGapMs=992;fusion=GPS_IMU
LOCATION,1790428914632,29.5889822,52.4817935,,false,3.00,0.000,source=fused:fused;speedReason=OK;derived=0.13;locationGapMs=995;callbackGapMs=995;fusion=GPS_IMU
LOCATION,1790428915632,29.5889822,52.4817936,,false,3.00,0.000,source=fused:fused;speedReason=OK;derived=0.08;locationGapMs=1001;callbackGapMs=1001;fusion=GPS_IMU
LOCATION,1790428916631,29.5889825,52.4817936,,false,3.00,0.000,source=fused:fused;speedReason=OK;derived=0.12;locationGapMs=998;callbackGapMs=998;fusion=GPS_IMU
LOCATION,1790428917632,29.5889825,52.4817936,,false,3.00,0.000,source=fused:fused;speedReason=OK;derived=0.03;locationGapMs=1001;callbackGapMs=1001;fusion=GPS_IMU
LOCATION,1790428918632,29.5889827,52.4817932,,false,3.00,0.000,source=fused:fused;speedReason=OK;derived=0.12;locationGapMs=1000;callbackGapMs=1000;fusion=GPS_IMU
LOCATION,1790428919630,29.5889827,52.4817934,,false,3.00,0.000,source=fused:fused;speedReason=OK;derived=0.07;locationGapMs=998;callbackGapMs=998;fusion=GPS_IMU
LOCATION,1790428920624,29.5889829,52.4817933,,false,3.00,0.000,source=fused:fused;speedReason=OK;derived=0.09;locationGapMs=994;callbackGapMs=994;fusion=GPS_IMU
LOCATION,1790428921703,29.5889832,52.4817932,,false,3.00,0.000,source=fused:fused;speedReason=OK;derived=0.09;locationGapMs=1079;callbackGapMs=1079;fusion=GPS_IMU
LOCATION,1790428922639,29.5889831,52.4817928,,false,3.00,0.000,source=fused:fused;speedReason=OK;derived=0.12;locationGapMs=936;callbackGapMs=936;fusion=GPS_IMU
LOCATION,1790428923638,29.5889836,52.4817928,,false,3.00,0.000,source=fused:fused;speedReason=OK;derived=0.16;locationGapMs=999;callbackGapMs=999;fusion=GPS_IMU
LOCATION,1790428924612,29.5889836,52.4817928,,false,3.00,0.000,source=fused:fused;speedReason=OK;derived=0.16;locationGapMs=974;callbackGapMs=974;fusion=GPS_IMU
LOCATION,1790428925637,29.5889835,52.4817928,,false,3.00,0.000,source=fused:fused;speedReason=OK;derived=0.04;locationGapMs=1025;callbackGapMs=1025;fusion=GPS_IMU
LOCATION,1790428926632,29.5889833,52.4817929,,false,3.00,0.000,source=fused:fused;speedReason=OK;derived=0.04;locationGapMs=995;callbackGapMs=995;fusion=GPS_IMU
LOCATION,1790428927651,29.5889831,52.4817932,,false,3.00,0.000,source=fused:fused;speedReason=OK;derived=0.09;locationGapMs=1020;callbackGapMs=1020;fusion=GPS_IMU
LOCATION,1790428928632,29.5889833,52.4817932,,false,3.00,0.000,source=fused:fused;speedReason=OK;derived=0.09;locationGapMs=980;callbackGapMs=980;fusion=GPS_IMU
LOCATION,1790428929634,29.5889828,52.4817930,,false,3.00,0.000,source=fused:fused;speedReason=OK;derived=0.13;locationGapMs=1002;callbackGapMs=1002;fusion=GPS_IMU
LOCATION,1790428930629,29.5889827,52.4817930,,false,3.00,0.000,source=fused:fused;speedReason=OK;derived=0.08;locationGapMs=995;callbackGapMs=995;fusion=GPS_IMU
LOCATION,1790428931286,29.5889827,52.4817929,,false,3.00,0.000,source=fused:fused;speedReason=OK;derived=0.05;locationGapMs=657;callbackGapMs=657;fusion=GPS_IMU
LOCATION,1790428932638,29.5889827,52.4817933,,false,3.00,0.000,source=fused:fused;speedReason=OK;derived=0.05;locationGapMs=1352;callbackGapMs=1352;fusion=GPS_IMU
LOCATION,1790428933702,29.5889828,52.4817934,,false,3.00,0.000,source=fused:fused;speedReason=OK;derived=0.05;locationGapMs=1064;callbackGapMs=1064;fusion=GPS_IMU
LOCATION,1790428934631,29.5889825,52.4817932,,false,3.00,0.000,source=fused:fused;speedReason=OK;derived=0.10;locationGapMs=930;callbackGapMs=930;fusion=GPS_IMU
LOCATION,1790428935643,29.5889825,52.4817928,,false,3.00,0.000,source=fused:fused;speedReason=OK;derived=0.14;locationGapMs=1011;callbackGapMs=1011;fusion=GPS_IMU
LOCATION,1790428936637,29.5889824,52.4817927,,false,3.00,0.000,source=fused:fused;speedReason=OK;derived=0.14;locationGapMs=994;callbackGapMs=994;fusion=GPS_IMU
LOCATION,1790428937641,29.5889823,52.4817929,,false,3.00,0.000,source=fused:fused;speedReason=OK;derived=0.08;locationGapMs=1004;callbackGapMs=1004;fusion=GPS_IMU
LOCATION,1790428938644,29.5889829,52.4817929,,false,3.00,0.000,source=fused:fused;speedReason=OK;derived=0.08;locationGapMs=1003;callbackGapMs=1003;fusion=GPS_IMU
LOCATION,1790428939713,29.5889831,52.4817930,,false,3.00,0.000,source=fused:fused;speedReason=OK;derived=0.08;locationGapMs=1069;callbackGapMs=1069;fusion=GPS_IMU
LOCATION,1790428940631,29.5889836,52.4817930,,false,3.00,0.000,source=fused:fused;speedReason=OK;derived=0.22;locationGapMs=918;callbackGapMs=918;fusion=GPS_IMU
LOCATION,1790428941638,29.5889832,52.4817931,,false,3.00,0.000,source=fused:fused;speedReason=OK;derived=0.16;locationGapMs=1007;callbackGapMs=1007;fusion=GPS_IMU
LOCATION,1790428942641,29.5889829,52.4817930,,false,3.00,0.000,source=fused:fused;speedReason=OK;derived=0.16;locationGapMs=1004;callbackGapMs=1004;fusion=GPS_IMU
LOCATION,1790428943640,29.5889830,52.4817932,,false,3.00,0.000,source=fused:fused;speedReason=OK;derived=0.12;locationGapMs=998;callbackGapMs=998;fusion=GPS_IMU
LOCATION,1790428944555,29.5889830,52.4817932,,false,3.00,0.000,source=fused:fused;speedReason=OK;derived=0.08;locationGapMs=915;callbackGapMs=915;fusion=GPS_IMU
LOCATION,1790428945698,29.5889830,52.4817930,,false,3.00,0.000,source=fused:fused;speedReason=OK;derived=0.06;locationGapMs=1143;callbackGapMs=1143;fusion=GPS_IMU
LOCATION,1790428946628,29.5889829,52.4817932,,false,3.00,0.000,source=fused:fused;speedReason=OK;derived=0.06;locationGapMs=930;callbackGapMs=930;fusion=GPS_IMU
LOCATION,1790428947636,29.5889831,52.4817934,,false,3.00,0.000,source=fused:fused;speedReason=OK;derived=0.09;locationGapMs=1008;callbackGapMs=1008;fusion=GPS_IMU
LOCATION,1790428948640,29.5889833,52.4817938,,false,3.00,0.000,source=fused:fused;speedReason=OK;derived=0.11;locationGapMs=1004;callbackGapMs=1004;fusion=GPS_IMU
LOCATION,1790428949617,29.5889836,52.4817938,,false,3.00,0.000,source=fused:fused;speedReason=OK;derived=0.12;locationGapMs=977;callbackGapMs=977;fusion=GPS_IMU
LOCATION,1790428950613,29.5889834,52.4817937,,false,3.00,0.000,source=fused:fused;speedReason=OK;derived=0.12;locationGapMs=996;callbackGapMs=996;fusion=GPS_IMU
LOCATION,1790428951154,29.5889833,52.4817935,,false,3.00,0.000,source=fused:fused;speedReason=OK;derived=0.12;locationGapMs=541;callbackGapMs=541;fusion=GPS_IMU
LOCATION,1790428951665,29.5889837,52.4817936,,false,3.00,0.000,source=fused:fused;speedReason=OK;derived=0.15;locationGapMs=511;callbackGapMs=511;fusion=GPS_IMU
LOCATION,1790428952633,29.5889834,52.4817938,,false,3.00,0.000,source=fused:fused;speedReason=OK;derived=0.15;locationGapMs=968;callbackGapMs=968;fusion=GPS_IMU
LOCATION,1790428953611,29.5889839,52.4817936,,false,3.00,0.000,source=fused:fused;speedReason=OK;derived=0.22;locationGapMs=978;callbackGapMs=978;fusion=GPS_IMU
LOCATION,1790428954631,29.5889838,52.4817933,,false,3.00,0.000,source=fused:fused;speedReason=OK;derived=0.14;locationGapMs=1020;callbackGapMs=1020;fusion=GPS_IMU
LOCATION,1790428955643,29.5889838,52.4817930,,false,3.00,0.000,source=fused:fused;speedReason=OK;derived=0.11;locationGapMs=1012;callbackGapMs=1012;fusion=GPS_IMU
LOCATION,1790428956604,29.5889838,52.4817937,,false,3.00,0.000,source=fused:fused;speedReason=OK;derived=0.11;locationGapMs=961;callbackGapMs=961;fusion=GPS_IMU
LOCATION,1790428957631,29.5889838,52.4817936,,false,3.00,0.000,source=fused:fused;speedReason=OK;derived=0.10;locationGapMs=1027;callbackGapMs=1027;fusion=GPS_IMU
LOCATION,1790428958628,29.5889836,52.4817936,,false,3.00,0.000,source=fused:fused;speedReason=OK;derived=0.08;locationGapMs=998;callbackGapMs=998;fusion=GPS_IMU
LOCATION,1790428959624,29.5889835,52.4817935,,false,3.00,0.000,source=fused:fused;speedReason=OK;derived=0.05;locationGapMs=995;callbackGapMs=995;fusion=GPS_IMU
LOCATION,1790428960639,29.5889831,52.4817940,,false,3.00,0.000,source=fused:fused;speedReason=OK;derived=0.08;locationGapMs=1015;callbackGapMs=1015;fusion=GPS_IMU
LOCATION,1790428961587,29.5889832,52.4817939,,false,3.00,0.000,source=fused:fused;speedReason=OK;derived=0.06;locationGapMs=948;callbackGapMs=948;fusion=GPS_IMU
LOCATION,1790428962631,29.5889831,52.4817940,,false,3.00,0.000,source=fused:fused;speedReason=OK;derived=0.06;locationGapMs=1044;callbackGapMs=1044;fusion=GPS_IMU
LOCATION,1790428963635,29.5889832,52.4817942,,false,3.00,0.000,source=fused:fused;speedReason=OK;derived=0.06;locationGapMs=1004;callbackGapMs=1004;fusion=GPS_IMU
LOCATION,1790428964411,29.5889832,52.4817941,,false,3.00,0.000,source=fused:fused;speedReason=OK;derived=0.05;locationGapMs=776;callbackGapMs=776;fusion=GPS_IMU
LOCATION,1790428965639,29.5889832,52.4817936,,false,3.00,0.000,source=fused:fused;speedReason=OK;derived=0.08;locationGapMs=1228;callbackGapMs=1228;fusion=GPS_IMU
LOCATION,1790428966634,29.5889832,52.4817942,,false,3.00,0.000,source=fused:fused;speedReason=OK;derived=0.14;locationGapMs=995;callbackGapMs=995;fusion=GPS_IMU
LOCATION,1790428967714,29.5889834,52.4817942,,false,3.00,0.000,source=fused:fused;speedReason=OK;derived=0.14;locationGapMs=1080;callbackGapMs=1080;fusion=GPS_IMU
LOCATION,1790428968646,29.5889830,52.4817941,,false,3.00,0.000,source=fused:fused;speedReason=OK;derived=0.18;locationGapMs=932;callbackGapMs=932;fusion=GPS_IMU
LOCATION,1790428969633,29.5889831,52.4817937,,false,3.00,0.000,source=fused:fused;speedReason=OK;derived=0.15;locationGapMs=987;callbackGapMs=987;fusion=GPS_IMU
LOCATION,1790428970627,29.5889830,52.4817934,,false,3.00,0.000,source=fused:fused;speedReason=OK;derived=0.15;locationGapMs=994;callbackGapMs=994;fusion=GPS_IMU
LOCATION,1790428971637,29.5889825,52.4817929,,false,3.00,0.000,source=fused:fused;speedReason=OK;derived=0.15;locationGapMs=1010;callbackGapMs=1010;fusion=GPS_IMU
LOCATION,1790428972613,29.5889826,52.4817927,,false,3.00,0.000,source=fused:fused;speedReason=OK;derived=0.11;locationGapMs=976;callbackGapMs=976;fusion=GPS_IMU
LOCATION,1790428973656,29.5889823,52.4817928,,false,3.00,0.000,source=fused:fused;speedReason=OK;derived=0.12;locationGapMs=1043;callbackGapMs=1043;fusion=GPS_IMU
LOCATION,1790428974617,29.5889823,52.4817929,,false,3.00,0.000,source=fused:fused;speedReason=OK;derived=0.08;locationGapMs=961;callbackGapMs=961;fusion=GPS_IMU
LOCATION,1790428975629,29.5889825,52.4817929,,false,3.00,0.000,source=fused:fused;speedReason=OK;derived=0.08;locationGapMs=1012;callbackGapMs=1012;fusion=GPS_IMU
LOCATION,1790428976631,29.5889826,52.4817934,,false,3.00,0.000,source=fused:fused;speedReason=OK;derived=0.08;locationGapMs=1002;callbackGapMs=1002;fusion=GPS_IMU
LOCATION,1790428977645,29.5889825,52.4817934,,false,3.00,0.000,source=fused:fused;speedReason=OK;derived=0.08;locationGapMs=1014;callbackGapMs=1014;fusion=GPS_IMU
LOCATION,1790428978644,29.5889824,52.4817926,,false,3.00,0.000,source=fused:fused;speedReason=OK;derived=0.18;locationGapMs=999;callbackGapMs=999;fusion=GPS_IMU
LOCATION,1790428979620,29.5889823,52.4817925,,false,3.00,0.000,source=fused:fused;speedReason=OK;derived=0.05;locationGapMs=976;callbackGapMs=976;fusion=GPS_IMU
LOCATION,1790428980631,29.5889825,52.4817928,,false,3.00,0.000,source=fused:fused;speedReason=OK;derived=0.13;locationGapMs=1011;callbackGapMs=1011;fusion=GPS_IMU
LOCATION,1790428981632,29.5889826,52.4817930,,false,3.00,0.000,source=fused:fused;speedReason=OK;derived=0.08;locationGapMs=1001;callbackGapMs=1001;fusion=GPS_IMU
LOCATION,1790428982618,29.5889828,52.4817928,,false,3.00,0.000,source=fused:fused;speedReason=OK;derived=0.11;locationGapMs=986;callbackGapMs=986;fusion=GPS_IMU
LOCATION,1790428983644,29.5889830,52.4817930,,false,3.00,0.000,source=fused:fused;speedReason=OK;derived=0.10;locationGapMs=1026;callbackGapMs=1026;fusion=GPS_IMU
LOCATION,1790428984485,29.5889830,52.4817929,,false,3.00,0.000,source=fused:fused;speedReason=OK;derived=0.10;locationGapMs=841;callbackGapMs=841;fusion=GPS_IMU
LOCATION,1790428985640,29.5889833,52.4817930,,false,3.00,0.000,source=fused:fused;speedReason=OK;derived=0.10;locationGapMs=1155;callbackGapMs=1155;fusion=GPS_IMU
LOCATION,1790428986637,29.5889837,52.4817932,,false,3.00,0.000,source=fused:fused;speedReason=OK;derived=0.11;locationGapMs=997;callbackGapMs=997;fusion=GPS_IMU
LOCATION,1790428987641,29.5889833,52.4817933,,false,3.00,0.000,source=fused:fused;speedReason=OK;derived=0.16;locationGapMs=1004;callbackGapMs=1004;fusion=GPS_IMU
LOCATION,1790428988625,29.5889832,52.4817934,,false,3.00,0.000,source=fused:fused;speedReason=OK;derived=0.16;locationGapMs=984;callbackGapMs=984;fusion=GPS_IMU
LOCATION,1790428989697,29.5889831,52.4817936,,false,3.00,0.000,source=fused:fused;speedReason=OK;derived=0.07;locationGapMs=1072;callbackGapMs=1072;fusion=GPS_IMU
LOCATION,1790428990626,29.5889828,52.4817937,,false,3.00,0.000,source=fused:fused;speedReason=OK;derived=0.07;locationGapMs=929;callbackGapMs=929;fusion=GPS_IMU
LOCATION,1790428991641,29.5889828,52.4817931,,false,3.00,0.000,source=fused:fused;speedReason=OK;derived=0.13;locationGapMs=1012;callbackGapMs=1012;fusion=GPS_IMU
LOCATION,1790428992638,29.5889827,52.4817932,,false,3.00,0.000,source=fused:fused;speedReason=OK;derived=0.13;locationGapMs=1000;callbackGapMs=1000;fusion=GPS_IMU
LOCATION,1790428993641,29.5889830,52.4817928,,false,3.00,0.000,source=fused:fused;speedReason=OK;derived=0.18;locationGapMs=1003;callbackGapMs=1003;fusion=GPS_IMU
LOCATION,1790428994636,29.5889831,52.4817929,,false,3.00,0.000,source=fused:fused;speedReason=OK;derived=0.05;locationGapMs=995;callbackGapMs=995;fusion=GPS_IMU
LOCATION,1790428995597,29.5889833,52.4817930,,false,3.00,0.000,source=fused:fused;speedReason=OK;derived=0.09;locationGapMs=961;callbackGapMs=961;fusion=GPS_IMU
LOCATION,1790428996625,29.5889832,52.4817931,,false,3.00,0.000,source=fused:fused;speedReason=OK;derived=0.05;locationGapMs=1028;callbackGapMs=1028;fusion=GPS_IMU
LOCATION,1790428997633,29.5889837,52.4817932,,false,3.00,0.000,source=fused:fused;speedReason=OK;derived=0.09;locationGapMs=1008;callbackGapMs=1008;fusion=GPS_IMU
LOCATION,1790428998642,29.5889837,52.4817927,,false,3.00,0.000,source=fused:fused;speedReason=OK;derived=0.17;locationGapMs=1009;callbackGapMs=1009;fusion=GPS_IMU
LOCATION,1790428999637,29.5889839,52.4817926,,false,3.00,0.000,source=fused:fused;speedReason=OK;derived=0.17;locationGapMs=995;callbackGapMs=995;fusion=GPS_IMU
LOCATION,1790429000633,29.5889839,52.4817923,,false,3.00,0.000,source=fused:fused;speedReason=OK;derived=0.11;locationGapMs=996;callbackGapMs=996;fusion=GPS_IMU
LOCATION,1790429001632,29.5889836,52.4817922,,false,3.00,0.000,source=fused:fused;speedReason=OK;derived=0.11;locationGapMs=999;callbackGapMs=999;fusion=GPS_IMU
LOCATION,1790429002642,29.5889834,52.4817923,,false,3.00,0.000,source=fused:fused;speedReason=OK;derived=0.11;locationGapMs=1010;callbackGapMs=1010;fusion=GPS_IMU
LOCATION,1790429003642,29.5889835,52.4817916,,false,3.00,0.000,source=fused:fused;speedReason=OK;derived=0.12;locationGapMs=1000;callbackGapMs=1000;fusion=GPS_IMU
LOCATION,1790429004273,29.5889834,52.4817915,,false,3.00,0.000,source=fused:fused;speedReason=OK;derived=0.09;locationGapMs=631;callbackGapMs=631;fusion=GPS_IMU
LOCATION,1790429005638,29.5889834,52.4817907,,false,3.00,0.000,source=fused:fused;speedReason=OK;derived=0.20;locationGapMs=1365;callbackGapMs=1365;fusion=GPS_IMU
LOCATION,1790429006705,29.5889835,52.4817901,,false,3.00,0.000,source=fused:fused;speedReason=OK;derived=0.20;locationGapMs=1067;callbackGapMs=1067;fusion=GPS_IMU
LOCATION,1790429007643,29.5889837,52.4817898,,false,3.00,0.000,source=fused:fused;speedReason=OK;derived=0.20;locationGapMs=938;callbackGapMs=938;fusion=GPS_IMU
LOCATION,1790429008644,29.5889836,52.4817898,,false,3.00,0.000,source=fused:fused;speedReason=OK;derived=0.14;locationGapMs=1001;callbackGapMs=1001;fusion=GPS_IMU
LOCATION,1790429009642,29.5889833,52.4817900,,false,3.00,0.000,source=fused:fused;speedReason=OK;derived=0.14;locationGapMs=998;callbackGapMs=998;fusion=GPS_IMU
LOCATION,1790429010638,29.5889833,52.4817901,,false,3.00,0.000,source=fused:fused;speedReason=OK;derived=0.04;locationGapMs=996;callbackGapMs=996;fusion=GPS_IMU
LOCATION,1790429011641,29.5889833,52.4817902,,false,3.00,0.000,source=fused:fused;speedReason=OK;derived=0.04;locationGapMs=1003;callbackGapMs=1003;fusion=GPS_IMU
LOCATION,1790429012721,29.5889832,52.4817901,,false,3.00,0.000,source=fused:fused;speedReason=OK;derived=0.04;locationGapMs=1080;callbackGapMs=1080;fusion=GPS_IMU
LOCATION,1790429013644,29.5889840,52.4817902,,false,3.00,0.000,source=fused:fused;speedReason=OK;derived=0.05;locationGapMs=923;callbackGapMs=923;fusion=GPS_IMU
LOCATION,1790429014635,29.5889837,52.4817900,,false,3.00,0.000,source=fused:fused;speedReason=OK;derived=0.14;locationGapMs=991;callbackGapMs=991;fusion=GPS_IMU
LOCATION,1790429015615,29.5889838,52.4817900,,false,3.00,0.000,source=fused:fused;speedReason=OK;derived=0.14;locationGapMs=980;callbackGapMs=980;fusion=GPS_IMU
LOCATION,1790429016638,29.5889844,52.4817907,,false,3.00,0.000,source=fused:fused;speedReason=OK;derived=0.14;locationGapMs=1023;callbackGapMs=1023;fusion=GPS_IMU
LOCATION,1790429017483,29.5889846,52.4817902,,false,3.00,0.000,source=fused:fused;speedReason=OK;derived=0.23;locationGapMs=845;callbackGapMs=845;fusion=GPS_IMU
LOCATION,1790429018699,29.5889847,52.4817907,,false,3.00,0.000,source=fused:fused;speedReason=OK;derived=0.23;locationGapMs=1216;callbackGapMs=1216;fusion=GPS_IMU
LOCATION,1790429019639,29.5889846,52.4817909,,false,3.00,0.000,source=fused:fused;speedReason=OK;derived=0.15;locationGapMs=940;callbackGapMs=940;fusion=GPS_IMU
LOCATION,1790429020631,29.5889844,52.4817909,,false,3.00,0.000,source=fused:fused;speedReason=OK;derived=0.09;locationGapMs=992;callbackGapMs=992;fusion=GPS_IMU
LOCATION,1790429021643,29.5889843,52.4817912,,false,3.00,0.000,source=fused:fused;speedReason=OK;derived=0.09;locationGapMs=1012;callbackGapMs=1012;fusion=GPS_IMU
LOCATION,1790429022635,29.5889842,52.4817915,,false,3.00,0.000,source=fused:fused;speedReason=OK;derived=0.11;locationGapMs=992;callbackGapMs=992;fusion=GPS_IMU
LOCATION,1790429023635,29.5889845,52.4817916,,false,3.00,0.000,source=fused:fused;speedReason=OK;derived=0.11;locationGapMs=1000;callbackGapMs=1000;fusion=GPS_IMU
LOCATION,1790429024264,29.5889847,52.4817914,,false,3.00,0.000,source=fused:fused;speedReason=OK;derived=0.12;locationGapMs=629;callbackGapMs=629;fusion=GPS_IMU
LOCATION,1790429025634,29.5889843,52.4817917,,false,3.00,0.000,source=fused:fused;speedReason=OK;derived=0.14;locationGapMs=1370;callbackGapMs=1370;fusion=GPS_IMU
LOCATION,1790429026630,29.5889841,52.4817917,,false,3.00,0.000,source=fused:fused;speedReason=OK;derived=0.14;locationGapMs=996;callbackGapMs=996;fusion=GPS_IMU
LOCATION,1790429027630,29.5889841,52.4817924,,false,3.00,0.000,source=fused:fused;speedReason=OK;derived=0.14;locationGapMs=1000;callbackGapMs=1000;fusion=GPS_IMU
LOCATION,1790429028641,29.5889837,52.4817925,,false,3.00,0.000,source=fused:fused;speedReason=OK;derived=0.16;locationGapMs=1011;callbackGapMs=1011;fusion=GPS_IMU
LOCATION,1790429029639,29.5889839,52.4817925,,false,3.00,0.000,source=fused:fused;speedReason=OK;derived=0.16;locationGapMs=998;callbackGapMs=998;fusion=GPS_IMU
LOCATION,1790429030709,29.5889841,52.4817926,,false,3.00,0.000,source=fused:fused;speedReason=OK;derived=0.08;locationGapMs=1070;callbackGapMs=1070;fusion=GPS_IMU
LOCATION,1790429031635,29.5889840,52.4817924,,false,3.00,0.000,source=fused:fused;speedReason=OK;derived=0.08;locationGapMs=927;callbackGapMs=927;fusion=GPS_IMU
LOCATION,1790429032640,29.5889835,52.4817920,,false,3.00,0.000,source=fused:fused;speedReason=OK;derived=0.09;locationGapMs=1004;callbackGapMs=1004;fusion=GPS_IMU
LOCATION,1790429033636,29.5889836,52.4817922,,false,3.00,0.000,source=fused:fused;speedReason=OK;derived=0.09;locationGapMs=996;callbackGapMs=996;fusion=GPS_IMU
LOCATION,1790429034610,29.5889837,52.4817918,,false,3.00,0.000,source=fused:fused;speedReason=OK;derived=0.15;locationGapMs=974;callbackGapMs=974;fusion=GPS_IMU
LOCATION,1790429035637,29.5889838,52.4817918,,false,3.00,0.000,source=fused:fused;speedReason=OK;derived=0.08;locationGapMs=1027;callbackGapMs=1027;fusion=GPS_IMU
LOCATION,1790429036639,29.5889836,52.4817915,,false,3.00,0.000,source=fused:fused;speedReason=OK;derived=0.13;locationGapMs=1002;callbackGapMs=1002;fusion=GPS_IMU
LOCATION,1790429037431,29.5889835,52.4817911,,false,3.00,0.000,source=fused:fused;speedReason=OK;derived=0.13;locationGapMs=792;callbackGapMs=792;fusion=GPS_IMU
LOCATION,1790429038632,29.5889838,52.4817908,,false,3.00,0.000,source=fused:fused;speedReason=OK;derived=0.13;locationGapMs=1201;callbackGapMs=1201;fusion=GPS_IMU
LOCATION,1790429039631,29.5889833,52.4817906,,false,3.00,0.000,source=fused:fused;speedReason=OK;derived=0.18;locationGapMs=999;callbackGapMs=999;fusion=GPS_IMU
LOCATION,1790429040607,29.5889828,52.4817901,,false,3.00,0.000,source=fused:fused;speedReason=OK;derived=0.21;locationGapMs=976;callbackGapMs=976;fusion=GPS_IMU
LOCATION,1790429041708,29.5889826,52.4817901,,false,3.00,0.000,source=fused:fused;speedReason=OK;derived=0.21;locationGapMs=1101;callbackGapMs=1101;fusion=GPS_IMU
LOCATION,1790429042638,29.5889835,52.4817894,,false,3.00,0.000,source=fused:fused;speedReason=OK;derived=0.27;locationGapMs=930;callbackGapMs=930;fusion=GPS_IMU
LOCATION,1790429043632,29.5889831,52.4817891,,false,3.00,0.000,source=fused:fused;speedReason=OK;derived=0.19;locationGapMs=994;callbackGapMs=994;fusion=GPS_IMU
LOCATION,1790429044640,29.5889833,52.4817889,,false,3.00,0.000,source=fused:fused;speedReason=OK;derived=0.19;locationGapMs=1008;callbackGapMs=1008;fusion=GPS_IMU
LOCATION,1790429045641,29.5889832,52.4817890,,false,3.00,0.000,source=fused:fused;speedReason=OK;derived=0.11;locationGapMs=1000;callbackGapMs=1000;fusion=GPS_IMU
LOCATION,1790429046635,29.5889833,52.4817889,,false,3.00,0.000,source=fused:fused;speedReason=OK;derived=0.05;locationGapMs=995;callbackGapMs=995;fusion=GPS_IMU
LOCATION,1790429047618,29.5889834,52.4817892,,false,3.00,0.000,source=fused:fused;speedReason=OK;derived=0.05;locationGapMs=983;callbackGapMs=983;fusion=GPS_IMU
LOCATION,1790429048634,29.5889833,52.4817894,,false,3.00,0.000,source=fused:fused;speedReason=OK;derived=0.08;locationGapMs=1016;callbackGapMs=1016;fusion=GPS_IMU
LOCATION,1790429049640,29.5889832,52.4817897,,false,3.00,0.000,source=fused:fused;speedReason=OK;derived=0.11;locationGapMs=1006;callbackGapMs=1006;fusion=GPS_IMU
LOCATION,1790429050625,29.5889832,52.4817904,,false,3.00,0.000,source=fused:fused;speedReason=OK;derived=0.11;locationGapMs=985;callbackGapMs=985;fusion=GPS_IMU
LOCATION,1790429051637,29.5889830,52.4817906,,false,3.00,0.000,source=fused:fused;speedReason=OK;derived=0.11;locationGapMs=1012;callbackGapMs=1012;fusion=GPS_IMU
LOCATION,1790429052729,29.5889828,52.4817907,,false,3.00,0.000,source=fused:fused;speedReason=OK;derived=0.10;locationGapMs=1092;callbackGapMs=1092;fusion=GPS_IMU
LOCATION,1790429053634,29.5889828,52.4817905,,false,3.00,0.000,source=fused:fused;speedReason=OK;derived=0.08;locationGapMs=905;callbackGapMs=905;fusion=GPS_IMU
LOCATION,1790429054648,29.5889829,52.4817902,,false,3.00,0.000,source=fused:fused;speedReason=OK;derived=0.08;locationGapMs=1014;callbackGapMs=1014;fusion=GPS_IMU
LOCATION,1790429055646,29.5889831,52.4817902,,false,3.00,0.000,source=fused:fused;speedReason=OK;derived=0.08;locationGapMs=998;callbackGapMs=998;fusion=GPS_IMU
LOCATION,1790429056643,29.5889830,52.4817902,,false,3.00,0.000,source=fused:fused;speedReason=OK;derived=0.08;locationGapMs=997;callbackGapMs=997;fusion=GPS_IMU
LOCATION,1790429057341,29.5889830,52.4817901,,false,3.00,0.000,source=fused:fused;speedReason=OK;derived=0.05;locationGapMs=698;callbackGapMs=698;fusion=GPS_IMU
LOCATION,1790429058695,29.5889827,52.4817897,,false,3.00,0.000,source=fused:fused;speedReason=OK;derived=0.05;locationGapMs=1354;callbackGapMs=1354;fusion=GPS_IMU
LOCATION,1790429059637,29.5889827,52.4817899,,false,3.00,0.000,source=fused:fused;speedReason=OK;derived=0.07;locationGapMs=942;callbackGapMs=942;fusion=GPS_IMU
LOCATION,1790429060628,29.5889823,52.4817902,,false,3.00,0.000,source=fused:fused;speedReason=OK;derived=0.14;locationGapMs=990;callbackGapMs=990;fusion=GPS_IMU
LOCATION,1790429061634,29.5889818,52.4817902,,false,3.00,0.000,source=fused:fused;speedReason=OK;derived=0.19;locationGapMs=1007;callbackGapMs=1007;fusion=GPS_IMU
LOCATION,1790429062624,29.5889819,52.4817903,,false,3.00,0.000,source=fused:fused;speedReason=OK;derived=0.19;locationGapMs=990;callbackGapMs=990;fusion=GPS_IMU
LOCATION,1790429063626,29.5889815,52.4817900,,false,3.00,0.000,source=fused:fused;speedReason=OK;derived=0.19;locationGapMs=1002;callbackGapMs=1002;fusion=GPS_IMU
LOCATION,1790429064711,29.5889812,52.4817899,,false,3.00,0.000,source=fused:fused;speedReason=OK;derived=0.11;locationGapMs=1085;callbackGapMs=1085;fusion=GPS_IMU
LOCATION,1790429065610,29.5889818,52.4817898,,false,3.00,0.000,source=fused:fused;speedReason=OK;derived=0.19;locationGapMs=899;callbackGapMs=899;fusion=GPS_IMU
LOCATION,1790429066636,29.5889821,52.4817897,,false,3.00,0.000,source=fused:fused;speedReason=OK;derived=0.12;locationGapMs=1027;callbackGapMs=1027;fusion=GPS_IMU
LOCATION,1790429067630,29.5889823,52.4817903,,false,3.00,0.000,source=fused:fused;speedReason=OK;derived=0.23;locationGapMs=993;callbackGapMs=993;fusion=GPS_IMU
LOCATION,1790429068636,29.5889824,52.4817906,,false,3.00,0.000,source=fused:fused;speedReason=OK;derived=0.12;locationGapMs=1006;callbackGapMs=1006;fusion=GPS_IMU
LOCATION,1790429069638,29.5889824,52.4817905,,false,3.00,0.000,source=fused:fused;speedReason=OK;derived=0.11;locationGapMs=1002;callbackGapMs=1002;fusion=GPS_IMU
LOCATION,1790429070685,29.5889823,52.4817905,,false,3.00,0.000,source=fused:fused;speedReason=OK;derived=0.04;locationGapMs=1047;callbackGapMs=1047;fusion=GPS_IMU
LOCATION,1790429071638,29.5889826,52.4817909,,false,3.00,0.000,source=fused:fused;speedReason=OK;derived=0.04;locationGapMs=953;callbackGapMs=953;fusion=GPS_IMU
LOCATION,1790429072627,29.5889821,52.4817910,,false,3.00,0.000,source=fused:fused;speedReason=OK;derived=0.19;locationGapMs=989;callbackGapMs=989;fusion=GPS_IMU
LOCATION,1790429073627,29.5889820,52.4817911,,false,3.00,0.000,source=fused:fused;speedReason=OK;derived=0.19;locationGapMs=1000;callbackGapMs=1000;fusion=GPS_IMU
LOCATION,1790429074638,29.5889822,52.4817914,,false,3.00,0.000,source=fused:fused;speedReason=OK;derived=0.13;locationGapMs=1011;callbackGapMs=1011;fusion=GPS_IMU
LOCATION,1790429075631,29.5889820,52.4817909,,false,3.00,0.000,source=fused:fused;speedReason=OK;derived=0.13;locationGapMs=993;callbackGapMs=993;fusion=GPS_IMU
LOCATION,1790429076688,29.5889820,52.4817909,,false,3.00,0.000,source=fused:fused;speedReason=OK;derived=0.13;locationGapMs=1057;callbackGapMs=1057;fusion=GPS_IMU
LOCATION,1790429077336,29.5889817,52.4817911,,false,3.00,0.000,source=fused:fused;speedReason=OK;derived=0.19;locationGapMs=648;callbackGapMs=648;fusion=GPS_IMU
LOCATION,1790429078632,29.5889818,52.4817911,,false,3.00,0.000,source=fused:fused;speedReason=OK;derived=0.03;locationGapMs=1296;callbackGapMs=1296;fusion=GPS_IMU
LOCATION,1790429079630,29.5889820,52.4817914,,false,3.00,0.000,source=fused:fused;speedReason=OK;derived=0.13;locationGapMs=998;callbackGapMs=998;fusion=GPS_IMU
LOCATION,1790429080629,29.5889819,52.4817909,,false,3.00,0.000,source=fused:fused;speedReason=OK;derived=0.13;locationGapMs=999;callbackGapMs=999;fusion=GPS_IMU
LOCATION,1790429081622,29.5889815,52.4817907,,false,3.00,0.000,source=fused:fused;speedReason=OK;derived=0.18;locationGapMs=993;callbackGapMs=993;fusion=GPS_IMU
LOCATION,1790429082634,29.5889817,52.4817908,,false,3.00,0.000,source=fused:fused;speedReason=OK;derived=0.18;locationGapMs=1012;callbackGapMs=1012;fusion=GPS_IMU
LOCATION,1790429083640,29.5889815,52.4817907,,false,3.00,0.000,source=fused:fused;speedReason=OK;derived=0.09;locationGapMs=1006;callbackGapMs=1006;fusion=GPS_IMU
LOCATION,1790429084639,29.5889811,52.4817908,,false,3.00,0.000,source=fused:fused;speedReason=OK;derived=0.09;locationGapMs=999;callbackGapMs=999;fusion=GPS_IMU
LOCATION,1790429085629,29.5889809,52.4817908,,false,3.00,0.000,source=fused:fused;speedReason=OK;derived=0.09;locationGapMs=990;callbackGapMs=990;fusion=GPS_IMU
LOCATION,1790429086633,29.5889809,52.4817906,,false,3.00,0.000,source=fused:fused;speedReason=OK;derived=0.08;locationGapMs=1004;callbackGapMs=1004;fusion=GPS_IMU
LOCATION,1790429087710,29.5889813,52.4817904,,false,3.00,0.000,source=fused:fused;speedReason=OK;derived=0.08;locationGapMs=1077;callbackGapMs=1077;fusion=GPS_IMU
LOCATION,1790429088611,29.5889808,52.4817901,,false,3.00,0.000,source=fused:fused;speedReason=OK;derived=0.16;locationGapMs=901;callbackGapMs=901;fusion=GPS_IMU
LOCATION,1790429089632,29.5889807,52.4817901,,false,3.00,0.000,source=fused:fused;speedReason=OK;derived=0.16;locationGapMs=1021;callbackGapMs=1021;fusion=GPS_IMU
LOCATION,1790429090618,29.5889808,52.4817900,,false,3.00,0.000,source=fused:fused;speedReason=OK;derived=0.05;locationGapMs=986;callbackGapMs=986;fusion=GPS_IMU
LOCATION,1790429091633,29.5889809,52.4817898,,false,3.00,0.000,source=fused:fused;speedReason=OK;derived=0.05;locationGapMs=1015;callbackGapMs=1015;fusion=GPS_IMU
LOCATION,1790429092630,29.5889776,52.4817928,,false,3.00,0.000,source=fused:fused;speedReason=OK;derived=0.08;locationGapMs=997;callbackGapMs=997;fusion=GPS_IMU
LOCATION,1790429093689,29.5889746,52.4817952,,false,3.00,0.000,source=fused:fused;speedReason=OK;derived=1.38;locationGapMs=1059;callbackGapMs=1059;fusion=GPS_IMU
LOCATION,1790429094630,29.5889723,52.4817975,,false,3.00,0.000,source=fused:fused;speedReason=OK;derived=1.38;locationGapMs=941;callbackGapMs=941;fusion=GPS_IMU
LOCATION,1790429095626,29.5889703,52.4817996,,false,3.00,0.000,source=fused:fused;speedReason=OK;derived=1.30;locationGapMs=996;callbackGapMs=996;fusion=GPS_IMU
LOCATION,1790429096624,29.5889679,52.4818012,,false,3.00,0.000,source=fused:fused;speedReason=OK;derived=1.11;locationGapMs=998;callbackGapMs=998;fusion=GPS_IMU
LOCATION,1790429097310,29.5889677,52.4818013,,false,3.00,0.000,source=fused:fused;speedReason=OK;derived=1.09;locationGapMs=686;callbackGapMs=686;fusion=GPS_IMU
LOCATION,1790429098635,29.5889636,52.4818035,,false,3.00,0.000,source=fused:fused;speedReason=OK;derived=1.11;locationGapMs=1325;callbackGapMs=1325;fusion=GPS_IMU
LOCATION,1790429099696,29.5889612,52.4818046,,false,3.00,0.000,source=fused:fused;speedReason=OK;derived=0.97;locationGapMs=1061;callbackGapMs=1061;fusion=GPS_IMU
LOCATION,1790429100636,29.5889592,52.4818053,,false,3.00,0.000,source=fused:fused;speedReason=OK;derived=0.97;locationGapMs=940;callbackGapMs=940;fusion=GPS_IMU
LOCATION,1790429101625,29.5889588,52.4818055,,false,3.00,0.000,source=fused:fused;speedReason=OK;derived=0.89;locationGapMs=989;callbackGapMs=989;fusion=GPS_IMU
LOCATION,1790429102631,29.5889569,52.4818062,,false,3.00,0.000,source=fused:fused;speedReason=OK;derived=0.79;locationGapMs=1006;callbackGapMs=1006;fusion=GPS_IMU
LOCATION,1790429103630,29.5889539,52.4818074,,false,3.00,0.000,source=fused:fused;speedReason=OK;derived=0.79;locationGapMs=999;callbackGapMs=999;fusion=GPS_IMU
LOCATION,1790429104630,29.5889529,52.4818082,,false,3.00,0.000,source=fused:fused;speedReason=OK;derived=0.79;locationGapMs=1000;callbackGapMs=1000;fusion=GPS_IMU
LOCATION,1790429105694,29.5889524,52.4818085,,false,3.00,0.000,source=fused:fused;speedReason=OK;derived=0.49;locationGapMs=1064;callbackGapMs=1064;fusion=GPS_IMU
LOCATION,1790429106629,29.5889507,52.4818100,,false,3.00,0.000,source=fused:fused;speedReason=OK;derived=0.49;locationGapMs=935;callbackGapMs=935;fusion=GPS_IMU
LOCATION,1790429107631,29.5889496,52.4818112,,false,3.00,0.000,source=fused:fused;speedReason=OK;derived=0.61;locationGapMs=1002;callbackGapMs=1002;fusion=GPS_IMU
LOCATION,1790429108625,29.5889484,52.4818127,,false,3.00,0.000,source=fused:fused;speedReason=OK;derived=0.71;locationGapMs=994;callbackGapMs=994;fusion=GPS_IMU
LOCATION,1790429109641,29.5889476,52.4818142,,false,3.00,0.000,source=fused:fused;speedReason=OK;derived=0.61;locationGapMs=1016;callbackGapMs=1016;fusion=GPS_IMU
LOCATION,1790429110640,29.5889469,52.4818156,,false,3.00,0.000,source=fused:fused;speedReason=OK;derived=0.60;locationGapMs=999;callbackGapMs=999;fusion=GPS_IMU
LOCATION,1790429111697,29.5889461,52.4818165,,false,3.00,0.000,source=fused:fused;speedReason=OK;derived=0.56;locationGapMs=1057;callbackGapMs=1057;fusion=GPS_IMU
LOCATION,1790429112625,29.5889453,52.4818183,,false,3.00,0.000,source=fused:fused;speedReason=OK;derived=0.56;locationGapMs=928;callbackGapMs=928;fusion=GPS_IMU
LOCATION,1790429113628,29.5889449,52.4818194,,false,3.00,0.000,source=fused:fused;speedReason=OK;derived=0.42;locationGapMs=1003;callbackGapMs=1003;fusion=GPS_IMU
LOCATION,1790429114627,29.5889444,52.4818206,,false,3.00,0.000,source=fused:fused;speedReason=OK;derived=0.46;locationGapMs=999;callbackGapMs=999;fusion=GPS_IMU
LOCATION,1790429115631,29.5889441,52.4818209,,false,3.00,0.000,source=fused:fused;speedReason=OK;derived=0.41;locationGapMs=1004;callbackGapMs=1004;fusion=GPS_IMU
LOCATION,1790429116628,29.5889429,52.4818231,,false,3.00,0.000,source=fused:fused;speedReason=OK;derived=0.46;locationGapMs=997;callbackGapMs=997;fusion=GPS_IMU
LOCATION,1790429117249,29.5889427,52.4818233,,false,3.00,0.000,source=fused:fused;speedReason=OK;derived=0.17;locationGapMs=621;callbackGapMs=621;fusion=GPS_IMU
LOCATION,1790429118631,29.5889413,52.4818250,,false,3.00,0.000,source=fused:fused;speedReason=OK;derived=0.59;locationGapMs=1382;callbackGapMs=1382;fusion=GPS_IMU
LOCATION,1790429119639,29.5889408,52.4818264,,false,3.00,0.000,source=fused:fused;speedReason=OK;derived=0.52;locationGapMs=1008;callbackGapMs=1008;fusion=GPS_IMU
LOCATION,1790429120629,29.5889396,52.4818275,,false,3.00,0.000,source=fused:fused;speedReason=OK;derived=0.59;locationGapMs=990;callbackGapMs=990;fusion=GPS_IMU
LOCATION,1790429121623,29.5889392,52.4818283,,false,3.00,0.000,source=fused:fused;speedReason=OK;derived=0.52;locationGapMs=994;callbackGapMs=994;fusion=GPS_IMU
LOCATION,1790429122643,29.5889385,52.4818290,,false,3.00,0.000,source=fused:fused;speedReason=OK;derived=0.36;locationGapMs=1020;callbackGapMs=1020;fusion=GPS_IMU
LOCATION,1790429123702,29.5889379,52.4818302,,false,3.00,0.000,source=fused:fused;speedReason=OK;derived=0.36;locationGapMs=1059;callbackGapMs=1059;fusion=GPS_IMU
LOCATION,1790429124637,29.5889373,52.4818312,,false,3.00,0.000,source=fused:fused;speedReason=OK;derived=0.45;locationGapMs=935;callbackGapMs=935;fusion=GPS_IMU
LOCATION,1790429125641,29.5889364,52.4818321,,false,3.00,0.000,source=fused:fused;speedReason=OK;derived=0.46;locationGapMs=1004;callbackGapMs=1004;fusion=GPS_IMU
LOCATION,1790429126630,29.5889356,52.4818328,,false,3.00,0.000,source=fused:fused;speedReason=OK;derived=0.45;locationGapMs=989;callbackGapMs=989;fusion=GPS_IMU
LOCATION,1790429127633,29.5889349,52.4818337,,false,3.00,0.000,source=fused:fused;speedReason=OK;derived=0.42;locationGapMs=1003;callbackGapMs=1003;fusion=GPS_IMU
LOCATION,1790429128620,29.5889343,52.4818348,,false,3.00,0.000,source=fused:fused;speedReason=OK;derived=0.42;locationGapMs=987;callbackGapMs=987;fusion=GPS_IMU
LOCATION,1790429129639,29.5889336,52.4818356,,false,3.00,0.000,source=fused:fused;speedReason=OK;derived=0.42;locationGapMs=1019;callbackGapMs=1019;fusion=GPS_IMU
LOCATION,1790429130475,29.5889339,52.4818354,,false,3.00,0.000,source=fused:fused;speedReason=OK;derived=0.39;locationGapMs=836;callbackGapMs=836;fusion=GPS_IMU
LOCATION,1790429131634,29.5889328,52.4818373,,false,3.00,0.000,source=fused:fused;speedReason=OK;derived=0.39;locationGapMs=1159;callbackGapMs=1159;fusion=GPS_IMU
LOCATION,1790429132631,29.5889321,52.4818384,,false,3.00,0.000,source=fused:fused;speedReason=OK;derived=0.48;locationGapMs=997;callbackGapMs=997;fusion=GPS_IMU
LOCATION,1790429133630,29.5889317,52.4818388,,false,3.00,0.000,source=fused:fused;speedReason=OK;derived=0.48;locationGapMs=999;callbackGapMs=999;fusion=GPS_IMU
LOCATION,1790429134696,29.5889314,52.4818391,,false,3.00,0.000,source=fused:fused;speedReason=OK;derived=0.21;locationGapMs=1066;callbackGapMs=1066;fusion=GPS_IMU
LOCATION,1790429135628,29.5889297,52.4818400,,false,3.00,0.000,source=fused:fused;speedReason=OK;derived=0.21;locationGapMs=933;callbackGapMs=933;fusion=GPS_IMU
LOCATION,1790429136632,29.5889291,52.4818406,,false,3.00,0.000,source=fused:fused;speedReason=OK;derived=0.32;locationGapMs=1003;callbackGapMs=1003;fusion=GPS_IMU
LOCATION,1790429137139,29.5889294,52.4818403,,false,3.00,0.000,source=fused:fused;speedReason=OK;derived=0.32;locationGapMs=506;callbackGapMs=506;fusion=GPS_IMU
LOCATION,1790429137621,29.5889289,52.4818407,,false,3.00,0.000,source=fused:fused;speedReason=OK;derived=0.32;locationGapMs=483;callbackGapMs=483;fusion=GPS_IMU
LOCATION,1790429138633,29.5889282,52.4818414,,false,3.00,0.000,source=fused:fused;speedReason=OK;derived=0.37;locationGapMs=1012;callbackGapMs=1012;fusion=GPS_IMU
LOCATION,1790429139629,29.5889274,52.4818418,,false,3.00,0.000,source=fused:fused;speedReason=OK;derived=0.37;locationGapMs=996;callbackGapMs=996;fusion=GPS_IMU
LOCATION,1790429140620,29.5889270,52.4818418,,false,3.00,0.000,source=fused:fused;speedReason=OK;derived=0.35;locationGapMs=991;callbackGapMs=991;fusion=GPS_IMU
LOCATION,1790429141631,29.5889265,52.4818423,,false,3.00,0.000,source=fused:fused;speedReason=OK;derived=0.26;locationGapMs=1011;callbackGapMs=1011;fusion=GPS_IMU
LOCATION,1790429142623,29.5889260,52.4818430,,false,3.00,0.000,source=fused:fused;speedReason=OK;derived=0.26;locationGapMs=992;callbackGapMs=992;fusion=GPS_IMU
LOCATION,1790429143627,29.5889254,52.4818436,,false,3.00,0.000,source=fused:fused;speedReason=OK;derived=0.32;locationGapMs=1003;callbackGapMs=1003;fusion=GPS_IMU
LOCATION,1790429144635,29.5889251,52.4818438,,false,3.00,0.000,source=fused:fused;speedReason=OK;derived=0.32;locationGapMs=1009;callbackGapMs=1009;fusion=GPS_IMU
LOCATION,1790429145689,29.5889246,52.4818444,,false,3.00,0.000,source=fused:fused;speedReason=OK;derived=0.27;locationGapMs=1054;callbackGapMs=1054;fusion=GPS_IMU
LOCATION,1790429146633,29.5889241,52.4818446,,false,3.00,0.000,source=fused:fused;speedReason=OK;derived=0.22;locationGapMs=944;callbackGapMs=944;fusion=GPS_IMU
LOCATION,1790429147639,29.5889240,52.4818451,,false,3.00,0.000,source=fused:fused;speedReason=OK;derived=0.22;locationGapMs=1005;callbackGapMs=1005;fusion=GPS_IMU
LOCATION,1790429148632,29.5889230,52.4818453,,false,3.00,0.000,source=fused:fused;speedReason=OK;derived=0.22;locationGapMs=994;callbackGapMs=994;fusion=GPS_IMU
LOCATION,1790429149632,29.5889229,52.4818458,,false,3.00,0.000,source=fused:fused;speedReason=OK;derived=0.18;locationGapMs=1000;callbackGapMs=1000;fusion=GPS_IMU
LOCATION,1790429150441,29.5889229,52.4818458,,false,3.00,0.000,source=fused:fused;speedReason=OK;derived=0.18;locationGapMs=809;callbackGapMs=809;fusion=GPS_IMU
LOCATION,1790429151708,29.5889222,52.4818461,,false,3.00,0.000,source=fused:fused;speedReason=OK;derived=0.18;locationGapMs=1267;callbackGapMs=1267;fusion=GPS_IMU
LOCATION,1790429152638,29.5889215,52.4818471,,false,3.00,0.000,source=fused:fused;speedReason=OK;derived=0.24;locationGapMs=930;callbackGapMs=930;fusion=GPS_IMU
LOCATION,1790429153636,29.5889209,52.4818475,,false,3.00,0.000,source=fused:fused;speedReason=OK;derived=0.28;locationGapMs=998;callbackGapMs=998;fusion=GPS_IMU
LOCATION,1790429154638,29.5889204,52.4818476,,false,3.00,0.000,source=fused:fused;speedReason=OK;derived=0.28;locationGapMs=1002;callbackGapMs=1002;fusion=GPS_IMU
LOCATION,1790429155643,29.5889200,52.4818482,,false,3.00,0.000,source=fused:fused;speedReason=OK;derived=0.26;locationGapMs=1005;callbackGapMs=1005;fusion=GPS_IMU
LOCATION,1790429156632,29.5889198,52.4818489,,false,3.00,0.000,source=fused:fused;speedReason=OK;derived=0.26;locationGapMs=989;callbackGapMs=989;fusion=GPS_IMU
LOCATION,1790429157702,29.5889200,52.4818494,,false,3.00,0.000,source=fused:fused;speedReason=OK;derived=0.26;locationGapMs=1070;callbackGapMs=1070;fusion=GPS_IMU
LOCATION,1790429158638,29.5889198,52.4818495,,false,3.00,0.000,source=fused:fused;speedReason=OK;derived=0.18;locationGapMs=936;callbackGapMs=936;fusion=GPS_IMU
LOCATION,1790429159638,29.5889199,52.4818500,,false,3.00,0.000,source=fused:fused;speedReason=OK;derived=0.18;locationGapMs=1000;callbackGapMs=1000;fusion=GPS_IMU
LOCATION,1790429160634,29.5889197,52.4818505,,false,3.00,0.000,source=fused:fused;speedReason=OK;derived=0.18;locationGapMs=996;callbackGapMs=996;fusion=GPS_IMU
LOCATION,1790429161637,29.5889193,52.4818513,,false,3.00,0.000,source=fused:fused;speedReason=OK;derived=0.19;locationGapMs=1003;callbackGapMs=1003;fusion=GPS_IMU
LOCATION,1790429162631,29.5889192,52.4818518,,false,3.00,0.000,source=fused:fused;speedReason=OK;derived=0.19;locationGapMs=994;callbackGapMs=994;fusion=GPS_IMU
LOCATION,1790429163701,29.5889190,52.4818521,,false,3.00,0.000,source=fused:fused;speedReason=OK;derived=0.18;locationGapMs=1070;callbackGapMs=1070;fusion=GPS_IMU
LOCATION,1790429164643,29.5889192,52.4818522,,false,3.00,0.000,source=fused:fused;speedReason=OK;derived=0.12;locationGapMs=942;callbackGapMs=942;fusion=GPS_IMU
LOCATION,1790429165646,29.5889194,52.4818526,,false,3.00,0.000,source=fused:fused;speedReason=OK;derived=0.12;locationGapMs=1003;callbackGapMs=1003;fusion=GPS_IMU
LOCATION,1790429166632,29.5889191,52.4818530,,false,3.00,0.000,source=fused:fused;speedReason=OK;derived=0.16;locationGapMs=986;callbackGapMs=986;fusion=GPS_IMU
LOCATION,1790429167652,29.5889187,52.4818534,,false,3.00,0.000,source=fused:fused;speedReason=OK;derived=0.19;locationGapMs=1020;callbackGapMs=1020;fusion=GPS_IMU
LOCATION,1790429168647,29.5889186,52.4818539,,false,3.00,0.000,source=fused:fused;speedReason=OK;derived=0.19;locationGapMs=994;callbackGapMs=994;fusion=GPS_IMU
LOCATION,1790429169707,29.5889184,52.4818540,,false,3.00,0.000,source=fused:fused;speedReason=OK;derived=0.18;locationGapMs=1061;callbackGapMs=1061;fusion=GPS_IMU
LOCATION,1790429170324,29.5889184,52.4818544,,false,3.00,0.000,source=fused:fused;speedReason=OK;derived=0.18;locationGapMs=617;callbackGapMs=617;fusion=GPS_IMU
LOCATION,1790429171642,29.5889182,52.4818541,,false,3.00,0.000,source=fused:fused;speedReason=OK;derived=0.10;locationGapMs=1318;callbackGapMs=1318;fusion=GPS_IMU
LOCATION,1790429172639,29.5889181,52.4818551,,false,3.00,0.000,source=fused:fused;speedReason=OK;derived=0.23;locationGapMs=997;callbackGapMs=997;fusion=GPS_IMU
LOCATION,1790429173635,29.5889178,52.4818555,,false,3.00,0.000,source=fused:fused;speedReason=OK;derived=0.18;locationGapMs=996;callbackGapMs=996;fusion=GPS_IMU
LOCATION,1790429174634,29.5889177,52.4818556,,false,3.00,0.000,source=fused:fused;speedReason=OK;derived=0.18;locationGapMs=999;callbackGapMs=999;fusion=GPS_IMU
LOCATION,1790429175632,29.5889172,52.4818573,,false,3.00,0.000,source=fused:fused;speedReason=OK;derived=0.18;locationGapMs=998;callbackGapMs=998;fusion=GPS_IMU
LOCATION,1790429176637,29.5889172,52.4818579,,false,3.00,0.000,source=fused:fused;speedReason=OK;derived=0.21;locationGapMs=1005;callbackGapMs=1005;fusion=GPS_IMU
LOCATION,1790429177634,29.5889175,52.4818575,,false,3.00,0.000,source=fused:fused;speedReason=OK;derived=0.21;locationGapMs=997;callbackGapMs=997;fusion=GPS_IMU
LOCATION,1790429178643,29.5889169,52.4818582,,false,3.00,0.000,source=fused:fused;speedReason=OK;derived=0.21;locationGapMs=1009;callbackGapMs=1009;fusion=GPS_IMU
LOCATION,1790429179641,29.5889162,52.4818585,,false,3.00,0.000,source=fused:fused;speedReason=OK;derived=0.30;locationGapMs=998;callbackGapMs=998;fusion=GPS_IMU
LOCATION,1790429180685,29.5889161,52.4818586,,false,3.00,0.000,source=fused:fused;speedReason=OK;derived=0.30;locationGapMs=1044;callbackGapMs=1044;fusion=GPS_IMU
LOCATION,1790429181643,29.5889156,52.4818603,,false,3.00,0.000,source=fused:fused;speedReason=OK;derived=0.30;locationGapMs=958;callbackGapMs=958;fusion=GPS_IMU
LOCATION,1790429182639,29.5889155,52.4818607,,false,3.00,0.000,source=fused:fused;speedReason=OK;derived=0.15;locationGapMs=996;callbackGapMs=996;fusion=GPS_IMU
LOCATION,1790429183501,29.5889158,52.4818601,,false,3.00,0.000,source=fused:fused;speedReason=OK;derived=0.28;locationGapMs=862;callbackGapMs=862;fusion=GPS_IMU
LOCATION,1790429184639,29.5889157,52.4818613,,false,3.00,0.000,source=fused:fused;speedReason=OK;derived=0.28;locationGapMs=1138;callbackGapMs=1138;fusion=GPS_IMU
LOCATION,1790429185630,29.5889156,52.4818618,,false,3.00,0.000,source=fused:fused;speedReason=OK;derived=0.28;locationGapMs=991;callbackGapMs=991;fusion=GPS_IMU
LOCATION,1790429186584,29.5889156,52.4818623,,false,3.00,0.000,source=fused:fused;speedReason=OK;derived=0.18;locationGapMs=954;callbackGapMs=954;fusion=GPS_IMU
LOCATION,1790429187583,29.5889157,52.4818627,,false,3.00,0.000,source=fused:fused;speedReason=OK;derived=0.18;locationGapMs=999;callbackGapMs=999;fusion=GPS_IMU
LOCATION,1790429188601,29.5889152,52.4818624,,false,3.00,0.000,source=fused:fused;speedReason=OK;derived=0.18;locationGapMs=1018;callbackGapMs=1018;fusion=GPS_IMU
LOCATION,1790429189635,29.5889152,52.4818621,,false,3.00,0.000,source=fused:fused;speedReason=OK;derived=0.15;locationGapMs=1033;callbackGapMs=1033;fusion=GPS_IMU
LOCATION,1790429190187,29.5889155,52.4818619,,false,3.00,0.000,source=fused:fused;speedReason=OK;derived=0.22;locationGapMs=553;callbackGapMs=553;fusion=GPS_IMU
LOCATION,1790429190616,29.5889160,52.4818620,,false,3.00,0.000,source=fused:fused;speedReason=OK;derived=0.25;locationGapMs=429;callbackGapMs=429;fusion=GPS_IMU
LOCATION,1790429191619,29.5889159,52.4818621,,false,3.00,0.000,source=fused:fused;speedReason=OK;derived=0.25;locationGapMs=1003;callbackGapMs=1003;fusion=GPS_IMU
LOCATION,1790429192625,29.5889157,52.4818624,,false,3.00,0.000,source=fused:fused;speedReason=OK;derived=0.13;locationGapMs=1006;callbackGapMs=1006;fusion=GPS_IMU
LOCATION,1790429193608,29.5889154,52.4818629,,false,3.00,0.000,source=fused:fused;speedReason=OK;derived=0.13;locationGapMs=983;callbackGapMs=983;fusion=GPS_IMU
LOCATION,1790429194630,29.5889156,52.4818635,,false,3.00,0.000,source=fused:fused;speedReason=OK;derived=0.22;locationGapMs=1022;callbackGapMs=1022;fusion=GPS_IMU
LOCATION,1790429195643,29.5889152,52.4818637,,false,3.00,0.000,source=fused:fused;speedReason=OK;derived=0.22;locationGapMs=1013;callbackGapMs=1013;fusion=GPS_IMU
LOCATION,1790429196633,29.5889148,52.4818644,,false,3.00,0.000,source=fused:fused;speedReason=OK;derived=0.22;locationGapMs=990;callbackGapMs=990;fusion=GPS_IMU
LOCATION,1790429197689,29.5889153,52.4818646,,false,3.00,0.000,source=fused:fused;speedReason=OK;derived=0.20;locationGapMs=1056;callbackGapMs=1056;fusion=GPS_IMU
LOCATION,1790429198641,29.5889153,52.4818646,,false,3.00,0.000,source=fused:fused;speedReason=OK;derived=0.20;locationGapMs=952;callbackGapMs=952;fusion=GPS_IMU
LOCATION,1790429199629,29.5889153,52.4818649,,false,3.00,0.000,source=fused:fused;speedReason=OK;derived=0.11;locationGapMs=988;callbackGapMs=988;fusion=GPS_IMU
LOCATION,1790429200690,29.5889153,52.4818648,,false,3.00,0.000,source=fused:fused;speedReason=OK;derived=0.03;locationGapMs=1061;callbackGapMs=1061;fusion=GPS_IMU
LOCATION,1790429201631,29.5889154,52.4818652,,false,3.00,0.000,source=fused:fused;speedReason=OK;derived=0.11;locationGapMs=941;callbackGapMs=941;fusion=GPS_IMU
LOCATION,1790429202628,29.5889153,52.4818653,,false,3.00,0.000,source=fused:fused;speedReason=OK;derived=0.05;locationGapMs=998;callbackGapMs=998;fusion=GPS_IMU
LOCATION,1790429203680,29.5889154,52.4818654,,false,3.00,0.000,source=fused:fused;speedReason=OK;derived=0.05;locationGapMs=1051;callbackGapMs=1051;fusion=GPS_IMU
LOCATION,1790429204637,29.5889162,52.4818653,,false,3.00,0.000,source=fused:fused;speedReason=OK;derived=0.05;locationGapMs=957;callbackGapMs=957;fusion=GPS_IMU
LOCATION,1790429205644,29.5889162,52.4818652,,false,3.00,0.000,source=fused:fused;speedReason=OK;derived=0.05;locationGapMs=1007;callbackGapMs=1007;fusion=GPS_IMU
LOCATION,1790429206638,29.5889161,52.4818656,,false,3.00,0.000,source=fused:fused;speedReason=OK;derived=0.15;locationGapMs=994;callbackGapMs=994;fusion=GPS_IMU
LOCATION,1790429207629,29.5889162,52.4818660,,false,3.00,0.000,source=fused:fused;speedReason=OK;derived=0.15;locationGapMs=992;callbackGapMs=992;fusion=GPS_IMU
LOCATION,1790429208632,29.5889158,52.4818663,,false,3.00,0.000,source=fused:fused;speedReason=OK;derived=0.15;locationGapMs=1002;callbackGapMs=1002;fusion=GPS_IMU
LOCATION,1790429209637,29.5889157,52.4818668,,false,3.00,0.000,source=fused:fused;speedReason=OK;derived=0.18;locationGapMs=1005;callbackGapMs=1005;fusion=GPS_IMU
LOCATION,1790429210144,29.5889157,52.4818668,,false,3.00,0.000,source=fused:fused;speedReason=OK;derived=0.18;locationGapMs=507;callbackGapMs=507;fusion=GPS_IMU
LOCATION,1790429210620,29.5889153,52.4818674,,false,3.00,0.000,source=fused:fused;speedReason=OK;derived=0.18;locationGapMs=476;callbackGapMs=476;fusion=GPS_IMU
LOCATION,1790429211637,29.5889149,52.4818680,,false,3.00,0.000,source=fused:fused;speedReason=OK;derived=0.26;locationGapMs=1017;callbackGapMs=1017;fusion=GPS_IMU
LOCATION,1790429212644,29.5889151,52.4818684,,false,3.00,0.000,source=fused:fused;speedReason=OK;derived=0.26;locationGapMs=1007;callbackGapMs=1007;fusion=GPS_IMU
LOCATION,1790429213628,29.5889152,52.4818685,,false,3.00,0.000,source=fused:fused;speedReason=OK;derived=0.16;locationGapMs=984;callbackGapMs=984;fusion=GPS_IMU
LOCATION,1790429214706,29.5889153,52.4818686,,false,3.00,0.000,source=fused:fused;speedReason=OK;derived=0.05;locationGapMs=1078;callbackGapMs=1078;fusion=GPS_IMU
LOCATION,1790429215645,29.5889152,52.4818689,,false,3.00,0.000,source=fused:fused;speedReason=OK;derived=0.05;locationGapMs=939;callbackGapMs=939;fusion=GPS_IMU
LOCATION,1790429216633,29.5889156,52.4818688,,false,3.00,0.000,source=fused:fused;speedReason=OK;derived=0.12;locationGapMs=988;callbackGapMs=988;fusion=GPS_IMU
LOCATION,1790429217637,29.5889167,52.4818674,,false,3.00,0.000,source=fused:fused;speedReason=OK;derived=0.17;locationGapMs=1004;callbackGapMs=1004;fusion=GPS_IMU
LOCATION,1790429218648,29.5889166,52.4818674,,false,3.00,0.000,source=fused:fused;speedReason=OK;derived=0.17;locationGapMs=1011;callbackGapMs=1011;fusion=GPS_IMU
LOCATION,1790429219614,29.5889163,52.4818672,,false,3.00,0.000,source=fused:fused;speedReason=OK;derived=0.14;locationGapMs=967;callbackGapMs=967;fusion=GPS_IMU
LOCATION,1790429220641,29.5889162,52.4818678,,false,3.00,0.000,source=fused:fused;speedReason=OK;derived=0.14;locationGapMs=1026;callbackGapMs=1026;fusion=GPS_IMU
LOCATION,1790429221708,29.5889162,52.4818676,,false,3.00,0.000,source=fused:fused;speedReason=OK;derived=0.14;locationGapMs=1067;callbackGapMs=1067;fusion=GPS_IMU
LOCATION,1790429222639,29.5889160,52.4818674,,false,3.00,0.000,source=fused:fused;speedReason=OK;derived=0.11;locationGapMs=931;callbackGapMs=931;fusion=GPS_IMU
LOCATION,1790429223325,29.5889167,52.4818665,,false,3.00,0.000,source=fused:fused;speedReason=OK;derived=0.11;locationGapMs=686;callbackGapMs=686;fusion=GPS_IMU
LOCATION,1790429223856,29.5889166,52.4818668,,false,3.00,0.000,source=fused:fused;speedReason=OK;derived=0.21;locationGapMs=531;callbackGapMs=531;fusion=GPS_IMU
LOCATION,1790429224310,29.5889166,52.4818668,,false,3.00,0.000,source=fused:fused;speedReason=OK;derived=0.21;locationGapMs=454;callbackGapMs=454;fusion=GPS_IMU
LOCATION,1790429225217,29.5889165,52.4818666,,false,3.00,0.000,source=fused:fused;speedReason=OK;derived=0.09;locationGapMs=907;callbackGapMs=907;fusion=GPS_IMU
LOCATION,1790429226035,29.5889164,52.4818663,,false,3.00,0.000,source=fused:fused;speedReason=OK;derived=0.09;locationGapMs=818;callbackGapMs=818;fusion=GPS_IMU
LOCATION,1790429226631,29.5889163,52.4818663,,false,3.00,0.000,source=fused:fused;speedReason=OK;derived=0.09;locationGapMs=595;callbackGapMs=595;fusion=GPS_IMU
LOCATION,1790429227639,29.5889158,52.4818662,,false,3.00,0.000,source=fused:fused;speedReason=OK;derived=0.14;locationGapMs=1009;callbackGapMs=1009;fusion=GPS_IMU
LOCATION,1790429228618,29.5889157,52.4818658,,false,3.00,0.000,source=fused:fused;speedReason=OK;derived=0.15;locationGapMs=979;callbackGapMs=979;fusion=GPS_IMU
LOCATION,1790429229638,29.5889152,52.4818653,,false,3.00,0.000,source=fused:fused;speedReason=OK;derived=0.20;locationGapMs=1020;callbackGapMs=1020;fusion=GPS_IMU
LOCATION,1790429230636,29.5889163,52.4818646,,false,3.00,0.000,source=fused:fused;speedReason=OK;derived=0.26;locationGapMs=998;callbackGapMs=998;fusion=GPS_IMU
LOCATION,1790429231641,29.5889160,52.4818648,,false,3.00,0.000,source=fused:fused;speedReason=OK;derived=0.26;locationGapMs=1005;callbackGapMs=1005;fusion=GPS_IMU
LOCATION,1790429232715,29.5889162,52.4818651,,false,3.00,0.000,source=fused:fused;speedReason=OK;derived=0.14;locationGapMs=1074;callbackGapMs=1074;fusion=GPS_IMU
LOCATION,1790429233643,29.5889155,52.4818653,,false,3.00,0.000,source=fused:fused;speedReason=OK;derived=0.14;locationGapMs=928;callbackGapMs=928;fusion=GPS_IMU
LOCATION,1790429234651,29.5889153,52.4818651,,false,3.00,0.000,source=fused:fused;speedReason=OK;derived=0.12;locationGapMs=1008;callbackGapMs=1008;fusion=GPS_IMU
LOCATION,1790429235640,29.5889149,52.4818658,,false,3.00,0.000,source=fused:fused;speedReason=OK;derived=0.29;locationGapMs=989;callbackGapMs=989;fusion=GPS_IMU
LOCATION,1790429236552,29.5889157,52.4818642,,false,3.00,0.000,source=fused:fused;speedReason=OK;derived=0.29;locationGapMs=912;callbackGapMs=912;fusion=GPS_IMU
LOCATION,1790429237630,29.5889151,52.4818651,,false,3.00,0.000,source=fused:fused;speedReason=OK;derived=0.37;locationGapMs=1078;callbackGapMs=1078;fusion=GPS_IMU
LOCATION,1790429238708,29.5889146,52.4818647,,false,3.00,0.000,source=fused:fused;speedReason=OK;derived=0.37;locationGapMs=1078;callbackGapMs=1078;fusion=GPS_IMU
LOCATION,1790429239641,29.5889145,52.4818651,,false,3.00,0.000,source=fused:fused;speedReason=OK;derived=0.23;locationGapMs=933;callbackGapMs=933;fusion=GPS_IMU
LOCATION,1790429240639,29.5889147,52.4818657,,false,3.00,0.000,source=fused:fused;speedReason=OK;derived=0.22;locationGapMs=998;callbackGapMs=998;fusion=GPS_IMU
LOCATION,1790429241628,29.5889147,52.4818659,,false,3.00,0.000,source=fused:fused;speedReason=OK;derived=0.16;locationGapMs=989;callbackGapMs=989;fusion=GPS_IMU
LOCATION,1790429242617,29.5889145,52.4818654,,false,3.01,0.000,source=fused:fused;speedReason=OK;derived=0.19;locationGapMs=989;callbackGapMs=989;fusion=GPS_IMU
LOCATION,1790429243073,29.5889138,52.4818658,,false,3.00,0.000,source=fused:fused;speedReason=OK;derived=0.19;locationGapMs=456;callbackGapMs=456;fusion=GPS_IMU
LOCATION,1790429243581,29.5889146,52.4818646,,false,3.00,0.000,source=fused:fused;speedReason=OK;derived=0.68;locationGapMs=508;callbackGapMs=508;fusion=GPS_IMU
LOCATION,1790429244632,29.5889144,52.4818639,,false,3.00,0.000,source=fused:fused;speedReason=OK;derived=0.68;locationGapMs=1051;callbackGapMs=1051;fusion=GPS_IMU
LOCATION,1790429245620,29.5889140,52.4818653,,false,3.00,0.000,source=fused:fused;speedReason=OK;derived=0.52;locationGapMs=988;callbackGapMs=988;fusion=GPS_IMU
LOCATION,1790429246149,29.5889136,52.4818652,,false,3.00,0.000,source=fused:fused;speedReason=OK;derived=0.31;locationGapMs=530;callbackGapMs=530;fusion=GPS_IMU
LOCATION,1790429247578,29.5889133,52.4818654,,false,3.00,0.000,source=fused:fused;speedReason=OK;derived=0.31;locationGapMs=1428;callbackGapMs=1428;fusion=GPS_IMU
LOCATION,1790429248616,29.5889132,52.4818657,,false,3.00,0.000,source=fused:fused;speedReason=OK;derived=0.11;locationGapMs=1038;callbackGapMs=1038;fusion=GPS_IMU
LOCATION,1790429249642,29.5889127,52.4818655,,false,3.02,0.000,source=fused:fused;speedReason=OK;derived=0.11;locationGapMs=1026;callbackGapMs=1026;fusion=GPS_IMU
LOCATION,1790429250594,29.5889383,52.4818616,,false,3.12,0.000,source=fused:fused;speedReason=OK;derived=0.21;locationGapMs=952;callbackGapMs=952;fusion=GPS_IMU
LOCATION,1790429251597,29.5889525,52.4818618,,false,3.29,0.000,source=fused:fused;speedReason=OK;derived=5.65;locationGapMs=1003;callbackGapMs=1003;fusion=GPS_IMU
LOCATION,1790429252600,29.5889557,52.4818622,,false,3.46,0.000,source=fused:fused;speedReason=OK;derived=5.65;locationGapMs=1003;callbackGapMs=1003;fusion=GPS_IMU
LOCATION,1790429253670,29.5889561,52.4818621,,false,3.67,0.000,source=fused:fused;speedReason=OK;derived=1.28;locationGapMs=1070;callbackGapMs=1070;fusion=GPS_IMU
LOCATION,1790429254592,29.5889559,52.4818617,,false,3.86,0.000,source=fused:fused;speedReason=OK;derived=0.17;locationGapMs=922;callbackGapMs=922;fusion=GPS_IMU
LOCATION,1790429255602,29.5889557,52.4818619,,false,4.21,0.000,source=fused:fused;speedReason=OK;derived=0.15;locationGapMs=1011;callbackGapMs=1011;fusion=GPS_IMU
LOCATION,1790429256606,29.5889622,52.4818645,,false,4.47,0.000,source=fused:fused;speedReason=OK;derived=0.17;locationGapMs=1003;callbackGapMs=1003;fusion=GPS_IMU
LOCATION,1790429257580,29.5889956,52.4818732,,false,4.26,0.000,source=fused:fused;speedReason=OK;derived=2.74;locationGapMs=974;callbackGapMs=974;fusion=GPS_IMU
LOCATION,1790429258567,29.5890131,52.4818766,,false,4.11,0.000,source=fused:fused;speedReason=OK;derived=7.18;locationGapMs=987;callbackGapMs=987;fusion=GPS_IMU
LOCATION,1790429259717,29.5890134,52.4818773,,false,3.87,0.000,source=fused:fused;speedReason=OK;derived=7.18;locationGapMs=1150;callbackGapMs=1150;fusion=GPS_IMU
LOCATION,1790429260565,29.5890267,52.4818787,,false,3.56,0.000,source=fused:fused;speedReason=OK;derived=6.29;locationGapMs=848;callbackGapMs=848;fusion=GPS_IMU
LOCATION,1790429261572,29.5890308,52.4818785,,false,3.33,0.000,source=fused:fused;speedReason=OK;derived=1.63;locationGapMs=1007;callbackGapMs=1007;fusion=GPS_IMU
LOCATION,1790429262564,29.5890342,52.4818781,,false,3.00,0.000,source=fused:fused;speedReason=OK;derived=1.63;locationGapMs=993;callbackGapMs=993;fusion=GPS_IMU
LOCATION,1790429263571,29.5890362,52.4818781,,false,3.00,0.000,source=fused:fused;speedReason=OK;derived=1.37;locationGapMs=1006;callbackGapMs=1006;fusion=GPS_IMU
LOCATION,1790429264586,29.5890372,52.4818778,,false,3.00,0.000,source=fused:fused;speedReason=OK;derived=0.79;locationGapMs=1015;callbackGapMs=1015;fusion=GPS_IMU
LOCATION,1790429265590,29.5890380,52.4818779,,false,3.00,0.000,source=fused:fused;speedReason=OK;derived=0.41;locationGapMs=1004;callbackGapMs=1004;fusion=GPS_IMU
LOCATION,1790429266493,29.5890380,52.4818775,,false,3.00,0.000,source=fused:fused;speedReason=OK;derived=0.32;locationGapMs=903;callbackGapMs=903;fusion=GPS_IMU
LOCATION,1790429267577,29.5890377,52.4818771,,false,3.00,0.000,source=fused:fused;speedReason=OK;derived=0.17;locationGapMs=1084;callbackGapMs=1084;fusion=GPS_IMU
LOCATION,1790429268592,29.5890381,52.4818773,,false,3.00,0.000,source=fused:fused;speedReason=OK;derived=0.17;locationGapMs=1015;callbackGapMs=1015;fusion=GPS_IMU
LOCATION,1790429269586,29.5890383,52.4818775,,false,3.00,0.000,source=fused:fused;speedReason=OK;derived=0.17;locationGapMs=994;callbackGapMs=994;fusion=GPS_IMU
LOCATION,1790429270609,29.5890389,52.4818776,,false,3.00,0.000,source=fused:fused;speedReason=OK;derived=0.17;locationGapMs=1023;callbackGapMs=1023;fusion=GPS_IMU
LOCATION,1790429271595,29.5890392,52.4818777,,false,3.00,0.000,source=fused:fused;speedReason=OK;derived=0.13;locationGapMs=986;callbackGapMs=986;fusion=GPS_IMU
LOCATION,1790429272589,29.5890381,52.4818789,,false,3.00,0.000,source=fused:fused;speedReason=OK;derived=0.24;locationGapMs=994;callbackGapMs=994;fusion=GPS_IMU
LOCATION,1790429273584,29.5890382,52.4818805,,false,3.00,0.000,source=fused:fused;speedReason=OK;derived=0.56;locationGapMs=995;callbackGapMs=995;fusion=GPS_IMU
LOCATION,1790429274590,29.5890372,52.4818814,,false,3.00,0.000,source=fused:fused;speedReason=OK;derived=0.56;locationGapMs=1006;callbackGapMs=1006;fusion=GPS_IMU
LOCATION,1790429275599,29.5890362,52.4818826,,false,3.00,0.000,source=fused:fused;speedReason=OK;derived=0.56;locationGapMs=1009;callbackGapMs=1009;fusion=GPS_IMU
LOCATION,1790429276591,29.5890355,52.4818840,,false,3.00,0.000,source=fused:fused;speedReason=OK;derived=0.57;locationGapMs=992;callbackGapMs=992;fusion=GPS_IMU
LOCATION,1790429277586,29.5890343,52.4818858,,false,3.00,0.000,source=fused:fused;speedReason=OK;derived=0.57;locationGapMs=995;callbackGapMs=995;fusion=GPS_IMU
LOCATION,1790429278581,29.5890329,52.4818873,,false,3.00,0.000,source=fused:fused;speedReason=OK;derived=0.77;locationGapMs=996;callbackGapMs=996;fusion=GPS_IMU
LOCATION,1790429279448,29.5890328,52.4818873,,false,3.00,0.000,source=fused:fused;speedReason=OK;derived=0.77;locationGapMs=866;callbackGapMs=866;fusion=GPS_IMU
LOCATION,1790429280592,29.5890293,52.4818901,,false,3.00,0.000,source=fused:fused;speedReason=OK;derived=0.77;locationGapMs=1145;callbackGapMs=1145;fusion=GPS_IMU
LOCATION,1790429281605,29.5890272,52.4818919,,false,3.00,0.000,source=fused:fused;speedReason=OK;derived=1.03;locationGapMs=1012;callbackGapMs=1012;fusion=GPS_IMU
LOCATION,1790429282592,29.5890252,52.4818939,,false,3.00,0.000,source=fused:fused;speedReason=OK;derived=1.07;locationGapMs=987;callbackGapMs=987;fusion=GPS_IMU
LOCATION,1790429283586,29.5890235,52.4818958,,false,3.00,0.000,source=fused:fused;speedReason=OK;derived=1.03;locationGapMs=993;callbackGapMs=993;fusion=GPS_IMU
LOCATION,1790429284586,29.5890220,52.4818974,,false,3.00,0.000,source=fused:fused;speedReason=OK;derived=0.96;locationGapMs=1001;callbackGapMs=1001;fusion=GPS_IMU
LOCATION,1790429285588,29.5890210,52.4818987,,false,3.00,0.000,source=fused:fused;speedReason=OK;derived=0.82;locationGapMs=1002;callbackGapMs=1002;fusion=GPS_IMU
LOCATION,1790429286601,29.5890203,52.4818997,,false,3.00,0.000,source=fused:fused;speedReason=OK;derived=0.60;locationGapMs=1013;callbackGapMs=1013;fusion=GPS_IMU
LOCATION,1790429287588,29.5890193,52.4819010,,false,3.00,0.000,source=fused:fused;speedReason=OK;derived=0.60;locationGapMs=988;callbackGapMs=988;fusion=GPS_IMU
LOCATION,1790429288641,29.5890185,52.4819026,,false,3.00,0.000,source=fused:fused;speedReason=OK;derived=0.61;locationGapMs=1052;callbackGapMs=1052;fusion=GPS_IMU
LOCATION,1790429289626,29.5890178,52.4819037,,false,3.00,0.000,source=fused:fused;speedReason=OK;derived=0.61;locationGapMs=985;callbackGapMs=985;fusion=GPS_IMU
LOCATION,1790429290677,29.5890176,52.4819041,,false,3.00,0.000,source=fused:fused;speedReason=OK;derived=0.48;locationGapMs=1051;callbackGapMs=1051;fusion=GPS_IMU
LOCATION,1790429291598,29.5890162,52.4819060,,false,3.00,0.000,source=fused:fused;speedReason=OK;derived=0.48;locationGapMs=921;callbackGapMs=921;fusion=GPS_IMU
LOCATION,1790429292506,29.5890160,52.4819062,,false,3.00,0.000,source=fused:fused;speedReason=OK;derived=0.15;locationGapMs=908;callbackGapMs=908;fusion=GPS_IMU
LOCATION,1790429293593,29.5890146,52.4819083,,false,3.00,0.000,source=fused:fused;speedReason=OK;derived=0.85;locationGapMs=1087;callbackGapMs=1087;fusion=GPS_IMU
LOCATION,1790429294598,29.5890057,52.4819163,,false,3.00,0.000,source=fused:fused;speedReason=OK;derived=0.85;locationGapMs=1005;callbackGapMs=1005;fusion=GPS_IMU
LOCATION,1790429295599,29.5889959,52.4819224,,false,3.08,0.000,source=fused:fused;speedReason=OK;derived=4.45;locationGapMs=1001;callbackGapMs=1001;fusion=GPS_IMU
LOCATION,1790429296604,29.5889879,52.4819273,,false,3.29,0.000,source=fused:fused;speedReason=OK;derived=4.45;locationGapMs=1005;callbackGapMs=1005;fusion=GPS_IMU
LOCATION,1790429297598,29.5889794,52.4819300,,false,3.77,0.000,source=fused:fused;speedReason=OK;derived=3.60;locationGapMs=994;callbackGapMs=994;fusion=GPS_IMU
LOCATION,1790429298598,29.5889779,52.4819276,,false,4.34,0.000,source=fused:fused;speedReason=OK;derived=3.54;locationGapMs=1000;callbackGapMs=1000;fusion=GPS_IMU
LOCATION,1790429299153,29.5889743,52.4819168,,false,4.75,0.000,source=fused:fused;speedReason=OK;derived=3.54;locationGapMs=555;callbackGapMs=555;fusion=GPS_IMU
LOCATION,1790429299595,29.5889737,52.4819168,,false,4.83,0.000,source=fused:fused;speedReason=OK;derived=1.03;locationGapMs=442;callbackGapMs=442;fusion=GPS_IMU
LOCATION,1790429300607,29.5889726,52.4819148,,false,5.15,0.000,source=fused:fused;speedReason=OK;derived=0.81;locationGapMs=1012;callbackGapMs=1012;fusion=GPS_IMU
LOCATION,1790429301615,29.5889719,52.4819144,,false,5.41,0.000,source=fused:fused;speedReason=OK;derived=0.54;locationGapMs=1008;callbackGapMs=1008;fusion=GPS_IMU
LOCATION,1790429302604,29.5889703,52.4819138,,false,5.20,0.000,source=fused:fused;speedReason=OK;derived=0.68;locationGapMs=989;callbackGapMs=989;fusion=GPS_IMU
LOCATION,1790429303602,29.5889610,52.4819157,163.906,true,5.24,3.114,source=fused:fused;speedReason=OK;derived=0.68;locationGapMs=993;callbackGapMs=993;fusion=GPS_IMU
LOCATION,1790429304607,29.5889433,52.4819211,160.671,true,5.41,4.590,source=fused:fused;speedReason=OK;derived=3.80;locationGapMs=1008;callbackGapMs=1008;fusion=GPS_IMU
LOCATION,1790429305594,29.5889258,52.4819307,158.843,true,5.73,5.222,source=fused:fused;speedReason=OK;derived=7.25;locationGapMs=987;callbackGapMs=987;fusion=GPS_IMU
LOCATION,1790429306590,29.5889075,52.4819322,160.816,true,6.30,5.574,source=fused:fused;speedReason=OK;derived=7.36;locationGapMs=995;callbackGapMs=995;fusion=GPS_IMU
LOCATION,1790429307607,29.5888850,52.4819518,150.629,true,6.65,6.185,source=fused:fused;speedReason=OK;derived=7.85;locationGapMs=1018;callbackGapMs=1018;fusion=GPS_IMU
LOCATION,1790429308598,29.5888621,52.4819544,155.815,true,7.38,6.643,source=fused:fused;speedReason=OK;derived=9.27;locationGapMs=991;callbackGapMs=991;fusion=GPS_IMU
LOCATION,1790429309600,29.5888444,52.4819302,180.231,true,7.46,6.608,source=fused:fused;speedReason=OK;derived=11.03;locationGapMs=998;callbackGapMs=998;fusion=GPS_IMU
LOCATION,1790429310616,29.5889217,52.4818050,231.000,true,6.95,6.606,source=fused:fused;speedReason=OK;derived=11.03;locationGapMs=1020;callbackGapMs=1020;fusion=GPS_IMU
LOCATION,1790429311611,29.5889050,52.4817783,224.000,true,6.18,6.624,source=fused:fused;speedReason=OK;derived=11.50;locationGapMs=996;callbackGapMs=996;fusion=GPS_IMU
LOCATION,1790429312595,29.5888767,52.4817383,220.000,true,5.69,6.661,source=fused:fused;speedReason=OK;derived=18.26;locationGapMs=983;callbackGapMs=983;fusion=GPS_IMU
LOCATION,1790429313593,29.5888333,52.4816967,220.000,true,6.99,6.712,source=fused:fused;speedReason=OK;derived=18.26;locationGapMs=998;callbackGapMs=998;fusion=GPS_IMU
LOCATION,1790429314589,29.5887867,52.4816600,219.000,true,6.36,6.824,source=fused:fused;speedReason=OK;derived=22.64;locationGapMs=996;callbackGapMs=996;fusion=GPS_IMU
LOCATION,1790429315618,29.5887400,52.4816183,217.000,true,5.34,6.994,source=fused:fused;speedReason=OK;derived=22.67;locationGapMs=1024;callbackGapMs=1024;fusion=GPS_IMU
LOCATION,1790429316651,29.5887033,52.4815633,222.000,true,5.74,7.175,source=fused:fused;speedReason=OK;derived=23.08;locationGapMs=1038;callbackGapMs=1038;fusion=GPS_IMU
LOCATION,1790429317611,29.5886517,52.4815083,221.000,true,5.72,7.368,source=fused:fused;speedReason=OK;derived=23.25;locationGapMs=959;callbackGapMs=959;fusion=GPS_IMU
LOCATION,1790429318611,29.5885933,52.4814517,222.000,true,2.68,7.630,source=fused:fused;speedReason=OK;derived=29.34;locationGapMs=999;callbackGapMs=999;fusion=GPS_IMU
LOCATION,1790429319614,29.5885333,52.4813917,220.000,true,2.66,7.888,source=fused:fused;speedReason=OK;derived=30.57;locationGapMs=1006;callbackGapMs=1006;fusion=GPS_IMU
LOCATION,1790429320603,29.5884733,52.4813317,220.000,true,2.64,8.155,source=fused:fused;speedReason=OK;derived=31.61;locationGapMs=987;callbackGapMs=987;fusion=GPS_IMU
LOCATION,1790429321614,29.5884133,52.4812717,221.000,true,2.63,8.435,source=fused:fused;speedReason=OK;derived=31.61;locationGapMs=1008;callbackGapMs=1008;fusion=GPS_IMU
LOCATION,1790429322597,29.5883567,52.4812117,220.000,true,2.62,8.652,source=fused:fused;speedReason=OK;derived=31.55;locationGapMs=986;callbackGapMs=986;fusion=GPS_IMU
LOCATION,1790429323605,29.5883017,52.4811483,225.000,true,2.60,8.868,source=fused:fused;speedReason=OK;derived=31.23;locationGapMs=1007;callbackGapMs=1007;fusion=GPS_IMU
LOCATION,1790429324600,29.5882483,52.4810883,223.000,true,2.62,9.081,source=fused:fused;speedReason=OK;derived=30.94;locationGapMs=996;callbackGapMs=996;fusion=GPS_IMU
LOCATION,1790429325607,29.5882050,52.4810250,228.000,true,2.62,9.350,source=fused:fused;speedReason=OK;derived=29.99;locationGapMs=1006;callbackGapMs=1006;fusion=GPS_IMU
LOCATION,1790429326604,29.5881650,52.4809617,232.000,true,2.63,9.567,source=fused:fused;speedReason=OK;derived=27.87;locationGapMs=998;callbackGapMs=998;fusion=GPS_IMU
LOCATION,1790429327579,29.5881317,52.4808900,239.000,true,2.65,9.745,source=fused:fused;speedReason=OK;derived=27.87;locationGapMs=974;callbackGapMs=974;fusion=GPS_IMU
LOCATION,1790429328594,29.5881017,52.4808183,246.000,true,2.65,10.031,source=fused:fused;speedReason=OK;derived=27.32;locationGapMs=1015;callbackGapMs=1015;fusion=GPS_IMU
LOCATION,1790429329602,29.5880767,52.4807400,248.000,true,2.64,10.239,source=fused:fused;speedReason=OK;derived=28.81;locationGapMs=1009;callbackGapMs=1009;fusion=GPS_IMU
LOCATION,1790429330580,29.5880600,52.4806583,255.000,true,2.63,10.368,source=fused:fused;speedReason=OK;derived=28.81;locationGapMs=979;callbackGapMs=979;fusion=GPS_IMU
LOCATION,1790429331584,29.5880617,52.4805783,264.000,true,2.67,10.461,source=fused:fused;speedReason=OK;derived=28.81;locationGapMs=1005;callbackGapMs=1005;fusion=GPS_IMU
LOCATION,1790429332589,29.5880783,52.4805033,276.000,true,2.70,10.546,source=fused:fused;speedReason=OK;derived=27.77;locationGapMs=1000;callbackGapMs=1000;fusion=GPS_IMU
LOCATION,1790429333600,29.5881183,52.4804233,288.000,true,2.76,10.695,source=fused:fused;speedReason=OK;derived=27.77;locationGapMs=1015;callbackGapMs=1015;fusion=GPS_IMU
LOCATION,1790429334597,29.5881633,52.4803433,292.000,true,3.63,10.839,source=fused:fused;speedReason=OK;derived=31.67;locationGapMs=996;callbackGapMs=996;fusion=GPS_IMU
LOCATION,1790429335598,29.5882167,52.4802483,296.000,true,3.83,10.996,source=fused:fused;speedReason=OK;derived=33.31;locationGapMs=1001;callbackGapMs=1001;fusion=GPS_IMU
LOCATION,1790429336598,29.5882883,52.4801450,304.000,true,3.83,11.261,source=fused:fused;speedReason=OK;derived=39.35;locationGapMs=1001;callbackGapMs=1001;fusion=GPS_IMU
LOCATION,1790429337599,29.5883533,52.4800367,303.000,true,3.81,11.670,source=fused:fused;speedReason=OK;derived=45.94;locationGapMs=996;callbackGapMs=996;fusion=GPS_IMU
LOCATION,1790429338579,29.5884283,52.4799250,303.000,true,3.65,12.208,source=fused:fused;speedReason=OK;derived=46.00;locationGapMs=985;callbackGapMs=985;fusion=GPS_IMU
LOCATION,1790429339574,29.5884967,52.4798200,303.000,true,2.77,12.709,source=fused:fused;speedReason=OK;derived=46.00;locationGapMs=994;callbackGapMs=994;fusion=GPS_IMU
LOCATION,1790429340590,29.5885683,52.4797100,305.000,true,2.73,13.268,source=fused:fused;speedReason=OK;derived=47.04;locationGapMs=1017;callbackGapMs=1017;fusion=GPS_IMU
LOCATION,1790429341586,29.5886367,52.4795967,306.000,true,2.70,13.778,source=fused:fused;speedReason=OK;derived=47.04;locationGapMs=996;callbackGapMs=996;fusion=GPS_IMU
LOCATION,1790429342580,29.5887133,52.4794883,308.000,true,2.67,14.192,source=fused:fused;speedReason=OK;derived=48.22;locationGapMs=994;callbackGapMs=994;fusion=GPS_IMU
LOCATION,1790429343588,29.5887917,52.4793783,307.000,true,2.62,14.664,source=fused:fused;speedReason=OK;derived=48.91;locationGapMs=1006;callbackGapMs=1006;fusion=GPS_IMU
LOCATION,1790429344576,29.5888800,52.4792650,309.000,true,2.60,15.146,source=fused:fused;speedReason=OK;derived=49.21;locationGapMs=990;callbackGapMs=990;fusion=GPS_IMU
LOCATION,1790429345595,29.5889733,52.4791500,312.000,true,2.60,15.651,source=fused:fused;speedReason=OK;derived=53.48;locationGapMs=1018;callbackGapMs=1018;fusion=GPS_IMU
LOCATION,1790429346595,29.5890733,52.4790300,312.000,true,2.60,16.291,source=fused:fused;speedReason=OK;derived=53.76;locationGapMs=1001;callbackGapMs=1001;fusion=GPS_IMU
LOCATION,1790429347587,29.5891733,52.4789083,313.000,true,2.58,16.915,source=fused:fused;speedReason=OK;derived=57.77;locationGapMs=993;callbackGapMs=993;fusion=GPS_IMU
LOCATION,1790429348564,29.5892817,52.4787817,314.000,true,2.57,17.539,source=fused:fused;speedReason=OK;derived=58.67;locationGapMs=976;callbackGapMs=976;fusion=GPS_IMU
LOCATION,1790429349590,29.5893933,52.4786533,314.000,true,2.54,18.263,source=fused:fused;speedReason=OK;derived=61.68;locationGapMs=1024;callbackGapMs=1024;fusion=GPS_IMU
LOCATION,1790429350562,29.5895100,52.4785250,316.000,true,2.53,18.995,source=fused:fused;speedReason=OK;derived=63.33;locationGapMs=974;callbackGapMs=974;fusion=GPS_IMU
LOCATION,1790429351605,29.5896283,52.4783967,317.000,true,2.50,19.666,source=fused:fused;speedReason=OK;derived=62.42;locationGapMs=1042;callbackGapMs=1042;fusion=GPS_IMU
LOCATION,1790429352587,29.5897483,52.4782733,318.000,true,2.50,20.330,source=fused:fused;speedReason=OK;derived=65.63;locationGapMs=981;callbackGapMs=981;fusion=GPS_IMU
LOCATION,1790429353584,29.5898617,52.4781550,318.000,true,2.50,20.917,source=fused:fused;speedReason=OK;derived=62.42;locationGapMs=1000;callbackGapMs=1000;fusion=GPS_IMU
LOCATION,1790429354596,29.5899750,52.4780383,318.000,true,3.46,21.415,source=fused:fused;speedReason=OK;derived=61.24;locationGapMs=1006;callbackGapMs=1006;fusion=GPS_IMU
LOCATION,1790429355606,29.5900883,52.4779233,319.000,true,3.64,21.949,source=fused:fused;speedReason=OK;derived=60.47;locationGapMs=1014;callbackGapMs=1014;fusion=GPS_IMU
LOCATION,1790429356586,29.5901983,52.4778050,319.000,true,3.49,22.475,source=fused:fused;speedReason=OK;derived=60.47;locationGapMs=980;callbackGapMs=980;fusion=GPS_IMU
LOCATION,1790429357592,29.5903117,52.4776950,321.000,true,3.67,22.987,source=fused:fused;speedReason=OK;derived=59.60;locationGapMs=1007;callbackGapMs=1007;fusion=GPS_IMU
LOCATION,1790429358564,29.5904200,52.4775767,321.000,true,3.52,23.442,source=fused:fused;speedReason=OK;derived=61.47;locationGapMs=972;callbackGapMs=972;fusion=GPS_IMU
LOCATION,1790429359600,29.5905400,52.4774683,322.000,true,2.60,23.891,source=fused:fused;speedReason=OK;derived=59.18;locationGapMs=1031;callbackGapMs=1031;fusion=GPS_IMU
LOCATION,1790429360615,29.5906717,52.4773633,325.000,true,2.60,24.346,source=fused:fused;speedReason=OK;derived=61.47;locationGapMs=1015;callbackGapMs=1015;fusion=GPS_IMU
LOCATION,1790429361598,29.5907983,52.4772583,324.000,true,2.60,24.853,source=fused:fused;speedReason=OK;derived=63.11;locationGapMs=987;callbackGapMs=987;fusion=GPS_IMU
LOCATION,1790429362599,29.5909200,52.4771517,322.000,true,2.60,25.353,source=fused:fused;speedReason=OK;derived=63.11;locationGapMs=1002;callbackGapMs=1002;fusion=GPS_IMU
LOCATION,1790429363592,29.5910467,52.4770483,324.000,true,2.60,25.836,source=fused:fused;speedReason=OK;derived=62.54;locationGapMs=993;callbackGapMs=993;fusion=GPS_IMU
LOCATION,1790429364589,29.5911767,52.4769450,325.000,true,2.60,26.267,source=fused:fused;speedReason=OK;derived=62.54;locationGapMs=997;callbackGapMs=997;fusion=GPS_IMU
LOCATION,1790429365594,29.5913000,52.4768417,325.000,true,2.60,26.853,source=fused:fused;speedReason=OK;derived=62.54;locationGapMs=1001;callbackGapMs=1001;fusion=GPS_IMU
LOCATION,1790429366598,29.5914183,52.4767450,324.000,true,2.60,27.347,source=fused:fused;speedReason=OK;derived=60.92;locationGapMs=1008;callbackGapMs=1008;fusion=GPS_IMU
LOCATION,1790429367606,29.5915400,52.4766483,325.000,true,2.60,27.872,source=fused:fused;speedReason=OK;derived=58.66;locationGapMs=1008;callbackGapMs=1008;fusion=GPS_IMU
LOCATION,1790429368598,29.5916583,52.4765500,324.000,true,2.60,28.288,source=fused:fused;speedReason=OK;derived=58.66;locationGapMs=991;callbackGapMs=991;fusion=GPS_IMU
LOCATION,1790429369588,29.5917750,52.4764583,325.000,true,2.58,28.745,source=fused:fused;speedReason=OK;derived=58.66;locationGapMs=991;callbackGapMs=991;fusion=GPS_IMU
LOCATION,1790429370601,29.5919050,52.4763583,326.000,true,2.56,29.334,source=fused:fused;speedReason=OK;derived=58.87;locationGapMs=1011;callbackGapMs=1011;fusion=GPS_IMU
LOCATION,1790429371594,29.5920467,52.4762517,324.000,true,2.52,29.870,source=fused:fused;speedReason=OK;derived=61.83;locationGapMs=995;callbackGapMs=995;fusion=GPS_IMU
LOCATION,1790429372567,29.5921900,52.4761383,325.000,true,2.48,30.475,source=fused:fused;speedReason=OK;derived=68.01;locationGapMs=969;callbackGapMs=969;fusion=GPS_IMU
LOCATION,1790429373566,29.5923217,52.4760400,327.000,true,2.43,31.012,source=fused:fused;speedReason=OK;derived=68.01;locationGapMs=1003;callbackGapMs=1003;fusion=GPS_IMU
LOCATION,1790429374571,29.5924533,52.4759400,326.000,true,2.38,31.540,source=fused:fused;speedReason=OK;derived=62.98;locationGapMs=1001;callbackGapMs=1001;fusion=GPS_IMU
LOCATION,1790429375566,29.5925950,52.4758383,328.000,true,2.33,31.882,source=fused:fused;speedReason=OK;derived=62.98;locationGapMs=998;callbackGapMs=998;fusion=GPS_IMU
LOCATION,1790429376597,29.5927267,52.4757433,327.000,true,2.28,32.321,source=fused:fused;speedReason=OK;derived=62.98;locationGapMs=1028;callbackGapMs=1028;fusion=GPS_IMU
LOCATION,1790429377600,29.5928617,52.4756483,329.000,true,2.22,32.736,source=fused:fused;speedReason=OK;derived=62.80;locationGapMs=1007;callbackGapMs=1007;fusion=GPS_IMU
LOCATION,1790429378594,29.5929883,52.4755617,330.000,true,2.20,32.984,source=fused:fused;speedReason=OK;derived=60.43;locationGapMs=995;callbackGapMs=995;fusion=GPS_IMU
LOCATION,1790429379578,29.5931033,52.4754800,329.000,true,2.20,33.205,source=fused:fused;speedReason=OK;derived=59.15;locationGapMs=981;callbackGapMs=981;fusion=GPS_IMU
LOCATION,1790429380601,29.5932150,52.4754000,330.000,true,2.22,33.425,source=fused:fused;speedReason=OK;derived=55.06;locationGapMs=1023;callbackGapMs=1023;fusion=GPS_IMU
LOCATION,1790429381584,29.5933233,52.4753217,329.000,true,2.25,33.642,source=fused:fused;speedReason=OK;derived=51.90;locationGapMs=985;callbackGapMs=985;fusion=GPS_IMU
LOCATION,1790429382583,29.5934250,52.4752550,330.000,true,2.28,33.814,source=fused:fused;speedReason=OK;derived=51.40;locationGapMs=996;callbackGapMs=996;fusion=GPS_IMU
LOCATION,1790429383597,29.5935267,52.4751950,332.000,true,2.35,33.940,source=fused:fused;speedReason=OK;derived=46.96;locationGapMs=1016;callbackGapMs=1016;fusion=GPS_IMU
LOCATION,1790429384565,29.5936200,52.4751500,338.000,true,2.40,34.028,source=fused:fused;speedReason=OK;derived=44.94;locationGapMs=968;callbackGapMs=968;fusion=GPS_IMU
LOCATION,1790429385586,29.5937183,52.4751083,339.000,true,2.45,34.077,source=fused:fused;speedReason=OK;derived=41.74;locationGapMs=1021;callbackGapMs=1021;fusion=GPS_IMU
LOCATION,1790429386577,29.5938250,52.4750683,339.000,true,2.52,34.123,source=fused:fused;speedReason=OK;derived=41.74;locationGapMs=993;callbackGapMs=993;fusion=GPS_IMU
LOCATION,1790429387605,29.5939267,52.4750267,339.000,true,2.60,34.197,source=fused:fused;speedReason=OK;derived=42.13;locationGapMs=1023;callbackGapMs=1023;fusion=GPS_IMU
LOCATION,1790429388566,29.5940250,52.4749833,341.000,true,2.60,34.301,source=fused:fused;speedReason=OK;derived=43.57;locationGapMs=965;callbackGapMs=965;fusion=GPS_IMU
LOCATION,1790429389584,29.5941400,52.4749417,342.000,true,2.60,34.443,source=fused:fused;speedReason=OK;derived=43.57;locationGapMs=1018;callbackGapMs=1018;fusion=GPS_IMU
LOCATION,1790429390602,29.5942717,52.4748950,342.000,true,2.58,34.600,source=fused:fused;speedReason=OK;derived=47.28;locationGapMs=1015;callbackGapMs=1015;fusion=GPS_IMU
LOCATION,1790429391568,29.5944050,52.4748450,339.000,true,2.57,34.782,source=fused:fused;speedReason=OK;derived=54.21;locationGapMs=970;callbackGapMs=970;fusion=GPS_IMU
LOCATION,1790429392574,29.5945400,52.4747950,341.000,true,2.53,34.986,source=fused:fused;speedReason=OK;derived=56.57;locationGapMs=1001;callbackGapMs=1001;fusion=GPS_IMU
LOCATION,1790429393571,29.5946817,52.4747633,342.000,true,2.46,35.196,source=fused:fused;speedReason=OK;derived=57.71;locationGapMs=998;callbackGapMs=998;fusion=GPS_IMU
LOCATION,1790429394594,29.5948167,52.4747317,344.000,true,2.46,35.339,source=fused:fused;speedReason=OK;derived=56.57;locationGapMs=1026;callbackGapMs=1026;fusion=GPS_IMU
LOCATION,1790429395562,29.5949467,52.4747100,346.000,true,2.43,35.522,source=fused:fused;speedReason=OK;derived=54.16;locationGapMs=968;callbackGapMs=968;fusion=GPS_IMU
LOCATION,1790429396600,29.5950650,52.4746733,345.000,true,3.86,35.693,source=fused:fused;speedReason=OK;derived=53.59;locationGapMs=1036;callbackGapMs=1036;fusion=GPS_IMU
LOCATION,1790429397591,29.5951800,52.4746300,343.000,true,3.84,35.818,source=fused:fused;speedReason=OK;derived=48.70;locationGapMs=992;callbackGapMs=992;fusion=GPS_IMU
LOCATION,1790429398586,29.5953000,52.4745833,343.000,true,3.84,35.954,source=fused:fused;speedReason=OK;derived=48.70;locationGapMs=990;callbackGapMs=990;fusion=GPS_IMU
LOCATION,1790429399585,29.5954133,52.4745400,342.000,true,3.64,36.116,source=fused:fused;speedReason=OK;derived=48.70;locationGapMs=1004;callbackGapMs=1004;fusion=GPS_IMU
LOCATION,1790429400575,29.5955467,52.4744967,344.000,true,3.84,36.248,source=fused:fused;speedReason=OK;derived=51.09;locationGapMs=991;callbackGapMs=991;fusion=GPS_IMU
LOCATION,1790429401845,29.5956783,52.4744517,343.000,true,2.38,36.448,source=fused:fused;speedReason=OK;derived=54.54;locationGapMs=1005;callbackGapMs=1005;fusion=GPS_IMU
LOCATION,1790429402577,29.5958133,52.4744033,343.000,true,2.40,36.619,source=fused:fused;speedReason=OK;derived=55.84;locationGapMs=995;callbackGapMs=995;fusion=GPS_IMU
LOCATION,1790429403568,29.5959450,52.4743533,343.000,true,2.43,36.740,source=fused:fused;speedReason=OK;derived=55.82;locationGapMs=992;callbackGapMs=992;fusion=GPS_IMU
LOCATION,1790429404573,29.5960783,52.4743083,343.000,true,2.48,36.833,source=fused:fused;speedReason=OK;derived=55.82;locationGapMs=1003;callbackGapMs=1003;fusion=GPS_IMU
LOCATION,1790429405569,29.5962033,52.4742600,342.000,true,2.55,36.910,source=fused:fused;speedReason=OK;derived=55.29;locationGapMs=997;callbackGapMs=997;fusion=GPS_IMU
LOCATION,1790429406569,29.5963300,52.4742167,344.000,true,2.63,37.003,source=fused:fused;speedReason=OK;derived=52.87;locationGapMs=998;callbackGapMs=998;fusion=GPS_IMU
LOCATION,1790429407840,29.5964583,52.4741817,344.000,true,2.70,37.119,source=fused:fused;speedReason=OK;derived=52.81;locationGapMs=1010;callbackGapMs=1010;fusion=GPS_IMU
LOCATION,1790429408591,29.5965817,52.4741433,341.000,true,2.80,37.236,source=fused:fused;speedReason=OK;derived=52.11;locationGapMs=1015;callbackGapMs=1015;fusion=GPS_IMU
LOCATION,1790429409593,29.5967017,52.4740950,346.000,true,2.84,37.358,source=fused:fused;speedReason=OK;derived=50.76;locationGapMs=1000;callbackGapMs=1000;fusion=GPS_IMU
LOCATION,1790429410576,29.5968300,52.4740533,343.000,true,2.86,37.461,source=fused:fused;speedReason=OK;derived=50.76;locationGapMs=983;callbackGapMs=983;fusion=GPS_IMU
LOCATION,1790429411569,29.5969567,52.4740100,343.000,true,2.90,37.557,source=fused:fused;speedReason=OK;derived=52.98;locationGapMs=996;callbackGapMs=996;fusion=GPS_IMU
LOCATION,1790429412563,29.5970833,52.4739667,342.000,true,2.93,37.633,source=fused:fused;speedReason=OK;derived=53.05;locationGapMs=994;callbackGapMs=994;fusion=GPS_IMU
LOCATION,1790429413863,29.5972033,52.4739283,341.000,true,3.00,37.707,source=fused:fused;speedReason=OK;derived=52.98;locationGapMs=1032;callbackGapMs=1032;fusion=GPS_IMU
LOCATION,1790429414569,29.5973283,52.4738850,340.000,true,3.03,37.765,source=fused:fused;speedReason=OK;derived=53.05;locationGapMs=972;callbackGapMs=972;fusion=GPS_IMU
LOCATION,1790429415572,29.5974550,52.4738350,341.000,true,3.08,37.827,source=fused:fused;speedReason=OK;derived=53.37;locationGapMs=1002;callbackGapMs=1002;fusion=GPS_IMU
LOCATION,1790429416568,29.5975867,52.4737900,343.000,true,3.13,37.920,source=fused:fused;speedReason=OK;derived=53.62;locationGapMs=998;callbackGapMs=998;fusion=GPS_IMU
LOCATION,1790429417869,29.5977250,52.4737567,343.000,true,3.16,38.120,source=fused:fused;speedReason=OK;derived=54.96;locationGapMs=1017;callbackGapMs=1017;fusion=GPS_IMU
LOCATION,1790429419569,29.5979983,52.4736833,348.000,true,3.15,38.237,source=fused:fused;speedReason=OK;derived=55.45;locationGapMs=1985;callbackGapMs=1985;fusion=GPS_IMU
LOCATION,1790429420852,29.5981083,52.4735567,341.000,true,3.05,38.397,source=fused:fused;speedReason=OK;derived=56.43;locationGapMs=1016;callbackGapMs=1016;fusion=GPS_IMU
LOCATION,1790429421592,29.5982400,52.4734817,342.000,true,2.90,38.559,source=fused:fused;speedReason=OK;derived=58.35;locationGapMs=1006;callbackGapMs=1006;fusion=GPS_IMU
LOCATION,1790429422877,29.5983800,52.4734350,343.000,true,2.75,38.719,source=fused:fused;speedReason=OK;derived=58.35;locationGapMs=1004;callbackGapMs=1004;fusion=GPS_IMU
LOCATION,1790429423595,29.5985317,52.4734033,346.000,true,2.68,38.910,source=fused:fused;speedReason=OK;derived=58.35;locationGapMs=999;callbackGapMs=999;fusion=GPS_IMU
LOCATION,1790429424880,29.5986850,52.4733683,346.000,true,2.52,39.127,source=fused:fused;speedReason=OK;derived=61.60;locationGapMs=1000;callbackGapMs=1000;fusion=GPS_IMU
LOCATION,1790429425604,29.5988400,52.4733450,345.000,true,2.42,39.364,source=fused:fused;speedReason=OK;derived=62.13;locationGapMs=1004;callbackGapMs=1004;fusion=GPS_IMU
LOCATION,1790429426862,29.5990000,52.4733133,346.000,true,2.36,39.672,source=fused:fused;speedReason=OK;derived=62.38;locationGapMs=988;callbackGapMs=988;fusion=GPS_IMU
LOCATION,1790429427622,29.5991517,52.4732833,345.000,true,2.30,39.974,source=fused:fused;speedReason=OK;derived=62.13;locationGapMs=1022;callbackGapMs=1022;fusion=GPS_IMU
LOCATION,1790429428889,29.5993000,52.4732417,345.000,true,2.26,40.228,source=fused:fused;speedReason=OK;derived=60.99;locationGapMs=999;callbackGapMs=999;fusion=GPS_IMU
LOCATION,1790429429590,29.5994417,52.4732083,346.000,true,2.24,40.480,source=fused:fused;speedReason=OK;derived=60.11;locationGapMs=984;callbackGapMs=984;fusion=GPS_IMU
LOCATION,1790429430859,29.5995783,52.4731733,342.000,true,2.23,40.707,source=fused:fused;speedReason=OK;derived=58.67;locationGapMs=1003;callbackGapMs=1003;fusion=GPS_IMU
LOCATION,1790429431594,29.5997083,52.4731400,346.000,true,2.18,40.917,source=fused:fused;speedReason=OK;derived=55.69;locationGapMs=997;callbackGapMs=997;fusion=GPS_IMU
LOCATION,1790429432882,29.5998417,52.4731050,345.000,true,2.17,41.149,source=fused:fused;speedReason=OK;derived=54.89;locationGapMs=995;callbackGapMs=995;fusion=GPS_IMU
LOCATION,1790429433616,29.5999800,52.4730667,345.000,true,2.14,41.377,source=fused:fused;speedReason=OK;derived=54.89;locationGapMs=1028;callbackGapMs=1028;fusion=GPS_IMU
LOCATION,1790429434886,29.6001200,52.4730283,345.000,true,2.12,41.593,source=fused:fused;speedReason=OK;derived=55.23;locationGapMs=991;callbackGapMs=991;fusion=GPS_IMU
LOCATION,1790429435620,29.6002550,52.4729900,343.000,true,2.10,41.831,source=fused:fused;speedReason=OK;derived=55.23;locationGapMs=1011;callbackGapMs=1011;fusion=GPS_IMU
LOCATION,1790429436589,29.6003900,52.4729467,343.000,true,2.10,42.015,source=fused:fused;speedReason=OK;derived=57.56;locationGapMs=972;callbackGapMs=972;fusion=GPS_IMU
LOCATION,1790429437575,29.6005183,52.4729033,342.000,true,2.10,42.197,source=fused:fused;speedReason=OK;derived=54.90;locationGapMs=984;callbackGapMs=984;fusion=GPS_IMU
LOCATION,1790429438576,29.6006483,52.4728633,344.000,true,2.10,42.420,source=fused:fused;speedReason=OK;derived=54.26;locationGapMs=1000;callbackGapMs=1000;fusion=GPS_IMU
LOCATION,1790429439579,29.6007717,52.4728283,344.000,true,2.10,42.561,source=fused:fused;speedReason=OK;derived=53.72;locationGapMs=1003;callbackGapMs=1003;fusion=GPS_IMU
LOCATION,1790429440581,29.6008950,52.4728050,349.000,true,2.12,42.678,source=fused:fused;speedReason=OK;derived=50.58;locationGapMs=1005;callbackGapMs=1005;fusion=GPS_IMU
LOCATION,1790429441586,29.6010250,52.4727817,348.000,true,2.13,42.805,source=fused:fused;speedReason=OK;derived=50.58;locationGapMs=1006;callbackGapMs=1006;fusion=GPS_IMU
LOCATION,1790429442584,29.6011533,52.4727500,348.000,true,2.16,42.943,source=fused:fused;speedReason=OK;derived=52.20;locationGapMs=996;callbackGapMs=996;fusion=GPS_IMU
LOCATION,1790429443580,29.6012717,52.4727200,347.000,true,2.18,43.018,source=fused:fused;speedReason=OK;derived=52.20;locationGapMs=996;callbackGapMs=996;fusion=GPS_IMU
LOCATION,1790429444573,29.6013800,52.4726883,346.000,true,2.18,43.101,source=fused:fused;speedReason=OK;derived=48.59;locationGapMs=993;callbackGapMs=993;fusion=GPS_IMU
LOCATION,1790429445597,29.6014950,52.4726550,347.000,true,2.22,43.172,source=fused:fused;speedReason=OK;derived=46.55;locationGapMs=1017;callbackGapMs=1017;fusion=GPS_IMU
LOCATION,1790429446583,29.6016083,52.4726233,344.000,true,2.24,43.231,source=fused:fused;speedReason=OK;derived=46.55;locationGapMs=995;callbackGapMs=995;fusion=GPS_IMU
LOCATION,1790429447574,29.6017267,52.4725867,345.000,true,2.27,43.308,source=fused:fused;speedReason=OK;derived=46.78;locationGapMs=991;callbackGapMs=991;fusion=GPS_IMU
LOCATION,1790429448596,29.6018467,52.4725483,343.000,true,2.30,43.409,source=fused:fused;speedReason=OK;derived=48.99;locationGapMs=1015;callbackGapMs=1015;fusion=GPS_IMU
LOCATION,1790429449590,29.6019800,52.4725100,347.000,true,2.32,43.520,source=fused:fused;speedReason=OK;derived=49.38;locationGapMs=999;callbackGapMs=999;fusion=GPS_IMU
LOCATION,1790429450588,29.6021217,52.4724683,346.000,true,2.30,43.705,source=fused:fused;speedReason=OK;derived=54.90;locationGapMs=999;callbackGapMs=999;fusion=GPS_IMU
LOCATION,1790429451595,29.6022567,52.4724317,347.000,true,2.30,43.898,source=fused:fused;speedReason=OK;derived=55.09;locationGapMs=1005;callbackGapMs=1005;fusion=GPS_IMU
LOCATION,1790429452583,29.6023933,52.4723983,347.000,true,2.28,44.074,source=fused:fused;speedReason=OK;derived=56.25;locationGapMs=991;callbackGapMs=991;fusion=GPS_IMU
LOCATION,1790429453668,29.6025317,52.4723683,349.000,true,2.28,44.248,source=fused:fused;speedReason=OK;derived=55.09;locationGapMs=1078;callbackGapMs=1078;fusion=GPS_IMU
LOCATION,1790429454571,29.6026650,52.4723367,346.000,true,2.30,44.409,source=fused:fused;speedReason=OK;derived=56.25;locationGapMs=910;callbackGapMs=910;fusion=GPS_IMU
LOCATION,1790429455568,29.6027983,52.4722967,345.000,true,2.32,44.547,source=fused:fused;speedReason=OK;derived=55.21;locationGapMs=996;callbackGapMs=996;fusion=GPS_IMU
LOCATION,1790429456590,29.6029383,52.4722467,344.000,true,2.33,44.684,source=fused:fused;speedReason=OK;derived=57.26;locationGapMs=1022;callbackGapMs=1022;fusion=GPS_IMU
LOCATION,1790429457591,29.6030767,52.4721883,340.000,true,2.34,44.850,source=fused:fused;speedReason=OK;derived=57.26;locationGapMs=996;callbackGapMs=996;fusion=GPS_IMU
LOCATION,1790429458587,29.6032167,52.4721333,343.000,true,2.32,45.032,source=fused:fused;speedReason=OK;derived=58.95;locationGapMs=1002;callbackGapMs=1002;fusion=GPS_IMU
LOCATION,1790429459594,29.6033483,52.4720817,339.000,true,2.28,45.186,source=fused:fused;speedReason=OK;derived=58.95;locationGapMs=1003;callbackGapMs=1003;fusion=GPS_IMU
LOCATION,1790429460592,29.6034800,52.4720233,337.000,true,2.24,45.331,source=fused:fused;speedReason=OK;derived=56.31;locationGapMs=1001;callbackGapMs=1001;fusion=GPS_IMU
LOCATION,1790429461604,29.6036233,52.4719583,338.000,true,2.22,45.461,source=fused:fused;speedReason=OK;derived=56.31;locationGapMs=1012;callbackGapMs=1012;fusion=GPS_IMU
LOCATION,1790429462852,29.6037700,52.4718883,336.000,true,2.20,45.622,source=fused:fused;speedReason=OK;derived=60.78;locationGapMs=989;callbackGapMs=989;fusion=GPS_IMU
LOCATION,1790429463579,29.6039083,52.4718150,332.000,true,2.20,45.766,source=fused:fused;speedReason=OK;derived=61.68;locationGapMs=986;callbackGapMs=986;fusion=GPS_IMU
LOCATION,1790429464569,29.6040333,52.4717250,329.000,true,2.20,45.923,source=fused:fused;speedReason=OK;derived=61.68;locationGapMs=987;callbackGapMs=987;fusion=GPS_IMU
LOCATION,1790429465572,29.6041517,52.4716433,331.000,true,2.20,46.081,source=fused:fused;speedReason=OK;derived=59.71;locationGapMs=998;callbackGapMs=998;fusion=GPS_IMU
LOCATION,1790429466596,29.6042650,52.4715617,327.000,true,2.22,46.208,source=fused:fused;speedReason=OK;derived=55.28;locationGapMs=1031;callbackGapMs=1031;fusion=GPS_IMU
LOCATION,1790429467583,29.6043700,52.4714717,327.000,true,2.23,46.298,source=fused:fused;speedReason=OK;derived=53.04;locationGapMs=987;callbackGapMs=987;fusion=GPS_IMU
LOCATION,1790429468846,29.6044817,52.4713883,325.000,true,2.26,46.371,source=fused:fused;speedReason=OK;derived=52.85;locationGapMs=1007;callbackGapMs=1007;fusion=GPS_IMU
LOCATION,1790429469597,29.6045917,52.4713083,324.000,true,2.26,46.462,source=fused:fused;speedReason=OK;derived=52.85;locationGapMs=1007;callbackGapMs=1007;fusion=GPS_IMU
LOCATION,1790429470571,29.6047050,52.4712200,323.000,true,2.26,46.558,source=fused:fused;speedReason=OK;derived=52.85;locationGapMs=970;callbackGapMs=970;fusion=GPS_IMU
LOCATION,1790429471566,29.6048083,52.4711150,319.000,true,2.27,46.671,source=fused:fused;speedReason=OK;derived=55.14;locationGapMs=1000;callbackGapMs=1000;fusion=GPS_IMU
LOCATION,1790429472830,29.6049083,52.4710100,317.000,true,2.27,46.820,source=fused:fused;speedReason=OK;derived=55.14;locationGapMs=999;callbackGapMs=999;fusion=GPS_IMU
LOCATION,1790429473597,29.6050100,52.4709017,316.000,true,2.26,46.944,source=fused:fused;speedReason=OK;derived=54.21;locationGapMs=1033;callbackGapMs=1033;fusion=GPS_IMU
LOCATION,1790429474594,29.6051100,52.4707883,314.000,true,2.28,47.070,source=fused:fused;speedReason=OK;derived=54.21;locationGapMs=995;callbackGapMs=995;fusion=GPS_IMU
LOCATION,1790429475864,29.6051900,52.4706650,310.000,true,2.30,47.184,source=fused:fused;speedReason=OK;derived=53.82;locationGapMs=995;callbackGapMs=995;fusion=GPS_IMU
LOCATION,1790429476581,29.6052900,52.4705400,311.000,true,2.30,47.297,source=fused:fused;speedReason=OK;derived=56.46;locationGapMs=993;callbackGapMs=993;fusion=GPS_IMU
LOCATION,1790429477592,29.6053883,52.4704117,309.000,true,2.30,47.391,source=fused:fused;speedReason=OK;derived=58.80;locationGapMs=1012;callbackGapMs=1012;fusion=GPS_IMU
LOCATION,1790429478872,29.6054783,52.4702800,308.000,true,3.40,47.495,source=fused:fused;speedReason=OK;derived=58.80;locationGapMs=1001;callbackGapMs=1001;fusion=GPS_IMU
LOCATION,1790429479570,29.6055467,52.4701417,306.000,true,3.40,47.618,source=fused:fused;speedReason=OK;derived=58.24;locationGapMs=978;callbackGapMs=978;fusion=GPS_IMU
LOCATION,1790429480872,29.6056317,52.4700083,305.000,true,3.60,47.729,source=fused:fused;speedReason=OK;derived=56.66;locationGapMs=1037;callbackGapMs=1037;fusion=GPS_IMU
LOCATION,1790429481589,29.6057217,52.4698617,302.000,true,3.60,47.838,source=fused:fused;speedReason=OK;derived=56.66;locationGapMs=980;callbackGapMs=980;fusion=GPS_IMU
LOCATION,1790429482856,29.6058117,52.4697133,303.000,true,3.42,48.031,source=fused:fused;speedReason=OK;derived=63.05;locationGapMs=999;callbackGapMs=999;fusion=GPS_IMU
LOCATION,1790429483596,29.6058983,52.4695767,305.000,true,2.32,48.187,source=fused:fused;speedReason=OK;derived=63.05;locationGapMs=1008;callbackGapMs=1008;fusion=GPS_IMU
LOCATION,1790429484869,29.6059767,52.4694300,299.000,true,2.32,48.278,source=fused:fused;speedReason=OK;derived=60.21;locationGapMs=996;callbackGapMs=996;fusion=GPS_IMU
LOCATION,1790429485597,29.6060500,52.4692833,301.000,true,2.32,48.351,source=fused:fused;speedReason=OK;derived=58.64;locationGapMs=1005;callbackGapMs=1005;fusion=GPS_IMU
LOCATION,1790429486870,29.6061167,52.4691250,296.000,true,2.32,48.435,source=fused:fused;speedReason=OK;derived=60.21;locationGapMs=999;callbackGapMs=999;fusion=GPS_IMU
LOCATION,1790429487614,29.6061783,52.4689700,295.000,true,2.36,48.513,source=fused:fused;speedReason=OK;derived=58.64;locationGapMs=1018;callbackGapMs=1018;fusion=GPS_IMU
LOCATION,1790429488897,29.6062217,52.4688050,291.000,true,2.37,48.602,source=fused:fused;speedReason=OK;derived=61.31;locationGapMs=980;callbackGapMs=980;fusion=GPS_IMU
LOCATION,1790429489586,29.6062783,52.4686283,291.000,true,2.38,48.685,source=fused:fused;speedReason=OK;derived=61.31;locationGapMs=993;callbackGapMs=993;fusion=GPS_IMU
LOCATION,1790429490851,29.6063317,52.4684733,293.000,true,2.40,48.773,source=fused:fused;speedReason=OK;derived=61.31;locationGapMs=1004;callbackGapMs=1004;fusion=GPS_IMU
LOCATION,1790429491588,29.6063850,52.4683033,290.000,true,2.43,48.883,source=fused:fused;speedReason=OK;derived=63.17;locationGapMs=997;callbackGapMs=997;fusion=GPS_IMU
LOCATION,1790429492601,29.6064383,52.4681333,289.000,true,2.47,48.993,source=fused:fused;speedReason=OK;derived=62.48;locationGapMs=1008;callbackGapMs=1008;fusion=GPS_IMU
LOCATION,1790429493586,29.6064967,52.4679717,291.000,true,2.48,49.075,source=fused:fused;speedReason=OK;derived=62.48;locationGapMs=991;callbackGapMs=991;fusion=GPS_IMU
LOCATION,1790429494611,29.6065517,52.4678200,290.000,true,2.54,49.160,source=fused:fused;speedReason=OK;derived=61.53;locationGapMs=1023;callbackGapMs=1023;fusion=GPS_IMU
LOCATION,1790429495596,29.6066100,52.4676667,291.000,true,2.58,49.236,source=fused:fused;speedReason=OK;derived=59.13;locationGapMs=986;callbackGapMs=986;fusion=GPS_IMU
LOCATION,1790429496594,29.6066717,52.4674983,292.000,true,2.60,49.311,source=fused:fused;speedReason=OK;derived=59.13;locationGapMs=999;callbackGapMs=999;fusion=GPS_IMU
LOCATION,1790429497591,29.6067533,52.4673300,294.000,true,2.58,49.424,source=fused:fused;speedReason=OK;derived=63.74;locationGapMs=996;callbackGapMs=996;fusion=GPS_IMU
LOCATION,1790429498597,29.6068250,52.4671633,291.000,true,2.54,49.564,source=fused:fused;speedReason=OK;derived=64.79;locationGapMs=1000;callbackGapMs=1000;fusion=GPS_IMU
LOCATION,1790429499589,29.6068867,52.4669917,291.000,true,2.50,49.721,source=fused:fused;speedReason=OK;derived=64.84;locationGapMs=998;callbackGapMs=998;fusion=GPS_IMU
LOCATION,1790429500579,29.6069567,52.4668250,294.000,true,2.45,49.911,source=fused:fused;speedReason=OK;derived=64.84;locationGapMs=991;callbackGapMs=991;fusion=GPS_IMU
LOCATION,1790429501583,29.6070300,52.4666500,292.000,true,2.38,50.129,source=fused:fused;speedReason=OK;derived=65.08;locationGapMs=1004;callbackGapMs=1004;fusion=GPS_IMU
LOCATION,1790429502585,29.6070850,52.4664800,290.000,true,2.28,50.305,source=fused:fused;speedReason=OK;derived=65.08;locationGapMs=1001;callbackGapMs=1001;fusion=GPS_IMU
LOCATION,1790429503587,29.6071450,52.4663083,292.000,true,2.24,50.574,source=fused:fused;speedReason=OK;derived=64.29;locationGapMs=1003;callbackGapMs=1003;fusion=GPS_IMU
LOCATION,1790429504600,29.6072100,52.4661350,290.000,true,2.22,50.846,source=fused:fused;speedReason=OK;derived=64.29;locationGapMs=1008;callbackGapMs=1008;fusion=GPS_IMU
LOCATION,1790429505594,29.6072683,52.4659517,291.000,true,2.20,51.089,source=fused:fused;speedReason=OK;derived=65.24;locationGapMs=999;callbackGapMs=999;fusion=GPS_IMU
LOCATION,1790429506590,29.6073300,52.4657683,293.000,true,2.22,51.305,source=fused:fused;speedReason=OK;derived=68.09;locationGapMs=996;callbackGapMs=996;fusion=GPS_IMU
LOCATION,1790429507593,29.6074033,52.4655833,293.000,true,2.22,51.504,source=fused:fused;speedReason=OK;derived=68.80;locationGapMs=1002;callbackGapMs=1002;fusion=GPS_IMU
LOCATION,1790429508596,29.6074750,52.4653950,293.000,true,2.22,51.720,source=fused:fused;speedReason=OK;derived=70.69;locationGapMs=1003;callbackGapMs=1003;fusion=GPS_IMU
LOCATION,1790429509612,29.6075517,52.4652050,294.000,true,2.22,51.968,source=fused:fused;speedReason=OK;derived=71.41;locationGapMs=1008;callbackGapMs=1008;fusion=GPS_IMU
LOCATION,1790429510586,29.6076250,52.4650233,295.000,true,2.22,52.241,source=fused:fused;speedReason=OK;derived=71.41;locationGapMs=983;callbackGapMs=983;fusion=GPS_IMU
LOCATION,1790429511599,29.6077033,52.4648500,297.000,true,2.20,52.462,source=fused:fused;speedReason=OK;derived=70.99;locationGapMs=1013;callbackGapMs=1013;fusion=GPS_IMU
LOCATION,1790429512589,29.6077817,52.4646750,296.000,true,2.20,52.732,source=fused:fused;speedReason=OK;derived=69.27;locationGapMs=990;callbackGapMs=990;fusion=GPS_IMU
LOCATION,1790429513594,29.6078533,52.4645033,296.000,true,2.18,52.979,source=fused:fused;speedReason=OK;derived=67.16;locationGapMs=1004;callbackGapMs=1004;fusion=GPS_IMU
LOCATION,1790429514587,29.6079250,52.4643317,296.000,true,2.17,53.225,source=fused:fused;speedReason=OK;derived=66.79;locationGapMs=993;callbackGapMs=993;fusion=GPS_IMU
LOCATION,1790429515594,29.6079983,52.4641633,298.000,true,2.15,53.424,source=fused:fused;speedReason=OK;derived=66.08;locationGapMs=998;callbackGapMs=998;fusion=GPS_IMU
LOCATION,1790429516579,29.6080717,52.4639917,296.000,true,2.13,53.612,source=fused:fused;speedReason=OK;derived=66.79;locationGapMs=994;callbackGapMs=994;fusion=GPS_IMU
LOCATION,1790429517607,29.6081467,52.4638167,297.000,true,2.12,53.845,source=fused:fused;speedReason=OK;derived=66.05;locationGapMs=1029;callbackGapMs=1029;fusion=GPS_IMU
LOCATION,1790429518595,29.6082267,52.4636300,297.000,true,2.12,54.081,source=fused:fused;speedReason=OK;derived=67.02;locationGapMs=987;callbackGapMs=987;fusion=GPS_IMU
LOCATION,1790429519579,29.6083067,52.4634433,297.000,true,2.12,54.457,source=fused:fused;speedReason=OK;derived=73.46;locationGapMs=984;callbackGapMs=984;fusion=GPS_IMU
LOCATION,1790429520601,29.6083867,52.4632717,299.000,true,2.12,54.777,source=fused:fused;speedReason=OK;derived=73.46;locationGapMs=1012;callbackGapMs=1012;fusion=GPS_IMU
LOCATION,1790429521567,29.6084733,52.4631000,300.000,true,2.12,55.129,source=fused:fused;speedReason=OK;derived=70.90;locationGapMs=975;callbackGapMs=975;fusion=GPS_IMU
LOCATION,1790429522563,29.6085600,52.4629350,303.000,true,2.12,55.362,source=fused:fused;speedReason=OK;derived=67.34;locationGapMs=997;callbackGapMs=997;fusion=GPS_IMU
LOCATION,1790429523563,29.6086483,52.4627750,302.000,true,2.10,55.576,source=fused:fused;speedReason=OK;derived=67.34;locationGapMs=999;callbackGapMs=999;fusion=GPS_IMU
LOCATION,1790429524592,29.6087383,52.4626117,302.000,true,2.12,55.785,source=fused:fused;speedReason=OK;derived=66.05;locationGapMs=1031;callbackGapMs=1031;fusion=GPS_IMU
LOCATION,1790429525586,29.6088283,52.4624483,302.000,true,2.13,56.031,source=fused:fused;speedReason=OK;derived=66.05;locationGapMs=992;callbackGapMs=992;fusion=GPS_IMU
LOCATION,1790429526602,29.6089250,52.4622917,304.000,true,2.16,56.272,source=fused:fused;speedReason=OK;derived=66.14;locationGapMs=1011;callbackGapMs=1011;fusion=GPS_IMU
LOCATION,1790429527567,29.6090250,52.4621367,306.000,true,2.18,56.541,source=fused:fused;speedReason=OK;derived=67.90;locationGapMs=971;callbackGapMs=971;fusion=GPS_IMU
LOCATION,1790429528567,29.6091317,52.4619833,309.000,true,2.18,56.760,source=fused:fused;speedReason=OK;derived=68.30;locationGapMs=1001;callbackGapMs=1001;fusion=GPS_IMU
LOCATION,1790429529596,29.6092383,52.4618350,310.000,true,2.17,57.013,source=fused:fused;speedReason=OK;derived=68.30;locationGapMs=1027;callbackGapMs=1027;fusion=GPS_IMU
LOCATION,1790429530579,29.6093517,52.4616900,313.000,true,2.13,57.222,source=fused:fused;speedReason=OK;derived=68.30;locationGapMs=984;callbackGapMs=984;fusion=GPS_IMU
LOCATION,1790429531583,29.6094700,52.4615550,314.000,true,2.12,57.433,source=fused:fused;speedReason=OK;derived=66.34;locationGapMs=1005;callbackGapMs=1005;fusion=GPS_IMU
LOCATION,1790429532603,29.6095867,52.4614117,314.000,true,2.08,57.605,source=fused:fused;speedReason=OK;derived=67.43;locationGapMs=1013;callbackGapMs=1013;fusion=GPS_IMU
LOCATION,1790429533590,29.6097167,52.4612767,319.000,true,2.08,57.785,source=fused:fused;speedReason=OK;derived=67.43;locationGapMs=994;callbackGapMs=994;fusion=GPS_IMU
LOCATION,1790429534584,29.6098433,52.4611517,320.000,true,2.08,57.962,source=fused:fused;speedReason=OK;derived=67.43;locationGapMs=994;callbackGapMs=994;fusion=GPS_IMU
LOCATION,1790429535565,29.6099683,52.4610267,320.000,true,2.10,58.081,source=fused:fused;speedReason=OK;derived=67.59;locationGapMs=980;callbackGapMs=980;fusion=GPS_IMU
LOCATION,1790429536598,29.6100833,52.4609017,319.000,true,2.16,58.139,source=fused:fused;speedReason=OK;derived=67.13;locationGapMs=1034;callbackGapMs=1034;fusion=GPS_IMU
LOCATION,1790429537607,29.6102117,52.4607933,324.000,true,2.22,58.186,source=fused:fused;speedReason=OK;derived=63.74;locationGapMs=999;callbackGapMs=999;fusion=GPS_IMU
LOCATION,1790429538590,29.6103500,52.4606967,328.000,true,2.32,58.237,source=fused:fused;speedReason=OK;derived=63.74;locationGapMs=993;callbackGapMs=993;fusion=GPS_IMU
LOCATION,1790429539604,29.6104917,52.4606150,331.000,true,2.44,58.277,source=fused:fused;speedReason=OK;derived=63.74;locationGapMs=1011;callbackGapMs=1011;fusion=GPS_IMU
LOCATION,1790429540583,29.6106667,52.4605250,336.000,true,2.52,58.324,source=fused:fused;speedReason=OK;derived=65.11;locationGapMs=982;callbackGapMs=982;fusion=GPS_IMU
LOCATION,1790429541586,29.6108167,52.4604533,337.000,true,2.55,58.365,source=fused:fused;speedReason=OK;derived=64.67;locationGapMs=1003;callbackGapMs=1003;fusion=GPS_IMU
LOCATION,1790429542603,29.6109867,52.4604183,339.000,true,2.58,58.434,source=fused:fused;speedReason=OK;derived=68.18;locationGapMs=1011;callbackGapMs=1011;fusion=GPS_IMU
LOCATION,1790429543595,29.6111467,52.4603517,340.000,true,2.58,58.536,source=fused:fused;speedReason=OK;derived=68.14;locationGapMs=997;callbackGapMs=997;fusion=GPS_IMU
LOCATION,1790429544578,29.6113067,52.4602967,343.000,true,2.53,58.649,source=fused:fused;speedReason=OK;derived=68.14;locationGapMs=982;callbackGapMs=982;fusion=GPS_IMU
LOCATION,1790429545584,29.6114767,52.4602483,343.000,true,2.47,58.750,source=fused:fused;speedReason=OK;derived=68.14;locationGapMs=1008;callbackGapMs=1008;fusion=GPS_IMU
LOCATION,1790429546588,29.6116450,52.4601917,344.000,true,2.40,58.840,source=fused:fused;speedReason=OK;derived=69.35;locationGapMs=1004;callbackGapMs=1004;fusion=GPS_IMU
LOCATION,1790429547567,29.6118150,52.4601467,346.000,true,2.32,58.939,source=fused:fused;speedReason=OK;derived=69.72;locationGapMs=978;callbackGapMs=978;fusion=GPS_IMU
LOCATION,1790429548581,29.6119767,52.4600883,346.000,true,2.27,59.072,source=fused:fused;speedReason=OK;derived=69.72;locationGapMs=1011;callbackGapMs=1011;fusion=GPS_IMU
LOCATION,1790429549605,29.6121317,52.4600417,349.000,true,2.22,59.247,source=fused:fused;speedReason=OK;derived=66.93;locationGapMs=1028;callbackGapMs=1028;fusion=GPS_IMU
LOCATION,1790429550596,29.6122933,52.4600033,352.000,true,2.20,59.418,source=fused:fused;speedReason=OK;derived=66.46;locationGapMs=991;callbackGapMs=991;fusion=GPS_IMU
LOCATION,1790429551592,29.6124617,52.4599700,354.000,true,2.18,59.597,source=fused:fused;speedReason=OK;derived=66.46;locationGapMs=996;callbackGapMs=996;fusion=GPS_IMU
LOCATION,1790429552595,29.6126317,52.4599550,356.000,true,2.18,59.774,source=fused:fused;speedReason=OK;derived=67.90;locationGapMs=1002;callbackGapMs=1002;fusion=GPS_IMU
LOCATION,1790429553598,29.6127967,52.4599450,356.000,true,2.18,59.968,source=fused:fused;speedReason=OK;derived=67.90;locationGapMs=999;callbackGapMs=999;fusion=GPS_IMU
LOCATION,1790429554575,29.6129600,52.4599283,356.000,true,2.18,60.100,source=fused:fused;speedReason=OK;derived=66.69;locationGapMs=981;callbackGapMs=981;fusion=GPS_IMU
LOCATION,1790429555610,29.6131250,52.4599233,359.000,true,2.18,60.176,source=fused:fused;speedReason=OK;derived=66.00;locationGapMs=1029;callbackGapMs=1029;fusion=GPS_IMU
LOCATION,1790429556595,29.6133000,52.4599167,358.000,true,2.20,60.289,source=fused:fused;speedReason=OK;derived=66.69;locationGapMs=991;callbackGapMs=991;fusion=GPS_IMU
LOCATION,1790429557587,29.6134833,52.4599150,0.000,true,2.18,60.455,source=fused:fused;speedReason=OK;derived=70.51;locationGapMs=989;callbackGapMs=989;fusion=GPS_IMU
LOCATION,1790429558584,29.6136667,52.4599183,2.000,true,2.17,60.649,source=fused:fused;speedReason=OK;derived=73.19;locationGapMs=1000;callbackGapMs=1000;fusion=GPS_IMU
LOCATION,1790429559596,29.6138467,52.4599250,0.000,true,2.14,60.829,source=fused:fused;speedReason=OK;derived=73.19;locationGapMs=1007;callbackGapMs=1007;fusion=GPS_IMU
LOCATION,1790429560563,29.6140217,52.4599317,1.000,true,2.13,61.005,source=fused:fused;speedReason=OK;derived=71.88;locationGapMs=972;callbackGapMs=972;fusion=GPS_IMU
LOCATION,1790429561599,29.6141917,52.4599400,3.000,true,2.10,61.177,source=fused:fused;speedReason=OK;derived=71.37;locationGapMs=1037;callbackGapMs=1037;fusion=GPS_IMU
LOCATION,1790429562612,29.6143600,52.4599517,3.000,true,2.10,61.325,source=fused:fused;speedReason=OK;derived=66.55;locationGapMs=1011;callbackGapMs=1011;fusion=GPS_IMU
LOCATION,1790429563582,29.6145233,52.4599600,1.000,true,2.10,61.437,source=fused:fused;speedReason=OK;derived=66.55;locationGapMs=973;callbackGapMs=973;fusion=GPS_IMU
LOCATION,1790429564583,29.6146967,52.4599717,3.000,true,2.10,61.516,source=fused:fused;speedReason=OK;derived=67.04;locationGapMs=1001;callbackGapMs=1001;fusion=GPS_IMU
LOCATION,1790429565592,29.6148733,52.4599867,2.000,true,2.10,61.672,source=fused:fused;speedReason=OK;derived=69.25;locationGapMs=999;callbackGapMs=999;fusion=GPS_IMU
LOCATION,1790429566579,29.6150483,52.4600050,2.000,true,2.10,61.853,source=fused:fused;speedReason=OK;derived=70.48;locationGapMs=995;callbackGapMs=995;fusion=GPS_IMU
LOCATION,1790429567571,29.6152250,52.4600167,1.000,true,2.10,61.994,source=fused:fused;speedReason=OK;derived=70.74;locationGapMs=991;callbackGapMs=991;fusion=GPS_IMU
LOCATION,1790429568565,29.6154033,52.4600267,1.000,true,2.10,62.133,source=fused:fused;speedReason=OK;derived=71.27;locationGapMs=995;callbackGapMs=995;fusion=GPS_IMU
LOCATION,1790429569564,29.6155683,52.4600383,1.000,true,2.10,62.229,source=fused:fused;speedReason=OK;derived=71.27;locationGapMs=998;callbackGapMs=998;fusion=GPS_IMU
LOCATION,1790429570565,29.6157350,52.4600533,4.000,true,2.12,62.291,source=fused:fused;speedReason=OK;derived=66.59;locationGapMs=1002;callbackGapMs=1002;fusion=GPS_IMU
LOCATION,1790429571573,29.6159017,52.4600700,2.000,true,2.12,62.359,source=fused:fused;speedReason=OK;derived=66.51;locationGapMs=1004;callbackGapMs=1004;fusion=GPS_IMU
LOCATION,1790429572563,29.6160783,52.4600933,2.000,true,2.12,62.453,source=fused:fused;speedReason=OK;derived=66.59;locationGapMs=995;callbackGapMs=995;fusion=GPS_IMU
LOCATION,1790429573567,29.6162450,52.4601100,1.000,true,2.12,62.545,source=fused:fused;speedReason=OK;derived=66.58;locationGapMs=1003;callbackGapMs=1003;fusion=GPS_IMU
LOCATION,1790429574568,29.6163917,52.4601167,1.000,true,2.14,62.565,source=fused:fused;speedReason=OK;derived=66.58;locationGapMs=1002;callbackGapMs=1002;fusion=GPS_IMU
LOCATION,1790429575567,29.6165250,52.4601100,359.000,true,2.12,62.423,source=fused:fused;speedReason=OK;derived=58.47;locationGapMs=997;callbackGapMs=997;fusion=GPS_IMU
LOCATION,1790429576564,29.6166450,52.4601000,358.000,true,2.12,62.155,source=fused:fused;speedReason=OK;derived=53.40;locationGapMs=997;callbackGapMs=997;fusion=GPS_IMU
LOCATION,1790429577576,29.6167567,52.4600983,0.000,true,2.13,61.816,source=fused:fused;speedReason=OK;derived=48.16;locationGapMs=1003;callbackGapMs=1003;fusion=GPS_IMU
LOCATION,1790429578850,29.6168600,52.4600983,359.000,true,2.16,61.438,source=fused:fused;speedReason=OK;derived=44.44;locationGapMs=1027;callbackGapMs=1027;fusion=GPS_IMU
LOCATION,1790429579585,29.6169567,52.4600983,2.000,true,2.16,60.977,source=fused:fused;speedReason=OK;derived=40.14;locationGapMs=992;callbackGapMs=992;fusion=GPS_IMU
LOCATION,1790429580575,29.6170517,52.4601067,2.000,true,2.20,60.696,source=fused:fused;speedReason=OK;derived=38.90;locationGapMs=991;callbackGapMs=991;fusion=GPS_IMU
LOCATION,1790429581569,29.6171467,52.4601183,359.000,true,2.22,60.354,source=fused:fused;speedReason=OK;derived=38.37;locationGapMs=994;callbackGapMs=994;fusion=GPS_IMU
LOCATION,1790429582570,29.6172483,52.4601200,1.000,true,2.23,60.060,source=fused:fused;speedReason=OK;derived=38.37;locationGapMs=995;callbackGapMs=995;fusion=GPS_IMU
LOCATION,1790429583593,29.6173567,52.4601283,359.000,true,2.24,59.883,source=fused:fused;speedReason=OK;derived=40.75;locationGapMs=1028;callbackGapMs=1028;fusion=GPS_IMU
LOCATION,1790429584843,29.6174700,52.4601300,358.000,true,2.25,59.673,source=fused:fused;speedReason=OK;derived=42.17;locationGapMs=995;callbackGapMs=995;fusion=GPS_IMU
LOCATION,1790429585595,29.6175850,52.4601317,358.000,true,2.26,59.423,source=fused:fused;speedReason=OK;derived=45.44;locationGapMs=1008;callbackGapMs=1008;fusion=GPS_IMU
LOCATION,1790429586593,29.6177067,52.4601300,358.000,true,2.26,59.262,source=fused:fused;speedReason=OK;derived=45.53;locationGapMs=997;callbackGapMs=997;fusion=GPS_IMU
LOCATION,1790429587600,29.6178350,52.4601283,0.000,true,2.30,59.156,source=fused:fused;speedReason=OK;derived=48.71;locationGapMs=1002;callbackGapMs=1002;fusion=GPS_IMU
LOCATION,1790429588599,29.6179667,52.4601300,358.000,true,2.36,59.094,source=fused:fused;speedReason=OK;derived=51.10;locationGapMs=1006;callbackGapMs=1006;fusion=GPS_IMU
LOCATION,1790429589901,29.6181033,52.4601300,358.000,true,2.40,59.020,source=fused:fused;speedReason=OK;derived=52.11;locationGapMs=1046;callbackGapMs=1046;fusion=GPS_IMU
LOCATION,1790429590600,29.6182600,52.4601317,357.000,true,2.44,58.939,source=fused:fused;speedReason=OK;derived=52.24;locationGapMs=953;callbackGapMs=953;fusion=GPS_IMU
LOCATION,1790429591591,29.6184017,52.4601133,355.000,true,2.43,58.905,source=fused:fused;speedReason=OK;derived=57.37;locationGapMs=992;callbackGapMs=992;fusion=GPS_IMU
LOCATION,1790429592717,29.6185583,52.4600967,357.000,true,2.44,58.884,source=fused:fused;speedReason=OK;derived=57.37;locationGapMs=1098;callbackGapMs=1098;fusion=GPS_IMU
LOCATION,1790429593580,29.6187000,52.4600917,357.000,true,2.43,58.865,source=fused:fused;speedReason=OK;derived=57.37;locationGapMs=891;callbackGapMs=891;fusion=GPS_IMU
LOCATION,1790429594924,29.6188550,52.4600850,355.000,true,2.42,58.852,source=fused:fused;speedReason=OK;derived=58.78;locationGapMs=1053;callbackGapMs=1053;fusion=GPS_IMU
LOCATION,1790429595597,29.6190233,52.4600800,357.000,true,2.42,58.884,source=fused:fused;speedReason=OK;derived=63.49;locationGapMs=964;callbackGapMs=964;fusion=GPS_IMU
LOCATION,1790429596599,29.6191950,52.4600833,358.000,true,2.40,58.929,source=fused:fused;speedReason=OK;derived=68.46;locationGapMs=1001;callbackGapMs=1001;fusion=GPS_IMU
LOCATION,1790429597595,29.6193617,52.4600833,357.000,true,2.38,58.987,source=fused:fused;speedReason=OK;derived=68.46;locationGapMs=996;callbackGapMs=996;fusion=GPS_IMU
LOCATION,1790429598859,29.6195317,52.4600833,357.000,true,2.38,59.035,source=fused:fused;speedReason=OK;derived=67.70;locationGapMs=1002;callbackGapMs=1002;fusion=GPS_IMU
LOCATION,1790429599583,29.6196933,52.4600783,356.000,true,2.37,59.073,source=fused:fused;speedReason=OK;derived=66.79;locationGapMs=982;callbackGapMs=982;fusion=GPS_IMU
LOCATION,1790429600876,29.6198683,52.4600750,358.000,true,2.35,59.110,source=fused:fused;speedReason=OK;derived=67.70;locationGapMs=1012;callbackGapMs=1012;fusion=GPS_IMU
LOCATION,1790429601600,29.6200300,52.4600700,358.000,true,2.30,59.140,source=fused:fused;speedReason=OK;derived=65.69;locationGapMs=1010;callbackGapMs=1010;fusion=GPS_IMU
LOCATION,1790429602855,29.6201967,52.4600517,357.000,true,3.92,59.183,source=fused:fused;speedReason=OK;derived=68.12;locationGapMs=981;callbackGapMs=981;fusion=GPS_IMU
LOCATION,1790429603607,29.6203567,52.4600333,356.000,true,3.91,59.203,source=fused:fused;speedReason=OK;derived=63.91;locationGapMs=1022;callbackGapMs=1022;fusion=GPS_IMU
LOCATION,1790429604851,29.6204967,52.4600217,355.000,true,4.18,59.224,source=fused:fused;speedReason=OK;derived=62.79;locationGapMs=990;callbackGapMs=990;fusion=GPS_IMU
LOCATION,1790429605589,29.6206233,52.4600167,357.000,true,3.91,59.199,source=fused:fused;speedReason=OK;derived=56.58;locationGapMs=995;callbackGapMs=995;fusion=GPS_IMU
LOCATION,1790429606855,29.6207517,52.4600167,359.000,true,3.91,59.102,source=fused:fused;speedReason=OK;derived=51.03;locationGapMs=1004;callbackGapMs=1004;fusion=GPS_IMU
LOCATION,1790429607616,29.6208667,52.4600167,359.000,true,2.28,58.951,source=fused:fused;speedReason=OK;derived=50.80;locationGapMs=1019;callbackGapMs=1019;fusion=GPS_IMU
LOCATION,1790429608909,29.6209800,52.4600100,355.000,true,2.30,58.789,source=fused:fused;speedReason=OK;derived=45.32;locationGapMs=999;callbackGapMs=999;fusion=GPS_IMU
LOCATION,1790429609600,29.6210800,52.4600067,358.000,true,2.32,58.607,source=fused:fused;speedReason=OK;derived=45.03;locationGapMs=990;callbackGapMs=990;fusion=GPS_IMU
LOCATION,1790429610869,29.6211817,52.4599983,354.000,true,2.34,58.318,source=fused:fused;speedReason=OK;derived=40.69;locationGapMs=1000;callbackGapMs=1000;fusion=GPS_IMU
LOCATION,1790429611616,29.6212867,52.4599917,357.000,true,2.36,58.034,source=fused:fused;speedReason=OK;derived=40.69;locationGapMs=1011;callbackGapMs=1011;fusion=GPS_IMU
LOCATION,1790429612873,29.6213950,52.4599883,357.000,true,2.37,57.747,source=fused:fused;speedReason=OK;derived=41.51;locationGapMs=989;callbackGapMs=989;fusion=GPS_IMU
LOCATION,1790429613602,29.6214917,52.4599800,356.000,true,2.38,57.349,source=fused:fused;speedReason=OK;derived=41.51;locationGapMs=999;callbackGapMs=999;fusion=GPS_IMU
LOCATION,1790429614603,29.6215950,52.4599717,357.000,true,2.38,57.013,source=fused:fused;speedReason=OK;derived=41.20;locationGapMs=1003;callbackGapMs=1003;fusion=GPS_IMU
LOCATION,1790429615590,29.6217100,52.4599650,357.000,true,2.37,56.730,source=fused:fused;speedReason=OK;derived=41.20;locationGapMs=988;callbackGapMs=988;fusion=GPS_IMU
LOCATION,1790429616588,29.6218250,52.4599567,356.000,true,2.35,56.412,source=fused:fused;speedReason=OK;derived=46.17;locationGapMs=996;callbackGapMs=996;fusion=GPS_IMU
LOCATION,1790429617594,29.6219383,52.4599467,356.000,true,2.33,56.253,source=fused:fused;speedReason=OK;derived=46.17;locationGapMs=1004;callbackGapMs=1004;fusion=GPS_IMU
LOCATION,1790429618607,29.6220500,52.4599383,355.000,true,2.30,56.132,source=fused:fused;speedReason=OK;derived=45.17;locationGapMs=1016;callbackGapMs=1016;fusion=GPS_IMU
LOCATION,1790429619586,29.6221667,52.4599233,355.000,true,2.28,56.000,source=fused:fused;speedReason=OK;derived=45.17;locationGapMs=978;callbackGapMs=978;fusion=GPS_IMU
LOCATION,1790429620590,29.6222850,52.4599117,354.000,true,2.27,55.870,source=fused:fused;speedReason=OK;derived=47.38;locationGapMs=1000;callbackGapMs=1000;fusion=GPS_IMU
LOCATION,1790429621580,29.6224017,52.4598967,354.000,true,2.23,55.782,source=fused:fused;speedReason=OK;derived=47.38;locationGapMs=995;callbackGapMs=995;fusion=GPS_IMU
LOCATION,1790429622573,29.6225233,52.4598850,356.000,true,2.20,55.676,source=fused:fused;speedReason=OK;derived=47.38;locationGapMs=993;callbackGapMs=993;fusion=GPS_IMU
LOCATION,1790429623572,29.6226433,52.4598783,358.000,true,2.17,55.565,source=fused:fused;speedReason=OK;derived=47.94;locationGapMs=1000;callbackGapMs=1000;fusion=GPS_IMU
LOCATION,1790429624586,29.6227600,52.4598717,357.000,true,2.12,55.440,source=fused:fused;speedReason=OK;derived=47.94;locationGapMs=1013;callbackGapMs=1013;fusion=GPS_IMU
LOCATION,1790429625601,29.6228767,52.4598600,354.000,true,2.10,55.290,source=fused:fused;speedReason=OK;derived=46.24;locationGapMs=1011;callbackGapMs=1011;fusion=GPS_IMU
LOCATION,1790429626595,29.6229850,52.4598467,355.000,true,2.10,55.072,source=fused:fused;speedReason=OK;derived=46.03;locationGapMs=999;callbackGapMs=999;fusion=GPS_IMU
LOCATION,1790429627563,29.6230967,52.4598350,354.000,true,2.12,54.860,source=fused:fused;speedReason=OK;derived=46.24;locationGapMs=967;callbackGapMs=967;fusion=GPS_IMU
LOCATION,1790429628581,29.6232050,52.4598200,353.000,true,2.13,54.616,source=fused:fused;speedReason=OK;derived=43.51;locationGapMs=1019;callbackGapMs=1019;fusion=GPS_IMU
LOCATION,1790429629592,29.6233183,52.4598050,352.000,true,2.16,54.455,source=fused:fused;speedReason=OK;derived=45.11;locationGapMs=1009;callbackGapMs=1009;fusion=GPS_IMU
LOCATION,1790429630569,29.6234400,52.4597867,351.000,true,2.18,54.297,source=fused:fused;speedReason=OK;derived=45.11;locationGapMs=978;callbackGapMs=978;fusion=GPS_IMU
LOCATION,1790429631577,29.6235600,52.4597667,352.000,true,2.22,54.157,source=fused:fused;speedReason=OK;derived=48.39;locationGapMs=1000;callbackGapMs=1000;fusion=GPS_IMU
LOCATION,1790429632599,29.6236950,52.4597417,350.000,true,2.24,54.085,source=fused:fused;speedReason=OK;derived=50.08;locationGapMs=1030;callbackGapMs=1030;fusion=GPS_IMU
LOCATION,1790429633617,29.6238150,52.4597167,349.000,true,2.26,54.015,source=fused:fused;speedReason=OK;derived=48.39;locationGapMs=1018;callbackGapMs=1018;fusion=GPS_IMU
LOCATION,1790429634590,29.6239300,52.4596883,347.000,true,2.30,53.953,source=fused:fused;speedReason=OK;derived=48.25;locationGapMs=973;callbackGapMs=973;fusion=GPS_IMU
LOCATION,1790429635605,29.6240517,52.4596550,345.000,true,2.32,53.885,source=fused:fused;speedReason=OK;derived=48.25;locationGapMs=1016;callbackGapMs=1016;fusion=GPS_IMU
LOCATION,1790429636604,29.6241733,52.4596267,349.000,true,2.36,53.822,source=fused:fused;speedReason=OK;derived=49.15;locationGapMs=992;callbackGapMs=992;fusion=GPS_IMU
LOCATION,1790429637599,29.6243050,52.4596000,349.000,true,2.42,53.739,source=fused:fused;speedReason=OK;derived=49.92;locationGapMs=1001;callbackGapMs=1001;fusion=GPS_IMU
LOCATION,1790429638601,29.6244300,52.4595733,348.000,true,2.43,53.666,source=fused:fused;speedReason=OK;derived=50.64;locationGapMs=1002;callbackGapMs=1002;fusion=GPS_IMU
LOCATION,1790429639576,29.6245567,52.4595467,350.000,true,2.47,53.603,source=fused:fused;speedReason=OK;derived=52.61;locationGapMs=977;callbackGapMs=977;fusion=GPS_IMU
LOCATION,1790429640581,29.6246800,52.4595217,349.000,true,2.48,53.531,source=fused:fused;speedReason=OK;derived=50.64;locationGapMs=1004;callbackGapMs=1004;fusion=GPS_IMU
LOCATION,1790429641573,29.6248067,52.4594917,347.000,true,2.50,53.469,source=fused:fused;speedReason=OK;derived=52.05;locationGapMs=992;callbackGapMs=992;fusion=GPS_IMU
LOCATION,1790429642583,29.6249433,52.4594583,349.000,true,2.50,53.479,source=fused:fused;speedReason=OK;derived=52.05;locationGapMs=1007;callbackGapMs=1007;fusion=GPS_IMU
LOCATION,1790429643595,29.6250750,52.4594283,348.000,true,2.50,53.489,source=fused:fused;speedReason=OK;derived=52.79;locationGapMs=1015;callbackGapMs=1015;fusion=GPS_IMU
LOCATION,1790429644572,29.6252033,52.4593933,346.000,true,2.52,53.492,source=fused:fused;speedReason=OK;derived=53.98;locationGapMs=975;callbackGapMs=975;fusion=GPS_IMU
LOCATION,1790429645590,29.6253350,52.4593617,348.000,true,2.54,53.494,source=fused:fused;speedReason=OK;derived=52.79;locationGapMs=1020;callbackGapMs=1020;fusion=GPS_IMU
LOCATION,1790429646567,29.6254683,52.4593250,345.000,true,2.55,53.496,source=fused:fused;speedReason=OK;derived=53.98;locationGapMs=974;callbackGapMs=974;fusion=GPS_IMU
LOCATION,1790429647599,29.6255983,52.4592867,345.000,true,2.58,53.498,source=fused:fused;speedReason=OK;derived=52.64;locationGapMs=1031;callbackGapMs=1031;fusion=GPS_IMU
LOCATION,1790429648566,29.6257317,52.4592517,348.000,true,2.58,53.500,source=fused:fused;speedReason=OK;derived=56.17;locationGapMs=969;callbackGapMs=969;fusion=GPS_IMU
LOCATION,1790429649570,29.6258683,52.4592200,347.000,true,2.60,53.536,source=fused:fused;speedReason=OK;derived=55.34;locationGapMs=1005;callbackGapMs=1005;fusion=GPS_IMU
LOCATION,1790429650568,29.6260000,52.4591867,347.000,true,2.60,53.568,source=fused:fused;speedReason=OK;derived=55.34;locationGapMs=997;callbackGapMs=997;fusion=GPS_IMU
LOCATION,1790429651594,29.6261250,52.4591533,346.000,true,2.60,53.548,source=fused:fused;speedReason=OK;derived=53.98;locationGapMs=1028;callbackGapMs=1028;fusion=GPS_IMU
LOCATION,1790429652595,29.6262517,52.4591200,346.000,true,2.60,53.522,source=fused:fused;speedReason=OK;derived=51.88;locationGapMs=1000;callbackGapMs=1000;fusion=GPS_IMU
LOCATION,1790429653568,29.6263783,52.4590800,343.000,true,2.60,53.491,source=fused:fused;speedReason=OK;derived=51.88;locationGapMs=969;callbackGapMs=969;fusion=GPS_IMU
LOCATION,1790429654596,29.6265017,52.4590433,344.000,true,2.60,53.456,source=fused:fused;speedReason=OK;derived=51.88;locationGapMs=1032;callbackGapMs=1032;fusion=GPS_IMU
LOCATION,1790429655595,29.6266317,52.4590050,343.000,true,2.60,53.392,source=fused:fused;speedReason=OK;derived=53.62;locationGapMs=999;callbackGapMs=999;fusion=GPS_IMU
LOCATION,1790429656591,29.6267500,52.4589633,342.000,true,2.60,53.334,source=fused:fused;speedReason=OK;derived=49.54;locationGapMs=997;callbackGapMs=997;fusion=GPS_IMU
LOCATION,1790429657596,29.6268750,52.4589217,340.000,true,2.58,53.228,source=fused:fused;speedReason=OK;derived=51.74;locationGapMs=1004;callbackGapMs=1004;fusion=GPS_IMU
LOCATION,1790429658598,29.6269850,52.4588783,340.000,true,2.56,53.017,source=fused:fused;speedReason=OK;derived=49.54;locationGapMs=999;callbackGapMs=999;fusion=GPS_IMU
LOCATION,1790429659589,29.6270967,52.4588350,341.000,true,2.55,52.810,source=fused:fused;speedReason=OK;derived=47.30;locationGapMs=995;callbackGapMs=995;fusion=GPS_IMU
LOCATION,1790429660593,29.6272017,52.4587967,341.000,true,2.53,52.612,source=fused:fused;speedReason=OK;derived=46.48;locationGapMs=1004;callbackGapMs=1004;fusion=GPS_IMU
LOCATION,1790429661607,29.6273067,52.4587600,342.000,true,2.50,52.340,source=fused:fused;speedReason=OK;derived=43.80;locationGapMs=1013;callbackGapMs=1013;fusion=GPS_IMU
LOCATION,1790429662592,29.6274133,52.4587200,339.000,true,2.48,52.075,source=fused:fused;speedReason=OK;derived=43.80;locationGapMs=986;callbackGapMs=986;fusion=GPS_IMU
LOCATION,1790429663589,29.6275283,52.4586750,340.000,true,2.47,51.878,source=fused:fused;speedReason=OK;derived=45.40;locationGapMs=998;callbackGapMs=998;fusion=GPS_IMU
LOCATION,1790429664569,29.6276567,52.4586217,340.000,true,3.84,51.750,source=fused:fused;speedReason=OK;derived=48.60;locationGapMs=979;callbackGapMs=979;fusion=GPS_IMU
LOCATION,1790429665581,29.6277733,52.4585800,342.000,true,3.81,51.686,source=fused:fused;speedReason=OK;derived=48.60;locationGapMs=1013;callbackGapMs=1013;fusion=GPS_IMU
LOCATION,1790429666566,29.6279050,52.4585333,341.000,true,3.77,51.640,source=fused:fused;speedReason=OK;derived=55.67;locationGapMs=980;callbackGapMs=980;fusion=GPS_IMU
LOCATION,1790429667569,29.6280217,52.4584883,341.000,true,3.74,51.590,source=fused:fused;speedReason=OK;derived=48.85;locationGapMs=1006;callbackGapMs=1006;fusion=GPS_IMU
LOCATION,1790429668589,29.6281417,52.4584417,338.000,true,3.93,51.527,source=fused:fused;speedReason=OK;derived=49.53;locationGapMs=1021;callbackGapMs=1021;fusion=GPS_IMU
LOCATION,1790429669609,29.6282683,52.4583883,338.000,true,2.24,51.482,source=fused:fused;speedReason=OK;derived=49.53;locationGapMs=1016;callbackGapMs=1016;fusion=GPS_IMU
LOCATION,1790429670592,29.6284050,52.4583317,339.000,true,2.20,51.479,source=fused:fused;speedReason=OK;derived=52.99;locationGapMs=986;callbackGapMs=986;fusion=GPS_IMU
LOCATION,1790429671592,29.6285383,52.4582783,340.000,true,2.18,51.516,source=fused:fused;speedReason=OK;derived=56.30;locationGapMs=1001;callbackGapMs=1001;fusion=GPS_IMU
LOCATION,1790429672579,29.6286733,52.4582250,338.000,true,2.12,51.601,source=fused:fused;speedReason=OK;derived=57.68;locationGapMs=988;callbackGapMs=988;fusion=GPS_IMU
LOCATION,1790429673599,29.6288083,52.4581650,338.000,true,2.08,51.683,source=fused:fused;speedReason=OK;derived=56.71;locationGapMs=1019;callbackGapMs=1019;fusion=GPS_IMU
LOCATION,1790429674598,29.6289483,52.4581050,338.000,true,2.07,51.790,source=fused:fused;speedReason=OK;derived=57.68;locationGapMs=998;callbackGapMs=998;fusion=GPS_IMU
LOCATION,1790429675581,29.6290717,52.4580500,338.000,true,2.03,51.945,source=fused:fused;speedReason=OK;derived=56.71;locationGapMs=979;callbackGapMs=979;fusion=GPS_IMU
LOCATION,1790429676587,29.6292133,52.4579917,339.000,true,2.00,52.121,source=fused:fused;speedReason=OK;derived=59.45;locationGapMs=1010;callbackGapMs=1010;fusion=GPS_IMU
LOCATION,1790429677589,29.6293600,52.4579283,337.000,true,1.96,52.334,source=fused:fused;speedReason=OK;derived=59.45;locationGapMs=1003;callbackGapMs=1003;fusion=GPS_IMU
LOCATION,1790429678599,29.6295100,52.4578583,336.000,true,1.94,52.620,source=fused:fused;speedReason=OK;derived=62.39;locationGapMs=1009;callbackGapMs=1009;fusion=GPS_IMU
LOCATION,1790429679601,29.6296600,52.4577833,336.000,true,1.92,52.919,source=fused:fused;speedReason=OK;derived=64.06;locationGapMs=1002;callbackGapMs=1002;fusion=GPS_IMU
LOCATION,1790429680609,29.6298133,52.4577083,336.000,true,1.92,53.195,source=fused:fused;speedReason=OK;derived=65.19;locationGapMs=1004;callbackGapMs=1004;fusion=GPS_IMU
LOCATION,1790429681600,29.6299650,52.4576333,337.000,true,1.94,53.465,source=fused:fused;speedReason=OK;derived=66.26;locationGapMs=995;callbackGapMs=995;fusion=GPS_IMU
LOCATION,1790429682590,29.6301100,52.4575633,336.000,true,1.96,53.761,source=fused:fused;speedReason=OK;derived=66.26;locationGapMs=991;callbackGapMs=991;fusion=GPS_IMU
LOCATION,1790429683586,29.6302500,52.4574950,337.000,true,1.98,53.930,source=fused:fused;speedReason=OK;derived=63.37;locationGapMs=997;callbackGapMs=997;fusion=GPS_IMU
LOCATION,1790429684578,29.6303850,52.4574333,339.000,true,2.02,54.074,source=fused:fused;speedReason=OK;derived=60.91;locationGapMs=990;callbackGapMs=990;fusion=GPS_IMU
LOCATION_ONLY,1790429685509,29.6303850,52.4574333,339.000,true,5.98,54.086,source=fused:fused;speedReason=NO_SPEED;derived=58.59;locationGapMs=931;callbackGapMs=931;fusion=GPS_IMU
LOCATION,1790429686567,29.6306733,52.4573067,337.000,true,5.41,54.195,source=fused:fused;speedReason=OK;derived=58.59;locationGapMs=1056;callbackGapMs=1056;fusion=GPS_IMU
LOCATION,1790429687569,29.6308067,52.4572433,340.000,true,5.41,54.285,source=fused:fused;speedReason=OK;derived=57.52;locationGapMs=1002;callbackGapMs=1002;fusion=GPS_IMU
LOCATION,1790429688563,29.6309417,52.4571833,338.000,true,5.43,54.388,source=fused:fused;speedReason=OK;derived=57.96;locationGapMs=997;callbackGapMs=997;fusion=GPS_IMU
LOCATION,1790429689560,29.6310650,52.4571267,337.000,true,5.43,54.463,source=fused:fused;speedReason=OK;derived=57.52;locationGapMs=996;callbackGapMs=996;fusion=GPS_IMU
LOCATION,1790429690567,29.6311650,52.4570800,339.000,true,2.05,54.383,source=fused:fused;speedReason=OK;derived=53.22;locationGapMs=1007;callbackGapMs=1007;fusion=GPS_IMU
LOCATION,1790429691576,29.6312700,52.4570383,343.000,true,2.08,54.151,source=fused:fused;speedReason=OK;derived=43.91;locationGapMs=1010;callbackGapMs=1010;fusion=GPS_IMU
LOCATION,1790429692591,29.6313783,52.4570133,351.000,true,2.10,53.906,source=fused:fused;speedReason=OK;derived=43.61;locationGapMs=1011;callbackGapMs=1011;fusion=GPS_IMU
LOCATION,1790429693605,29.6314800,52.4570083,0.000,true,2.10,53.680,source=fused:fused;speedReason=OK;derived=43.61;locationGapMs=1018;callbackGapMs=1018;fusion=GPS_IMU
LOCATION,1790429694590,29.6315750,52.4570150,4.000,true,2.12,53.423,source=fused:fused;speedReason=OK;derived=39.90;locationGapMs=984;callbackGapMs=984;fusion=GPS_IMU
LOCATION,1790429695597,29.6316633,52.4570317,11.000,true,2.14,53.147,source=fused:fused;speedReason=OK;derived=38.60;locationGapMs=1007;callbackGapMs=1007;fusion=GPS_IMU
LOCATION,1790429696596,29.6317500,52.4570633,19.000,true,2.16,52.876,source=fused:fused;speedReason=OK;derived=36.31;locationGapMs=1000;callbackGapMs=1000;fusion=GPS_IMU
LOCATION,1790429697596,29.6318283,52.4571000,22.000,true,2.20,52.592,source=fused:fused;speedReason=OK;derived=35.47;locationGapMs=998;callbackGapMs=998;fusion=GPS_IMU
LOCATION,1790429698593,29.6318983,52.4571367,24.000,true,2.22,52.389,source=fused:fused;speedReason=OK;derived=33.83;locationGapMs=999;callbackGapMs=999;fusion=GPS_IMU
LOCATION,1790429699591,29.6319650,52.4571733,27.000,true,2.27,52.140,source=fused:fused;speedReason=OK;derived=30.75;locationGapMs=999;callbackGapMs=999;fusion=GPS_IMU
LOCATION,1790429700580,29.6320217,52.4572083,27.000,true,2.32,51.937,source=fused:fused;speedReason=OK;derived=29.55;locationGapMs=988;callbackGapMs=988;fusion=GPS_IMU
LOCATION,1790429701595,29.6320633,52.4572433,30.000,true,2.37,51.759,source=fused:fused;speedReason=OK;derived=26.02;locationGapMs=1014;callbackGapMs=1014;fusion=GPS_IMU
LOCATION,1790429702590,29.6320983,52.4572683,27.000,true,2.43,51.415,source=fused:fused;speedReason=OK;derived=20.32;locationGapMs=996;callbackGapMs=996;fusion=GPS_IMU
LOCATION,1790429703591,29.6321283,52.4573017,40.000,true,2.48,51.121,source=fused:fused;speedReason=OK;derived=16.68;locationGapMs=1001;callbackGapMs=1001;fusion=GPS_IMU
LOCATION,1790429704597,29.6321583,52.4573400,45.000,true,2.58,50.802,source=fused:fused;speedReason=OK;derived=16.68;locationGapMs=1003;callbackGapMs=1003;fusion=GPS_IMU
LOCATION,1790429705592,29.6321933,52.4573800,42.000,true,2.62,50.486,source=fused:fused;speedReason=OK;derived=17.88;locationGapMs=997;callbackGapMs=997;fusion=GPS_IMU
LOCATION,1790429706597,29.6322450,52.4574267,38.000,true,2.66,50.119,source=fused:fused;speedReason=OK;derived=19.80;locationGapMs=1004;callbackGapMs=1004;fusion=GPS_IMU
LOCATION,1790429707593,29.6323017,52.4574800,40.000,true,2.68,49.884,source=fused:fused;speedReason=OK;derived=26.18;locationGapMs=998;callbackGapMs=998;fusion=GPS_IMU
LOCATION,1790429708592,29.6323667,52.4575350,35.000,true,2.70,49.658,source=fused:fused;speedReason=OK;derived=29.34;locationGapMs=998;callbackGapMs=998;fusion=GPS_IMU
LOCATION,1790429709602,29.6324317,52.4575883,36.000,true,2.70,49.460,source=fused:fused;speedReason=OK;derived=31.75;locationGapMs=1005;callbackGapMs=1005;fusion=GPS_IMU
LOCATION,1790429710585,29.6325000,52.4576450,37.000,true,2.72,49.264,source=fused:fused;speedReason=OK;derived=32.32;locationGapMs=988;callbackGapMs=988;fusion=GPS_IMU
LOCATION,1790429711563,29.6325583,52.4577000,39.000,true,2.73,49.059,source=fused:fused;speedReason=OK;derived=31.75;locationGapMs=978;callbackGapMs=978;fusion=GPS_IMU
LOCATION,1790429712599,29.6326250,52.4577617,40.000,true,2.76,48.811,source=fused:fused;speedReason=OK;derived=33.16;locationGapMs=1032;callbackGapMs=1032;fusion=GPS_IMU
LOCATION,1790429713594,29.6326917,52.4578167,36.000,true,2.77,48.588,source=fused:fused;speedReason=OK;derived=32.90;locationGapMs=997;callbackGapMs=997;fusion=GPS_IMU
LOCATION,1790429714600,29.6327533,52.4578683,37.000,true,2.78,48.345,source=fused:fused;speedReason=OK;derived=32.90;locationGapMs=1005;callbackGapMs=1005;fusion=GPS_IMU
LOCATION,1790429715591,29.6328117,52.4579233,38.000,true,2.80,48.058,source=fused:fused;speedReason=OK;derived=30.33;locationGapMs=995;callbackGapMs=995;fusion=GPS_IMU
LOCATION,1790429716590,29.6328700,52.4579717,33.000,true,2.80,47.777,source=fused:fused;speedReason=OK;derived=30.31;locationGapMs=999;callbackGapMs=999;fusion=GPS_IMU
LOCATION,1790429717595,29.6329117,52.4580133,36.000,true,2.80,47.473,source=fused:fused;speedReason=OK;derived=28.77;locationGapMs=1004;callbackGapMs=1004;fusion=GPS_IMU
LOCATION,1790429718602,29.6329467,52.4580500,38.000,true,2.78,47.161,source=fused:fused;speedReason=OK;derived=21.99;locationGapMs=1006;callbackGapMs=1006;fusion=GPS_IMU
LOCATION,1790429719593,29.6329750,52.4580800,40.000,true,2.77,46.735,source=fused:fused;speedReason=OK;derived=18.83;locationGapMs=993;callbackGapMs=993;fusion=GPS_IMU
LOCATION,1790429720601,29.6330000,52.4581083,39.000,true,2.72,46.124,source=fused:fused;speedReason=OK;derived=15.50;locationGapMs=1005;callbackGapMs=1005;fusion=GPS_IMU
LOCATION,1790429721588,29.6330300,52.4581283,38.000,true,2.70,45.413,source=fused:fused;speedReason=OK;derived=14.01;locationGapMs=989;callbackGapMs=989;fusion=GPS_IMU
LOCATION,1790429722568,29.6330617,52.4581467,30.000,true,2.65,44.843,source=fused:fused;speedReason=OK;derived=14.01;locationGapMs=979;callbackGapMs=979;fusion=GPS_IMU
LOCATION,1790429723585,29.6330883,52.4581650,39.000,true,2.60,43.966,source=fused:fused;speedReason=OK;derived=14.01;locationGapMs=1020;callbackGapMs=1020;fusion=GPS_IMU
LOCATION,1790429724582,29.6331100,52.4581783,36.000,true,2.57,42.952,source=fused:fused;speedReason=OK;derived=12.14;locationGapMs=994;callbackGapMs=994;fusion=GPS_IMU
LOCATION,1790429725591,29.6331317,52.4581883,42.000,true,2.50,41.802,source=fused:fused;speedReason=OK;derived=9.88;locationGapMs=1010;callbackGapMs=1010;fusion=GPS_IMU
LOCATION,1790429726599,29.6331567,52.4582033,31.000,true,2.46,40.854,source=fused:fused;speedReason=OK;derived=9.88;locationGapMs=1005;callbackGapMs=1005;fusion=GPS_IMU
LOCATION,1790429727603,29.6331833,52.4582183,32.000,true,2.92,39.831,source=fused:fused;speedReason=OK;derived=11.21;locationGapMs=1008;callbackGapMs=1008;fusion=GPS_IMU
LOCATION,1790429728590,29.6332167,52.4582383,34.000,true,2.91,39.234,source=fused:fused;speedReason=OK;derived=11.74;locationGapMs=986;callbackGapMs=986;fusion=GPS_IMU
LOCATION,1790429729599,29.6332550,52.4582683,40.000,true,2.89,38.803,source=fused:fused;speedReason=OK;derived=15.26;locationGapMs=1008;callbackGapMs=1008;fusion=GPS_IMU
LOCATION,1790429730570,29.6333017,52.4583167,42.000,true,2.82,38.542,source=fused:fused;speedReason=OK;derived=18.37;locationGapMs=971;callbackGapMs=971;fusion=GPS_IMU
LOCATION,1790429731566,29.6333583,52.4583667,38.000,true,2.82,38.317,source=fused:fused;speedReason=OK;derived=25.89;locationGapMs=997;callbackGapMs=997;fusion=GPS_IMU
LOCATION,1790429732597,29.6334217,52.4584167,35.000,true,2.40,38.069,source=fused:fused;speedReason=OK;derived=28.62;locationGapMs=1027;callbackGapMs=1027;fusion=GPS_IMU
LOCATION,1790429733599,29.6334817,52.4584683,35.000,true,2.40,37.877,source=fused:fused;speedReason=OK;derived=29.74;locationGapMs=1007;callbackGapMs=1007;fusion=GPS_IMU
LOCATION,1790429734569,29.6335533,52.4585267,34.000,true,2.40,37.768,source=fused:fused;speedReason=OK;derived=29.92;locationGapMs=970;callbackGapMs=970;fusion=GPS_IMU
LOCATION,1790429735598,29.6336333,52.4585933,36.000,true,2.40,37.734,source=fused:fused;speedReason=OK;derived=36.17;locationGapMs=1026;callbackGapMs=1026;fusion=GPS_IMU
LOCATION,1790429736572,29.6337283,52.4586767,38.000,true,2.40,37.759,source=fused:fused;speedReason=OK;derived=38.47;locationGapMs=975;callbackGapMs=975;fusion=GPS_IMU
LOCATION,1790429737565,29.6338367,52.4587683,38.000,true,2.40,37.966,source=fused:fused;speedReason=OK;derived=49.00;locationGapMs=996;callbackGapMs=996;fusion=GPS_IMU
LOCATION,1790429738589,29.6339417,52.4588700,37.000,true,2.38,38.315,source=fused:fused;speedReason=OK;derived=53.81;locationGapMs=1020;callbackGapMs=1020;fusion=GPS_IMU
LOCATION,1790429739568,29.6340583,52.4589650,37.000,true,2.34,38.577,source=fused:fused;speedReason=OK;derived=53.98;locationGapMs=983;callbackGapMs=983;fusion=GPS_IMU
LOCATION,1790429740570,29.6341717,52.4590450,35.000,true,2.32,38.780,source=fused:fused;speedReason=OK;derived=53.81;locationGapMs=1003;callbackGapMs=1003;fusion=GPS_IMU
LOCATION,1790429741572,29.6342717,52.4591267,34.000,true,2.26,38.947,source=fused:fused;speedReason=OK;derived=53.00;locationGapMs=1000;callbackGapMs=1000;fusion=GPS_IMU
LOCATION,1790429742567,29.6343750,52.4592033,34.000,true,2.20,39.115,source=fused:fused;speedReason=OK;derived=49.36;locationGapMs=995;callbackGapMs=995;fusion=GPS_IMU
LOCATION,1790429743572,29.6344783,52.4592800,35.000,true,2.18,39.280,source=fused:fused;speedReason=OK;derived=49.03;locationGapMs=1005;callbackGapMs=1005;fusion=GPS_IMU
LOCATION,1790429744564,29.6345817,52.4593617,38.000,true,2.15,39.431,source=fused:fused;speedReason=OK;derived=49.36;locationGapMs=992;callbackGapMs=992;fusion=GPS_IMU
LOCATION,1790429745569,29.6346800,52.4594467,38.000,true,2.12,39.578,source=fused:fused;speedReason=OK;derived=48.89;locationGapMs=1006;callbackGapMs=1006;fusion=GPS_IMU
LOCATION,1790429746568,29.6347700,52.4595367,40.000,true,2.12,39.722,source=fused:fused;speedReason=OK;derived=48.87;locationGapMs=1000;callbackGapMs=1000;fusion=GPS_IMU
LOCATION,1790429747574,29.6348750,52.4596350,39.000,true,2.10,39.905,source=fused:fused;speedReason=OK;derived=48.87;locationGapMs=1004;callbackGapMs=1004;fusion=GPS_IMU
LOCATION,1790429748568,29.6349767,52.4597283,37.000,true,2.10,40.064,source=fused:fused;speedReason=OK;derived=52.22;locationGapMs=996;callbackGapMs=996;fusion=GPS_IMU
LOCATION,1790429749567,29.6350817,52.4598217,38.000,true,2.10,40.242,source=fused:fused;speedReason=OK;derived=53.17;locationGapMs=998;callbackGapMs=998;fusion=GPS_IMU
LOCATION,1790429750603,29.6351933,52.4599267,37.000,true,2.10,40.477,source=fused:fused;speedReason=OK;derived=53.17;locationGapMs=1034;callbackGapMs=1034;fusion=GPS_IMU
LOCATION,1790429751566,29.6353117,52.4600300,36.000,true,2.10,40.780,source=fused:fused;speedReason=OK;derived=55.75;locationGapMs=964;callbackGapMs=964;fusion=GPS_IMU
LOCATION,1790429752605,29.6354333,52.4601333,35.000,true,2.10,41.133,source=fused:fused;speedReason=OK;derived=58.50;locationGapMs=1033;callbackGapMs=1033;fusion=GPS_IMU
LOCATION,1790429753584,29.6355483,52.4602350,38.000,true,2.10,41.441,source=fused:fused;speedReason=OK;derived=58.99;locationGapMs=983;callbackGapMs=983;fusion=GPS_IMU
LOCATION,1790429754584,29.6356533,52.4603367,39.000,true,2.10,41.710,source=fused:fused;speedReason=OK;derived=58.50;locationGapMs=998;callbackGapMs=998;fusion=GPS_IMU
LOCATION,1790429755581,29.6357583,52.4604333,36.000,true,2.10,41.972,source=fused:fused;speedReason=OK;derived=55.00;locationGapMs=999;callbackGapMs=999;fusion=GPS_IMU
LOCATION,1790429756597,29.6358717,52.4605300,35.000,true,2.10,42.216,source=fused:fused;speedReason=OK;derived=55.00;locationGapMs=1014;callbackGapMs=1014;fusion=GPS_IMU
LOCATION,1790429757573,29.6359817,52.4606233,34.000,true,2.10,42.428,source=fused:fused;speedReason=OK;derived=55.65;locationGapMs=981;callbackGapMs=981;fusion=GPS_IMU
LOCATION,1790429758598,29.6360950,52.4607250,38.000,true,2.10,42.596,source=fused:fused;speedReason=OK;derived=55.69;locationGapMs=1021;callbackGapMs=1021;fusion=GPS_IMU
LOCATION,1790429759593,29.6362050,52.4608350,37.000,true,2.10,42.819,source=fused:fused;speedReason=OK;derived=56.27;locationGapMs=994;callbackGapMs=994;fusion=GPS_IMU
LOCATION,1790429760582,29.6363100,52.4609350,37.000,true,2.10,43.014,source=fused:fused;speedReason=OK;derived=56.27;locationGapMs=993;callbackGapMs=993;fusion=GPS_IMU
LOCATION,1790429761602,29.6364200,52.4610350,38.000,true,2.10,43.178,source=fused:fused;speedReason=OK;derived=55.01;locationGapMs=1019;callbackGapMs=1019;fusion=GPS_IMU
LOCATION,1790429762568,29.6365333,52.4611417,39.000,true,2.10,43.339,source=fused:fused;speedReason=OK;derived=55.01;locationGapMs=966;callbackGapMs=966;fusion=GPS_IMU
LOCATION,1790429763594,29.6366533,52.4612483,36.000,true,2.10,43.586,source=fused:fused;speedReason=OK;derived=59.08;locationGapMs=1026;callbackGapMs=1026;fusion=GPS_IMU
LOCATION,1790429764586,29.6367750,52.4613567,35.000,true,2.10,43.871,source=fused:fused;speedReason=OK;derived=60.61;locationGapMs=990;callbackGapMs=990;fusion=GPS_IMU
LOCATION,1790429765593,29.6369067,52.4614617,34.000,true,2.10,44.182,source=fused:fused;speedReason=OK;derived=62.16;locationGapMs=1005;callbackGapMs=1005;fusion=GPS_IMU
LOCATION,1790429766594,29.6370333,52.4615700,36.000,true,2.10,44.469,source=fused:fused;speedReason=OK;derived=62.82;locationGapMs=1004;callbackGapMs=1004;fusion=GPS_IMU
LOCATION,1790429767570,29.6371533,52.4616817,36.000,true,2.10,44.785,source=fused:fused;speedReason=OK;derived=63.37;locationGapMs=974;callbackGapMs=974;fusion=GPS_IMU
LOCATION,1790429768604,29.6372800,52.4617900,36.000,true,2.12,45.011,source=fused:fused;speedReason=OK;derived=62.82;locationGapMs=1038;callbackGapMs=1038;fusion=GPS_IMU
LOCATION,1790429769595,29.6374033,52.4619033,37.000,true,2.16,45.229,source=fused:fused;speedReason=OK;derived=63.37;locationGapMs=985;callbackGapMs=985;fusion=GPS_IMU
LOCATION,1790429770597,29.6375233,52.4620150,37.000,true,2.20,45.491,source=fused:fused;speedReason=OK;derived=61.41;locationGapMs=1005;callbackGapMs=1005;fusion=GPS_IMU
LOCATION,1790429771567,29.6376433,52.4621283,35.000,true,2.20,45.816,source=fused:fused;speedReason=OK;derived=63.80;locationGapMs=973;callbackGapMs=973;fusion=GPS_IMU
LOCATION,1790429772563,29.6377700,52.4622400,36.000,true,2.24,46.207,source=fused:fused;speedReason=OK;derived=63.80;locationGapMs=996;callbackGapMs=996;fusion=GPS_IMU
LOCATION,1790429773566,29.6378950,52.4623517,37.000,true,2.23,46.713,source=fused:fused;speedReason=OK;derived=63.80;locationGapMs=1000;callbackGapMs=1000;fusion=GPS_IMU
LOCATION,1790429774574,29.6380183,52.4624633,37.000,true,2.22,47.248,source=fused:fused;speedReason=OK;derived=63.28;locationGapMs=1011;callbackGapMs=1011;fusion=GPS_IMU
LOCATION,1790429775578,29.6381367,52.4625717,38.000,true,2.17,47.762,source=fused:fused;speedReason=OK;derived=62.04;locationGapMs=1001;callbackGapMs=1001;fusion=GPS_IMU
LOCATION,1790429776582,29.6382500,52.4626767,38.000,true,2.10,48.164,source=fused:fused;speedReason=OK;derived=60.44;locationGapMs=1004;callbackGapMs=1004;fusion=GPS_IMU
LOCATION,1790429777578,29.6383683,52.4627850,39.000,true,2.06,48.550,source=fused:fused;speedReason=OK;derived=60.44;locationGapMs=1000;callbackGapMs=1000;fusion=GPS_IMU
LOCATION,1790429778579,29.6384850,52.4628933,38.000,true,2.00,48.992,source=fused:fused;speedReason=OK;derived=60.07;locationGapMs=998;callbackGapMs=998;fusion=GPS_IMU
LOCATION,1790429779572,29.6386083,52.4630000,37.000,true,1.98,49.430,source=fused:fused;speedReason=OK;derived=60.45;locationGapMs=994;callbackGapMs=994;fusion=GPS_IMU
LOCATION,1790429780598,29.6387350,52.4631083,37.000,true,1.94,49.921,source=fused:fused;speedReason=OK;derived=61.62;locationGapMs=1024;callbackGapMs=1024;fusion=GPS_IMU
LOCATION,1790429781597,29.6388650,52.4632217,37.000,true,1.92,50.486,source=fused:fused;speedReason=OK;derived=62.05;locationGapMs=998;callbackGapMs=998;fusion=GPS_IMU
LOCATION,1790429782591,29.6389933,52.4633350,39.000,true,1.90,51.053,source=fused:fused;speedReason=OK;derived=64.73;locationGapMs=999;callbackGapMs=999;fusion=GPS_IMU
LOCATION,1790429783589,29.6391250,52.4634533,39.000,true,1.88,51.601,source=fused:fused;speedReason=OK;derived=65.35;locationGapMs=995;callbackGapMs=995;fusion=GPS_IMU
LOCATION,1790429784593,29.6392617,52.4635783,38.000,true,1.86,52.125,source=fused:fused;speedReason=OK;derived=67.14;locationGapMs=1006;callbackGapMs=1006;fusion=GPS_IMU
LOCATION,1790429785591,29.6394083,52.4637050,36.000,true,1.85,52.451,source=fused:fused;speedReason=OK;derived=69.40;locationGapMs=998;callbackGapMs=998;fusion=GPS_IMU
LOCATION,1790429786569,29.6395567,52.4638317,36.000,true,1.85,52.715,source=fused:fused;speedReason=OK;derived=73.45;locationGapMs=977;callbackGapMs=977;fusion=GPS_IMU
LOCATION,1790429787584,29.6396967,52.4639600,36.000,true,1.85,53.025,source=fused:fused;speedReason=OK;derived=73.45;locationGapMs=1013;callbackGapMs=1013;fusion=GPS_IMU
LOCATION,1790429788572,29.6398433,52.4640767,35.000,true,1.87,53.330,source=fused:fused;speedReason=OK;derived=71.97;locationGapMs=990;callbackGapMs=990;fusion=GPS_IMU
LOCATION,1790429789572,29.6399833,52.4641950,36.000,true,2.90,53.665,source=fused:fused;speedReason=OK;derived=70.65;locationGapMs=998;callbackGapMs=998;fusion=GPS_IMU
LOCATION,1790429790599,29.6401217,52.4643183,37.000,true,3.11,53.957,source=fused:fused;speedReason=OK;derived=69.58;locationGapMs=1029;callbackGapMs=1029;fusion=GPS_IMU
LOCATION,1790429791609,29.6402650,52.4644450,36.000,true,3.13,54.278,source=fused:fused;speedReason=OK;derived=69.58;locationGapMs=1010;callbackGapMs=1010;fusion=GPS_IMU
LOCATION,1790429792582,29.6404133,52.4645750,38.000,true,3.16,54.522,source=fused:fused;speedReason=OK;derived=71.54;locationGapMs=974;callbackGapMs=974;fusion=GPS_IMU
LOCATION,1790429793593,29.6405583,52.4647000,37.000,true,3.18,54.820,source=fused:fused;speedReason=OK;derived=71.65;locationGapMs=1011;callbackGapMs=1011;fusion=GPS_IMU
LOCATION,1790429794601,29.6407000,52.4648267,37.000,true,2.06,55.079,source=fused:fused;speedReason=OK;derived=71.65;locationGapMs=1006;callbackGapMs=1006;fusion=GPS_IMU
LOCATION,1790429795582,29.6408350,52.4649533,39.000,true,2.08,55.290,source=fused:fused;speedReason=OK;derived=71.32;locationGapMs=983;callbackGapMs=983;fusion=GPS_IMU
LOCATION,1790429796581,29.6409833,52.4650767,38.000,true,2.12,55.453,source=fused:fused;speedReason=OK;derived=71.32;locationGapMs=998;callbackGapMs=998;fusion=GPS_IMU
LOCATION,1790429797578,29.6411350,52.4651950,37.000,true,2.15,55.607,source=fused:fused;speedReason=OK;derived=73.31;locationGapMs=997;callbackGapMs=997;fusion=GPS_IMU
LOCATION,1790429798591,29.6412900,52.4653167,36.000,true,2.18,55.728,source=fused:fused;speedReason=OK;derived=73.47;locationGapMs=1012;callbackGapMs=1012;fusion=GPS_IMU
LOCATION,1790429799582,29.6414283,52.4654367,36.000,true,2.18,55.847,source=fused:fused;speedReason=OK;derived=73.47;locationGapMs=991;callbackGapMs=991;fusion=GPS_IMU
LOCATION,1790429800594,29.6415467,52.4655467,36.000,true,2.22,55.925,source=fused:fused;speedReason=OK;derived=69.88;locationGapMs=1008;callbackGapMs=1008;fusion=GPS_IMU
LOCATION,1790429801562,29.6416533,52.4656500,37.000,true,2.25,55.981,source=fused:fused;speedReason=OK;derived=60.37;locationGapMs=974;callbackGapMs=974;fusion=GPS_IMU
LOCATION,1790429802565,29.6417617,52.4657550,38.000,true,2.27,55.984,source=fused:fused;speedReason=OK;derived=57.22;locationGapMs=1001;callbackGapMs=1001;fusion=GPS_IMU
LOCATION,1790429803566,29.6418517,52.4658533,40.000,true,2.30,55.944,source=fused:fused;speedReason=OK;derived=56.61;locationGapMs=1002;callbackGapMs=1002;fusion=GPS_IMU
LOCATION,1790429804604,29.6419433,52.4659417,35.000,true,2.36,55.898,source=fused:fused;speedReason=OK;derived=49.54;locationGapMs=1040;callbackGapMs=1040;fusion=GPS_IMU
LOCATION,1790429805566,29.6420200,52.4660133,36.000,true,2.35,55.805,source=fused:fused;speedReason=OK;derived=45.97;locationGapMs=963;callbackGapMs=963;fusion=GPS_IMU
LOCATION,1790429806576,29.6420867,52.4660850,38.000,true,2.32,55.503,source=fused:fused;speedReason=OK;derived=41.01;locationGapMs=1006;callbackGapMs=1006;fusion=GPS_IMU
LOCATION,1790429807589,29.6421483,52.4661450,39.000,true,2.28,55.175,source=fused:fused;speedReason=OK;derived=36.29;locationGapMs=1015;callbackGapMs=1015;fusion=GPS_IMU
LOCATION,1790429808589,29.6421983,52.4662050,37.000,true,2.22,54.989,source=fused:fused;speedReason=OK;derived=31.80;locationGapMs=996;callbackGapMs=996;fusion=GPS_IMU
LOCATION,1790429809567,29.6422550,52.4662567,36.000,true,2.20,54.623,source=fused:fused;speedReason=OK;derived=29.40;locationGapMs=984;callbackGapMs=984;fusion=GPS_IMU
LOCATION,1790429810596,29.6423083,52.4662983,33.000,true,2.10,54.153,source=fused:fused;speedReason=OK;derived=29.02;locationGapMs=1027;callbackGapMs=1027;fusion=GPS_IMU
LOCATION,1790429811569,29.6423533,52.4663333,33.000,true,2.08,53.843,source=fused:fused;speedReason=OK;derived=25.07;locationGapMs=974;callbackGapMs=974;fusion=GPS_IMU
LOCATION,1790429812574,29.6423933,52.4663667,35.000,true,2.10,53.568,source=fused:fused;speedReason=OK;derived=22.29;locationGapMs=1001;callbackGapMs=1001;fusion=GPS_IMU
LOCATION,1790429813586,29.6424300,52.4663983,34.000,true,2.12,53.318,source=fused:fused;speedReason=OK;derived=19.74;locationGapMs=1015;callbackGapMs=1015;fusion=GPS_IMU
LOCATION,1790429814581,29.6424683,52.4664300,34.000,true,2.18,53.118,source=fused:fused;speedReason=OK;derived=18.95;locationGapMs=995;callbackGapMs=995;fusion=GPS_IMU
LOCATION,1790429815577,29.6425017,52.4664633,36.000,true,2.23,52.956,source=fused:fused;speedReason=OK;derived=18.05;locationGapMs=998;callbackGapMs=998;fusion=GPS_IMU
LOCATION,1790429816596,29.6425267,52.4664867,36.000,true,2.40,52.761,source=fused:fused;speedReason=OK;derived=17.71;locationGapMs=1016;callbackGapMs=1016;fusion=GPS_IMU
LOCATION,1790429817596,29.6425517,52.4665083,35.000,true,2.50,52.498,source=fused:fused;speedReason=OK;derived=12.68;locationGapMs=996;callbackGapMs=996;fusion=GPS_IMU
LOCATION,1790429818589,29.6425767,52.4665333,34.000,true,2.52,52.011,source=fused:fused;speedReason=OK;derived=12.68;locationGapMs=998;callbackGapMs=998;fusion=GPS_IMU
LOCATION,1790429819580,29.6426133,52.4665717,37.000,true,2.55,51.009,source=fused:fused;speedReason=OK;derived=13.27;locationGapMs=991;callbackGapMs=991;fusion=GPS_IMU
LOCATION,1790429820584,29.6426600,52.4666083,37.000,true,2.52,49.435,source=fused:fused;speedReason=OK;derived=19.99;locationGapMs=1005;callbackGapMs=1005;fusion=GPS_IMU
LOCATION,1790429821606,29.6427000,52.4666450,34.000,true,2.40,48.379,source=fused:fused;speedReason=OK;derived=20.04;locationGapMs=1021;callbackGapMs=1021;fusion=GPS_IMU
LOCATION,1790429822587,29.6427367,52.4666717,36.000,true,2.33,46.930,source=fused:fused;speedReason=OK;derived=20.04;locationGapMs=982;callbackGapMs=982;fusion=GPS_IMU
LOCATION,1790429823619,29.6427683,52.4666950,35.000,true,2.12,45.502,source=fused:fused;speedReason=OK;derived=17.67;locationGapMs=1032;callbackGapMs=1032;fusion=GPS_IMU
LOCATION,1790429824590,29.6427983,52.4667200,37.000,true,2.02,44.065,source=fused:fused;speedReason=OK;derived=15.28;locationGapMs=969;callbackGapMs=969;fusion=GPS_IMU
LOCATION,1790429825595,29.6428250,52.4667433,40.000,true,1.94,43.087,source=fused:fused;speedReason=OK;derived=14.53;locationGapMs=1006;callbackGapMs=1006;fusion=GPS_IMU
LOCATION,1790429826602,29.6428583,52.4667667,34.000,true,1.93,42.387,source=fused:fused;speedReason=OK;derived=15.28;locationGapMs=995;callbackGapMs=995;fusion=GPS_IMU
LOCATION,1790429827601,29.6428900,52.4667933,38.000,true,1.88,41.938,source=fused:fused;speedReason=OK;derived=15.51;locationGapMs=1011;callbackGapMs=1011;fusion=GPS_IMU
LOCATION,1790429828594,29.6429233,52.4668250,39.000,true,1.90,41.649,source=fused:fused;speedReason=OK;derived=15.67;locationGapMs=991;callbackGapMs=991;fusion=GPS_IMU
LOCATION,1790429829597,29.6429567,52.4668617,42.000,true,1.94,41.327,source=fused:fused;speedReason=OK;derived=17.44;locationGapMs=1001;callbackGapMs=1001;fusion=GPS_IMU
LOCATION,1790429830598,29.6430017,52.4668983,36.000,true,1.98,41.046,source=fused:fused;speedReason=OK;derived=18.46;locationGapMs=1006;callbackGapMs=1006;fusion=GPS_IMU
LOCATION,1790429831602,29.6430350,52.4669400,41.000,true,2.08,40.488,source=fused:fused;speedReason=OK;derived=19.66;locationGapMs=1002;callbackGapMs=1002;fusion=GPS_IMU
LOCATION,1790429832582,29.6430833,52.4669833,40.000,true,2.08,39.741,source=fused:fused;speedReason=OK;derived=21.90;locationGapMs=982;callbackGapMs=982;fusion=GPS_IMU
LOCATION,1790429833587,29.6431317,52.4670267,38.000,true,2.08,38.811,source=fused:fused;speedReason=OK;derived=24.41;locationGapMs=1005;callbackGapMs=1005;fusion=GPS_IMU
LOCATION,1790429834597,29.6431717,52.4670617,37.000,true,2.07,38.148,source=fused:fused;speedReason=OK;derived=24.41;locationGapMs=1007;callbackGapMs=1007;fusion=GPS_IMU
LOCATION,1790429835594,29.6431967,52.4670817,37.000,true,2.03,37.681,source=fused:fused;speedReason=OK;derived=19.95;locationGapMs=999;callbackGapMs=999;fusion=GPS_IMU
LOCATION,1790429836583,29.6432117,52.4670950,40.000,true,1.98,36.890,source=fused:fused;speedReason=OK;derived=12.18;locationGapMs=989;callbackGapMs=989;fusion=GPS_IMU
LOCATION,1790429837590,29.6432217,52.4671033,40.000,true,1.88,35.883,source=fused:fused;speedReason=OK;derived=7.66;locationGapMs=1005;callbackGapMs=1005;fusion=GPS_IMU
LOCATION,1790429838612,29.6432217,52.4671100,40.000,true,1.86,34.958,source=fused:fused;speedReason=OK;derived=4.90;locationGapMs=1023;callbackGapMs=1023;fusion=GPS_IMU
LOCATION,1790429839631,29.6432233,52.4671117,40.000,true,1.84,0.000,source=fused:fused;speedReason=OK;derived=2.28;locationGapMs=1015;callbackGapMs=1015;fusion=GPS_IMU
LOCATION,1790429840578,29.6432233,52.4671133,40.000,true,1.82,0.000,source=fused:fused;speedReason=OK;derived=0.86;locationGapMs=953;callbackGapMs=953;fusion=GPS_IMU
LOCATION,1790429841620,29.6432233,52.4671133,40.000,true,1.76,0.000,source=fused:fused;speedReason=OK;derived=0.59;locationGapMs=1041;callbackGapMs=1041;fusion=GPS_IMU
LOCATION_ONLY,1790429842152,29.6432233,52.4671133,40.000,true,4.96,0.000,source=fused:fused;speedReason=NO_SPEED;derived=0.00;locationGapMs=528;callbackGapMs=528;fusion=GPS_IMU
LOCATION,1790429842684,29.6432233,52.4671133,40.000,true,4.93,0.000,source=fused:fused;speedReason=OK;derived=0.00;locationGapMs=537;callbackGapMs=537;fusion=GPS_IMU
LOCATION,1790429843598,29.6432233,52.4671133,40.000,true,4.47,0.000,source=fused:fused;speedReason=OK;derived=0.00;locationGapMs=913;callbackGapMs=913;fusion=GPS_IMU
LOCATION,1790429844570,29.6432233,52.4671133,40.000,true,4.45,0.000,source=fused:fused;speedReason=OK;derived=0.00;locationGapMs=973;callbackGapMs=973;fusion=GPS_IMU
LOCATION,1790429845637,29.6432233,52.4671133,,false,4.91,0.000,source=fused:fused;speedReason=OK;derived=0.00;locationGapMs=1068;callbackGapMs=1068;fusion=GPS_IMU
LOCATION,1790429846569,29.6432233,52.4671133,,false,4.48,0.000,source=fused:fused;speedReason=OK;derived=0.00;locationGapMs=932;callbackGapMs=932;fusion=GPS_IMU
LOCATION,1790429847583,29.6432233,52.4671133,,false,1.78,0.000,source=fused:fused;speedReason=OK;derived=0.00;locationGapMs=1014;callbackGapMs=1014;fusion=GPS_IMU
LOCATION,1790429848596,29.6432233,52.4671133,,false,1.90,0.000,source=fused:fused;speedReason=OK;derived=0.00;locationGapMs=1013;callbackGapMs=1013;fusion=GPS_IMU
LOCATION,1790429849595,29.6432233,52.4671133,,false,2.85,0.000,source=fused:fused;speedReason=OK;derived=0.00;locationGapMs=1000;callbackGapMs=1000;fusion=GPS_IMU
LOCATION,1790429850592,29.6432233,52.4671133,,false,2.76,0.000,source=fused:fused;speedReason=OK;derived=0.00;locationGapMs=996;callbackGapMs=996;fusion=GPS_IMU
LOCATION,1790429851571,29.6432233,52.4671133,,false,2.98,0.000,source=fused:fused;speedReason=OK;derived=0.00;locationGapMs=980;callbackGapMs=980;fusion=GPS_IMU
LOCATION,1790429852594,29.6432233,52.4671133,,false,3.03,0.000,source=fused:fused;speedReason=OK;derived=0.00;locationGapMs=1023;callbackGapMs=1023;fusion=GPS_IMU
LOCATION,1790429853606,29.6432233,52.4671133,,false,2.93,0.000,source=fused:fused;speedReason=OK;derived=0.00;locationGapMs=1011;callbackGapMs=1011;fusion=GPS_IMU
LOCATION,1790429854599,29.6432233,52.4671133,,false,2.28,0.000,source=fused:fused;speedReason=OK;derived=0.00;locationGapMs=993;callbackGapMs=993;fusion=GPS_IMU
LOCATION_ONLY,1790429855336,29.6432233,52.4671133,,false,7.08,0.000,source=fused:fused;speedReason=NO_SPEED;derived=0.00;locationGapMs=738;callbackGapMs=738;fusion=GPS_IMU
LOCATION,1790429856595,29.6432233,52.4671133,,false,7.10,0.000,source=fused:fused;speedReason=OK;derived=0.00;locationGapMs=1258;callbackGapMs=1258;fusion=GPS_IMU
LOCATION,1790429857596,29.6432233,52.4671133,,false,6.41,0.000,source=fused:fused;speedReason=OK;derived=0.00;locationGapMs=1002;callbackGapMs=1002;fusion=GPS_IMU
LOCATION,1790429858596,29.6432233,52.4671133,,false,6.41,0.000,source=fused:fused;speedReason=OK;derived=0.00;locationGapMs=999;callbackGapMs=999;fusion=GPS_IMU
LOCATION,1790429859605,29.6432233,52.4671133,,false,7.10,0.000,source=fused:fused;speedReason=OK;derived=0.00;locationGapMs=1010;callbackGapMs=1010;fusion=GPS_IMU
LOCATION,1790429860601,29.6432233,52.4671133,,false,2.30,0.000,source=fused:fused;speedReason=OK;derived=0.00;locationGapMs=995;callbackGapMs=995;fusion=GPS_IMU
LOCATION,1790429861611,29.6432233,52.4671133,,false,2.30,0.000,source=fused:fused;speedReason=OK;derived=0.00;locationGapMs=1010;callbackGapMs=1010;fusion=GPS_IMU
LOCATION,1790429862607,29.6432233,52.4671133,,false,3.97,0.000,source=fused:fused;speedReason=OK;derived=0.00;locationGapMs=996;callbackGapMs=996;fusion=GPS_IMU
LOCATION,1790429863596,29.6432233,52.4671133,,false,3.97,0.000,source=fused:fused;speedReason=OK;derived=0.00;locationGapMs=989;callbackGapMs=989;fusion=GPS_IMU
LOCATION,1790429864580,29.6432233,52.4671133,,false,3.73,0.000,source=fused:fused;speedReason=OK;derived=0.00;locationGapMs=984;callbackGapMs=984;fusion=GPS_IMU
LOCATION,1790429865604,29.6432233,52.4671133,,false,3.97,0.000,source=fused:fused;speedReason=OK;derived=0.00;locationGapMs=1025;callbackGapMs=1025;fusion=GPS_IMU
LOCATION,1790429866596,29.6432233,52.4671133,,false,3.73,0.000,source=fused:fused;speedReason=OK;derived=0.00;locationGapMs=991;callbackGapMs=991;fusion=GPS_IMU
LOCATION,1790429867593,29.6432233,52.4671133,,false,2.30,0.000,source=fused:fused;speedReason=OK;derived=0.00;locationGapMs=997;callbackGapMs=997;fusion=GPS_IMU
LOCATION,1790429868599,29.6432233,52.4671133,,false,2.30,0.000,source=fused:fused;speedReason=OK;derived=0.00;locationGapMs=1006;callbackGapMs=1006;fusion=GPS_IMU
LOCATION,1790429869593,29.6432233,52.4671133,,false,2.30,0.000,source=fused:fused;speedReason=OK;derived=0.00;locationGapMs=994;callbackGapMs=994;fusion=GPS_IMU
LOCATION,1790429870603,29.6432233,52.4671133,,false,2.32,0.000,source=fused:fused;speedReason=OK;derived=0.00;locationGapMs=1010;callbackGapMs=1010;fusion=GPS_IMU
LOCATION,1790429871599,29.6432233,52.4671133,,false,2.33,0.000,source=fused:fused;speedReason=OK;derived=0.00;locationGapMs=996;callbackGapMs=996;fusion=GPS_IMU
LOCATION,1790429872604,29.6432233,52.4671133,,false,2.36,0.000,source=fused:fused;speedReason=OK;derived=0.00;locationGapMs=1005;callbackGapMs=1005;fusion=GPS_IMU
LOCATION,1790429873605,29.6432233,52.4671133,,false,2.37,0.000,source=fused:fused;speedReason=OK;derived=0.00;locationGapMs=1001;callbackGapMs=1001;fusion=GPS_IMU
LOCATION,1790429874601,29.6432250,52.4671250,30.000,true,2.40,0.000,source=fused:fused;speedReason=OK;derived=0.00;locationGapMs=994;callbackGapMs=994;fusion=GPS_IMU
LOCATION,1790429875604,29.6432483,52.4671433,24.000,true,4.08,2.393,source=fused:fused;speedReason=OK;derived=4.16;locationGapMs=1003;callbackGapMs=1003;fusion=GPS_IMU
LOCATION,1790429876602,29.6432667,52.4671633,31.000,true,4.38,4.527,source=fused:fused;speedReason=OK;derived=10.14;locationGapMs=999;callbackGapMs=999;fusion=GPS_IMU
LOCATION,1790429877600,29.6432833,52.4671817,32.000,true,4.39,5.912,source=fused:fused;speedReason=OK;derived=10.14;locationGapMs=998;callbackGapMs=998;fusion=GPS_IMU
LOCATION,1790429878610,29.6433100,52.4672050,40.000,true,4.41,6.752,source=fused:fused;speedReason=OK;derived=10.14;locationGapMs=1011;callbackGapMs=1011;fusion=GPS_IMU
LOCATION,1790429879591,29.6433283,52.4672333,46.000,true,4.14,8.829,source=fused:fused;speedReason=OK;derived=12.54;locationGapMs=979;callbackGapMs=979;fusion=GPS_IMU
LOCATION,1790429880623,29.6433567,52.4672683,47.000,true,2.50,10.288,source=fused:fused;speedReason=OK;derived=13.25;locationGapMs=1023;callbackGapMs=1023;fusion=GPS_IMU
LOCATION,1790429881632,29.6433900,52.4673033,42.000,true,2.48,12.110,source=fused:fused;speedReason=OK;derived=16.28;locationGapMs=1017;callbackGapMs=1017;fusion=GPS_IMU
LOCATION,1790429882625,29.6434267,52.4673367,40.000,true,2.46,13.729,source=fused:fused;speedReason=OK;derived=17.74;locationGapMs=993;callbackGapMs=993;fusion=GPS_IMU
LOCATION,1790429883629,29.6434600,52.4673733,44.000,true,2.44,15.113,source=fused:fused;speedReason=OK;derived=18.35;locationGapMs=1004;callbackGapMs=1004;fusion=GPS_IMU
LOCATION,1790429884622,29.6434967,52.4674133,43.000,true,2.42,15.685,source=fused:fused;speedReason=OK;derived=18.84;locationGapMs=993;callbackGapMs=993;fusion=GPS_IMU
LOCATION,1790429885603,29.6435300,52.4674467,46.000,true,2.43,16.286,source=fused:fused;speedReason=OK;derived=18.35;locationGapMs=983;callbackGapMs=983;fusion=GPS_IMU
LOCATION,1790429886611,29.6435600,52.4674817,42.000,true,2.43,16.460,source=fused:fused;speedReason=OK;derived=17.97;locationGapMs=1002;callbackGapMs=1002;fusion=GPS_IMU
LOCATION,1790429887629,29.6435933,52.4675133,39.000,true,2.46,16.748,source=fused:fused;speedReason=OK;derived=17.06;locationGapMs=1023;callbackGapMs=1023;fusion=GPS_IMU
LOCATION,1790429888689,29.6436300,52.4675350,31.000,true,2.47,16.989,source=fused:fused;speedReason=OK;derived=16.87;locationGapMs=1059;callbackGapMs=1059;fusion=GPS_IMU
LOCATION,1790429889617,29.6436633,52.4675567,34.000,true,4.09,16.118,source=fused:fused;speedReason=OK;derived=16.46;locationGapMs=929;callbackGapMs=929;fusion=GPS_IMU
LOCATION,1790429890626,29.6436950,52.4675783,33.000,true,4.37,15.447,source=fused:fused;speedReason=OK;derived=15.56;locationGapMs=1009;callbackGapMs=1009;fusion=GPS_IMU
LOCATION,1790429891643,29.6437250,52.4676000,33.000,true,4.37,15.139,source=fused:fused;speedReason=OK;derived=14.59;locationGapMs=1010;callbackGapMs=1010;fusion=GPS_IMU
LOCATION,1790429892629,29.6437483,52.4676117,19.000,true,4.37,14.044,source=fused:fused;speedReason=OK;derived=14.02;locationGapMs=992;callbackGapMs=992;fusion=GPS_IMU
LOCATION,1790429893632,29.6437617,52.4676200,19.000,true,4.37,12.582,source=fused:fused;speedReason=OK;derived=10.23;locationGapMs=1004;callbackGapMs=1004;fusion=GPS_IMU
LOCATION,1790429894617,29.6437667,52.4676200,19.000,true,2.50,10.103,source=fused:fused;speedReason=OK;derived=6.06;locationGapMs=984;callbackGapMs=984;fusion=GPS_IMU
LOCATION,1790429895642,29.6437667,52.4676183,19.000,true,2.50,0.000,source=fused:fused;speedReason=OK;derived=2.03;locationGapMs=1025;callbackGapMs=1025;fusion=GPS_IMU
LOCATION,1790429896636,29.6437633,52.4676150,19.000,true,2.48,0.000,source=fused:fused;speedReason=OK;derived=1.80;locationGapMs=989;callbackGapMs=989;fusion=GPS_IMU
LOCATION_ONLY,1790429897373,29.6437633,52.4676150,19.000,true,7.24,0.000,source=fused:fused;speedReason=NO_SPEED;derived=0.58;locationGapMs=735;callbackGapMs=735;fusion=GPS_IMU
LOCATION,1790429898624,29.6437633,52.4676150,19.000,true,6.50,0.000,source=fused:fused;speedReason=OK;derived=0.00;locationGapMs=1256;callbackGapMs=1256;fusion=GPS_IMU
LOCATION,1790429899690,29.6437633,52.4676150,19.000,true,7.07,0.000,source=fused:fused;speedReason=OK;derived=0.00;locationGapMs=1068;callbackGapMs=1068;fusion=GPS_IMU
LOCATION,1790429900630,29.6437633,52.4676150,19.000,true,6.32,0.000,source=fused:fused;speedReason=OK;derived=0.00;locationGapMs=940;callbackGapMs=940;fusion=GPS_IMU
LOCATION,1790429901637,29.6437633,52.4676150,,false,6.84,0.000,source=fused:fused;speedReason=OK;derived=0.00;locationGapMs=1009;callbackGapMs=1009;fusion=GPS_IMU
LOCATION,1790429902622,29.6437633,52.4676150,,false,1.95,0.000,source=fused:fused;speedReason=OK;derived=0.00;locationGapMs=986;callbackGapMs=986;fusion=GPS_IMU
LOCATION,1790429903627,29.6437633,52.4676150,,false,1.74,0.000,source=fused:fused;speedReason=OK;derived=0.00;locationGapMs=1005;callbackGapMs=1005;fusion=GPS_IMU
LOCATION_ONLY,1790429904239,29.6437633,52.4676150,,false,5.59,0.000,source=fused:fused;speedReason=NO_SPEED;derived=0.00;locationGapMs=612;callbackGapMs=612;fusion=GPS_IMU
LOCATION,1790429905694,29.6437633,52.4676150,,false,5.51,0.000,source=fused:fused;speedReason=OK;derived=0.00;locationGapMs=1455;callbackGapMs=1455;fusion=GPS_IMU
LOCATION,1790429906625,29.6437633,52.4676150,,false,4.95,0.000,source=fused:fused;speedReason=OK;derived=0.00;locationGapMs=931;callbackGapMs=931;fusion=GPS_IMU
LOCATION,1790429907638,29.6437967,52.4676600,37.000,true,5.47,0.000,source=fused:fused;speedReason=OK;derived=0.00;locationGapMs=1007;callbackGapMs=1007;fusion=GPS_IMU
LOCATION,1790429908637,29.6438150,52.4676767,37.000,true,5.47,2.461,source=fused:fused;speedReason=OK;derived=9.31;locationGapMs=1003;callbackGapMs=1003;fusion=GPS_IMU
LOCATION,1790429909625,29.6438250,52.4676817,37.000,true,1.60,3.617,source=fused:fused;speedReason=OK;derived=9.31;locationGapMs=986;callbackGapMs=986;fusion=GPS_IMU
LOCATION,1790429910625,29.6438283,52.4676833,37.000,true,1.60,0.000,source=fused:fused;speedReason=OK;derived=4.42;locationGapMs=1001;callbackGapMs=1001;fusion=GPS_IMU
LOCATION,1790429911692,29.6438300,52.4676833,37.000,true,3.59,0.000,source=fused:fused;speedReason=OK;derived=1.43;locationGapMs=1066;callbackGapMs=1066;fusion=GPS_IMU
LOCATION,1790429912615,29.6438300,52.4676833,37.000,true,3.29,0.000,source=fused:fused;speedReason=OK;derived=0.64;locationGapMs=925;callbackGapMs=925;fusion=GPS_IMU
LOCATION,1790429913636,29.6438300,52.4676833,37.000,true,3.27,0.000,source=fused:fused;speedReason=OK;derived=0.00;locationGapMs=1016;callbackGapMs=1016;fusion=GPS_IMU
LOCATION,1790429914634,29.6438300,52.4676833,37.000,true,3.54,0.000,source=fused:fused;speedReason=OK;derived=0.00;locationGapMs=1001;callbackGapMs=1001;fusion=GPS_IMU
LOCATION,1790429915640,29.6438300,52.4676833,,false,3.52,0.000,source=fused:fused;speedReason=OK;derived=0.00;locationGapMs=1011;callbackGapMs=1011;fusion=GPS_IMU
LOCATION,1790429916629,29.6438300,52.4676833,,false,1.48,0.000,source=fused:fused;speedReason=OK;derived=0.00;locationGapMs=988;callbackGapMs=988;fusion=GPS_IMU
LOCATION,1790429917621,29.6438300,52.4676833,,false,1.46,0.000,source=fused:fused;speedReason=OK;derived=0.00;locationGapMs=992;callbackGapMs=992;fusion=GPS_IMU
LOCATION,1790429918625,29.6438300,52.4676833,,false,2.43,0.000,source=fused:fused;speedReason=OK;derived=0.00;locationGapMs=1004;callbackGapMs=1004;fusion=GPS_IMU
LOCATION,1790429919627,29.6438300,52.4676833,,false,2.42,0.000,source=fused:fused;speedReason=OK;derived=0.00;locationGapMs=1002;callbackGapMs=1002;fusion=GPS_IMU
LOCATION,1790429920609,29.6438300,52.4676833,,false,2.40,0.000,source=fused:fused;speedReason=OK;derived=0.00;locationGapMs=982;callbackGapMs=982;fusion=GPS_IMU
LOCATION,1790429921632,29.6438300,52.4676833,,false,2.39,0.000,source=fused:fused;speedReason=OK;derived=0.00;locationGapMs=1023;callbackGapMs=1023;fusion=GPS_IMU
LOCATION,1790429922585,29.6438300,52.4676833,,false,2.40,0.000,source=fused:fused;speedReason=OK;derived=0.00;locationGapMs=953;callbackGapMs=953;fusion=GPS_IMU
LOCATION,1790429923620,29.6438300,52.4676833,,false,1.43,0.000,source=fused:fused;speedReason=OK;derived=0.00;locationGapMs=1035;callbackGapMs=1035;fusion=GPS_IMU
LOCATION_ONLY,1790429924520,29.6438300,52.4676833,,false,7.27,0.000,source=fused:fused;speedReason=NO_SPEED;derived=0.00;locationGapMs=900;callbackGapMs=900;fusion=GPS_IMU
LOCATION,1790429925644,29.6438883,52.4677500,41.000,true,7.30,0.000,source=fused:fused;speedReason=OK;derived=0.00;locationGapMs=1116;callbackGapMs=1116;fusion=GPS_IMU
LOCATION,1790429926625,29.6439117,52.4677717,44.000,true,7.32,6.932,source=fused:fused;speedReason=OK;derived=12.19;locationGapMs=986;callbackGapMs=986;fusion=GPS_IMU
LOCATION,1790429927630,29.6439350,52.4677983,53.000,true,7.32,10.166,source=fused:fused;speedReason=OK;derived=13.07;locationGapMs=1005;callbackGapMs=1005;fusion=GPS_IMU
LOCATION,1790429928637,29.6439583,52.4678250,46.000,true,7.32,12.313,source=fused:fused;speedReason=OK;derived=13.06;locationGapMs=1007;callbackGapMs=1007;fusion=GPS_IMU
LOCATION,1790429929632,29.6439850,52.4678483,41.000,true,1.50,13.175,source=fused:fused;speedReason=OK;derived=13.07;locationGapMs=994;callbackGapMs=994;fusion=GPS_IMU
LOCATION,1790429930621,29.6440100,52.4678667,34.000,true,1.50,13.379,source=fused:fused;speedReason=OK;derived=13.06;locationGapMs=990;callbackGapMs=990;fusion=GPS_IMU
LOCATION,1790429931632,29.6440283,52.4678800,33.000,true,1.50,12.340,source=fused:fused;speedReason=OK;derived=11.98;locationGapMs=1008;callbackGapMs=1008;fusion=GPS_IMU
LOCATION_ONLY,1790429932322,29.6440283,52.4678800,33.000,true,5.92,12.170,source=fused:fused;speedReason=NO_SPEED;derived=8.58;locationGapMs=691;callbackGapMs=691;fusion=GPS_IMU
LOCATION,1790429933702,29.6440650,52.4679000,39.000,true,5.32,10.278,source=fused:fused;speedReason=OK;derived=8.58;locationGapMs=1382;callbackGapMs=1382;fusion=GPS_IMU
LOCATION,1790429934636,29.6440800,52.4679100,36.000,true,5.97,8.408,source=fused:fused;speedReason=OK;derived=7.42;locationGapMs=934;callbackGapMs=934;fusion=GPS_IMU
LOCATION,1790429935642,29.6440933,52.4679200,39.000,true,5.99,7.479,source=fused:fused;speedReason=OK;derived=7.42;locationGapMs=1005;callbackGapMs=1005;fusion=GPS_IMU
LOCATION,1790429936641,29.6441050,52.4679283,42.000,true,5.99,6.375,source=fused:fused;speedReason=OK;derived=6.32;locationGapMs=995;callbackGapMs=995;fusion=GPS_IMU
LOCATION,1790429937628,29.6441183,52.4679400,38.000,true,1.57,5.923,source=fused:fused;speedReason=OK;derived=6.32;locationGapMs=990;callbackGapMs=990;fusion=GPS_IMU
LOCATION,1790429938640,29.6441283,52.4679483,38.000,true,1.54,5.849,source=fused:fused;speedReason=OK;derived=5.52;locationGapMs=1014;callbackGapMs=1014;fusion=GPS_IMU
LOCATION,1790429939630,29.6441317,52.4679567,38.000,true,1.53,5.056,source=fused:fused;speedReason=OK;derived=4.86;locationGapMs=989;callbackGapMs=989;fusion=GPS_IMU
LOCATION,1790429940641,29.6441317,52.4679567,38.000,true,1.52,0.000,source=fused:fused;speedReason=OK;derived=3.26;locationGapMs=1013;callbackGapMs=1013;fusion=GPS_IMU
LOCATION,1790429941634,29.6441300,52.4679550,38.000,true,1.50,0.000,source=fused:fused;speedReason=OK;derived=0.91;locationGapMs=992;callbackGapMs=992;fusion=GPS_IMU
LOCATION_ONLY,1790429942540,29.6441300,52.4679550,38.000,true,7.28,0.000,source=fused:fused;speedReason=NO_SPEED;derived=0.00;locationGapMs=902;callbackGapMs=902;fusion=GPS_IMU
LOCATION,1790429943635,29.6441300,52.4679550,38.000,true,6.43,0.000,source=fused:fused;speedReason=OK;derived=0.00;locationGapMs=1099;callbackGapMs=1099;fusion=GPS_IMU
LOCATION,1790429944701,29.6441300,52.4679550,38.000,true,6.41,0.000,source=fused:fused;speedReason=OK;derived=0.00;locationGapMs=1065;callbackGapMs=1065;fusion=GPS_IMU
LOCATION,1790429945633,29.6441300,52.4679550,,false,7.21,0.000,source=fused:fused;speedReason=OK;derived=0.00;locationGapMs=936;callbackGapMs=936;fusion=GPS_IMU
LOCATION,1790429946626,29.6441300,52.4679550,,false,6.38,0.000,source=fused:fused;speedReason=OK;derived=0.00;locationGapMs=993;callbackGapMs=993;fusion=GPS_IMU
LOCATION,1790429947607,29.6441300,52.4679550,,false,1.40,0.000,source=fused:fused;speedReason=OK;derived=0.00;locationGapMs=981;callbackGapMs=981;fusion=GPS_IMU
LOCATION,1790429948631,29.6441300,52.4679550,,false,1.40,0.000,source=fused:fused;speedReason=OK;derived=0.00;locationGapMs=1024;callbackGapMs=1024;fusion=GPS_IMU
LOCATION,1790429949632,29.6441300,52.4679550,,false,4.32,0.000,source=fused:fused;speedReason=OK;derived=0.00;locationGapMs=1001;callbackGapMs=1001;fusion=GPS_IMU
LOCATION,1790429950639,29.6441300,52.4679550,,false,3.90,0.000,source=fused:fused;speedReason=OK;derived=0.00;locationGapMs=1007;callbackGapMs=1007;fusion=GPS_IMU
LOCATION,1790429951634,29.6441300,52.4679550,,false,4.32,0.000,source=fused:fused;speedReason=OK;derived=0.00;locationGapMs=996;callbackGapMs=996;fusion=GPS_IMU
LOCATION,1790429952637,29.6441450,52.4679700,38.000,true,4.32,0.000,source=fused:fused;speedReason=OK;derived=0.00;locationGapMs=995;callbackGapMs=995;fusion=GPS_IMU
LOCATION,1790429953600,29.6441733,52.4679950,38.000,true,3.91,5.448,source=fused:fused;speedReason=OK;derived=7.99;locationGapMs=970;callbackGapMs=970;fusion=GPS_IMU
LOCATION,1790429954630,29.6442083,52.4680233,37.000,true,1.43,11.443,source=fused:fused;speedReason=OK;derived=14.71;locationGapMs=1028;callbackGapMs=1028;fusion=GPS_IMU
LOCATION,1790429955673,29.6442450,52.4680533,38.000,true,1.46,14.718,source=fused:fused;speedReason=OK;derived=16.63;locationGapMs=1043;callbackGapMs=1043;fusion=GPS_IMU
LOCATION,1790429956629,29.6442817,52.4680850,40.000,true,1.47,15.952,source=fused:fused;speedReason=OK;derived=17.25;locationGapMs=955;callbackGapMs=955;fusion=GPS_IMU
LOCATION,1790429957637,29.6443183,52.4681167,39.000,true,1.50,16.793,source=fused:fused;speedReason=OK;derived=18.17;locationGapMs=1008;callbackGapMs=1008;fusion=GPS_IMU
LOCATION,1790429958635,29.6443567,52.4681500,41.000,true,1.50,16.998,source=fused:fused;speedReason=OK;derived=19.21;locationGapMs=998;callbackGapMs=998;fusion=GPS_IMU
LOCATION,1790429959636,29.6443967,52.4681867,41.000,true,1.50,18.251,source=fused:fused;speedReason=OK;derived=19.26;locationGapMs=1000;callbackGapMs=1000;fusion=GPS_IMU
LOCATION,1790429960629,29.6444350,52.4682250,47.000,true,1.50,18.958,source=fused:fused;speedReason=OK;derived=20.44;locationGapMs=993;callbackGapMs=993;fusion=GPS_IMU
LOCATION,1790429961715,29.6444667,52.4682617,48.000,true,1.50,18.794,source=fused:fused;speedReason=OK;derived=20.44;locationGapMs=1087;callbackGapMs=1087;fusion=GPS_IMU
LOCATION,1790429962645,29.6444950,52.4682917,41.000,true,1.50,17.405,source=fused:fused;speedReason=OK;derived=16.57;locationGapMs=929;callbackGapMs=929;fusion=GPS_IMU
LOCATION,1790429963631,29.6445233,52.4683183,38.000,true,1.50,16.290,source=fused:fused;speedReason=OK;derived=16.55;locationGapMs=987;callbackGapMs=987;fusion=GPS_IMU
LOCATION,1790429964626,29.6445483,52.4683433,42.000,true,1.50,14.794,source=fused:fused;speedReason=OK;derived=14.80;locationGapMs=995;callbackGapMs=995;fusion=GPS_IMU
LOCATION,1790429965629,29.6445683,52.4683683,45.000,true,1.50,13.333,source=fused:fused;speedReason=OK;derived=13.31;locationGapMs=1004;callbackGapMs=1004;fusion=GPS_IMU
LOCATION,1790429966625,29.6445867,52.4683933,45.000,true,3.15,12.270,source=fused:fused;speedReason=OK;derived=11.77;locationGapMs=995;callbackGapMs=995;fusion=GPS_IMU
LOCATION,1790429967631,29.6446067,52.4684183,46.000,true,5.48,11.937,source=fused:fused;speedReason=OK;derived=11.76;locationGapMs=1005;callbackGapMs=1005;fusion=GPS_IMU
LOCATION,1790429968627,29.6446300,52.4684450,47.000,true,6.48,12.270,source=fused:fused;speedReason=OK;derived=11.76;locationGapMs=997;callbackGapMs=997;fusion=GPS_IMU
LOCATION,1790429969628,29.6446500,52.4684717,47.000,true,8.15,12.652,source=fused:fused;speedReason=OK;derived=12.25;locationGapMs=1001;callbackGapMs=1001;fusion=GPS_IMU
LOCATION,1790429970645,29.6446683,52.4684950,47.000,true,11.50,12.316,source=fused:fused;speedReason=OK;derived=12.25;locationGapMs=1017;callbackGapMs=1017;fusion=GPS_IMU
LOCATION,1790429971638,29.6446867,52.4685167,46.000,true,11.54,11.743,source=fused:fused;speedReason=OK;derived=10.74;locationGapMs=993;callbackGapMs=993;fusion=GPS_IMU
LOCATION,1790429972706,29.6447017,52.4685350,46.000,true,11.58,10.805,source=fused:fused;speedReason=OK;derived=10.62;locationGapMs=1066;callbackGapMs=1066;fusion=GPS_IMU
LOCATION,1790429973631,29.6447133,52.4685517,46.000,true,11.62,9.624,source=fused:fused;speedReason=OK;derived=8.21;locationGapMs=927;callbackGapMs=927;fusion=GPS_IMU
LOCATION,1790429974637,29.6447167,52.4685650,46.000,true,11.66,7.781,source=fused:fused;speedReason=OK;derived=8.02;locationGapMs=1005;callbackGapMs=1005;fusion=GPS_IMU
LOCATION,1790429975622,29.6447167,52.4685717,46.000,true,11.68,5.501,source=fused:fused;speedReason=OK;derived=4.81;locationGapMs=986;callbackGapMs=986;fusion=GPS_IMU
LOCATION,1790429976636,29.6447167,52.4685733,46.000,true,10.02,0.000,source=fused:fused;speedReason=OK;derived=2.37;locationGapMs=1014;callbackGapMs=1014;fusion=GPS_IMU
LOCATION,1790429977629,29.6447133,52.4685750,46.000,true,8.33,0.000,source=fused:fused;speedReason=OK;derived=1.49;locationGapMs=993;callbackGapMs=993;fusion=GPS_IMU
LOCATION,1790429978625,29.6447133,52.4685750,46.000,true,6.63,0.000,source=fused:fused;speedReason=OK;derived=0.55;locationGapMs=995;callbackGapMs=995;fusion=GPS_IMU
LOCATION,1790429979619,29.6447133,52.4685750,46.000,true,4.93,0.000,source=fused:fused;speedReason=OK;derived=0.00;locationGapMs=995;callbackGapMs=995;fusion=GPS_IMU
LOCATION,1790429980629,29.6447133,52.4685750,46.000,true,3.23,0.000,source=fused:fused;speedReason=OK;derived=0.00;locationGapMs=1009;callbackGapMs=1009;fusion=GPS_IMU
LOCATION,1790429981631,29.6447133,52.4685750,,false,3.46,0.000,source=fused:fused;speedReason=OK;derived=0.00;locationGapMs=1006;callbackGapMs=1006;fusion=GPS_IMU
LOCATION,1790429982632,29.6447133,52.4685750,,false,4.77,0.000,source=fused:fused;speedReason=OK;derived=0.00;locationGapMs=1001;callbackGapMs=1001;fusion=GPS_IMU
LOCATION,1790429983606,29.6447133,52.4685750,,false,6.40,0.000,source=fused:fused;speedReason=OK;derived=0.00;locationGapMs=974;callbackGapMs=974;fusion=GPS_IMU
LOCATION,1790429984627,29.6447133,52.4685750,,false,9.34,0.000,source=fused:fused;speedReason=OK;derived=0.00;locationGapMs=1020;callbackGapMs=1020;fusion=GPS_IMU
LOCATION_ONLY,1790429985237,29.6447133,52.4685750,,false,13.55,0.000,source=fused:fused;speedReason=NO_SPEED;derived=0.00;locationGapMs=611;callbackGapMs=611;fusion=GPS_IMU
LOCATION,1790429986633,29.6447133,52.4685750,,false,15.18,0.000,source=fused:fused;speedReason=OK;derived=0.00;locationGapMs=1396;callbackGapMs=1396;fusion=GPS_IMU
LOCATION,1790429987633,29.6447133,52.4685750,,false,15.18,0.000,source=fused:fused;speedReason=OK;derived=0.00;locationGapMs=1000;callbackGapMs=1000;fusion=GPS_IMU
LOCATION,1790429988682,29.6447133,52.4685750,,false,15.18,0.000,source=fused:fused;speedReason=OK;derived=0.00;locationGapMs=1049;callbackGapMs=1049;fusion=GPS_IMU
LOCATION,1790429989635,29.6447133,52.4685750,,false,15.18,0.000,source=fused:fused;speedReason=OK;derived=0.00;locationGapMs=953;callbackGapMs=953;fusion=GPS_IMU
LOCATION,1790429990620,29.6447133,52.4685750,,false,11.30,0.000,source=fused:fused;speedReason=OK;derived=0.00;locationGapMs=985;callbackGapMs=985;fusion=GPS_IMU
LOCATION,1790429991621,29.6447133,52.4685750,,false,11.30,0.000,source=fused:fused;speedReason=OK;derived=0.00;locationGapMs=1001;callbackGapMs=1001;fusion=GPS_IMU
LOCATION_ONLY,1790429992115,29.6447133,52.4685750,,false,14.40,0.000,source=fused:fused;speedReason=NO_SPEED;derived=0.00;locationGapMs=494;callbackGapMs=494;fusion=GPS_IMU
LOCATION,1790429992627,29.6447133,52.4685750,,false,13.97,0.000,source=fused:fused;speedReason=OK;derived=0.00;locationGapMs=512;callbackGapMs=512;fusion=GPS_IMU
LOCATION,1790429993633,29.6447133,52.4685750,,false,13.99,0.000,source=fused:fused;speedReason=OK;derived=0.00;locationGapMs=1006;callbackGapMs=1006;fusion=GPS_IMU
LOCATION,1790429994684,29.6447133,52.4685750,,false,14.00,0.000,source=fused:fused;speedReason=OK;derived=0.00;locationGapMs=1051;callbackGapMs=1051;fusion=GPS_IMU
LOCATION,1790429995627,29.6447133,52.4685750,,false,14.47,0.000,source=fused:fused;speedReason=OK;derived=0.00;locationGapMs=943;callbackGapMs=943;fusion=GPS_IMU
LOCATION,1790429996633,29.6447133,52.4685750,,false,14.49,0.000,source=fused:fused;speedReason=OK;derived=0.00;locationGapMs=1006;callbackGapMs=1006;fusion=GPS_IMU
LOCATION,1790429997603,29.6447133,52.4685750,,false,11.40,0.000,source=fused:fused;speedReason=OK;derived=0.00;locationGapMs=970;callbackGapMs=970;fusion=GPS_IMU
LOCATION,1790429998631,29.6447133,52.4685750,,false,11.40,0.000,source=fused:fused;speedReason=OK;derived=0.00;locationGapMs=1028;callbackGapMs=1028;fusion=GPS_IMU
LOCATION,1790429999627,29.6447133,52.4685750,,false,13.11,0.000,source=fused:fused;speedReason=OK;derived=0.00;locationGapMs=996;callbackGapMs=996;fusion=GPS_IMU
LOCATION,1790430000627,29.6447133,52.4685750,,false,13.39,0.000,source=fused:fused;speedReason=OK;derived=0.00;locationGapMs=1001;callbackGapMs=1001;fusion=GPS_IMU
LOCATION,1790430001621,29.6447133,52.4685750,,false,13.11,0.000,source=fused:fused;speedReason=OK;derived=0.00;locationGapMs=994;callbackGapMs=994;fusion=GPS_IMU
LOCATION,1790430002617,29.6447133,52.4685750,,false,13.39,0.000,source=fused:fused;speedReason=OK;derived=0.00;locationGapMs=995;callbackGapMs=995;fusion=GPS_IMU
LOCATION,1790430003635,29.6447133,52.4685750,,false,13.39,0.000,source=fused:fused;speedReason=OK;derived=0.00;locationGapMs=1018;callbackGapMs=1018;fusion=GPS_IMU
LOCATION,1790430004616,29.6447133,52.4685750,,false,11.40,0.000,source=fused:fused;speedReason=OK;derived=0.00;locationGapMs=981;callbackGapMs=981;fusion=GPS_IMU
LOCATION,1790430005695,29.6447133,52.4685750,,false,11.40,0.000,source=fused:fused;speedReason=OK;derived=0.00;locationGapMs=1079;callbackGapMs=1079;fusion=GPS_IMU
LOCATION,1790430006627,29.6447133,52.4685750,,false,12.03,0.000,source=fused:fused;speedReason=OK;derived=0.00;locationGapMs=932;callbackGapMs=932;fusion=GPS_IMU
LOCATION,1790430007634,29.6447133,52.4685750,,false,12.14,0.000,source=fused:fused;speedReason=OK;derived=0.00;locationGapMs=1007;callbackGapMs=1007;fusion=GPS_IMU
LOCATION,1790430008629,29.6447133,52.4685750,,false,12.03,0.000,source=fused:fused;speedReason=OK;derived=0.00;locationGapMs=995;callbackGapMs=995;fusion=GPS_IMU
LOCATION,1790430009643,29.6447133,52.4685750,,false,12.12,0.000,source=fused:fused;speedReason=OK;derived=0.00;locationGapMs=1014;callbackGapMs=1014;fusion=GPS_IMU
LOCATION,1790430010613,29.6447133,52.4685750,,false,12.00,0.000,source=fused:fused;speedReason=OK;derived=0.00;locationGapMs=970;callbackGapMs=970;fusion=GPS_IMU
LOCATION,1790430011593,29.6447450,52.4686483,51.000,true,11.35,0.000,source=fused:fused;speedReason=OK;derived=0.00;locationGapMs=977;callbackGapMs=977;fusion=GPS_IMU
LOCATION_ONLY,1790430012570,29.6447450,52.4686483,51.000,true,17.08,0.042,source=fused:fused;speedReason=NO_SPEED;derived=0.00;locationGapMs=977;callbackGapMs=977;fusion=GPS_IMU
LOCATION,1790430013624,29.6447700,52.4686867,51.000,true,16.27,3.820,source=fused:fused;speedReason=OK;derived=15.84;locationGapMs=1054;callbackGapMs=1054;fusion=GPS_IMU
LOCATION,1790430014621,29.6447783,52.4686967,51.000,true,16.27,4.317,source=fused:fused;speedReason=OK;derived=4.82;locationGapMs=998;callbackGapMs=998;fusion=GPS_IMU
LOCATION,1790430015633,29.6447833,52.4687050,51.000,true,17.11,0.000,source=fused:fused;speedReason=OK;derived=4.82;locationGapMs=1011;callbackGapMs=1011;fusion=GPS_IMU
LOCATION,1790430016640,29.6447883,52.4687117,51.000,true,17.15,0.000,source=fused:fused;speedReason=OK;derived=3.48;locationGapMs=1007;callbackGapMs=1007;fusion=GPS_IMU
LOCATION,1790430017626,29.6447883,52.4687117,51.000,true,11.46,0.000,source=fused:fused;speedReason=OK;derived=3.05;locationGapMs=987;callbackGapMs=987;fusion=GPS_IMU
LOCATION,1790430018633,29.6447883,52.4687117,51.000,true,11.54,0.000,source=fused:fused;speedReason=OK;derived=0.00;locationGapMs=1006;callbackGapMs=1006;fusion=GPS_IMU
LOCATION_ONLY,1790430019371,29.6447883,52.4687117,51.000,true,16.33,0.000,source=fused:fused;speedReason=NO_SPEED;derived=0.00;locationGapMs=738;callbackGapMs=738;fusion=GPS_IMU
LOCATION,1790430020638,29.6447883,52.4687117,,false,16.60,0.000,source=fused:fused;speedReason=OK;derived=0.00;locationGapMs=1270;callbackGapMs=1270;fusion=GPS_IMU
LOCATION,1790430021705,29.6447883,52.4687117,,false,16.83,0.000,source=fused:fused;speedReason=OK;derived=0.00;locationGapMs=1067;callbackGapMs=1067;fusion=GPS_IMU
LOCATION,1790430022641,29.6447883,52.4687117,,false,16.78,0.000,source=fused:fused;speedReason=OK;derived=0.00;locationGapMs=936;callbackGapMs=936;fusion=GPS_IMU
LOCATION,1790430023619,29.6447883,52.4687117,,false,16.00,0.000,source=fused:fused;speedReason=OK;derived=0.00;locationGapMs=978;callbackGapMs=978;fusion=GPS_IMU
LOCATION,1790430024624,29.6447883,52.4687117,,false,11.84,0.000,source=fused:fused;speedReason=OK;derived=0.00;locationGapMs=1005;callbackGapMs=1005;fusion=GPS_IMU
LOCATION,1790430025603,29.6447883,52.4687117,,false,11.75,0.000,source=fused:fused;speedReason=OK;derived=0.00;locationGapMs=980;callbackGapMs=980;fusion=GPS_IMU
LOCATION,1790430026589,29.6447883,52.4687117,,false,13.03,0.000,source=fused:fused;speedReason=OK;derived=0.00;locationGapMs=985;callbackGapMs=985;fusion=GPS_IMU
LOCATION,1790430027631,29.6447883,52.4687117,,false,12.81,0.000,source=fused:fused;speedReason=OK;derived=0.00;locationGapMs=1042;callbackGapMs=1042;fusion=GPS_IMU
LOCATION,1790430028622,29.6447883,52.4687117,,false,13.06,0.000,source=fused:fused;speedReason=OK;derived=0.00;locationGapMs=991;callbackGapMs=991;fusion=GPS_IMU
LOCATION,1790430029633,29.6447883,52.4687117,,false,13.06,0.000,source=fused:fused;speedReason=OK;derived=0.00;locationGapMs=1011;callbackGapMs=1011;fusion=GPS_IMU
LOCATION,1790430030671,29.6447883,52.4687117,,false,13.06,0.000,source=fused:fused;speedReason=OK;derived=0.00;locationGapMs=1037;callbackGapMs=1037;fusion=GPS_IMU
LOCATION,1790430031632,29.6447883,52.4687117,,false,11.30,0.000,source=fused:fused;speedReason=OK;derived=0.00;locationGapMs=962;callbackGapMs=962;fusion=GPS_IMU
LOCATION,1790430032632,29.6448300,52.4687783,55.000,true,11.30,0.000,source=fused:fused;speedReason=OK;derived=0.00;locationGapMs=997;callbackGapMs=997;fusion=GPS_IMU
LOCATION,1790430033651,29.6448467,52.4688033,55.000,true,11.30,6.720,source=fused:fused;speedReason=OK;derived=10.78;locationGapMs=1018;callbackGapMs=1018;fusion=GPS_IMU
LOCATION,1790430034639,29.6448650,52.4688317,54.000,true,11.32,9.481,source=fused:fused;speedReason=OK;derived=12.44;locationGapMs=989;callbackGapMs=989;fusion=GPS_IMU
LOCATION,1790430035637,29.6448867,52.4688633,54.000,true,11.33,11.849,source=fused:fused;speedReason=OK;derived=12.44;locationGapMs=997;callbackGapMs=997;fusion=GPS_IMU
LOCATION,1790430036634,29.6449117,52.4689033,56.000,true,11.35,13.600,source=fused:fused;speedReason=OK;derived=14.05;locationGapMs=997;callbackGapMs=997;fusion=GPS_IMU
LOCATION,1790430037632,29.6449350,52.4689433,58.000,true,11.38,14.693,source=fused:fused;speedReason=OK;derived=16.78;locationGapMs=999;callbackGapMs=999;fusion=GPS_IMU
LOCATION,1790430038628,29.6449583,52.4689833,58.000,true,11.38,16.209,source=fused:fused;speedReason=OK;derived=16.83;locationGapMs=996;callbackGapMs=996;fusion=GPS_IMU
LOCATION,1790430039632,29.6449817,52.4690233,59.000,true,11.40,16.288,source=fused:fused;speedReason=OK;derived=16.78;locationGapMs=1004;callbackGapMs=1004;fusion=GPS_IMU
LOCATION,1790430040637,29.6450083,52.4690650,59.000,true,11.40,16.514,source=fused:fused;speedReason=OK;derived=16.83;locationGapMs=1005;callbackGapMs=1005;fusion=GPS_IMU
LOCATION,1790430041694,29.6450333,52.4691033,60.000,true,11.40,16.587,source=fused:fused;speedReason=OK;derived=16.71;locationGapMs=1058;callbackGapMs=1058;fusion=GPS_IMU
LOCATION,1790430042643,29.6450550,52.4691400,60.000,true,11.40,16.164,source=fused:fused;speedReason=OK;derived=16.31;locationGapMs=947;callbackGapMs=947;fusion=GPS_IMU
LOCATION,1790430043632,29.6450717,52.4691733,60.000,true,11.40,15.009,source=fused:fused;speedReason=OK;derived=15.75;locationGapMs=989;callbackGapMs=989;fusion=GPS_IMU
LOCATION,1790430044634,29.6450883,52.4692017,60.000,true,12.89,13.519,source=fused:fused;speedReason=OK;derived=13.53;locationGapMs=1004;callbackGapMs=1004;fusion=GPS_IMU
LOCATION,1790430045628,29.6451033,52.4692283,59.000,true,12.89,12.008,source=fused:fused;speedReason=OK;derived=11.86;locationGapMs=994;callbackGapMs=994;fusion=GPS_IMU
LOCATION,1790430046633,29.6451167,52.4692517,60.000,true,12.89,10.705,source=fused:fused;speedReason=OK;derived=11.10;locationGapMs=1005;callbackGapMs=1005;fusion=GPS_IMU
LOCATION,1790430047636,29.6451317,52.4692733,60.000,true,13.13,9.803,source=fused:fused;speedReason=OK;derived=9.70;locationGapMs=1002;callbackGapMs=1002;fusion=GPS_IMU
LOCATION,1790430048636,29.6451433,52.4692950,60.000,true,13.13,9.613,source=fused:fused;speedReason=OK;derived=9.60;locationGapMs=1000;callbackGapMs=1000;fusion=GPS_IMU
LOCATION,1790430049640,29.6451517,52.4693083,60.000,true,11.42,8.751,source=fused:fused;speedReason=OK;derived=8.87;locationGapMs=1003;callbackGapMs=1003;fusion=GPS_IMU
LOCATION,1790430050622,29.6451517,52.4693100,60.000,true,11.43,6.302,source=fused:fused;speedReason=OK;derived=5.70;locationGapMs=984;callbackGapMs=984;fusion=GPS_IMU
LOCATION,1790430051618,29.6451517,52.4693100,60.000,true,11.47,0.000,source=fused:fused;speedReason=OK;derived=0.60;locationGapMs=996;callbackGapMs=996;fusion=GPS_IMU
LOCATION,1790430052693,29.6451517,52.4693083,60.000,true,9.80,0.000,source=fused:fused;speedReason=OK;derived=0.55;locationGapMs=1074;callbackGapMs=1074;fusion=GPS_IMU
LOCATION,1790430053638,29.6451517,52.4693083,60.000,true,8.13,0.000,source=fused:fused;speedReason=OK;derived=0.00;locationGapMs=945;callbackGapMs=945;fusion=GPS_IMU
LOCATION,1790430054630,29.6451517,52.4693083,60.000,true,6.99,0.000,source=fused:fused;speedReason=OK;derived=0.00;locationGapMs=992;callbackGapMs=992;fusion=GPS_IMU
LOCATION,1790430055626,29.6451517,52.4693083,60.000,true,5.54,0.000,source=fused:fused;speedReason=OK;derived=0.00;locationGapMs=995;callbackGapMs=995;fusion=GPS_IMU
LOCATION,1790430056632,29.6451517,52.4693083,60.000,true,4.50,0.000,source=fused:fused;speedReason=OK;derived=0.00;locationGapMs=1008;callbackGapMs=1008;fusion=GPS_IMU
LOCATION,1790430057626,29.6451517,52.4693083,,false,6.15,0.000,source=fused:fused;speedReason=OK;derived=0.00;locationGapMs=996;callbackGapMs=996;fusion=GPS_IMU
LOCATION,1790430058690,29.6451517,52.4693083,,false,6.89,0.000,source=fused:fused;speedReason=OK;derived=0.00;locationGapMs=1064;callbackGapMs=1064;fusion=GPS_IMU
LOCATION,1790430059630,29.6451517,52.4693083,,false,9.32,0.000,source=fused:fused;speedReason=OK;derived=0.00;locationGapMs=940;callbackGapMs=940;fusion=GPS_IMU
LOCATION_ONLY,1790430060645,29.6451517,52.4693083,,false,15.89,0.000,source=fused:fused;speedReason=NO_SPEED;derived=0.00;locationGapMs=1015;callbackGapMs=1015;fusion=GPS_IMU
LOCATION,1790430061631,29.6451517,52.4693083,,false,17.54,0.000,source=fused:fused;speedReason=OK;derived=0.00;locationGapMs=986;callbackGapMs=986;fusion=GPS_IMU
LOCATION,1790430062622,29.6451517,52.4693083,,false,16.65,0.000,source=fused:fused;speedReason=OK;derived=0.00;locationGapMs=991;callbackGapMs=991;fusion=GPS_IMU
LOCATION,1790430063632,29.6451517,52.4693083,,false,17.54,0.000,source=fused:fused;speedReason=OK;derived=0.00;locationGapMs=1010;callbackGapMs=1010;fusion=GPS_IMU
LOCATION,1790430064621,29.6451517,52.4693083,,false,16.65,0.000,source=fused:fused;speedReason=OK;derived=0.00;locationGapMs=989;callbackGapMs=989;fusion=GPS_IMU
LOCATION,1790430065620,29.6451517,52.4693083,,false,11.30,0.000,source=fused:fused;speedReason=OK;derived=0.00;locationGapMs=999;callbackGapMs=999;fusion=GPS_IMU
LOCATION,1790430066609,29.6451517,52.4693083,,false,11.32,0.000,source=fused:fused;speedReason=OK;derived=0.00;locationGapMs=989;callbackGapMs=989;fusion=GPS_IMU
LOCATION_ONLY,1790430067468,29.6451517,52.4693083,,false,16.84,0.000,source=fused:fused;speedReason=NO_SPEED;derived=0.00;locationGapMs=859;callbackGapMs=859;fusion=GPS_IMU
LOCATION,1790430068627,29.6451517,52.4693083,,false,16.08,0.000,source=fused:fused;speedReason=OK;derived=0.00;locationGapMs=1159;callbackGapMs=1159;fusion=GPS_IMU
LOCATION,1790430069689,29.6451517,52.4693083,,false,16.89,0.000,source=fused:fused;speedReason=OK;derived=0.00;locationGapMs=1062;callbackGapMs=1062;fusion=GPS_IMU
LOCATION,1790430070634,29.6451517,52.4693083,,false,16.91,0.000,source=fused:fused;speedReason=OK;derived=0.00;locationGapMs=945;callbackGapMs=945;fusion=GPS_IMU
LOCATION,1790430071634,29.6451517,52.4693083,,false,16.91,0.000,source=fused:fused;speedReason=OK;derived=0.00;locationGapMs=1000;callbackGapMs=1000;fusion=GPS_IMU
LOCATION,1790430072619,29.6451517,52.4693083,,false,11.40,0.000,source=fused:fused;speedReason=OK;derived=0.00;locationGapMs=985;callbackGapMs=985;fusion=GPS_IMU
LOCATION,1790430073638,29.6451517,52.4693083,,false,11.40,0.000,source=fused:fused;speedReason=OK;derived=0.00;locationGapMs=1019;callbackGapMs=1019;fusion=GPS_IMU
LOCATION,1790430074640,29.6451517,52.4693083,,false,11.40,0.000,source=fused:fused;speedReason=OK;derived=0.00;locationGapMs=1002;callbackGapMs=1002;fusion=GPS_IMU
LOCATION,1790430075617,29.6451517,52.4693083,,false,11.40,0.000,source=fused:fused;speedReason=OK;derived=0.00;locationGapMs=977;callbackGapMs=977;fusion=GPS_IMU
LOCATION,1790430076632,29.6451517,52.4693083,,false,11.40,0.000,source=fused:fused;speedReason=OK;derived=0.00;locationGapMs=1015;callbackGapMs=1015;fusion=GPS_IMU
LOCATION,1790430077616,29.6451517,52.4693083,,false,11.40,0.000,source=fused:fused;speedReason=OK;derived=0.00;locationGapMs=984;callbackGapMs=984;fusion=GPS_IMU
LOCATION,1790430078635,29.6451517,52.4693083,,false,11.40,0.000,source=fused:fused;speedReason=OK;derived=0.00;locationGapMs=1019;callbackGapMs=1019;fusion=GPS_IMU
LOCATION,1790430079628,29.6451517,52.4693083,,false,11.40,0.000,source=fused:fused;speedReason=OK;derived=0.00;locationGapMs=993;callbackGapMs=993;fusion=GPS_IMU
LOCATION,1790430080626,29.6451517,52.4693083,,false,11.40,0.000,source=fused:fused;speedReason=OK;derived=0.00;locationGapMs=998;callbackGapMs=998;fusion=GPS_IMU
LOCATION,1790430081630,29.6451517,52.4693083,,false,11.40,0.000,source=fused:fused;speedReason=OK;derived=0.00;locationGapMs=1004;callbackGapMs=1004;fusion=GPS_IMU
LOCATION,1790430082620,29.6451517,52.4693083,,false,11.40,0.000,source=fused:fused;speedReason=OK;derived=0.00;locationGapMs=990;callbackGapMs=990;fusion=GPS_IMU
LOCATION,1790430083627,29.6451517,52.4693083,,false,11.40,0.000,source=fused:fused;speedReason=OK;derived=0.00;locationGapMs=1007;callbackGapMs=1007;fusion=GPS_IMU
LOCATION,1790430084633,29.6451517,52.4693083,,false,11.40,0.000,source=fused:fused;speedReason=OK;derived=0.00;locationGapMs=1006;callbackGapMs=1006;fusion=GPS_IMU
LOCATION,1790430085694,29.6451517,52.4693083,,false,11.40,0.000,source=fused:fused;speedReason=OK;derived=0.00;locationGapMs=1061;callbackGapMs=1061;fusion=GPS_IMU
LOCATION,1790430086629,29.6451517,52.4693083,,false,11.40,0.000,source=fused:fused;speedReason=OK;derived=0.00;locationGapMs=935;callbackGapMs=935;fusion=GPS_IMU
LOCATION,1790430087636,29.6451517,52.4693083,,false,12.38,0.000,source=fused:fused;speedReason=OK;derived=0.00;locationGapMs=1008;callbackGapMs=1008;fusion=GPS_IMU
LOCATION,1790430088624,29.6451517,52.4693083,,false,12.24,0.000,source=fused:fused;speedReason=OK;derived=0.00;locationGapMs=987;callbackGapMs=987;fusion=GPS_IMU
LOCATION,1790430089634,29.6451517,52.4693083,,false,12.24,0.000,source=fused:fused;speedReason=OK;derived=0.00;locationGapMs=1010;callbackGapMs=1010;fusion=GPS_IMU
LOCATION,1790430090628,29.6451517,52.4693083,,false,12.40,0.000,source=fused:fused;speedReason=OK;derived=0.00;locationGapMs=994;callbackGapMs=994;fusion=GPS_IMU
LOCATION,1790430091623,29.6451517,52.4693083,,false,12.41,0.000,source=fused:fused;speedReason=OK;derived=0.00;locationGapMs=995;callbackGapMs=995;fusion=GPS_IMU
LOCATION,1790430092613,29.6451517,52.4693083,,false,11.45,0.000,source=fused:fused;speedReason=OK;derived=0.00;locationGapMs=990;callbackGapMs=990;fusion=GPS_IMU
LOCATION,1790430093619,29.6451517,52.4693083,,false,11.47,0.000,source=fused:fused;speedReason=OK;derived=0.00;locationGapMs=1006;callbackGapMs=1006;fusion=GPS_IMU
LOCATION,1790430094633,29.6451517,52.4693083,,false,11.50,0.000,source=fused:fused;speedReason=OK;derived=0.00;locationGapMs=1014;callbackGapMs=1014;fusion=GPS_IMU
LOCATION,1790430095632,29.6451517,52.4693083,,false,11.50,0.000,source=fused:fused;speedReason=OK;derived=0.00;locationGapMs=999;callbackGapMs=999;fusion=GPS_IMU
LOCATION,1790430096713,29.6451517,52.4693083,,false,11.50,0.000,source=fused:fused;speedReason=OK;derived=0.00;locationGapMs=1081;callbackGapMs=1081;fusion=GPS_IMU
LOCATION,1790430097628,29.6451517,52.4693083,,false,11.50,0.000,source=fused:fused;speedReason=OK;derived=0.00;locationGapMs=915;callbackGapMs=915;fusion=GPS_IMU
LOCATION,1790430098628,29.6451517,52.4693083,,false,11.50,0.000,source=fused:fused;speedReason=OK;derived=0.00;locationGapMs=1000;callbackGapMs=1000;fusion=GPS_IMU
LOCATION,1790430099631,29.6451517,52.4693083,,false,11.50,0.000,source=fused:fused;speedReason=OK;derived=0.00;locationGapMs=1002;callbackGapMs=1002;fusion=GPS_IMU
LOCATION,1790430100628,29.6451517,52.4693083,,false,11.50,0.000,source=fused:fused;speedReason=OK;derived=0.00;locationGapMs=998;callbackGapMs=998;fusion=GPS_IMU
LOCATION,1790430101629,29.6451517,52.4693083,,false,11.50,0.000,source=fused:fused;speedReason=OK;derived=0.00;locationGapMs=1001;callbackGapMs=1001;fusion=GPS_IMU
LOCATION,1790430102687,29.6451517,52.4693083,,false,11.50,0.000,source=fused:fused;speedReason=OK;derived=0.00;locationGapMs=1059;callbackGapMs=1059;fusion=GPS_IMU
LOCATION,1790430103631,29.6451517,52.4693083,,false,11.50,0.000,source=fused:fused;speedReason=OK;derived=0.00;locationGapMs=943;callbackGapMs=943;fusion=GPS_IMU
LOCATION,1790430104639,29.6451517,52.4693083,,false,11.50,0.000,source=fused:fused;speedReason=OK;derived=0.00;locationGapMs=1008;callbackGapMs=1008;fusion=GPS_IMU
LOCATION,1790430105625,29.6451517,52.4693083,,false,11.50,0.000,source=fused:fused;speedReason=OK;derived=0.00;locationGapMs=986;callbackGapMs=986;fusion=GPS_IMU
LOCATION,1790430106628,29.6451517,52.4693083,,false,11.50,0.000,source=fused:fused;speedReason=OK;derived=0.00;locationGapMs=1004;callbackGapMs=1004;fusion=GPS_IMU
LOCATION,1790430107614,29.6451517,52.4693083,,false,11.50,0.000,source=fused:fused;speedReason=OK;derived=0.00;locationGapMs=985;callbackGapMs=985;fusion=GPS_IMU
LOCATION,1790430108688,29.6451517,52.4693083,,false,11.50,0.000,source=fused:fused;speedReason=OK;derived=0.00;locationGapMs=1074;callbackGapMs=1074;fusion=GPS_IMU
LOCATION,1790430109634,29.6451517,52.4693083,,false,11.50,0.000,source=fused:fused;speedReason=OK;derived=0.00;locationGapMs=946;callbackGapMs=946;fusion=GPS_IMU
LOCATION,1790430110627,29.6451517,52.4693083,,false,11.50,0.000,source=fused:fused;speedReason=OK;derived=0.00;locationGapMs=993;callbackGapMs=993;fusion=GPS_IMU
LOCATION,1790430111625,29.6451517,52.4693083,,false,11.50,0.000,source=fused:fused;speedReason=OK;derived=0.00;locationGapMs=998;callbackGapMs=998;fusion=GPS_IMU
LOCATION,1790430112635,29.6451517,52.4693083,,false,11.50,0.000,source=fused:fused;speedReason=OK;derived=0.00;locationGapMs=1010;callbackGapMs=1010;fusion=GPS_IMU
LOCATION,1790430113622,29.6451517,52.4693083,,false,11.50,0.000,source=fused:fused;speedReason=OK;derived=0.00;locationGapMs=987;callbackGapMs=987;fusion=GPS_IMU
LOCATION,1790430114613,29.6451517,52.4693083,,false,11.50,0.000,source=fused:fused;speedReason=OK;derived=0.00;locationGapMs=991;callbackGapMs=991;fusion=GPS_IMU
LOCATION,1790430115630,29.6451517,52.4693083,,false,11.52,0.000,source=fused:fused;speedReason=OK;derived=0.00;locationGapMs=1017;callbackGapMs=1017;fusion=GPS_IMU
LOCATION,1790430116637,29.6451517,52.4693083,,false,11.54,0.000,source=fused:fused;speedReason=OK;derived=0.00;locationGapMs=1006;callbackGapMs=1006;fusion=GPS_IMU
LOCATION,1790430117634,29.6451517,52.4693083,,false,11.55,0.000,source=fused:fused;speedReason=OK;derived=0.00;locationGapMs=998;callbackGapMs=998;fusion=GPS_IMU
LOCATION,1790430118625,29.6451517,52.4693083,,false,11.57,0.000,source=fused:fused;speedReason=OK;derived=0.00;locationGapMs=991;callbackGapMs=991;fusion=GPS_IMU
LOCATION,1790430119627,29.6451517,52.4693083,,false,11.60,0.000,source=fused:fused;speedReason=OK;derived=0.00;locationGapMs=1002;callbackGapMs=1002;fusion=GPS_IMU
LOCATION,1790430120632,29.6451517,52.4693083,,false,11.60,0.000,source=fused:fused;speedReason=OK;derived=0.00;locationGapMs=1005;callbackGapMs=1005;fusion=GPS_IMU
LOCATION,1790430121627,29.6451517,52.4693083,,false,11.57,0.000,source=fused:fused;speedReason=OK;derived=0.00;locationGapMs=995;callbackGapMs=995;fusion=GPS_IMU
LOCATION,1790430122625,29.6451517,52.4693083,,false,11.52,0.000,source=fused:fused;speedReason=OK;derived=0.00;locationGapMs=998;callbackGapMs=998;fusion=GPS_IMU
LOCATION,1790430123632,29.6451883,52.4693767,60.000,true,11.44,0.000,source=fused:fused;speedReason=OK;derived=0.00;locationGapMs=1004;callbackGapMs=1004;fusion=GPS_IMU
LOCATION,1790430124699,29.6452067,52.4694100,59.000,true,11.43,5.636,source=fused:fused;speedReason=OK;derived=12.88;locationGapMs=1066;callbackGapMs=1066;fusion=GPS_IMU
LOCATION,1790430125634,29.6452300,52.4694517,59.000,true,11.36,8.521,source=fused:fused;speedReason=OK;derived=18.47;locationGapMs=934;callbackGapMs=934;fusion=GPS_IMU
LOCATION,1790430126633,29.6452567,52.4695000,58.000,true,11.36,10.778,source=fused:fused;speedReason=OK;derived=18.47;locationGapMs=1001;callbackGapMs=1001;fusion=GPS_IMU
LOCATION,1790430127632,29.6452900,52.4695567,57.000,true,11.36,12.289,source=fused:fused;speedReason=OK;derived=19.90;locationGapMs=999;callbackGapMs=999;fusion=GPS_IMU
LOCATION,1790430128625,29.6453250,52.4696150,56.000,true,11.35,13.390,source=fused:fused;speedReason=OK;derived=23.84;locationGapMs=993;callbackGapMs=993;fusion=GPS_IMU
LOCATION,1790430129627,29.6453600,52.4696733,55.000,true,11.34,14.030,source=fused:fused;speedReason=OK;derived=24.61;locationGapMs=1002;callbackGapMs=1002;fusion=GPS_IMU
LOCATION,1790430130638,29.6454000,52.4697383,55.000,true,11.32,14.714,source=fused:fused;speedReason=OK;derived=24.83;locationGapMs=1011;callbackGapMs=1011;fusion=GPS_IMU
LOCATION,1790430131636,29.6454417,52.4698150,56.000,true,11.30,15.561,source=fused:fused;speedReason=OK;derived=27.41;locationGapMs=997;callbackGapMs=997;fusion=GPS_IMU
LOCATION,1790430132622,29.6454900,52.4699017,57.000,true,11.30,16.808,source=fused:fused;speedReason=OK;derived=31.59;locationGapMs=987;callbackGapMs=987;fusion=GPS_IMU
LOCATION,1790430133627,29.6455400,52.4699900,58.000,true,11.30,19.098,source=fused:fused;speedReason=OK;derived=36.32;locationGapMs=1004;callbackGapMs=1004;fusion=GPS_IMU
LOCATION,1790430134628,29.6455867,52.4700733,59.000,true,11.30,19.883,source=fused:fused;speedReason=OK;derived=36.32;locationGapMs=1002;callbackGapMs=1002;fusion=GPS_IMU
LOCATION,1790430135739,29.6456317,52.4701583,59.000,true,11.30,21.798,source=fused:fused;speedReason=OK;derived=34.43;locationGapMs=1108;callbackGapMs=1108;fusion=GPS_IMU
LOCATION,1790430136635,29.6456817,52.4702517,59.000,true,11.30,23.102,source=fused:fused;speedReason=OK;derived=34.43;locationGapMs=900;callbackGapMs=900;fusion=GPS_IMU
LOCATION,1790430137637,29.6457350,52.4703550,59.000,true,11.30,25.120,source=fused:fused;speedReason=OK;derived=41.78;locationGapMs=1001;callbackGapMs=1001;fusion=GPS_IMU
LOCATION,1790430138630,29.6457967,52.4704717,59.000,true,11.30,27.557,source=fused:fused;speedReason=OK;derived=42.43;locationGapMs=993;callbackGapMs=993;fusion=GPS_IMU
LOCATION,1790430139607,29.6458633,52.4706017,59.000,true,11.30,29.682,source=fused:fused;speedReason=OK;derived=47.89;locationGapMs=978;callbackGapMs=978;fusion=GPS_IMU
LOCATION,1790430140595,29.6459317,52.4707350,60.000,true,11.30,31.829,source=fused:fused;speedReason=OK;derived=53.72;locationGapMs=988;callbackGapMs=988;fusion=GPS_IMU
LOCATION,1790430141590,29.6459967,52.4708633,60.000,true,11.30,33.776,source=fused:fused;speedReason=OK;derived=53.72;locationGapMs=995;callbackGapMs=995;fusion=GPS_IMU
LOCATION,1790430142636,29.6460600,52.4709900,61.000,true,11.30,35.089,source=fused:fused;speedReason=OK;derived=51.96;locationGapMs=1045;callbackGapMs=1045;fusion=GPS_IMU
LOCATION,1790430143631,29.6461267,52.4711233,60.000,true,11.30,36.066,source=fused:fused;speedReason=OK;derived=51.96;locationGapMs=993;callbackGapMs=993;fusion=GPS_IMU
LOCATION,1790430144596,29.6461950,52.4712617,60.000,true,11.30,37.095,source=fused:fused;speedReason=OK;derived=53.93;locationGapMs=968;callbackGapMs=968;fusion=GPS_IMU
LOCATION,1790430145602,29.6462650,52.4714033,60.000,true,11.30,38.897,source=fused:fused;speedReason=OK;derived=56.38;locationGapMs=1006;callbackGapMs=1006;fusion=GPS_IMU
LOCATION,1790430146672,29.6463400,52.4715517,60.000,true,11.30,40.696,source=fused:fused;speedReason=OK;derived=56.38;locationGapMs=1069;callbackGapMs=1069;fusion=GPS_IMU
LOCATION,1790430147632,29.6464167,52.4716967,59.000,true,11.30,42.329,source=fused:fused;speedReason=OK;derived=56.38;locationGapMs=960;callbackGapMs=960;fusion=GPS_IMU
LOCATION,1790430148603,29.6464900,52.4718350,58.000,true,11.30,43.228,source=fused:fused;speedReason=OK;derived=58.01;locationGapMs=972;callbackGapMs=972;fusion=GPS_IMU
LOCATION,1790430149630,29.6465617,52.4719667,57.000,true,11.30,43.800,source=fused:fused;speedReason=OK;derived=58.01;locationGapMs=1026;callbackGapMs=1026;fusion=GPS_IMU
LOCATION,1790430150642,29.6466383,52.4720967,55.000,true,11.30,44.572,source=fused:fused;speedReason=OK;derived=54.12;locationGapMs=1010;callbackGapMs=1010;fusion=GPS_IMU
LOCATION,1790430151630,29.6467183,52.4722267,54.000,true,11.30,45.147,source=fused:fused;speedReason=OK;derived=54.12;locationGapMs=990;callbackGapMs=990;fusion=GPS_IMU
LOCATION,1790430152698,29.6468050,52.4723517,52.000,true,11.30,45.853,source=fused:fused;speedReason=OK;derived=54.12;locationGapMs=1066;callbackGapMs=1066;fusion=GPS_IMU
LOCATION,1790430153630,29.6468983,52.4724733,48.000,true,11.30,46.574,source=fused:fused;speedReason=OK;derived=55.99;locationGapMs=934;callbackGapMs=934;fusion=GPS_IMU
LOCATION,1790430154636,29.6469983,52.4725900,46.000,true,11.30,47.456,source=fused:fused;speedReason=OK;derived=56.59;locationGapMs=1007;callbackGapMs=1007;fusion=GPS_IMU
LOCATION,1790430155594,29.6470983,52.4727033,44.000,true,11.30,48.510,source=fused:fused;speedReason=OK;derived=58.54;locationGapMs=959;callbackGapMs=959;fusion=GPS_IMU
LOCATION,1790430156635,29.6471983,52.4728150,43.000,true,11.30,49.464,source=fused:fused;speedReason=OK;derived=56.59;locationGapMs=1039;callbackGapMs=1039;fusion=GPS_IMU
LOCATION,1790430157643,29.6472983,52.4729267,43.000,true,11.30,50.301,source=fused:fused;speedReason=OK;derived=55.31;locationGapMs=1008;callbackGapMs=1008;fusion=GPS_IMU
LOCATION,1790430158688,29.6473983,52.4730300,42.000,true,11.30,50.709,source=fused:fused;speedReason=OK;derived=53.66;locationGapMs=1042;callbackGapMs=1042;fusion=GPS_IMU
LOCATION,1790430159629,29.6474917,52.4731317,42.000,true,11.30,50.947,source=fused:fused;speedReason=OK;derived=54.49;locationGapMs=944;callbackGapMs=944;fusion=GPS_IMU
LOCATION,1790430160637,29.6475817,52.4732283,42.000,true,11.30,50.845,source=fused:fused;speedReason=OK;derived=51.58;locationGapMs=1006;callbackGapMs=1006;fusion=GPS_IMU
LOCATION,1790430161639,29.6476683,52.4733217,42.000,true,11.30,50.624,source=fused:fused;speedReason=OK;derived=48.94;locationGapMs=1004;callbackGapMs=1004;fusion=GPS_IMU
LOCATION,1790430162636,29.6477500,52.4734100,42.000,true,11.30,50.039,source=fused:fused;speedReason=OK;derived=47.29;locationGapMs=997;callbackGapMs=997;fusion=GPS_IMU
LOCATION,1790430163635,29.6478267,52.4734950,42.000,true,11.30,49.248,source=fused:fused;speedReason=OK;derived=44.97;locationGapMs=998;callbackGapMs=998;fusion=GPS_IMU
LOCATION,1790430164682,29.6479050,52.4735783,42.000,true,11.30,48.687,source=fused:fused;speedReason=OK;derived=42.68;locationGapMs=1047;callbackGapMs=1047;fusion=GPS_IMU
LOCATION,1790430165633,29.6479817,52.4736600,42.000,true,11.30,47.956,source=fused:fused;speedReason=OK;derived=42.68;locationGapMs=951;callbackGapMs=951;fusion=GPS_IMU
LOCATION,1790430166631,29.6480583,52.4737400,42.000,true,11.30,47.160,source=fused:fused;speedReason=OK;derived=41.38;locationGapMs=1000;callbackGapMs=1000;fusion=GPS_IMU
LOCATION,1790430167643,29.6481317,52.4738183,43.000,true,11.30,46.348,source=fused:fused;speedReason=OK;derived=41.38;locationGapMs=1011;callbackGapMs=1011;fusion=GPS_IMU
LOCATION,1790430168635,29.6482033,52.4738933,43.000,true,11.30,45.436,source=fused:fused;speedReason=OK;derived=39.60;locationGapMs=992;callbackGapMs=992;fusion=GPS_IMU
LOCATION,1790430169652,29.6482700,52.4739667,44.000,true,11.30,44.118,source=fused:fused;speedReason=OK;derived=39.04;locationGapMs=1017;callbackGapMs=1017;fusion=GPS_IMU
LOCATION,1790430170637,29.6483350,52.4740383,44.000,true,11.30,43.120,source=fused:fused;speedReason=OK;derived=36.54;locationGapMs=985;callbackGapMs=985;fusion=GPS_IMU
LOCATION,1790430171630,29.6484033,52.4741117,44.000,true,11.30,42.244,source=fused:fused;speedReason=OK;derived=36.54;locationGapMs=993;callbackGapMs=993;fusion=GPS_IMU
LOCATION,1790430172628,29.6484800,52.4741950,44.000,true,11.30,41.850,source=fused:fused;speedReason=OK;derived=37.65;locationGapMs=998;callbackGapMs=998;fusion=GPS_IMU
LOCATION,1790430173637,29.6485550,52.4742833,44.000,true,11.30,41.779,source=fused:fused;speedReason=OK;derived=42.27;locationGapMs=1008;callbackGapMs=1008;fusion=GPS_IMU
LOCATION,1790430174631,29.6486350,52.4743800,45.000,true,11.30,42.096,source=fused:fused;speedReason=OK;derived=42.59;locationGapMs=995;callbackGapMs=995;fusion=GPS_IMU
LOCATION,1790430175696,29.6487183,52.4744800,45.000,true,11.30,42.602,source=fused:fused;speedReason=OK;derived=45.23;locationGapMs=1065;callbackGapMs=1065;fusion=GPS_IMU
LOCATION,1790430176634,29.6488017,52.4745850,46.000,true,11.32,43.017,source=fused:fused;speedReason=OK;derived=46.66;locationGapMs=938;callbackGapMs=938;fusion=GPS_IMU
LOCATION,1790430177634,29.6488850,52.4746950,48.000,true,11.34,43.443,source=fused:fused;speedReason=OK;derived=50.69;locationGapMs=1001;callbackGapMs=1001;fusion=GPS_IMU
LOCATION,1790430178638,29.6489683,52.4748083,49.000,true,11.36,43.960,source=fused:fused;speedReason=OK;derived=51.47;locationGapMs=1003;callbackGapMs=1003;fusion=GPS_IMU
LOCATION,1790430179631,29.6490483,52.4749300,50.000,true,11.38,44.661,source=fused:fused;speedReason=OK;derived=51.47;locationGapMs=992;callbackGapMs=992;fusion=GPS_IMU
LOCATION,1790430180623,29.6491283,52.4750550,53.000,true,11.38,45.390,source=fused:fused;speedReason=OK;derived=53.52;locationGapMs=993;callbackGapMs=993;fusion=GPS_IMU
LOCATION,1790430181697,29.6492050,52.4751850,55.000,true,11.40,46.033,source=fused:fused;speedReason=OK;derived=53.52;locationGapMs=1074;callbackGapMs=1074;fusion=GPS_IMU
LOCATION,1790430182630,29.6492767,52.4753233,57.000,true,11.40,46.533,source=fused:fused;speedReason=OK;derived=54.40;locationGapMs=933;callbackGapMs=933;fusion=GPS_IMU
LOCATION,1790430183634,29.6493500,52.4754600,58.000,true,11.40,47.351,source=fused:fused;speedReason=OK;derived=55.74;locationGapMs=1003;callbackGapMs=1003;fusion=GPS_IMU
LOCATION,1790430184635,29.6494200,52.4756017,59.000,true,11.40,48.102,source=fused:fused;speedReason=OK;derived=56.69;locationGapMs=1001;callbackGapMs=1001;fusion=GPS_IMU
LOCATION,1790430185636,29.6494900,52.4757483,60.000,true,11.40,48.937,source=fused:fused;speedReason=OK;derived=56.69;locationGapMs=1001;callbackGapMs=1001;fusion=GPS_IMU
LOCATION,1790430186637,29.6495617,52.4758917,60.000,true,11.40,49.694,source=fused:fused;speedReason=OK;derived=57.48;locationGapMs=1002;callbackGapMs=1002;fusion=GPS_IMU
LOCATION,1790430187702,29.6496283,52.4760283,61.000,true,11.38,50.338,source=fused:fused;speedReason=OK;derived=57.48;locationGapMs=1065;callbackGapMs=1065;fusion=GPS_IMU
LOCATION,1790430188639,29.6496867,52.4761517,61.000,true,11.36,50.539,source=fused:fused;speedReason=OK;derived=52.38;locationGapMs=934;callbackGapMs=934;fusion=GPS_IMU
LOCATION,1790430189635,29.6497383,52.4762617,62.000,true,11.37,50.147,source=fused:fused;speedReason=OK;derived=51.20;locationGapMs=999;callbackGapMs=999;fusion=GPS_IMU
LOCATION,1790430190635,29.6497817,52.4763600,62.000,true,11.37,49.344,source=fused:fused;speedReason=OK;derived=43.56;locationGapMs=999;callbackGapMs=999;fusion=GPS_IMU
LOCATION,1790430191631,29.6498200,52.4764433,62.000,true,11.37,48.087,source=fused:fused;speedReason=OK;derived=38.43;locationGapMs=997;callbackGapMs=997;fusion=GPS_IMU
LOCATION,1790430192634,29.6498517,52.4765167,63.000,true,11.37,46.503,source=fused:fused;speedReason=OK;derived=32.91;locationGapMs=1003;callbackGapMs=1003;fusion=GPS_IMU
LOCATION,1790430193695,29.6498783,52.4765867,65.000,true,11.40,45.630,source=fused:fused;speedReason=OK;derived=28.46;locationGapMs=1062;callbackGapMs=1062;fusion=GPS_IMU
LOCATION,1790430194631,29.6498933,52.4766383,67.000,true,11.38,44.166,source=fused:fused;speedReason=OK;derived=25.05;locationGapMs=933;callbackGapMs=933;fusion=GPS_IMU
LOCATION,1790430195642,29.6499017,52.4766700,65.000,true,11.36,42.692,source=fused:fused;speedReason=OK;derived=20.32;locationGapMs=1013;callbackGapMs=1013;fusion=GPS_IMU
LOCATION,1790430196626,29.6499083,52.4766883,65.000,true,11.36,40.413,source=fused:fused;speedReason=OK;derived=11.40;locationGapMs=984;callbackGapMs=984;fusion=GPS_IMU
LOCATION,1790430197626,29.6499067,52.4766900,65.000,true,11.37,0.000,source=fused:fused;speedReason=OK;derived=7.01;locationGapMs=1000;callbackGapMs=1000;fusion=GPS_IMU
LOCATION,1790430198648,29.6499083,52.4766933,65.000,true,11.38,0.000,source=fused:fused;speedReason=OK;derived=1.29;locationGapMs=1021;callbackGapMs=1021;fusion=GPS_IMU
LOCATION,1790430199688,29.6499083,52.4766933,65.000,true,10.31,0.000,source=fused:fused;speedReason=OK;derived=0.87;locationGapMs=1039;callbackGapMs=1039;fusion=GPS_IMU
LOCATION,1790430200630,29.6499250,52.4767283,61.000,true,10.35,0.000,source=fused:fused;speedReason=OK;derived=1.29;locationGapMs=944;callbackGapMs=944;fusion=GPS_IMU
LOCATION,1790430201637,29.6499333,52.4767500,58.000,true,10.21,1.114,source=fused:fused;speedReason=OK;derived=8.20;locationGapMs=1007;callbackGapMs=1007;fusion=GPS_IMU
LOCATION,1790430202629,29.6499417,52.4767733,58.000,true,10.40,3.338,source=fused:fused;speedReason=OK;derived=8.86;locationGapMs=992;callbackGapMs=992;fusion=GPS_IMU
LOCATION,1790430203582,29.6499517,52.4767917,59.000,true,10.41,4.335,source=fused:fused;speedReason=OK;derived=8.20;locationGapMs=954;callbackGapMs=954;fusion=GPS_IMU
LOCATION,1790430204637,29.6499600,52.4768067,59.000,true,11.54,4.545,source=fused:fused;speedReason=OK;derived=7.92;locationGapMs=1054;callbackGapMs=1054;fusion=GPS_IMU
LOCATION,1790430205628,29.6499667,52.4768133,59.000,true,11.58,4.475,source=fused:fused;speedReason=OK;derived=5.87;locationGapMs=991;callbackGapMs=991;fusion=GPS_IMU
LOCATION,1790430206638,29.6499683,52.4768133,59.000,true,9.90,0.000,source=fused:fused;speedReason=OK;derived=3.56;locationGapMs=1011;callbackGapMs=1011;fusion=GPS_IMU
LOCATION,1790430207638,29.6499717,52.4768183,59.000,true,7.56,0.000,source=fused:fused;speedReason=OK;derived=2.21;locationGapMs=1000;callbackGapMs=1000;fusion=GPS_IMU
LOCATION,1790430208632,29.6499817,52.4768400,59.000,true,5.54,0.000,source=fused:fused;speedReason=OK;derived=2.21;locationGapMs=989;callbackGapMs=989;fusion=GPS_IMU
LOCATION,1790430209649,29.6500033,52.4768817,58.000,true,6.57,4.713,source=fused:fused;speedReason=OK;derived=8.65;locationGapMs=1021;callbackGapMs=1021;fusion=GPS_IMU
LOCATION,1790430210696,29.6500350,52.4769417,59.000,true,5.50,8.242,source=fused:fused;speedReason=OK;derived=16.55;locationGapMs=1047;callbackGapMs=1047;fusion=GPS_IMU
LOCATION,1790430211639,29.6500717,52.4770117,59.000,true,7.48,12.247,source=fused:fused;speedReason=OK;derived=23.34;locationGapMs=942;callbackGapMs=942;fusion=GPS_IMU
LOCATION,1790430212630,29.6501100,52.4770867,60.000,true,8.13,14.494,source=fused:fused;speedReason=OK;derived=30.21;locationGapMs=991;callbackGapMs=991;fusion=GPS_IMU
LOCATION,1790430213629,29.6501517,52.4771767,60.000,true,11.46,16.170,source=fused:fused;speedReason=OK;derived=30.56;locationGapMs=999;callbackGapMs=999;fusion=GPS_IMU
LOCATION,1790430214629,29.6502033,52.4772767,60.000,true,11.45,17.994,source=fused:fused;speedReason=OK;derived=35.55;locationGapMs=1002;callbackGapMs=1002;fusion=GPS_IMU
LOCATION,1790430215631,29.6502633,52.4773900,58.000,true,9.73,19.999,source=fused:fused;speedReason=OK;derived=40.40;locationGapMs=1002;callbackGapMs=1002;fusion=GPS_IMU
LOCATION,1790430216647,29.6503283,52.4775150,60.000,true,9.38,22.647,source=fused:fused;speedReason=OK;derived=46.09;locationGapMs=1014;callbackGapMs=1014;fusion=GPS_IMU
LOCATION,1790430217614,29.6503967,52.4776433,60.000,true,9.70,23.907,source=fused:fused;speedReason=OK;derived=50.01;locationGapMs=968;callbackGapMs=968;fusion=GPS_IMU
LOCATION,1790430218623,29.6504617,52.4777683,60.000,true,9.68,25.734,source=fused:fused;speedReason=OK;derived=50.25;locationGapMs=1009;callbackGapMs=1009;fusion=GPS_IMU
LOCATION,1790430219640,29.6505233,52.4778900,60.000,true,9.34,27.688,source=fused:fused;speedReason=OK;derived=50.25;locationGapMs=1017;callbackGapMs=1017;fusion=GPS_IMU
LOCATION,1790430220638,29.6505817,52.4780100,61.000,true,11.32,29.070,source=fused:fused;speedReason=OK;derived=48.21;locationGapMs=998;callbackGapMs=998;fusion=GPS_IMU
LOCATION,1790430221710,29.6506350,52.4781267,61.000,true,11.32,30.697,source=fused:fused;speedReason=OK;derived=47.98;locationGapMs=1071;callbackGapMs=1071;fusion=GPS_IMU
LOCATION,1790430222636,29.6506883,52.4782400,61.000,true,11.30,31.255,source=fused:fused;speedReason=OK;derived=47.98;locationGapMs=927;callbackGapMs=927;fusion=GPS_IMU
LOCATION,1790430223631,29.6507383,52.4783517,61.000,true,11.30,32.199,source=fused:fused;speedReason=OK;derived=43.97;locationGapMs=995;callbackGapMs=995;fusion=GPS_IMU
LOCATION,1790430224636,29.6507933,52.4784650,61.000,true,11.30,33.318,source=fused:fused;speedReason=OK;derived=44.96;locationGapMs=1005;callbackGapMs=1005;fusion=GPS_IMU
LOCATION,1790430225636,29.6508500,52.4785833,62.000,true,11.30,34.518,source=fused:fused;speedReason=OK;derived=44.96;locationGapMs=1000;callbackGapMs=1000;fusion=GPS_IMU
LOCATION,1790430226630,29.6509100,52.4787050,61.000,true,11.30,35.151,source=fused:fused;speedReason=OK;derived=47.03;locationGapMs=994;callbackGapMs=994;fusion=GPS_IMU
LOCATION,1790430227707,29.6509767,52.4788317,61.000,true,11.30,36.228,source=fused:fused;speedReason=OK;derived=47.97;locationGapMs=1075;callbackGapMs=1075;fusion=GPS_IMU
LOCATION,1790430228636,29.6510433,52.4789617,61.000,true,11.30,36.777,source=fused:fused;speedReason=OK;derived=49.00;locationGapMs=931;callbackGapMs=931;fusion=GPS_IMU
LOCATION,1790430229635,29.6511133,52.4790933,61.000,true,11.30,37.925,source=fused:fused;speedReason=OK;derived=53.71;locationGapMs=1000;callbackGapMs=1000;fusion=GPS_IMU
LOCATION,1790430230650,29.6511800,52.4792267,61.000,true,11.30,38.532,source=fused:fused;speedReason=OK;derived=53.71;locationGapMs=1013;callbackGapMs=1013;fusion=GPS_IMU
LOCATION,1790430231645,29.6512483,52.4793650,61.000,true,11.30,39.301,source=fused:fused;speedReason=OK;derived=53.71;locationGapMs=996;callbackGapMs=996;fusion=GPS_IMU
LOCATION,1790430232630,29.6513150,52.4795067,61.000,true,11.30,39.932,source=fused:fused;speedReason=OK;derived=55.60;locationGapMs=984;callbackGapMs=984;fusion=GPS_IMU
LOCATION,1790430233707,29.6513783,52.4796500,62.000,true,11.30,40.822,source=fused:fused;speedReason=OK;derived=55.60;locationGapMs=1078;callbackGapMs=1078;fusion=GPS_IMU
LOCATION,1790430234642,29.6514417,52.4797933,62.000,true,11.30,41.899,source=fused:fused;speedReason=OK;derived=57.02;locationGapMs=935;callbackGapMs=935;fusion=GPS_IMU
LOCATION,1790430235631,29.6515067,52.4799350,62.000,true,11.30,42.554,source=fused:fused;speedReason=OK;derived=56.46;locationGapMs=988;callbackGapMs=988;fusion=GPS_IMU
LOCATION,1790430236638,29.6515700,52.4800717,62.000,true,11.30,43.503,source=fused:fused;speedReason=OK;derived=56.46;locationGapMs=1007;callbackGapMs=1007;fusion=GPS_IMU
LOCATION,1790430237631,29.6516267,52.4801983,61.000,true,11.30,44.273,source=fused:fused;speedReason=OK;derived=53.55;locationGapMs=992;callbackGapMs=992;fusion=GPS_IMU
LOCATION,1790430238629,29.6516833,52.4803200,60.000,true,11.30,44.770,source=fused:fused;speedReason=OK;derived=49.99;locationGapMs=1000;callbackGapMs=1000;fusion=GPS_IMU
LOCATION,1790430239705,29.6517367,52.4804233,60.000,true,11.30,44.807,source=fused:fused;speedReason=OK;derived=48.06;locationGapMs=1074;callbackGapMs=1074;fusion=GPS_IMU
LOCATION,1790430240636,29.6517867,52.4805300,60.000,true,11.30,44.583,source=fused:fused;speedReason=OK;derived=45.24;locationGapMs=933;callbackGapMs=933;fusion=GPS_IMU
LOCATION,1790430241645,29.6518417,52.4806433,60.000,true,11.30,44.314,source=fused:fused;speedReason=OK;derived=44.82;locationGapMs=1008;callbackGapMs=1008;fusion=GPS_IMU
LOCATION,1790430242634,29.6518983,52.4807633,60.000,true,11.30,44.396,source=fused:fused;speedReason=OK;derived=45.24;locationGapMs=990;callbackGapMs=990;fusion=GPS_IMU
LOCATION,1790430243636,29.6519567,52.4808900,60.000,true,11.30,44.774,source=fused:fused;speedReason=OK;derived=48.02;locationGapMs=1002;callbackGapMs=1002;fusion=GPS_IMU
LOCATION,1790430244637,29.6520200,52.4810217,60.000,true,11.30,45.018,source=fused:fused;speedReason=OK;derived=49.83;locationGapMs=1001;callbackGapMs=1001;fusion=GPS_IMU
LOCATION,1790430245703,29.6520833,52.4811550,61.000,true,11.30,45.529,source=fused:fused;speedReason=OK;derived=49.83;locationGapMs=1066;callbackGapMs=1066;fusion=GPS_IMU
LOCATION,1790430246631,29.6521450,52.4812883,61.000,true,11.30,45.695,source=fused:fused;speedReason=OK;derived=52.34;locationGapMs=928;callbackGapMs=928;fusion=GPS_IMU
LOCATION,1790430247635,29.6522117,52.4814200,61.000,true,11.30,46.157,source=fused:fused;speedReason=OK;derived=52.85;locationGapMs=1004;callbackGapMs=1004;fusion=GPS_IMU
LOCATION,1790430248632,29.6522750,52.4815567,61.000,true,11.30,46.897,source=fused:fused;speedReason=OK;derived=54.09;locationGapMs=997;callbackGapMs=997;fusion=GPS_IMU
LOCATION,1790430249626,29.6523400,52.4816950,61.000,true,11.30,47.570,source=fused:fused;speedReason=OK;derived=54.09;locationGapMs=994;callbackGapMs=994;fusion=GPS_IMU
LOCATION,1790430250634,29.6524083,52.4818383,61.000,true,11.30,48.152,source=fused:fused;speedReason=OK;derived=55.07;locationGapMs=1008;callbackGapMs=1008;fusion=GPS_IMU
LOCATION,1790430251626,29.6524767,52.4819833,61.000,true,11.30,48.997,source=fused:fused;speedReason=OK;derived=56.45;locationGapMs=993;callbackGapMs=993;fusion=GPS_IMU
LOCATION,1790430252632,29.6525483,52.4821283,61.000,true,11.30,49.396,source=fused:fused;speedReason=OK;derived=57.71;locationGapMs=1006;callbackGapMs=1006;fusion=GPS_IMU
LOCATION,1790430253631,29.6526167,52.4822700,61.000,true,11.30,49.968,source=fused:fused;speedReason=OK;derived=57.71;locationGapMs=998;callbackGapMs=998;fusion=GPS_IMU
LOCATION,1790430254633,29.6526833,52.4824100,60.000,true,11.30,50.210,source=fused:fused;speedReason=OK;derived=56.54;locationGapMs=1002;callbackGapMs=1002;fusion=GPS_IMU
LOCATION,1790430255634,29.6527483,52.4825483,60.000,true,11.30,50.433,source=fused:fused;speedReason=OK;derived=55.45;locationGapMs=1002;callbackGapMs=1002;fusion=GPS_IMU
LOCATION,1790430256701,29.6528167,52.4826833,60.000,true,11.30,50.758,source=fused:fused;speedReason=OK;derived=54.63;locationGapMs=1066;callbackGapMs=1066;fusion=GPS_IMU
LOCATION,1790430257633,29.6528833,52.4828217,61.000,true,11.30,50.907,source=fused:fused;speedReason=OK;derived=54.63;locationGapMs=932;callbackGapMs=932;fusion=GPS_IMU
LOCATION,1790430258630,29.6529483,52.4829633,61.000,true,11.30,51.206,source=fused:fused;speedReason=OK;derived=55.87;locationGapMs=998;callbackGapMs=998;fusion=GPS_IMU
LOCATION,1790430259635,29.6530150,52.4831067,61.000,true,11.30,51.486,source=fused:fused;speedReason=OK;derived=56.40;locationGapMs=1004;callbackGapMs=1004;fusion=GPS_IMU
LOCATION,1790430260636,29.6530817,52.4832483,61.000,true,11.30,51.813,source=fused:fused;speedReason=OK;derived=56.02;locationGapMs=1001;callbackGapMs=1001;fusion=GPS_IMU
LOCATION,1790430261630,29.6531450,52.4833867,61.000,true,11.30,52.030,source=fused:fused;speedReason=OK;derived=56.02;locationGapMs=994;callbackGapMs=994;fusion=GPS_IMU
LOCATION,1790430262697,29.6532067,52.4835167,61.000,true,11.30,52.086,source=fused:fused;speedReason=OK;derived=54.78;locationGapMs=1065;callbackGapMs=1065;fusion=GPS_IMU
LOCATION,1790430263623,29.6532633,52.4836383,61.000,true,11.30,52.005,source=fused:fused;speedReason=OK;derived=51.75;locationGapMs=928;callbackGapMs=928;fusion=GPS_IMU
LOCATION,1790430264636,29.6533150,52.4837433,60.000,true,11.30,51.581,source=fused:fused;speedReason=OK;derived=48.42;locationGapMs=1013;callbackGapMs=1013;fusion=GPS_IMU
LOCATION,1790430265643,29.6533633,52.4838383,59.000,true,11.30,50.470,source=fused:fused;speedReason=OK;derived=41.47;locationGapMs=1006;callbackGapMs=1006;fusion=GPS_IMU
LOCATION,1790430266632,29.6534067,52.4839250,59.000,true,11.30,49.163,source=fused:fused;speedReason=OK;derived=38.08;locationGapMs=989;callbackGapMs=989;fusion=GPS_IMU
LOCATION,1790430267634,29.6534400,52.4840017,61.000,true,11.32,47.709,source=fused:fused;speedReason=OK;derived=35.22;locationGapMs=1004;callbackGapMs=1004;fusion=GPS_IMU
LOCATION,1790430268694,29.6534700,52.4840717,63.000,true,11.34,46.619,source=fused:fused;speedReason=OK;derived=29.74;locationGapMs=1059;callbackGapMs=1059;fusion=GPS_IMU
LOCATION,1790430269628,29.6534983,52.4841367,63.000,true,11.33,45.095,source=fused:fused;speedReason=OK;derived=27.10;locationGapMs=934;callbackGapMs=934;fusion=GPS_IMU
LOCATION,1790430270628,29.6535250,52.4841967,62.000,true,11.33,43.198,source=fused:fused;speedReason=OK;derived=25.66;locationGapMs=1000;callbackGapMs=1000;fusion=GPS_IMU
LOCATION,1790430271635,29.6535533,52.4842517,61.000,true,11.34,41.259,source=fused:fused;speedReason=OK;derived=23.47;locationGapMs=1007;callbackGapMs=1007;fusion=GPS_IMU
LOCATION,1790430272634,29.6535783,52.4843000,59.000,true,11.33,39.447,source=fused:fused;speedReason=OK;derived=22.09;locationGapMs=998;callbackGapMs=998;fusion=GPS_IMU
LOCATION,1790430273624,29.6536033,52.4843467,58.000,true,11.32,38.288,source=fused:fused;speedReason=OK;derived=19.61;locationGapMs=989;callbackGapMs=989;fusion=GPS_IMU
LOCATION,1790430274705,29.6536250,52.4843917,58.000,true,11.30,36.845,source=fused:fused;speedReason=OK;derived=19.30;locationGapMs=1083;callbackGapMs=1083;fusion=GPS_IMU
LOCATION,1790430275632,29.6536467,52.4844350,59.000,true,11.30,35.061,source=fused:fused;speedReason=OK;derived=18.77;locationGapMs=927;callbackGapMs=927;fusion=GPS_IMU
LOCATION,1790430276630,29.6536717,52.4844783,59.000,true,11.32,33.794,source=fused:fused;speedReason=OK;derived=18.15;locationGapMs=997;callbackGapMs=997;fusion=GPS_IMU
LOCATION,1790430277637,29.6536967,52.4845300,59.000,true,11.32,32.677,source=fused:fused;speedReason=OK;derived=18.77;locationGapMs=1008;callbackGapMs=1008;fusion=GPS_IMU
LOCATION,1790430278631,29.6537283,52.4845917,58.000,true,11.32,32.309,source=fused:fused;speedReason=OK;derived=20.43;locationGapMs=994;callbackGapMs=994;fusion=GPS_IMU
LOCATION,1790430279639,29.6537667,52.4846617,57.000,true,11.32,31.786,source=fused:fused;speedReason=OK;derived=25.08;locationGapMs=1006;callbackGapMs=1006;fusion=GPS_IMU
LOCATION,1790430280699,29.6538083,52.4847333,56.000,true,11.32,31.458,source=fused:fused;speedReason=OK;derived=28.22;locationGapMs=1062;callbackGapMs=1062;fusion=GPS_IMU
LOCATION,1790430281641,29.6538517,52.4848083,53.000,true,11.30,31.315,source=fused:fused;speedReason=OK;derived=28.64;locationGapMs=941;callbackGapMs=941;fusion=GPS_IMU
LOCATION,1790430282632,29.6539017,52.4848833,52.000,true,11.30,31.354,source=fused:fused;speedReason=OK;derived=33.15;locationGapMs=992;callbackGapMs=992;fusion=GPS_IMU
LOCATION,1790430283629,29.6539567,52.4849650,52.000,true,11.30,31.646,source=fused:fused;speedReason=OK;derived=33.32;locationGapMs=996;callbackGapMs=996;fusion=GPS_IMU
LOCATION,1790430284631,29.6540100,52.4850517,53.000,true,11.30,31.939,source=fused:fused;speedReason=OK;derived=36.10;locationGapMs=1002;callbackGapMs=1002;fusion=GPS_IMU
LOCATION,1790430285647,29.6540667,52.4851467,54.000,true,11.30,32.514,source=fused:fused;speedReason=OK;derived=36.88;locationGapMs=1016;callbackGapMs=1016;fusion=GPS_IMU
LOCATION,1790430286631,29.6541233,52.4852467,56.000,true,11.30,33.391,source=fused:fused;speedReason=OK;derived=39.47;locationGapMs=985;callbackGapMs=985;fusion=GPS_IMU
LOCATION,1790430287631,29.6541817,52.4853533,58.000,true,11.30,34.351,source=fused:fused;speedReason=OK;derived=42.17;locationGapMs=1000;callbackGapMs=1000;fusion=GPS_IMU
LOCATION,1790430288635,29.6542400,52.4854683,59.000,true,11.30,35.692,source=fused:fused;speedReason=OK;derived=43.86;locationGapMs=1004;callbackGapMs=1004;fusion=GPS_IMU
LOCATION,1790430289637,29.6542967,52.4855850,61.000,true,11.30,36.926,source=fused:fused;speedReason=OK;derived=46.16;locationGapMs=1001;callbackGapMs=1001;fusion=GPS_IMU
LOCATION,1790430290636,29.6543500,52.4857083,63.000,true,11.30,38.013,source=fused:fused;speedReason=OK;derived=46.50;locationGapMs=1000;callbackGapMs=1000;fusion=GPS_IMU
LOCATION,1790430291701,29.6544017,52.4858417,65.000,true,11.30,39.014,source=fused:fused;speedReason=OK;derived=47.72;locationGapMs=1066;callbackGapMs=1066;fusion=GPS_IMU
LOCATION,1790430292645,29.6544517,52.4859767,67.000,true,11.30,39.994,source=fused:fused;speedReason=OK;derived=47.95;locationGapMs=942;callbackGapMs=942;fusion=GPS_IMU
LOCATION,1790430293633,29.6545000,52.4861100,67.000,true,11.30,40.966,source=fused:fused;speedReason=OK;derived=50.91;locationGapMs=988;callbackGapMs=988;fusion=GPS_IMU
LOCATION,1790430294638,29.6545550,52.4862450,66.000,true,11.30,42.127,source=fused:fused;speedReason=OK;derived=51.77;locationGapMs=1003;callbackGapMs=1003;fusion=GPS_IMU
LOCATION,1790430295637,29.6546133,52.4863817,65.000,true,11.30,43.349,source=fused:fused;speedReason=OK;derived=51.77;locationGapMs=1003;callbackGapMs=1003;fusion=GPS_IMU
LOCATION,1790430296636,29.6546717,52.4865150,63.000,true,11.30,44.164,source=fused:fused;speedReason=OK;derived=52.13;locationGapMs=997;callbackGapMs=997;fusion=GPS_IMU
LOCATION,1790430297693,29.6547283,52.4866450,63.000,true,11.30,44.624,source=fused:fused;speedReason=OK;derived=52.13;locationGapMs=1057;callbackGapMs=1057;fusion=GPS_IMU
LOCATION,1790430298636,29.6547833,52.4867733,63.000,true,11.30,45.102,source=fused:fused;speedReason=OK;derived=52.13;locationGapMs=943;callbackGapMs=943;fusion=GPS_IMU
LOCATION,1790430299635,29.6548433,52.4868983,61.000,true,11.30,45.536,source=fused:fused;speedReason=OK;derived=49.71;locationGapMs=1000;callbackGapMs=1000;fusion=GPS_IMU
LOCATION,1790430300629,29.6549083,52.4870217,58.000,true,11.30,45.929,source=fused:fused;speedReason=OK;derived=50.53;locationGapMs=994;callbackGapMs=994;fusion=GPS_IMU
LOCATION,1790430301633,29.6549767,52.4871400,57.000,true,11.30,46.182,source=fused:fused;speedReason=OK;derived=49.71;locationGapMs=1003;callbackGapMs=1003;fusion=GPS_IMU
LOCATION,1790430302627,29.6550467,52.4872633,56.000,true,11.30,46.370,source=fused:fused;speedReason=OK;derived=50.53;locationGapMs=993;callbackGapMs=993;fusion=GPS_IMU
LOCATION,1790430303695,29.6551200,52.4873917,57.000,true,11.30,46.657,source=fused:fused;speedReason=OK;derived=49.92;locationGapMs=1071;callbackGapMs=1071;fusion=GPS_IMU
LOCATION,1790430304626,29.6551900,52.4875350,58.000,true,11.30,47.152,source=fused:fused;speedReason=OK;derived=51.62;locationGapMs=929;callbackGapMs=929;fusion=GPS_IMU
LOCATION,1790430305630,29.6552583,52.4876817,59.000,true,11.30,47.726,source=fused:fused;speedReason=OK;derived=57.65;locationGapMs=1005;callbackGapMs=1005;fusion=GPS_IMU
LOCATION,1790430306636,29.6553283,52.4878317,60.000,true,11.30,48.537,source=fused:fused;speedReason=OK;derived=58.98;locationGapMs=1005;callbackGapMs=1005;fusion=GPS_IMU
LOCATION,1790430307630,29.6553983,52.4879833,61.000,true,11.30,49.325,source=fused:fused;speedReason=OK;derived=58.98;locationGapMs=995;callbackGapMs=995;fusion=GPS_IMU
LOCATION,1790430308632,29.6554717,52.4881383,61.000,true,11.30,50.150,source=fused:fused;speedReason=OK;derived=60.07;locationGapMs=996;callbackGapMs=996;fusion=GPS_IMU
LOCATION,1790430309706,29.6555433,52.4883033,62.000,true,11.30,51.056,source=fused:fused;speedReason=OK;derived=60.07;locationGapMs=1073;callbackGapMs=1073;fusion=GPS_IMU
LOCATION,1790430310629,29.6556167,52.4884717,62.000,true,11.30,52.019,source=fused:fused;speedReason=OK;derived=61.70;locationGapMs=929;callbackGapMs=929;fusion=GPS_IMU
LOCATION,1790430311632,29.6556900,52.4886417,61.000,true,11.30,52.804,source=fused:fused;speedReason=OK;derived=65.88;locationGapMs=1003;callbackGapMs=1003;fusion=GPS_IMU
LOCATION,1790430312632,29.6557683,52.4888117,62.000,true,11.30,53.785,source=fused:fused;speedReason=OK;derived=66.99;locationGapMs=1000;callbackGapMs=1000;fusion=GPS_IMU
LOCATION,1790430313634,29.6558467,52.4889867,61.000,true,11.30,55.016,source=fused:fused;speedReason=OK;derived=66.99;locationGapMs=999;callbackGapMs=999;fusion=GPS_IMU
LOCATION,1790430314629,29.6559317,52.4891633,61.000,true,11.30,56.296,source=fused:fused;speedReason=OK;derived=68.62;locationGapMs=999;callbackGapMs=999;fusion=GPS_IMU
LOCATION,1790430315630,29.6560200,52.4893450,61.000,true,11.30,57.151,source=fused:fused;speedReason=OK;derived=70.35;locationGapMs=1000;callbackGapMs=1000;fusion=GPS_IMU
LOCATION,1790430316630,29.6561083,52.4895267,61.000,true,11.30,58.190,source=fused:fused;speedReason=OK;derived=72.40;locationGapMs=1001;callbackGapMs=1001;fusion=GPS_IMU
LOCATION,1790430317625,29.6561950,52.4897017,60.000,true,11.30,59.421,source=fused:fused;speedReason=OK;derived=72.40;locationGapMs=995;callbackGapMs=995;fusion=GPS_IMU
LOCATION,1790430318626,29.6562883,52.4898767,58.000,true,11.30,60.281,source=fused:fused;speedReason=OK;derived=71.39;locationGapMs=1001;callbackGapMs=1001;fusion=GPS_IMU
LOCATION,1790430319635,29.6563850,52.4900500,57.000,true,11.30,60.492,source=fused:fused;speedReason=OK;derived=71.25;locationGapMs=1006;callbackGapMs=1006;fusion=GPS_IMU
LOCATION,1790430320631,29.6564867,52.4902250,55.000,true,11.30,60.823,source=fused:fused;speedReason=OK;derived=71.39;locationGapMs=999;callbackGapMs=999;fusion=GPS_IMU
LOCATION,1790430321633,29.6565933,52.4904067,55.000,true,11.30,61.479,source=fused:fused;speedReason=OK;derived=73.34;locationGapMs=1001;callbackGapMs=1001;fusion=GPS_IMU
LOCATION,1790430322646,29.6567000,52.4905883,55.000,true,11.30,62.749,source=fused:fused;speedReason=OK;derived=75.45;locationGapMs=1011;callbackGapMs=1011;fusion=GPS_IMU
LOCATION,1790430323635,29.6568033,52.4907683,55.000,true,11.30,63.699,source=fused:fused;speedReason=OK;derived=75.67;locationGapMs=992;callbackGapMs=992;fusion=GPS_IMU
LOCATION,1790430324704,29.6569067,52.4909483,55.000,true,11.30,64.532,source=fused:fused;speedReason=OK;derived=75.45;locationGapMs=1061;callbackGapMs=1061;fusion=GPS_IMU
LOCATION,1790430325630,29.6570117,52.4911283,56.000,true,11.30,65.449,source=fused:fused;speedReason=OK;derived=75.67;locationGapMs=934;callbackGapMs=934;fusion=GPS_IMU
LOCATION,1790430326637,29.6571183,52.4913100,56.000,true,11.30,66.100,source=fused:fused;speedReason=OK;derived=75.91;locationGapMs=1005;callbackGapMs=1005;fusion=GPS_IMU
LOCATION,1790430327629,29.6572233,52.4914933,56.000,true,11.30,66.901,source=fused:fused;speedReason=OK;derived=76.86;locationGapMs=994;callbackGapMs=994;fusion=GPS_IMU
LOCATION,1790430328634,29.6573283,52.4916733,56.000,true,11.30,67.658,source=fused:fused;speedReason=OK;derived=75.91;locationGapMs=1004;callbackGapMs=1004;fusion=GPS_IMU
LOCATION,1790430329637,29.6574333,52.4918517,56.000,true,11.30,68.196,source=fused:fused;speedReason=OK;derived=75.14;locationGapMs=1003;callbackGapMs=1003;fusion=GPS_IMU
LOCATION,1790430330697,29.6575367,52.4920317,57.000,true,11.30,68.810,source=fused:fused;speedReason=OK;derived=74.75;locationGapMs=1057;callbackGapMs=1057;fusion=GPS_IMU
LOCATION,1790430331629,29.6576367,52.4922083,58.000,true,11.30,69.393,source=fused:fused;speedReason=OK;derived=74.75;locationGapMs=934;callbackGapMs=934;fusion=GPS_IMU
LOCATION,1790430332637,29.6577300,52.4923817,59.000,true,11.30,69.688,source=fused:fused;speedReason=OK;derived=71.04;locationGapMs=1008;callbackGapMs=1008;fusion=GPS_IMU
LOCATION,1790430333626,29.6578183,52.4925550,61.000,true,11.30,69.760,source=fused:fused;speedReason=OK;derived=70.71;locationGapMs=989;callbackGapMs=989;fusion=GPS_IMU
LOCATION,1790430334634,29.6578983,52.4927283,62.000,true,11.30,69.661,source=fused:fused;speedReason=OK;derived=70.42;locationGapMs=1010;callbackGapMs=1010;fusion=GPS_IMU
LOCATION,1790430335640,29.6579733,52.4929033,64.000,true,11.30,69.580,source=fused:fused;speedReason=OK;derived=67.64;locationGapMs=1005;callbackGapMs=1005;fusion=GPS_IMU
LOCATION,1790430336702,29.6580433,52.4930833,66.000,true,11.30,69.505,source=fused:fused;speedReason=OK;derived=67.60;locationGapMs=1057;callbackGapMs=1057;fusion=GPS_IMU
LOCATION,1790430337633,29.6581117,52.4932667,67.000,true,11.30,69.486,source=fused:fused;speedReason=OK;derived=67.60;locationGapMs=936;callbackGapMs=936;fusion=GPS_IMU
LOCATION,1790430338626,29.6581733,52.4934533,68.000,true,11.30,69.503,source=fused:fused;speedReason=OK;derived=70.02;locationGapMs=993;callbackGapMs=993;fusion=GPS_IMU
LOCATION,1790430339624,29.6582400,52.4936417,69.000,true,11.30,69.510,source=fused:fused;speedReason=OK;derived=71.00;locationGapMs=998;callbackGapMs=998;fusion=GPS_IMU
LOCATION,1790430340625,29.6582983,52.4938317,70.000,true,11.30,69.515,source=fused:fused;speedReason=OK;derived=70.05;locationGapMs=1002;callbackGapMs=1002;fusion=GPS_IMU
LOCATION,1790430341629,29.6583517,52.4940267,71.000,true,11.30,69.522,source=fused:fused;speedReason=OK;derived=71.00;locationGapMs=1003;callbackGapMs=1003;fusion=GPS_IMU
LOCATION,1790430342701,29.6584067,52.4942167,70.000,true,11.32,69.529,source=fused:fused;speedReason=OK;derived=70.05;locationGapMs=1068;callbackGapMs=1068;fusion=GPS_IMU
LOCATION,1790430343624,29.6584633,52.4944033,70.000,true,11.33,69.525,source=fused:fused;speedReason=OK;derived=71.01;locationGapMs=926;callbackGapMs=926;fusion=GPS_IMU
LOCATION,1790430344616,29.6585267,52.4945983,70.000,true,11.35,69.523,source=fused:fused;speedReason=OK;derived=73.11;locationGapMs=992;callbackGapMs=992;fusion=GPS_IMU
LOCATION_ONLY,1790430345617,29.6585883,52.4947950,70.000,true,11.38,69.531,source=fused:fused;speedReason=POOR_SPEED_ACCURACY;derived=73.11;locationGapMs=999;callbackGapMs=999;fusion=GPS_IMU
LOCATION_ONLY,1790430346627,29.6586500,52.4950000,70.000,true,11.47,69.540,source=fused:fused;speedReason=POOR_SPEED_ACCURACY;derived=73.11;locationGapMs=1011;callbackGapMs=1011;fusion=GPS_IMU
LOCATION_ONLY,1790430347617,29.6587100,52.4951967,70.000,true,11.60,69.549,source=fused:fused;speedReason=POOR_SPEED_ACCURACY;derived=73.20;locationGapMs=992;callbackGapMs=992;fusion=GPS_IMU
LOCATION_ONLY,1790430348685,29.6587700,52.4953933,70.000,true,11.86,69.558,source=fused:fused;speedReason=POOR_SPEED_ACCURACY;derived=73.20;locationGapMs=1064;callbackGapMs=1064;fusion=GPS_IMU
LOCATION_ONLY,1790430349627,29.6588300,52.4955833,70.000,true,12.05,69.567,source=fused:fused;speedReason=POOR_SPEED_ACCURACY;derived=73.20;locationGapMs=943;callbackGapMs=943;fusion=GPS_IMU
LOCATION_ONLY,1790430350607,29.6588883,52.4957667,69.000,true,12.43,69.566,source=fused:fused;speedReason=POOR_SPEED_ACCURACY;derived=69.13;locationGapMs=984;callbackGapMs=984;fusion=GPS_IMU
LOCATION_ONLY,1790430351634,29.6589433,52.4959417,69.000,true,13.16,69.565,source=fused:fused;speedReason=POOR_SPEED_ACCURACY;derived=69.13;locationGapMs=1022;callbackGapMs=1022;fusion=GPS_IMU
LOCATION_ONLY,1790430352618,29.6589983,52.4961133,69.000,true,13.53,69.554,source=fused:fused;speedReason=POOR_SPEED_ACCURACY;derived=64.88;locationGapMs=982;callbackGapMs=982;fusion=GPS_IMU
LOCATION_ONLY,1790430353606,29.6590533,52.4962817,69.000,true,14.27,69.538,source=fused:fused;speedReason=POOR_SPEED_ACCURACY;derived=63.43;locationGapMs=995;callbackGapMs=995;fusion=GPS_IMU
LOCATION,1790430354589,29.6591067,52.4964433,69.000,true,15.12,69.515,source=fused:fused;speedReason=OK;derived=62.98;locationGapMs=983;callbackGapMs=983;fusion=GPS_IMU
LOCATION,1790430355602,29.6592550,52.4965867,69.000,true,16.10,69.478,source=fused:fused;speedReason=OK;derived=62.98;locationGapMs=1014;callbackGapMs=1014;fusion=GPS_IMU
LOCATION,1790430356592,29.6593017,52.4967533,68.000,true,15.80,69.402,source=fused:fused;speedReason=OK;derived=61.54;locationGapMs=991;callbackGapMs=991;fusion=GPS_IMU
LOCATION,1790430357635,29.6593417,52.4969300,68.000,true,15.28,69.319,source=fused:fused;speedReason=OK;derived=61.59;locationGapMs=1033;callbackGapMs=1033;fusion=GPS_IMU
LOCATION,1790430358624,29.6593867,52.4971083,68.000,true,14.26,69.095,source=fused:fused;speedReason=OK;derived=61.59;locationGapMs=996;callbackGapMs=996;fusion=GPS_IMU
LOCATION,1790430359622,29.6594333,52.4972867,68.000,true,13.02,69.022,source=fused:fused;speedReason=OK;derived=64.95;locationGapMs=992;callbackGapMs=992;fusion=GPS_IMU
LOCATION,1790430360627,29.6594917,52.4974683,69.000,true,11.50,68.927,source=fused:fused;speedReason=OK;derived=65.42;locationGapMs=1011;callbackGapMs=1011;fusion=GPS_IMU
LOCATION,1790430361628,29.6595467,52.4976567,69.000,true,11.38,68.929,source=fused:fused;speedReason=OK;derived=66.71;locationGapMs=998;callbackGapMs=998;fusion=GPS_IMU
LOCATION,1790430362626,29.6596033,52.4978550,69.000,true,11.37,69.111,source=fused:fused;speedReason=OK;derived=69.37;locationGapMs=1001;callbackGapMs=1001;fusion=GPS_IMU
LOCATION,1790430363641,29.6596650,52.4980617,70.000,true,11.32,69.437,source=fused:fused;speedReason=OK;derived=72.64;locationGapMs=1007;callbackGapMs=1007;fusion=GPS_IMU
LOCATION,1790430364645,29.6597267,52.4982733,71.000,true,11.30,69.929,source=fused:fused;speedReason=OK;derived=75.60;locationGapMs=1000;callbackGapMs=1000;fusion=GPS_IMU
LOCATION,1790430365694,29.6597800,52.4984917,73.000,true,11.30,70.468,source=fused:fused;speedReason=OK;derived=75.60;locationGapMs=1061;callbackGapMs=1061;fusion=GPS_IMU
LOCATION,1790430366632,29.6598267,52.4987167,75.000,true,11.30,70.778,source=fused:fused;speedReason=OK;derived=77.75;locationGapMs=939;callbackGapMs=939;fusion=GPS_IMU
LOCATION,1790430367635,29.6598683,52.4989417,76.000,true,11.30,71.228,source=fused:fused;speedReason=OK;derived=80.00;locationGapMs=1002;callbackGapMs=1002;fusion=GPS_IMU
LOCATION,1790430368631,29.6599117,52.4991567,77.000,true,11.32,71.705,source=fused:fused;speedReason=OK;derived=80.00;locationGapMs=995;callbackGapMs=995;fusion=GPS_IMU
LOCATION,1790430369653,29.6599500,52.4993667,78.000,true,11.34,71.824,source=fused:fused;speedReason=OK;derived=77.30;locationGapMs=1004;callbackGapMs=1004;fusion=GPS_IMU
LOCATION,1790430370637,29.6599850,52.4995700,78.000,true,11.35,71.706,source=fused:fused;speedReason=OK;derived=74.47;locationGapMs=1003;callbackGapMs=1003;fusion=GPS_IMU
LOCATION,1790430371707,29.6600167,52.4997650,79.000,true,11.38,71.573,source=fused:fused;speedReason=OK;derived=72.00;locationGapMs=1070;callbackGapMs=1070;fusion=GPS_IMU
LOCATION,1790430372632,29.6600433,52.4999550,79.000,true,11.38,71.070,source=fused:fused;speedReason=OK;derived=72.00;locationGapMs=927;callbackGapMs=927;fusion=GPS_IMU
LOCATION,1790430373634,29.6600683,52.5001383,80.000,true,11.40,70.520,source=fused:fused;speedReason=OK;derived=64.61;locationGapMs=1001;callbackGapMs=1001;fusion=GPS_IMU
LOCATION,1790430374604,29.6600933,52.5003217,79.000,true,11.40,69.872,source=fused:fused;speedReason=OK;derived=66.69;locationGapMs=970;callbackGapMs=970;fusion=GPS_IMU
LOCATION,1790430375649,29.6601200,52.5004967,79.000,true,11.40,69.403,source=fused:fused;speedReason=OK;derived=64.59;locationGapMs=1025;callbackGapMs=1025;fusion=GPS_IMU
LOCATION,1790430376634,29.6601467,52.5006600,79.000,true,11.40,68.840,source=fused:fused;speedReason=OK;derived=60.41;locationGapMs=1004;callbackGapMs=1004;fusion=GPS_IMU
LOCATION,1790430377697,29.6601733,52.5008183,79.000,true,11.40,67.896,source=fused:fused;speedReason=OK;derived=57.67;locationGapMs=1062;callbackGapMs=1062;fusion=GPS_IMU
LOCATION,1790430378635,29.6601983,52.5009700,79.000,true,11.42,66.677,source=fused:fused;speedReason=OK;derived=57.55;locationGapMs=935;callbackGapMs=935;fusion=GPS_IMU
LOCATION,1790430379644,29.6602233,52.5011200,79.000,true,11.44,65.421,source=fused:fused;speedReason=OK;derived=52.90;locationGapMs=1010;callbackGapMs=1010;fusion=GPS_IMU
LOCATION,1790430380607,29.6602467,52.5012683,79.000,true,11.45,64.520,source=fused:fused;speedReason=OK;derived=54.26;locationGapMs=968;callbackGapMs=968;fusion=GPS_IMU
LOCATION,1790430381654,29.6602717,52.5014150,79.000,true,11.47,63.324,source=fused:fused;speedReason=OK;derived=52.70;locationGapMs=1025;callbackGapMs=1025;fusion=GPS_IMU
LOCATION,1790430382646,29.6602967,52.5015600,79.000,true,11.50,62.232,source=fused:fused;speedReason=OK;derived=50.95;locationGapMs=1011;callbackGapMs=1011;fusion=GPS_IMU
LOCATION,1790430383702,29.6603200,52.5016967,79.000,true,11.50,61.163,source=fused:fused;speedReason=OK;derived=50.82;locationGapMs=1050;callbackGapMs=1050;fusion=GPS_IMU
LOCATION,1790430384638,29.6603400,52.5018283,80.000,true,11.50,60.342,source=fused:fused;speedReason=OK;derived=49.37;locationGapMs=943;callbackGapMs=943;fusion=GPS_IMU
LOCATION,1790430385640,29.6603550,52.5019600,81.000,true,11.50,59.378,source=fused:fused;speedReason=OK;derived=46.29;locationGapMs=1000;callbackGapMs=1000;fusion=GPS_IMU
LOCATION,1790430386653,29.6603650,52.5020983,84.000,true,11.50,58.348,source=fused:fused;speedReason=OK;derived=48.56;locationGapMs=996;callbackGapMs=996;fusion=GPS_IMU
LOCATION,1790430387627,29.6603617,52.5022383,89.000,true,11.50,57.695,source=fused:fused;speedReason=OK;derived=48.56;locationGapMs=991;callbackGapMs=991;fusion=GPS_IMU
LOCATION,1790430388630,29.6603467,52.5023850,94.000,true,11.50,57.036,source=fused:fused;speedReason=OK;derived=49.25;locationGapMs=1006;callbackGapMs=1006;fusion=GPS_IMU
LOCATION,1790430390010,29.6603217,52.5025317,99.000,true,11.50,56.570,source=fused:fused;speedReason=OK;derived=49.25;locationGapMs=1075;callbackGapMs=1075;fusion=GPS_IMU
LOCATION,1790430390631,29.6602833,52.5026783,103.000,true,11.50,56.342,source=fused:fused;speedReason=OK;derived=51.17;locationGapMs=926;callbackGapMs=926;fusion=GPS_IMU
LOCATION,1790430391638,29.6602367,52.5028183,108.000,true,11.48,56.185,source=fused:fused;speedReason=OK;derived=52.22;locationGapMs=1000;callbackGapMs=1000;fusion=GPS_IMU
LOCATION,1790430392641,29.6601800,52.5029567,114.000,true,11.46,56.005,source=fused:fused;speedReason=OK;derived=53.49;locationGapMs=996;callbackGapMs=996;fusion=GPS_IMU
LOCATION,1790430393905,29.6601117,52.5030917,119.000,true,11.43,55.839,source=fused:fused;speedReason=OK;derived=53.49;locationGapMs=996;callbackGapMs=996;fusion=GPS_IMU
LOCATION,1790430394631,29.6600300,52.5032233,124.000,true,11.40,55.729,source=fused:fused;speedReason=OK;derived=54.59;locationGapMs=1005;callbackGapMs=1005;fusion=GPS_IMU
LOCATION,1790430395628,29.6599400,52.5033450,128.000,true,11.34,55.643,source=fused:fused;speedReason=OK;derived=55.58;locationGapMs=1000;callbackGapMs=1000;fusion=GPS_IMU
LOCATION,1790430396927,29.6598400,52.5034650,130.000,true,11.33,55.799,source=fused:fused;speedReason=OK;derived=55.99;locationGapMs=1005;callbackGapMs=1005;fusion=GPS_IMU
LOCATION,1790430397646,29.6597350,52.5035867,133.000,true,11.30,56.113,source=fused:fused;speedReason=OK;derived=57.52;locationGapMs=999;callbackGapMs=999;fusion=GPS_IMU
LOCATION,1790430398923,29.6596300,52.5037083,133.000,true,11.30,56.473,source=fused:fused;speedReason=OK;derived=59.66;locationGapMs=999;callbackGapMs=999;fusion=GPS_IMU
LOCATION,1790430399635,29.6595300,52.5038333,132.000,true,11.30,56.799,source=fused:fused;speedReason=OK;derived=59.66;locationGapMs=1003;callbackGapMs=1003;fusion=GPS_IMU
LOCATION,1790430400888,29.6594333,52.5039567,132.000,true,11.30,56.982,source=fused:fused;speedReason=OK;derived=59.66;locationGapMs=966;callbackGapMs=966;fusion=GPS_IMU
LOCATION,1790430401630,29.6593400,52.5040767,132.000,true,11.30,56.972,source=fused:fused;speedReason=OK;derived=58.90;locationGapMs=1029;callbackGapMs=1029;fusion=GPS_IMU
LOCATION,1790430402947,29.6592500,52.5041933,132.000,true,11.30,56.850,source=fused:fused;speedReason=OK;derived=54.42;locationGapMs=1006;callbackGapMs=1006;fusion=GPS_IMU
LOCATION,1790430403632,29.6591617,52.5043050,131.000,true,11.30,56.514,source=fused:fused;speedReason=OK;derived=53.91;locationGapMs=992;callbackGapMs=992;fusion=GPS_IMU
LOCATION,1790430404915,29.6590733,52.5044083,133.000,true,11.30,56.062,source=fused:fused;speedReason=OK;derived=52.93;locationGapMs=1001;callbackGapMs=1001;fusion=GPS_IMU
LOCATION,1790430405595,29.6589833,52.5045083,135.000,true,11.30,55.372,source=fused:fused;speedReason=OK;derived=51.75;locationGapMs=967;callbackGapMs=967;fusion=GPS_IMU
LOCATION,1790430406907,29.6588883,52.5046017,138.000,true,11.30,54.911,source=fused:fused;speedReason=OK;derived=50.35;locationGapMs=1009;callbackGapMs=1009;fusion=GPS_IMU
LOCATION,1790430407632,29.6587883,52.5046933,141.000,true,11.30,54.362,source=fused:fused;speedReason=OK;derived=49.76;locationGapMs=1027;callbackGapMs=1027;fusion=GPS_IMU
LOCATION,1790430408928,29.6586833,52.5047833,143.000,true,11.30,54.106,source=fused:fused;speedReason=OK;derived=49.76;locationGapMs=996;callbackGapMs=996;fusion=GPS_IMU
LOCATION,1790430409630,29.6585783,52.5048717,145.000,true,11.30,53.761,source=fused:fused;speedReason=OK;derived=51.90;locationGapMs=1002;callbackGapMs=1002;fusion=GPS_IMU
LOCATION,1790430410918,29.6584683,52.5049567,146.000,true,11.30,53.430,source=fused:fused;speedReason=OK;derived=52.55;locationGapMs=994;callbackGapMs=994;fusion=GPS_IMU
LOCATION,1790430411676,29.6583583,52.5050367,147.000,true,11.30,53.343,source=fused:fused;speedReason=OK;derived=51.90;locationGapMs=1052;callbackGapMs=1052;fusion=GPS_IMU
LOCATION,1790430412631,29.6582500,52.5051200,147.000,true,11.30,53.252,source=fused:fused;speedReason=OK;derived=53.28;locationGapMs=955;callbackGapMs=955;fusion=GPS_IMU
LOCATION,1790430413627,29.6581467,52.5051967,148.000,true,11.30,52.910,source=fused:fused;speedReason=OK;derived=49.43;locationGapMs=997;callbackGapMs=997;fusion=GPS_IMU
LOCATION,1790430414647,29.6580467,52.5052667,148.000,true,11.30,52.691,source=fused:fused;speedReason=OK;derived=49.28;locationGapMs=1008;callbackGapMs=1008;fusion=GPS_IMU
LOCATION,1790430415917,29.6579500,52.5053300,149.000,true,11.30,52.433,source=fused:fused;speedReason=OK;derived=46.40;locationGapMs=997;callbackGapMs=997;fusion=GPS_IMU
LOCATION,1790430416632,29.6578533,52.5053750,155.000,true,11.30,51.913,source=fused:fused;speedReason=OK;derived=44.58;locationGapMs=997;callbackGapMs=997;fusion=GPS_IMU
LOCATION,1790430417685,29.6577567,52.5053967,167.000,true,11.30,51.397,source=fused:fused;speedReason=OK;derived=41.78;locationGapMs=1055;callbackGapMs=1055;fusion=GPS_IMU
LOCATION,1790430418634,29.6576650,52.5053833,182.000,true,11.30,50.476,source=fused:fused;speedReason=OK;derived=38.87;locationGapMs=949;callbackGapMs=949;fusion=GPS_IMU
LOCATION,1790430419929,29.6575817,52.5053400,197.000,true,11.30,48.749,source=fused:fused;speedReason=OK;derived=37.24;locationGapMs=996;callbackGapMs=996;fusion=GPS_IMU
LOCATION,1790430420631,29.6575083,52.5052783,211.000,true,11.30,47.554,source=fused:fused;speedReason=OK;derived=36.70;locationGapMs=990;callbackGapMs=990;fusion=GPS_IMU
LOCATION,1790430421628,29.6574583,52.5052150,221.000,true,11.30,46.198,source=fused:fused;speedReason=OK;derived=36.65;locationGapMs=1008;callbackGapMs=1008;fusion=GPS_IMU
LOCATION,1790430422631,29.6574233,52.5051600,228.000,true,11.30,43.613,source=fused:fused;speedReason=OK;derived=29.51;locationGapMs=1003;callbackGapMs=1003;fusion=GPS_IMU
LOCATION,1790430423712,29.6574000,52.5051167,231.000,true,11.32,42.409,source=fused:fused;speedReason=OK;derived=23.65;locationGapMs=1081;callbackGapMs=1081;fusion=GPS_IMU
LOCATION,1790430424642,29.6573833,52.5050900,232.000,true,11.34,41.446,source=fused:fused;speedReason=OK;derived=16.40;locationGapMs=928;callbackGapMs=928;fusion=GPS_IMU
LOCATION,1790430425649,29.6573700,52.5050683,233.000,true,11.36,39.273,source=fused:fused;speedReason=OK;derived=12.33;locationGapMs=1000;callbackGapMs=1000;fusion=GPS_IMU
LOCATION,1790430426643,29.6573533,52.5050400,234.000,true,11.38,37.186,source=fused:fused;speedReason=OK;derived=11.86;locationGapMs=1004;callbackGapMs=1004;fusion=GPS_IMU
LOCATION,1790430427634,29.6573433,52.5050167,234.000,true,11.40,35.250,source=fused:fused;speedReason=OK;derived=9.24;locationGapMs=989;callbackGapMs=989;fusion=GPS_IMU
LOCATION,1790430428624,29.6573400,52.5050100,234.000,true,11.40,31.804,source=fused:fused;speedReason=OK;derived=9.15;locationGapMs=990;callbackGapMs=990;fusion=GPS_IMU
LOCATION,1790430429711,29.6573383,52.5050083,234.000,true,11.42,0.000,source=fused:fused;speedReason=OK;derived=2.71;locationGapMs=1087;callbackGapMs=1087;fusion=GPS_IMU
LOCATION,1790430430653,29.6573333,52.5050017,234.000,true,11.43,0.000,source=fused:fused;speedReason=OK;derived=2.71;locationGapMs=934;callbackGapMs=934;fusion=GPS_IMU
LOCATION,1790430431625,29.6573333,52.5050017,234.000,true,11.79,0.000,source=fused:fused;speedReason=OK;derived=0.83;locationGapMs=980;callbackGapMs=980;fusion=GPS_IMU
LOCATION,1790430432649,29.6573333,52.5050017,234.000,true,11.88,0.000,source=fused:fused;speedReason=OK;derived=0.00;locationGapMs=1023;callbackGapMs=1023;fusion=GPS_IMU
LOCATION,1790430433648,29.6573167,52.5049733,234.000,true,11.89,0.000,source=fused:fused;speedReason=OK;derived=0.00;locationGapMs=1000;callbackGapMs=1000;fusion=GPS_IMU
LOCATION,1790430434646,29.6573067,52.5049600,234.000,true,11.88,0.000,source=fused:fused;speedReason=OK;derived=6.12;locationGapMs=999;callbackGapMs=999;fusion=GPS_IMU
LOCATION,1790430435715,29.6573000,52.5049467,,false,11.48,0.000,source=fused:fused;speedReason=OK;derived=6.12;locationGapMs=1072;callbackGapMs=1072;fusion=GPS_IMU
LOCATION,1790430436623,29.6572983,52.5049433,,false,11.48,0.000,source=fused:fused;speedReason=OK;derived=4.99;locationGapMs=909;callbackGapMs=909;fusion=GPS_IMU
LOCATION,1790430437628,29.6572983,52.5049450,,false,11.50,0.000,source=fused:fused;speedReason=OK;derived=1.50;locationGapMs=1005;callbackGapMs=1005;fusion=GPS_IMU
LOCATION,1790430438617,29.6572983,52.5049450,,false,9.80,0.000,source=fused:fused;speedReason=OK;derived=0.59;locationGapMs=989;callbackGapMs=989;fusion=GPS_IMU
LOCATION,1790430439639,29.6572983,52.5049450,,false,8.10,0.000,source=fused:fused;speedReason=OK;derived=0.00;locationGapMs=1022;callbackGapMs=1022;fusion=GPS_IMU
LOCATION,1790430440636,29.6572983,52.5049450,,false,6.42,0.000,source=fused:fused;speedReason=OK;derived=0.00;locationGapMs=997;callbackGapMs=997;fusion=GPS_IMU
LOCATION,1790430441621,29.6572983,52.5049450,,false,4.67,0.000,source=fused:fused;speedReason=OK;derived=0.00;locationGapMs=985;callbackGapMs=985;fusion=GPS_IMU
LOCATION,1790430442645,29.6572983,52.5049450,,false,3.24,0.000,source=fused:fused;speedReason=OK;derived=0.00;locationGapMs=1024;callbackGapMs=1024;fusion=GPS_IMU
LOCATION,1790430443637,29.6572983,52.5049450,,false,5.24,0.000,source=fused:fused;speedReason=OK;derived=0.00;locationGapMs=992;callbackGapMs=992;fusion=GPS_IMU
LOCATION,1790430444640,29.6572983,52.5049450,,false,7.24,0.000,source=fused:fused;speedReason=OK;derived=0.00;locationGapMs=1003;callbackGapMs=1003;fusion=GPS_IMU
LOCATION,1790430445645,29.6572983,52.5049450,,false,7.22,0.000,source=fused:fused;speedReason=OK;derived=0.00;locationGapMs=1005;callbackGapMs=1005;fusion=GPS_IMU
LOCATION,1790430446689,29.6572983,52.5049450,,false,9.28,0.000,source=fused:fused;speedReason=OK;derived=0.00;locationGapMs=1044;callbackGapMs=1044;fusion=GPS_IMU
LOCATION,1790430447639,29.6572983,52.5049450,,false,9.62,0.000,source=fused:fused;speedReason=OK;derived=0.00;locationGapMs=950;callbackGapMs=950;fusion=GPS_IMU
LOCATION,1790430448636,29.6572817,52.5049033,237.000,true,9.62,0.000,source=fused:fused;speedReason=OK;derived=0.00;locationGapMs=983;callbackGapMs=983;fusion=GPS_IMU
LOCATION,1790430449658,29.6572617,52.5048567,238.000,true,9.30,3.737,source=fused:fused;speedReason=OK;derived=16.25;locationGapMs=1032;callbackGapMs=1032;fusion=GPS_IMU
LOCATION,1790430450644,29.6572317,52.5048000,238.000,true,9.63,8.251,source=fused:fused;speedReason=OK;derived=17.54;locationGapMs=986;callbackGapMs=986;fusion=GPS_IMU
LOCATION,1790430451640,29.6571967,52.5047317,239.000,true,11.32,12.785,source=fused:fused;speedReason=OK;derived=23.43;locationGapMs=993;callbackGapMs=993;fusion=GPS_IMU
LOCATION,1790430452711,29.6571567,52.5046567,239.000,true,11.32,15.976,source=fused:fused;speedReason=OK;derived=27.79;locationGapMs=1070;callbackGapMs=1070;fusion=GPS_IMU
LOCATION,1790430453646,29.6571067,52.5045600,239.000,true,11.32,18.928,source=fused:fused;speedReason=OK;derived=28.62;locationGapMs=932;callbackGapMs=932;fusion=GPS_IMU
LOCATION,1790430454639,29.6570517,52.5044567,238.000,true,11.33,22.179,source=fused:fused;speedReason=OK;derived=42.02;locationGapMs=1000;callbackGapMs=1000;fusion=GPS_IMU
LOCATION,1790430455639,29.6569917,52.5043467,238.000,true,11.32,24.993,source=fused:fused;speedReason=OK;derived=42.17;locationGapMs=999;callbackGapMs=999;fusion=GPS_IMU
LOCATION,1790430456638,29.6569300,52.5042317,238.000,true,11.32,27.441,source=fused:fused;speedReason=OK;derived=45.25;locationGapMs=1001;callbackGapMs=1001;fusion=GPS_IMU
LOCATION,1790430457634,29.6568667,52.5041117,238.000,true,11.32,29.242,source=fused:fused;speedReason=OK;derived=46.99;locationGapMs=996;callbackGapMs=996;fusion=GPS_IMU
LOCATION,1790430458637,29.6568033,52.5039883,238.000,true,11.32,31.645,source=fused:fused;speedReason=OK;derived=49.06;locationGapMs=1001;callbackGapMs=1001;fusion=GPS_IMU
LOCATION,1790430459644,29.6567383,52.5038567,239.000,true,11.32,33.404,source=fused:fused;speedReason=OK;derived=49.85;locationGapMs=1000;callbackGapMs=1000;fusion=GPS_IMU
LOCATION,1790430460637,29.6566717,52.5037233,240.000,true,11.30,34.787,source=fused:fused;speedReason=OK;derived=52.69;locationGapMs=1001;callbackGapMs=1001;fusion=GPS_IMU
LOCATION,1790430461636,29.6566033,52.5035850,240.000,true,11.30,36.215,source=fused:fused;speedReason=OK;derived=53.50;locationGapMs=998;callbackGapMs=998;fusion=GPS_IMU
LOCATION,1790430462639,29.6565367,52.5034483,240.000,true,11.30,37.541,source=fused:fused;speedReason=OK;derived=54.34;locationGapMs=1004;callbackGapMs=1004;fusion=GPS_IMU
LOCATION,1790430463710,29.6564750,52.5033167,241.000,true,11.30,38.977,source=fused:fused;speedReason=OK;derived=54.34;locationGapMs=1071;callbackGapMs=1071;fusion=GPS_IMU
LOCATION,1790430464651,29.6564217,52.5031900,244.000,true,11.30,39.783,source=fused:fused;speedReason=OK;derived=52.65;locationGapMs=931;callbackGapMs=931;fusion=GPS_IMU
LOCATION,1790430465647,29.6563817,52.5030700,247.000,true,11.30,40.426,source=fused:fused;speedReason=OK;derived=48.61;locationGapMs=1005;callbackGapMs=1005;fusion=GPS_IMU
LOCATION,1790430466638,29.6563483,52.5029583,249.000,true,11.30,40.574,source=fused:fused;speedReason=OK;derived=44.54;locationGapMs=992;callbackGapMs=992;fusion=GPS_IMU
LOCATION,1790430467642,29.6563133,52.5028667,247.000,true,11.30,40.463,source=fused:fused;speedReason=OK;derived=41.48;locationGapMs=1004;callbackGapMs=1004;fusion=GPS_IMU
LOCATION,1790430468642,29.6562683,52.5027983,234.000,true,11.30,40.156,source=fused:fused;speedReason=OK;derived=34.71;locationGapMs=1000;callbackGapMs=1000;fusion=GPS_IMU
LOCATION,1790430469708,29.6562067,52.5027583,212.000,true,11.30,39.751,source=fused:fused;speedReason=OK;derived=29.85;locationGapMs=1056;callbackGapMs=1056;fusion=GPS_IMU
LOCATION,1790430470632,29.6561350,52.5027550,186.000,true,11.30,39.377,source=fused:fused;speedReason=OK;derived=29.85;locationGapMs=933;callbackGapMs=933;fusion=GPS_IMU
LOCATION,1790430471619,29.6560633,52.5027900,160.000,true,11.30,38.379,source=fused:fused;speedReason=OK;derived=30.69;locationGapMs=989;callbackGapMs=989;fusion=GPS_IMU
LOCATION,1790430472640,29.6560000,52.5028550,142.000,true,11.30,37.653,source=fused:fused;speedReason=OK;derived=31.45;locationGapMs=1019;callbackGapMs=1019;fusion=GPS_IMU
LOCATION,1790430473640,29.6559367,52.5029350,134.000,true,11.30,37.303,source=fused:fused;speedReason=OK;derived=33.30;locationGapMs=1000;callbackGapMs=1000;fusion=GPS_IMU
LOCATION,1790430474632,29.6558667,52.5030150,134.000,true,11.30,37.412,source=fused:fused;speedReason=OK;derived=37.62;locationGapMs=993;callbackGapMs=993;fusion=GPS_IMU
LOCATION,1790430475712,29.6557867,52.5031017,136.000,true,11.30,37.841,source=fused:fused;speedReason=OK;derived=39.75;locationGapMs=1069;callbackGapMs=1069;fusion=GPS_IMU
LOCATION,1790430476642,29.6556967,52.5031883,138.000,true,11.30,38.596,source=fused:fused;speedReason=OK;derived=41.12;locationGapMs=941;callbackGapMs=941;fusion=GPS_IMU
LOCATION,1790430477645,29.6555967,52.5032767,140.000,true,11.32,39.619,source=fused:fused;speedReason=OK;derived=49.86;locationGapMs=1003;callbackGapMs=1003;fusion=GPS_IMU
LOCATION,1790430478637,29.6554900,52.5033683,141.000,true,11.33,40.934,source=fused:fused;speedReason=OK;derived=50.26;locationGapMs=991;callbackGapMs=991;fusion=GPS_IMU
LOCATION,1790430479589,29.6553817,52.5034683,140.000,true,11.35,41.788,source=fused:fused;speedReason=OK;derived=53.70;locationGapMs=956;callbackGapMs=956;fusion=GPS_IMU
LOCATION,1790430480633,29.6552717,52.5035750,139.000,true,11.37,42.560,source=fused:fused;speedReason=OK;derived=55.27;locationGapMs=1041;callbackGapMs=1041;fusion=GPS_IMU
LOCATION,1790430481638,29.6551567,52.5036900,139.000,true,11.38,44.022,source=fused:fused;speedReason=OK;derived=58.08;locationGapMs=995;callbackGapMs=995;fusion=GPS_IMU
LOCATION,1790430482637,29.6550383,52.5038083,138.000,true,11.40,45.272,source=fused:fused;speedReason=OK;derived=61.24;locationGapMs=1008;callbackGapMs=1008;fusion=GPS_IMU
LOCATION,1790430483633,29.6549250,52.5039283,137.000,true,11.40,46.752,source=fused:fused;speedReason=OK;derived=61.84;locationGapMs=996;callbackGapMs=996;fusion=GPS_IMU
LOCATION,1790430484674,29.6548200,52.5040467,135.000,true,11.40,47.482,source=fused:fused;speedReason=OK;derived=61.84;locationGapMs=1042;callbackGapMs=1042;fusion=GPS_IMU
LOCATION,1790430485644,29.6547183,52.5041683,133.000,true,11.38,48.576,source=fused:fused;speedReason=OK;derived=60.62;locationGapMs=968;callbackGapMs=968;fusion=GPS_IMU
LOCATION,1790430486606,29.6546167,52.5043000,131.000,true,11.37,49.599,source=fused:fused;speedReason=OK;derived=60.62;locationGapMs=965;callbackGapMs=965;fusion=GPS_IMU
LOCATION,1790430487651,29.6545183,52.5044383,128.000,true,11.34,50.278,source=fused:fused;speedReason=OK;derived=60.62;locationGapMs=1036;callbackGapMs=1036;fusion=GPS_IMU
LOCATION,1790430488600,29.6544183,52.5045833,127.000,true,11.33,51.017,source=fused:fused;speedReason=OK;derived=63.47;locationGapMs=955;callbackGapMs=955;fusion=GPS_IMU
LOCATION,1790430489643,29.6543217,52.5047317,126.000,true,11.32,51.625,source=fused:fused;speedReason=OK;derived=61.79;locationGapMs=1044;callbackGapMs=1044;fusion=GPS_IMU
LOCATION,1790430490708,29.6542267,52.5048850,124.000,true,11.30,52.230,source=fused:fused;speedReason=OK;derived=61.79;locationGapMs=1063;callbackGapMs=1063;fusion=GPS_IMU
LOCATION,1790430491628,29.6541350,52.5050433,123.000,true,11.30,53.079,source=fused:fused;speedReason=OK;derived=61.79;locationGapMs=922;callbackGapMs=922;fusion=GPS_IMU
LOCATION,1790430492651,29.6540467,52.5052017,121.000,true,11.30,54.114,source=fused:fused;speedReason=OK;derived=64.34;locationGapMs=1018;callbackGapMs=1018;fusion=GPS_IMU
LOCATION,1790430493639,29.6539617,52.5053600,120.000,true,11.30,55.053,source=fused:fused;speedReason=OK;derived=65.49;locationGapMs=989;callbackGapMs=989;fusion=GPS_IMU
LOCATION,1790430494631,29.6538733,52.5055200,120.000,true,11.30,55.920,source=fused:fused;speedReason=OK;derived=65.49;locationGapMs=996;callbackGapMs=996;fusion=GPS_IMU
LOCATION,1790430495635,29.6537850,52.5056817,120.000,true,11.30,56.415,source=fused:fused;speedReason=OK;derived=66.14;locationGapMs=1005;callbackGapMs=1005;fusion=GPS_IMU
LOCATION,1790430496713,29.6536967,52.5058450,120.000,true,11.30,56.894,source=fused:fused;speedReason=OK;derived=66.14;locationGapMs=1078;callbackGapMs=1078;fusion=GPS_IMU
LOCATION,1790430497640,29.6536100,52.5060100,119.000,true,11.30,57.622,source=fused:fused;speedReason=OK;derived=66.14;locationGapMs=925;callbackGapMs=925;fusion=GPS_IMU
LOCATION,1790430498649,29.6535233,52.5061750,119.000,true,11.30,58.485,source=fused:fused;speedReason=OK;derived=66.85;locationGapMs=1004;callbackGapMs=1004;fusion=GPS_IMU
LOCATION,1790430499642,29.6534350,52.5063400,119.000,true,11.30,58.977,source=fused:fused;speedReason=OK;derived=67.38;locationGapMs=1001;callbackGapMs=1001;fusion=GPS_IMU
LOCATION,1790430500637,29.6533467,52.5065083,119.000,true,11.30,59.594,source=fused:fused;speedReason=OK;derived=67.38;locationGapMs=994;callbackGapMs=994;fusion=GPS_IMU
LOCATION,1790430501632,29.6532567,52.5066800,119.000,true,11.30,60.069,source=fused:fused;speedReason=OK;derived=68.84;locationGapMs=994;callbackGapMs=994;fusion=GPS_IMU
LOCATION,1790430502708,29.6531650,52.5068517,120.000,true,11.30,60.976,source=fused:fused;speedReason=OK;derived=68.84;locationGapMs=1076;callbackGapMs=1076;fusion=GPS_IMU
LOCATION,1790430503638,29.6530733,52.5070250,120.000,true,11.30,61.627,source=fused:fused;speedReason=OK;derived=70.22;locationGapMs=931;callbackGapMs=931;fusion=GPS_IMU
LOCATION,1790430504641,29.6529833,52.5071983,120.000,true,11.30,62.234,source=fused:fused;speedReason=OK;derived=70.70;locationGapMs=994;callbackGapMs=994;fusion=GPS_IMU
LOCATION,1790430505628,29.6528917,52.5073733,120.000,true,11.30,62.604,source=fused:fused;speedReason=OK;derived=71.54;locationGapMs=994;callbackGapMs=994;fusion=GPS_IMU
LOCATION,1790430506623,29.6528033,52.5075450,120.000,true,11.30,63.290,source=fused:fused;speedReason=OK;derived=70.70;locationGapMs=998;callbackGapMs=998;fusion=GPS_IMU
LOCATION,1790430507630,29.6527150,52.5077133,120.000,true,11.30,63.901,source=fused:fused;speedReason=OK;derived=69.61;locationGapMs=1006;callbackGapMs=1006;fusion=GPS_IMU
LOCATION,1790430508704,29.6526300,52.5078783,120.000,true,11.30,64.251,source=fused:fused;speedReason=OK;derived=68.02;locationGapMs=1074;callbackGapMs=1074;fusion=GPS_IMU
LOCATION,1790430509648,29.6525483,52.5080433,120.000,true,11.30,64.535,source=fused:fused;speedReason=OK;derived=68.02;locationGapMs=934;callbackGapMs=934;fusion=GPS_IMU
LOCATION,1790430510633,29.6524683,52.5082083,119.000,true,11.30,64.872,source=fused:fused;speedReason=OK;derived=66.11;locationGapMs=995;callbackGapMs=995;fusion=GPS_IMU
LOCATION,1790430511627,29.6523900,52.5083683,119.000,true,11.30,65.140,source=fused:fused;speedReason=OK;derived=66.11;locationGapMs=993;callbackGapMs=993;fusion=GPS_IMU
LOCATION,1790430512633,29.6523133,52.5085250,118.000,true,11.30,65.339,source=fused:fused;speedReason=OK;derived=64.38;locationGapMs=1008;callbackGapMs=1008;fusion=GPS_IMU
LOCATION,1790430513636,29.6522417,52.5086683,119.000,true,11.30,65.037,source=fused:fused;speedReason=OK;derived=62.11;locationGapMs=1002;callbackGapMs=1002;fusion=GPS_IMU
LOCATION,1790430514714,29.6521750,52.5087900,120.000,true,11.30,64.008,source=fused:fused;speedReason=OK;derived=57.43;locationGapMs=1068;callbackGapMs=1068;fusion=GPS_IMU
LOCATION,1790430515632,29.6521183,52.5088833,125.000,true,11.30,62.303,source=fused:fused;speedReason=OK;derived=46.89;locationGapMs=927;callbackGapMs=927;fusion=GPS_IMU
LOCATION,1790430516634,29.6520600,52.5089417,137.000,true,11.30,59.797,source=fused:fused;speedReason=OK;derived=42.74;locationGapMs=1003;callbackGapMs=1003;fusion=GPS_IMU
LOCATION,1790430517636,29.6519950,52.5089600,157.000,true,11.32,56.910,source=fused:fused;speedReason=OK;derived=30.82;locationGapMs=1002;callbackGapMs=1002;fusion=GPS_IMU
LOCATION,1790430518636,29.6519300,52.5089433,179.000,true,11.32,54.119,source=fused:fused;speedReason=OK;derived=26.66;locationGapMs=999;callbackGapMs=999;fusion=GPS_IMU
LOCATION,1790430519628,29.6518800,52.5089050,200.000,true,11.32,51.438,source=fused:fused;speedReason=OK;derived=26.61;locationGapMs=994;callbackGapMs=994;fusion=GPS_IMU
LOCATION,1790430520717,29.6518517,52.5088583,224.000,true,11.32,48.746,source=fused:fused;speedReason=OK;derived=24.15;locationGapMs=1077;callbackGapMs=1077;fusion=GPS_IMU
LOCATION,1790430521634,29.6518467,52.5088083,254.000,true,11.33,46.030,source=fused:fused;speedReason=OK;derived=18.92;locationGapMs=927;callbackGapMs=927;fusion=GPS_IMU
LOCATION,1790430522639,29.6518617,52.5087617,282.000,true,11.35,43.956,source=fused:fused;speedReason=OK;derived=18.40;locationGapMs=1007;callbackGapMs=1007;fusion=GPS_IMU
LOCATION,1790430523629,29.6518767,52.5087300,295.000,true,11.37,41.874,source=fused:fused;speedReason=OK;derived=17.19;locationGapMs=990;callbackGapMs=990;fusion=GPS_IMU
LOCATION,1790430524627,29.6518900,52.5087100,297.000,true,11.42,38.852,source=fused:fused;speedReason=OK;derived=12.69;locationGapMs=997;callbackGapMs=997;fusion=GPS_IMU
LOCATION,1790430525631,29.6518967,52.5086850,297.000,true,11.42,35.947,source=fused:fused;speedReason=OK;derived=9.08;locationGapMs=1004;callbackGapMs=1004;fusion=GPS_IMU
LOCATION,1790430526634,29.6519033,52.5086633,295.000,true,11.43,33.311,source=fused:fused;speedReason=OK;derived=8.79;locationGapMs=996;callbackGapMs=996;fusion=GPS_IMU
LOCATION,1790430527634,29.6519133,52.5086350,293.000,true,11.44,31.487,source=fused:fused;speedReason=OK;derived=9.08;locationGapMs=1008;callbackGapMs=1008;fusion=GPS_IMU
LOCATION,1790430528637,29.6519300,52.5085917,291.000,true,11.42,29.707,source=fused:fused;speedReason=OK;derived=10.56;locationGapMs=1002;callbackGapMs=1002;fusion=GPS_IMU
LOCATION,1790430529639,29.6519483,52.5085317,290.000,true,11.40,28.361,source=fused:fused;speedReason=OK;derived=16.47;locationGapMs=1003;callbackGapMs=1003;fusion=GPS_IMU
LOCATION,1790430530642,29.6519700,52.5084617,290.000,true,11.40,27.809,source=fused:fused;speedReason=OK;derived=22.09;locationGapMs=1002;callbackGapMs=1002;fusion=GPS_IMU
LOCATION,1790430531716,29.6519917,52.5083900,290.000,true,11.40,27.638,source=fused:fused;speedReason=OK;derived=24.88;locationGapMs=1063;callbackGapMs=1063;fusion=GPS_IMU
LOCATION,1790430532635,29.6520133,52.5083183,289.000,true,11.38,27.385,source=fused:fused;speedReason=OK;derived=25.84;locationGapMs=930;callbackGapMs=930;fusion=GPS_IMU
LOCATION,1790430533635,29.6520317,52.5082433,286.000,true,11.36,27.247,source=fused:fused;speedReason=OK;derived=27.13;locationGapMs=1001;callbackGapMs=1001;fusion=GPS_IMU
LOCATION,1790430534628,29.6520433,52.5081667,278.000,true,11.35,27.250,source=fused:fused;speedReason=OK;derived=27.29;locationGapMs=993;callbackGapMs=993;fusion=GPS_IMU
LOCATION,1790430535632,29.6520400,52.5080900,269.000,true,11.33,27.252,source=fused:fused;speedReason=OK;derived=27.13;locationGapMs=1002;callbackGapMs=1002;fusion=GPS_IMU
LOCATION,1790430536632,29.6520300,52.5080217,260.000,true,11.32,27.022,source=fused:fused;speedReason=OK;derived=26.71;locationGapMs=1001;callbackGapMs=1001;fusion=GPS_IMU
LOCATION,1790430537714,29.6520150,52.5079583,254.000,true,11.30,26.436,source=fused:fused;speedReason=OK;derived=24.11;locationGapMs=1070;callbackGapMs=1070;fusion=GPS_IMU
LOCATION,1790430538641,29.6520017,52.5078967,251.000,true,11.30,25.912,source=fused:fused;speedReason=OK;derived=23.55;locationGapMs=939;callbackGapMs=939;fusion=GPS_IMU
LOCATION,1790430539631,29.6519883,52.5078400,253.000,true,11.30,25.271,source=fused:fused;speedReason=OK;derived=21.40;locationGapMs=989;callbackGapMs=989;fusion=GPS_IMU
LOCATION,1790430540645,29.6519900,52.5077917,265.000,true,11.30,24.637,source=fused:fused;speedReason=OK;derived=20.70;locationGapMs=1016;callbackGapMs=1016;fusion=GPS_IMU
LOCATION,1790430541632,29.6520133,52.5077517,290.000,true,11.32,24.159,source=fused:fused;speedReason=OK;derived=16.98;locationGapMs=987;callbackGapMs=987;fusion=GPS_IMU
LOCATION,1790430542650,29.6520533,52.5077283,320.000,true,11.34,23.592,source=fused:fused;speedReason=OK;derived=16.98;locationGapMs=1015;callbackGapMs=1015;fusion=GPS_IMU
LOCATION,1790430543611,29.6521050,52.5077200,340.000,true,11.37,23.036,source=fused:fused;speedReason=OK;derived=17.66;locationGapMs=957;callbackGapMs=957;fusion=GPS_IMU
LOCATION,1790430544624,29.6521550,52.5077033,339.000,true,11.40,22.731,source=fused:fused;speedReason=OK;derived=20.40;locationGapMs=1019;callbackGapMs=1019;fusion=GPS_IMU
LOCATION,1790430545613,29.6521983,52.5076817,331.000,true,11.40,22.515,source=fused:fused;speedReason=OK;derived=20.40;locationGapMs=991;callbackGapMs=991;fusion=GPS_IMU
LOCATION,1790430546637,29.6522317,52.5076633,330.000,true,11.42,21.971,source=fused:fused;speedReason=OK;derived=19.02;locationGapMs=1023;callbackGapMs=1023;fusion=GPS_IMU
LOCATION,1790430547633,29.6522550,52.5076400,317.000,true,11.42,21.332,source=fused:fused;speedReason=OK;derived=14.46;locationGapMs=994;callbackGapMs=994;fusion=GPS_IMU
LOCATION,1790430548640,29.6522650,52.5076133,291.000,true,11.42,20.718,source=fused:fused;speedReason=OK;derived=12.42;locationGapMs=999;callbackGapMs=999;fusion=GPS_IMU
LOCATION,1790430549621,29.6522617,52.5075833,263.000,true,11.43,19.878,source=fused:fused;speedReason=OK;derived=10.65;locationGapMs=990;callbackGapMs=990;fusion=GPS_IMU
LOCATION,1790430550628,29.6522550,52.5075650,238.000,true,11.46,19.036,source=fused:fused;speedReason=OK;derived=10.14;locationGapMs=1008;callbackGapMs=1008;fusion=GPS_IMU
LOCATION,1790430551630,29.6522450,52.5075533,222.000,true,11.50,17.860,source=fused:fused;speedReason=OK;derived=6.86;locationGapMs=1002;callbackGapMs=1002;fusion=GPS_IMU
LOCATION,1790430552636,29.6522367,52.5075400,221.000,true,11.54,16.739,source=fused:fused;speedReason=OK;derived=5.69;locationGapMs=1005;callbackGapMs=1005;fusion=GPS_IMU
LOCATION,1790430553716,29.6522300,52.5075250,221.000,true,11.52,15.718,source=fused:fused;speedReason=OK;derived=5.67;locationGapMs=1068;callbackGapMs=1068;fusion=GPS_IMU
LOCATION,1790430554633,29.6522300,52.5075167,221.000,true,11.52,14.683,source=fused:fused;speedReason=OK;derived=5.50;locationGapMs=929;callbackGapMs=929;fusion=GPS_IMU
LOCATION,1790430555640,29.6522300,52.5075150,221.000,true,11.54,0.000,source=fused:fused;speedReason=OK;derived=3.11;locationGapMs=1007;callbackGapMs=1007;fusion=GPS_IMU
LOCATION_ONLY,1790430556613,29.6522300,52.5075150,221.000,true,17.90,0.000,source=fused:fused;speedReason=NO_SPEED;derived=0.59;locationGapMs=974;callbackGapMs=974;fusion=GPS_IMU
LOCATION,1790430557626,29.6522300,52.5075133,221.000,true,14.11,0.000,source=fused:fused;speedReason=OK;derived=0.59;locationGapMs=1010;callbackGapMs=1010;fusion=GPS_IMU
LOCATION,1790430558632,29.6522300,52.5075133,221.000,true,12.67,0.000,source=fused:fused;speedReason=OK;derived=0.00;locationGapMs=1008;callbackGapMs=1008;fusion=GPS_IMU
LOCATION,1790430559701,29.6522300,52.5075133,221.000,true,11.20,0.000,source=fused:fused;speedReason=OK;derived=0.00;locationGapMs=1056;callbackGapMs=1056;fusion=GPS_IMU
LOCATION,1790430560638,29.6522300,52.5075133,,false,9.41,0.000,source=fused:fused;speedReason=OK;derived=0.00;locationGapMs=954;callbackGapMs=954;fusion=GPS_IMU
LOCATION,1790430561627,29.6522300,52.5075133,,false,3.32,0.000,source=fused:fused;speedReason=OK;derived=0.00;locationGapMs=989;callbackGapMs=989;fusion=GPS_IMU
LOCATION,1790430562630,29.6522300,52.5075133,,false,5.28,0.000,source=fused:fused;speedReason=OK;derived=0.00;locationGapMs=1003;callbackGapMs=1003;fusion=GPS_IMU
LOCATION_ONLY,1790430563540,29.6522300,52.5075133,,false,11.55,0.000,source=fused:fused;speedReason=NO_SPEED;derived=0.00;locationGapMs=910;callbackGapMs=910;fusion=GPS_IMU
LOCATION,1790430564634,29.6522300,52.5075133,,false,14.88,0.000,source=fused:fused;speedReason=OK;derived=0.00;locationGapMs=1094;callbackGapMs=1094;fusion=GPS_IMU
LOCATION,1790430565624,29.6522300,52.5075133,,false,14.37,0.000,source=fused:fused;speedReason=OK;derived=0.00;locationGapMs=990;callbackGapMs=990;fusion=GPS_IMU
LOCATION,1790430566632,29.6522300,52.5075133,,false,16.56,0.000,source=fused:fused;speedReason=OK;derived=0.00;locationGapMs=1008;callbackGapMs=1008;fusion=GPS_IMU
LOCATION,1790430567634,29.6522300,52.5075133,,false,16.56,0.000,source=fused:fused;speedReason=OK;derived=0.00;locationGapMs=1002;callbackGapMs=1002;fusion=GPS_IMU
LOCATION,1790430568623,29.6522300,52.5075133,,false,11.30,0.000,source=fused:fused;speedReason=OK;derived=0.00;locationGapMs=989;callbackGapMs=989;fusion=GPS_IMU
LOCATION,1790430569631,29.6522300,52.5075133,,false,11.30,0.000,source=fused:fused;speedReason=OK;derived=0.00;locationGapMs=1008;callbackGapMs=1008;fusion=GPS_IMU
LOCATION_ONLY,1790430570305,29.6522300,52.5075133,,false,15.51,0.000,source=fused:fused;speedReason=NO_SPEED;derived=0.00;locationGapMs=674;callbackGapMs=674;fusion=GPS_IMU
LOCATION,1790430571619,29.6522300,52.5075133,,false,14.92,0.000,source=fused:fused;speedReason=OK;derived=0.00;locationGapMs=1314;callbackGapMs=1314;fusion=GPS_IMU
LOCATION,1790430572632,29.6522300,52.5075133,,false,14.94,0.000,source=fused:fused;speedReason=OK;derived=0.00;locationGapMs=1013;callbackGapMs=1013;fusion=GPS_IMU
LOCATION,1790430573630,29.6522300,52.5075133,,false,15.56,0.000,source=fused:fused;speedReason=OK;derived=0.00;locationGapMs=998;callbackGapMs=998;fusion=GPS_IMU
LOCATION,1790430574635,29.6522300,52.5075133,,false,15.58,0.000,source=fused:fused;speedReason=OK;derived=0.00;locationGapMs=1005;callbackGapMs=1005;fusion=GPS_IMU
LOCATION,1790430575629,29.6522300,52.5075133,,false,11.40,0.000,source=fused:fused;speedReason=OK;derived=0.00;locationGapMs=994;callbackGapMs=994;fusion=GPS_IMU
LOCATION,1790430576620,29.6522300,52.5075133,,false,11.40,0.000,source=fused:fused;speedReason=OK;derived=0.00;locationGapMs=991;callbackGapMs=991;fusion=GPS_IMU
LOCATION_ONLY,1790430577118,29.6522300,52.5075133,,false,14.52,0.000,source=fused:fused;speedReason=NO_SPEED;derived=0.00;locationGapMs=498;callbackGapMs=498;fusion=GPS_IMU
LOCATION,1790430577619,29.6522300,52.5075133,,false,14.07,0.000,source=fused:fused;speedReason=OK;derived=0.00;locationGapMs=501;callbackGapMs=501;fusion=GPS_IMU
LOCATION,1790430578618,29.6522300,52.5075133,,false,14.07,0.000,source=fused:fused;speedReason=OK;derived=0.00;locationGapMs=999;callbackGapMs=999;fusion=GPS_IMU
LOCATION,1790430579600,29.6522300,52.5075133,,false,14.07,0.000,source=fused:fused;speedReason=OK;derived=0.00;locationGapMs=982;callbackGapMs=982;fusion=GPS_IMU
LOCATION,1790430580628,29.6522300,52.5075133,,false,14.52,0.000,source=fused:fused;speedReason=OK;derived=0.00;locationGapMs=1028;callbackGapMs=1028;fusion=GPS_IMU
LOCATION,1790430581681,29.6522300,52.5075133,,false,14.52,0.000,source=fused:fused;speedReason=OK;derived=0.00;locationGapMs=1053;callbackGapMs=1053;fusion=GPS_IMU
LOCATION,1790430582638,29.6522300,52.5075133,,false,11.40,0.000,source=fused:fused;speedReason=OK;derived=0.00;locationGapMs=957;callbackGapMs=957;fusion=GPS_IMU
LOCATION,1790430583645,29.6522300,52.5075133,,false,11.40,0.000,source=fused:fused;speedReason=OK;derived=0.00;locationGapMs=1007;callbackGapMs=1007;fusion=GPS_IMU
LOCATION,1790430584635,29.6522300,52.5075133,,false,12.71,0.000,source=fused:fused;speedReason=OK;derived=0.00;locationGapMs=989;callbackGapMs=989;fusion=GPS_IMU
LOCATION,1790430585628,29.6522300,52.5075133,,false,12.52,0.000,source=fused:fused;speedReason=OK;derived=0.00;locationGapMs=994;callbackGapMs=994;fusion=GPS_IMU
LOCATION,1790430586636,29.6522300,52.5075133,,false,12.52,0.000,source=fused:fused;speedReason=OK;derived=0.00;locationGapMs=1008;callbackGapMs=1008;fusion=GPS_IMU
LOCATION,1790430587627,29.6522300,52.5075133,,false,12.52,0.000,source=fused:fused;speedReason=OK;derived=0.00;locationGapMs=991;callbackGapMs=991;fusion=GPS_IMU
LOCATION,1790430588624,29.6522300,52.5075133,,false,12.52,0.000,source=fused:fused;speedReason=OK;derived=0.00;locationGapMs=997;callbackGapMs=997;fusion=GPS_IMU
LOCATION,1790430589621,29.6522300,52.5075133,,false,11.40,0.000,source=fused:fused;speedReason=OK;derived=0.00;locationGapMs=997;callbackGapMs=997;fusion=GPS_IMU
LOCATION,1790430590592,29.6522300,52.5075133,,false,11.40,0.000,source=fused:fused;speedReason=OK;derived=0.00;locationGapMs=971;callbackGapMs=971;fusion=GPS_IMU
LOCATION,1790430591629,29.6522300,52.5075133,,false,11.70,0.000,source=fused:fused;speedReason=OK;derived=0.00;locationGapMs=1037;callbackGapMs=1037;fusion=GPS_IMU
LOCATION,1790430592594,29.6522300,52.5075133,,false,11.70,0.000,source=fused:fused;speedReason=OK;derived=0.00;locationGapMs=965;callbackGapMs=965;fusion=GPS_IMU
LOCATION,1790430593631,29.6522300,52.5075133,,false,10.03,0.000,source=fused:fused;speedReason=OK;derived=0.00;locationGapMs=1037;callbackGapMs=1037;fusion=GPS_IMU
LOCATION,1790430594603,29.6522300,52.5075133,,false,8.78,0.000,source=fused:fused;speedReason=OK;derived=0.00;locationGapMs=972;callbackGapMs=972;fusion=GPS_IMU
LOCATION,1790430595580,29.6522300,52.5075133,,false,7.36,0.000,source=fused:fused;speedReason=OK;derived=0.00;locationGapMs=978;callbackGapMs=978;fusion=GPS_IMU
