record_type,wall_time_ms,lat,lon,bearing_deg,bearing_valid,gps_accuracy_m,fused_speed_kmh,details
LOCATION_ONLY,1790412089895,29.8103654,52.4790512,,false,48.90,0.000,source=fused:fused;speedReason=NO_SPEED;derived=;locationGapMs=0;callbackGapMs=-1;fusion=POSITION_OR_SPEED
LOCATION,1790412105479,29.8102967,52.4792317,,false,9.60,2.222,source=legacy:gps;speedReason=OK;derived=;locationGapMs=15572;callbackGapMs=2424;fusion=GPS_IMU
LOCATION,1790412106453,29.8101517,52.4792017,,false,7.30,0.000,source=legacy:gps;speedReason=OK;derived=59.75;locationGapMs=984;callbackGapMs=984;fusion=GPS_IMU
LOCATION,1790412107607,29.8101867,52.4791933,,false,7.00,0.000,source=legacy:gps;speedReason=OK;derived=59.75;locationGapMs=1153;callbackGapMs=1153;fusion=GPS_IMU
LOCATION,1790412108603,29.8102517,52.4792083,,false,6.90,0.363,source=legacy:gps;speedReason=OK;derived=26.54;locationGapMs=997;callbackGapMs=997;fusion=GPS_IMU
LOCATION,1790412109606,29.8102467,52.4792000,,false,6.70,0.506,source=legacy:gps;speedReason=OK;derived=12.37;locationGapMs=1003;callbackGapMs=1003;fusion=GPS_IMU
LOCATION,1790412110622,29.8102533,52.4792050,,false,6.60,0.601,source=legacy:gps;speedReason=OK;derived=3.51;locationGapMs=1011;callbackGapMs=1011;fusion=GPS_IMU
LOCATION,1790412111621,29.8102650,52.4792083,,false,6.50,0.000,source=legacy:gps;speedReason=OK;derived=3.51;locationGapMs=1004;callbackGapMs=1004;fusion=GPS_IMU
LOCATION,1790412112581,29.8102967,52.4792000,,false,6.50,0.000,source=legacy:gps;speedReason=OK;derived=4.78;locationGapMs=961;callbackGapMs=961;fusion=GPS_IMU
LOCATION,1790412113627,29.8103367,52.4791950,,false,6.40,0.000,source=legacy:gps;speedReason=OK;derived=13.49;locationGapMs=1038;callbackGapMs=1038;fusion=GPS_IMU
LOCATION,1790412113653,29.8102637,52.4792060,,false,6.27,0.000,source=fused:fused;speedReason=OK;derived=;locationGapMs=34;callbackGapMs=34;fusion=GPS_IMU
LOCATION,1790412114602,29.8103367,52.4792000,,false,6.40,0.000,source=legacy:gps;speedReason=OK;derived=30.79;locationGapMs=948;callbackGapMs=948;fusion=GPS_IMU
LOCATION,1790412115610,29.8103367,52.4792000,,false,6.30,0.000,source=legacy:gps;speedReason=OK;derived=30.79;locationGapMs=1008;callbackGapMs=1008;fusion=GPS_IMU
LOCATION,1790412116214,29.8102955,52.4792042,,false,5.44,0.000,source=fused:fused;speedReason=OK;derived=27.31;locationGapMs=604;callbackGapMs=604;fusion=GPS_IMU
LOCATION,1790412116601,29.8103183,52.4791867,,false,6.10,0.000,source=legacy:gps;speedReason=OK;derived=;locationGapMs=388;callbackGapMs=367;fusion=GPS_IMU
LOCATION,1790412117616,29.8103367,52.4791583,,false,5.90,0.000,source=legacy:gps;speedReason=OK;derived=12.11;locationGapMs=1014;callbackGapMs=1014;fusion=GPS_IMU
LOCATION,1790412118682,29.8103583,52.4791333,,false,5.90,0.000,source=legacy:gps;speedReason=OK;derived=12.11;locationGapMs=1066;callbackGapMs=1066;fusion=GPS_IMU
LOCATION,1790412118710,29.8103104,52.4791948,,false,4.86,0.000,source=fused:fused;speedReason=OK;derived=;locationGapMs=28;callbackGapMs=28;fusion=GPS_IMU
LOCATION,1790412119608,29.8103700,52.4791117,,false,5.80,0.000,source=legacy:gps;speedReason=OK;derived=41.66;locationGapMs=899;callbackGapMs=899;fusion=GPS_IMU
LOCATION,1790412120585,29.8103667,52.4790950,,false,5.80,0.000,source=legacy:gps;speedReason=OK;derived=41.66;locationGapMs=976;callbackGapMs=976;fusion=GPS_IMU
LOCATION,1790412121604,29.8103500,52.4790800,,false,5.70,0.000,source=legacy:gps;speedReason=OK;derived=8.30;locationGapMs=1019;callbackGapMs=1019;fusion=GPS_IMU
LOCATION,1790412122607,29.8103300,52.4790633,,false,5.50,0.000,source=legacy:gps;speedReason=OK;derived=8.30;locationGapMs=1003;callbackGapMs=1003;fusion=GPS_IMU
LOCATION_ONLY,1790412122939,29.8103412,52.4787492,,false,35.57,0.000,source=legacy:network;speedReason=NO_SPEED;derived=;locationGapMs=333;callbackGapMs=333;fusion=GPS_IMU
LOCATION,1790412123616,29.8103250,52.4788983,,false,5.40,0.000,source=legacy:gps;speedReason=OK;derived=77.37;locationGapMs=676;callbackGapMs=676;fusion=GPS_IMU
LOCATION,1790412124619,29.8102983,52.4788917,,false,5.30,0.000,source=legacy:gps;speedReason=OK;derived=77.37;locationGapMs=1003;callbackGapMs=1003;fusion=GPS_IMU
LOCATION,1790412125618,29.8102833,52.4788817,,false,5.20,0.000,source=legacy:gps;speedReason=OK;derived=10.86;locationGapMs=1000;callbackGapMs=1000;fusion=GPS_IMU
LOCATION,1790412126595,29.8102833,52.4788633,,false,5.10,0.000,source=legacy:gps;speedReason=OK;derived=6.92;locationGapMs=977;callbackGapMs=977;fusion=GPS_IMU
LOCATION,1790412127617,29.8102783,52.4788483,,false,5.10,0.000,source=legacy:gps;speedReason=OK;derived=6.53;locationGapMs=1021;callbackGapMs=1021;fusion=GPS_IMU
LOCATION,1790412127642,29.8103213,52.4791166,,false,4.00,0.000,source=fused:fused;speedReason=OK;derived=;locationGapMs=26;callbackGapMs=26;fusion=GPS_IMU
LOCATION,1790412128600,29.8102767,52.4788317,,false,5.00,0.000,source=legacy:gps;speedReason=OK;derived=105.27;locationGapMs=957;callbackGapMs=957;fusion=GPS_IMU
LOCATION,1790412129539,29.8103191,52.4791071,,false,3.61,0.000,source=fused:fused;speedReason=OK;derived=105.27;locationGapMs=939;callbackGapMs=939;fusion=GPS_IMU
LOCATION,1790412129598,29.8102733,52.4788167,249.220,true,5.00,0.030,source=legacy:gps;speedReason=OK;derived=;locationGapMs=38;callbackGapMs=38;fusion=GPS_IMU
LOCATION,1790412130624,29.8102000,52.4788550,254.030,true,5.00,0.977,source=legacy:gps;speedReason=OK;derived=31.01;locationGapMs=1037;callbackGapMs=1037;fusion=GPS_IMU
LOCATION,1790412131221,29.8103104,52.4790650,267.213,true,4.58,7.354,source=fused:fused;speedReason=OK;derived=143.42;locationGapMs=595;callbackGapMs=595;fusion=GPS_IMU
LOCATION,1790412131608,29.8101867,52.4788250,250.820,true,5.00,6.594,source=legacy:gps;speedReason=OK;derived=;locationGapMs=392;callbackGapMs=392;fusion=GPS_IMU
LOCATION,1790412132536,29.8102899,52.4790254,255.283,true,5.88,8.503,source=fused:fused;speedReason=OK;derived=86.82;locationGapMs=933;callbackGapMs=933;fusion=GPS_IMU
LOCATION,1790412132594,29.8101767,52.4788017,238.730,true,5.00,8.721,source=legacy:gps;speedReason=OK;derived=;locationGapMs=58;callbackGapMs=58;fusion=GPS_IMU
LOCATION,1790412133088,29.8102736,52.4790069,242.404,true,6.70,8.989,source=fused:fused;speedReason=OK;derived=164.09;locationGapMs=495;callbackGapMs=495;fusion=GPS_IMU
LOCATION,1790412133616,29.8101667,52.4787917,209.290,true,4.90,7.408,source=legacy:gps;speedReason=OK;derived=164.51;locationGapMs=524;callbackGapMs=524;fusion=GPS_IMU
LOCATION,1790412134335,29.8102313,52.4789726,214.611,true,7.45,9.467,source=fused:fused;speedReason=OK;derived=164.09;locationGapMs=717;callbackGapMs=717;fusion=GPS_IMU
LOCATION,1790412134648,29.8101450,52.4787850,200.600,true,4.90,9.421,source=legacy:gps;speedReason=OK;derived=;locationGapMs=282;callbackGapMs=282;fusion=GPS_IMU
LOCATION,1790412135581,29.8101233,52.4787783,198.000,true,4.90,9.764,source=legacy:gps;speedReason=OK;derived=9.26;locationGapMs=967;callbackGapMs=967;fusion=GPS_IMU
LOCATION,1790412136157,29.8101715,52.4789469,183.953,true,8.53,9.809,source=fused:fused;speedReason=OK;derived=107.73;locationGapMs=573;callbackGapMs=573;fusion=GPS_IMU
LOCATION,1790412136695,29.8100800,52.4787767,178.650,true,4.80,9.836,source=legacy:gps;speedReason=OK;derived=107.73;locationGapMs=540;callbackGapMs=512;fusion=GPS_IMU
LOCATION,1790412136710,29.8101562,52.4789473,177.146,true,8.74,9.734,source=fused:fused;speedReason=OK;derived=;locationGapMs=17;callbackGapMs=17;fusion=GPS_IMU
LOCATION,1790412137587,29.8100433,52.4787600,181.010,true,4.80,9.267,source=legacy:gps;speedReason=OK;derived=90.14;locationGapMs=879;callbackGapMs=879;fusion=GPS_IMU
LOCATION,1790412138585,29.8100067,52.4787483,180.120,true,4.70,8.397,source=legacy:gps;speedReason=OK;derived=90.14;locationGapMs=996;callbackGapMs=996;fusion=GPS_IMU
LOCATION,1790412139605,29.8099633,52.4787567,165.480,true,4.70,8.192,source=legacy:gps;speedReason=OK;derived=17.19;locationGapMs=1020;callbackGapMs=1020;fusion=GPS_IMU
LOCATION,1790412140610,29.8099167,52.4787733,161.910,true,4.60,8.085,source=legacy:gps;speedReason=OK;derived=17.19;locationGapMs=986;callbackGapMs=986;fusion=GPS_IMU
LOCATION,1790412141633,29.8098650,52.4787883,163.530,true,4.60,8.882,source=legacy:gps;speedReason=OK;derived=19.78;locationGapMs=1031;callbackGapMs=1031;fusion=GPS_IMU
LOCATION,1790412142615,29.8098117,52.4788017,166.380,true,4.60,11.186,source=legacy:gps;speedReason=OK;derived=20.63;locationGapMs=991;callbackGapMs=991;fusion=GPS_IMU
LOCATION,1790412143619,29.8097667,52.4787967,177.250,true,4.60,13.556,source=legacy:gps;speedReason=OK;derived=20.63;locationGapMs=1004;callbackGapMs=1004;fusion=GPS_IMU
LOCATION,1790412144611,29.8097217,52.4787867,183.720,true,4.70,14.154,source=legacy:gps;speedReason=OK;derived=18.44;locationGapMs=992;callbackGapMs=992;fusion=GPS_IMU
LOCATION,1790412145612,29.8096583,52.4787750,184.140,true,4.60,12.984,source=legacy:gps;speedReason=OK;derived=18.44;locationGapMs=1001;callbackGapMs=1001;fusion=GPS_IMU
LOCATION,1790412146609,29.8095950,52.4787650,185.200,true,4.70,12.354,source=legacy:gps;speedReason=OK;derived=25.57;locationGapMs=997;callbackGapMs=997;fusion=GPS_IMU
LOCATION,1790412147626,29.8095400,52.4787700,179.330,true,4.70,12.781,source=legacy:gps;speedReason=OK;derived=25.57;locationGapMs=1012;callbackGapMs=1012;fusion=GPS_IMU
LOCATION,1790412148616,29.8094917,52.4787783,175.400,true,4.70,13.791,source=legacy:gps;speedReason=OK;derived=21.76;locationGapMs=996;callbackGapMs=996;fusion=GPS_IMU
LOCATION,1790412149627,29.8094417,52.4788000,165.320,true,4.80,16.572,source=legacy:gps;speedReason=OK;derived=21.27;locationGapMs=1003;callbackGapMs=1003;fusion=GPS_IMU
LOCATION,1790412150622,29.8093833,52.4788133,165.320,true,4.90,16.598,source=legacy:gps;speedReason=OK;derived=21.27;locationGapMs=993;callbackGapMs=993;fusion=GPS_IMU
LOCATION,1790412151612,29.8093300,52.4788383,165.320,true,5.00,0.000,source=legacy:gps;speedReason=OK;derived=23.06;locationGapMs=997;callbackGapMs=997;fusion=GPS_IMU
LOCATION,1790412152636,29.8092867,52.4788467,165.320,true,4.92,0.000,source=fused:fused;speedReason=OK;derived=23.06;locationGapMs=1025;callbackGapMs=1025;fusion=GPS_IMU
LOCATION,1790412153624,29.8092417,52.4788700,165.320,true,5.00,0.000,source=fused:fused;speedReason=OK;derived=19.90;locationGapMs=990;callbackGapMs=990;fusion=GPS_IMU
LOCATION_ONLY,1790412154627,29.8092183,52.4788833,165.320,true,5.17,0.799,source=fused:fused;speedReason=POOR_SPEED_ACCURACY;derived=17.10;locationGapMs=1001;callbackGapMs=1001;fusion=GPS_IMU
LOCATION_ONLY,1790412155619,29.8091717,52.4789017,160.999,true,5.35,1.313,source=fused:fused;speedReason=POOR_SPEED_ACCURACY;derived=19.90;locationGapMs=988;callbackGapMs=988;fusion=GPS_IMU
LOCATION_ONLY,1790412156632,29.8091450,52.4789467,124.230,true,5.64,3.192,source=fused:fused;speedReason=POOR_SPEED_ACCURACY;derived=18.62;locationGapMs=1017;callbackGapMs=1017;fusion=GPS_IMU
LOCATION,1790412157631,29.8091300,52.4789700,124.230,true,5.72,6.543,source=fused:fused;speedReason=OK;derived=18.62;locationGapMs=1001;callbackGapMs=1001;fusion=GPS_IMU
LOCATION,1790412158632,29.8091417,52.4790083,124.230,true,5.98,0.000,source=fused:fused;speedReason=OK;derived=14.11;locationGapMs=1001;callbackGapMs=1001;fusion=GPS_IMU
LOCATION,1790412159634,29.8091333,52.4790150,124.230,true,6.06,0.000,source=fused:fused;speedReason=OK;derived=10.07;locationGapMs=1002;callbackGapMs=1002;fusion=GPS_IMU
LOCATION,1790412160633,29.8091283,52.4790633,124.230,true,6.10,0.000,source=fused:fused;speedReason=OK;derived=14.11;locationGapMs=992;callbackGapMs=992;fusion=GPS_IMU
LOCATION,1790412161627,29.8091467,52.4791533,124.230,true,6.08,0.000,source=fused:fused;speedReason=OK;derived=17.06;locationGapMs=999;callbackGapMs=999;fusion=GPS_IMU
LOCATION,1790412162692,29.8091367,52.4792033,124.230,true,6.06,0.000,source=fused:fused;speedReason=OK;derived=17.06;locationGapMs=1067;callbackGapMs=1067;fusion=GPS_IMU
LOCATION,1790412163628,29.8091367,52.4792600,124.230,true,6.03,0.000,source=fused:fused;speedReason=OK;derived=21.08;locationGapMs=936;callbackGapMs=936;fusion=GPS_IMU
LOCATION,1790412164627,29.8091217,52.4793033,,false,5.97,0.000,source=fused:fused;speedReason=OK;derived=16.73;locationGapMs=1004;callbackGapMs=1004;fusion=GPS_IMU
LOCATION,1790412165643,29.8091250,52.4793717,91.000,true,5.88,0.000,source=fused:fused;speedReason=OK;derived=21.08;locationGapMs=1001;callbackGapMs=1001;fusion=GPS_IMU
LOCATION,1790412166628,29.8091400,52.4794317,88.000,true,5.84,1.365,source=fused:fused;speedReason=OK;derived=21.83;locationGapMs=995;callbackGapMs=995;fusion=GPS_IMU
LOCATION,1790412167634,29.8091550,52.4795100,86.000,true,5.77,2.990,source=fused:fused;speedReason=OK;derived=23.82;locationGapMs=1006;callbackGapMs=1006;fusion=GPS_IMU
LOCATION,1790412168701,29.8091517,52.4796283,87.000,true,5.60,6.264,source=fused:fused;speedReason=OK;derived=27.73;locationGapMs=1068;callbackGapMs=1068;fusion=GPS_IMU
LOCATION,1790412169632,29.8091617,52.4797250,90.000,true,5.52,10.122,source=fused:fused;speedReason=OK;derived=36.48;locationGapMs=929;callbackGapMs=929;fusion=GPS_IMU
LOCATION,1790412170631,29.8091683,52.4798383,92.000,true,5.38,14.485,source=fused:fused;speedReason=OK;derived=38.57;locationGapMs=1000;callbackGapMs=1000;fusion=GPS_IMU
LOCATION,1790412171643,29.8091750,52.4799417,92.000,true,5.12,18.663,source=fused:fused;speedReason=OK;derived=36.48;locationGapMs=1003;callbackGapMs=1003;fusion=GPS_IMU
LOCATION,1790412172645,29.8091650,52.4800150,95.000,true,5.00,21.702,source=fused:fused;speedReason=OK;derived=35.98;locationGapMs=1008;callbackGapMs=1008;fusion=GPS_IMU
LOCATION,1790412173635,29.8091533,52.4800933,98.000,true,4.95,23.411,source=fused:fused;speedReason=OK;derived=27.84;locationGapMs=993;callbackGapMs=993;fusion=GPS_IMU
LOCATION,1790412174699,29.8091350,52.4801833,101.000,true,4.87,24.613,source=fused:fused;speedReason=OK;derived=27.84;locationGapMs=1064;callbackGapMs=1064;fusion=GPS_IMU
LOCATION,1790412175626,29.8091250,52.4802767,99.000,true,4.76,25.637,source=fused:fused;speedReason=OK;derived=30.23;locationGapMs=929;callbackGapMs=929;fusion=GPS_IMU
LOCATION,1790412176644,29.8090983,52.4803700,103.000,true,4.75,26.928,source=fused:fused;speedReason=OK;derived=33.97;locationGapMs=1006;callbackGapMs=1006;fusion=GPS_IMU
LOCATION,1790412177622,29.8090750,52.4804617,104.000,true,4.70,28.350,source=fused:fused;speedReason=OK;derived=33.97;locationGapMs=988;callbackGapMs=988;fusion=GPS_IMU
LOCATION,1790412178641,29.8090500,52.4805517,104.000,true,4.64,29.472,source=fused:fused;speedReason=OK;derived=33.64;locationGapMs=1017;callbackGapMs=1017;fusion=GPS_IMU
LOCATION,1790412179626,29.8090050,52.4806367,110.000,true,4.60,30.189,source=fused:fused;speedReason=OK;derived=33.64;locationGapMs=988;callbackGapMs=988;fusion=GPS_IMU
LOCATION,1790412180704,29.8089917,52.4807200,114.000,true,4.48,30.754,source=fused:fused;speedReason=OK;derived=32.32;locationGapMs=1076;callbackGapMs=1076;fusion=GPS_IMU
LOCATION,1790412181625,29.8089750,52.4808000,111.000,true,4.42,30.889,source=fused:fused;speedReason=OK;derived=31.05;locationGapMs=922;callbackGapMs=922;fusion=GPS_IMU
LOCATION,1790412182642,29.8089633,52.4808883,112.000,true,4.24,30.958,source=fused:fused;speedReason=OK;derived=30.81;locationGapMs=1009;callbackGapMs=1009;fusion=GPS_IMU
LOCATION,1790412183638,29.8089267,52.4809767,117.000,true,4.20,30.791,source=fused:fused;speedReason=OK;derived=31.05;locationGapMs=1004;callbackGapMs=1004;fusion=GPS_IMU
LOCATION,1790412184598,29.8088783,52.4810700,122.000,true,4.12,30.685,source=fused:fused;speedReason=OK;derived=33.92;locationGapMs=962;callbackGapMs=962;fusion=GPS_IMU
LOCATION,1790412185636,29.8088267,52.4811500,127.000,true,4.05,30.764,source=fused:fused;speedReason=OK;derived=33.92;locationGapMs=1036;callbackGapMs=1036;fusion=GPS_IMU
LOCATION,1790412186697,29.8087717,52.4812250,130.000,true,4.00,29.909,source=fused:fused;speedReason=OK;derived=33.43;locationGapMs=1060;callbackGapMs=1060;fusion=GPS_IMU
LOCATION,1790412187632,29.8087300,52.4812967,128.000,true,4.00,28.627,source=fused:fused;speedReason=OK;derived=32.17;locationGapMs=937;callbackGapMs=937;fusion=GPS_IMU
LOCATION,1790412188627,29.8086900,52.4813733,124.000,true,3.98,29.488,source=fused:fused;speedReason=OK;derived=32.01;locationGapMs=989;callbackGapMs=989;fusion=GPS_IMU
LOCATION,1790412189629,29.8086433,52.4814350,123.000,true,3.96,29.464,source=fused:fused;speedReason=OK;derived=31.42;locationGapMs=1007;callbackGapMs=1007;fusion=GPS_IMU
LOCATION,1790412190638,29.8085983,52.4814800,127.000,true,3.92,28.640,source=fused:fused;speedReason=OK;derived=28.23;locationGapMs=1010;callbackGapMs=1010;fusion=GPS_IMU
LOCATION,1790412191623,29.8085450,52.4815200,132.000,true,3.90,28.944,source=fused:fused;speedReason=OK;derived=25.83;locationGapMs=984;callbackGapMs=984;fusion=GPS_IMU
LOCATION,1790412192700,29.8084950,52.4815483,139.000,true,3.88,28.200,source=fused:fused;speedReason=OK;derived=23.59;locationGapMs=1077;callbackGapMs=1077;fusion=GPS_IMU
LOCATION,1790412193639,29.8084450,52.4815583,146.000,true,3.88,27.418,source=fused:fused;speedReason=OK;derived=21.76;locationGapMs=931;callbackGapMs=931;fusion=GPS_IMU
LOCATION,1790412194626,29.8083983,52.4815467,162.000,true,3.92,26.660,source=fused:fused;speedReason=OK;derived=20.66;locationGapMs=995;callbackGapMs=995;fusion=GPS_IMU
LOCATION,1790412195627,29.8083567,52.4815083,180.000,true,3.95,24.963,source=fused:fused;speedReason=OK;derived=21.27;locationGapMs=1002;callbackGapMs=1002;fusion=GPS_IMU
LOCATION,1790412196630,29.8083050,52.4815033,184.000,true,4.06,23.224,source=fused:fused;speedReason=OK;derived=20.64;locationGapMs=1003;callbackGapMs=1003;fusion=GPS_IMU
LOCATION,1790412197615,29.8082517,52.4814717,189.000,true,4.08,22.364,source=fused:fused;speedReason=OK;derived=21.27;locationGapMs=986;callbackGapMs=986;fusion=GPS_IMU
LOCATION,1790412198697,29.8081883,52.4814250,198.000,true,4.15,21.397,source=fused:fused;speedReason=OK;derived=24.28;locationGapMs=1072;callbackGapMs=1072;fusion=GPS_IMU
LOCATION,1790412199627,29.8081000,52.4813517,205.000,true,4.20,20.984,source=fused:fused;speedReason=OK;derived=28.05;locationGapMs=939;callbackGapMs=939;fusion=GPS_IMU
LOCATION,1790412200630,29.8079983,52.4812783,208.000,true,4.26,22.515,source=fused:fused;speedReason=OK;derived=46.33;locationGapMs=1002;callbackGapMs=1002;fusion=GPS_IMU
LOCATION,1790412201627,29.8079183,52.4812133,211.000,true,4.27,24.350,source=fused:fused;speedReason=OK;derived=46.33;locationGapMs=996;callbackGapMs=996;fusion=GPS_IMU
LOCATION,1790412202636,29.8078367,52.4811550,211.000,true,4.30,26.153,source=fused:fused;speedReason=OK;derived=39.28;locationGapMs=1011;callbackGapMs=1011;fusion=GPS_IMU
LOCATION,1790412203638,29.8077517,52.4810950,210.000,true,4.30,27.532,source=fused:fused;speedReason=OK;derived=39.28;locationGapMs=1001;callbackGapMs=1001;fusion=GPS_IMU
LOCATION,1790412204712,29.8076683,52.4810400,211.000,true,4.30,28.524,source=fused:fused;speedReason=OK;derived=37.95;locationGapMs=1063;callbackGapMs=1063;fusion=GPS_IMU
LOCATION,1790412205630,29.8075833,52.4809767,213.000,true,4.30,29.290,source=fused:fused;speedReason=OK;derived=39.79;locationGapMs=930;callbackGapMs=930;fusion=GPS_IMU
LOCATION,1790412206634,29.8074950,52.4809100,212.000,true,4.30,30.324,source=fused:fused;speedReason=OK;derived=42.07;locationGapMs=1003;callbackGapMs=1003;fusion=GPS_IMU
LOCATION,1790412207633,29.8074067,52.4808550,207.000,true,4.30,31.158,source=fused:fused;speedReason=OK;derived=42.07;locationGapMs=1000;callbackGapMs=1000;fusion=GPS_IMU
LOCATION,1790412208629,29.8073167,52.4807933,209.000,true,4.30,31.157,source=fused:fused;speedReason=OK;derived=42.01;locationGapMs=996;callbackGapMs=996;fusion=GPS_IMU
LOCATION,1790412209626,29.8072367,52.4807350,209.000,true,4.32,32.370,source=fused:fused;speedReason=OK;derived=40.10;locationGapMs=997;callbackGapMs=997;fusion=GPS_IMU
LOCATION,1790412210707,29.8071733,52.4806900,208.000,true,4.32,33.141,source=fused:fused;speedReason=OK;derived=37.94;locationGapMs=1075;callbackGapMs=1075;fusion=GPS_IMU
LOCATION,1790412211633,29.8071117,52.4806350,212.000,true,4.32,32.862,source=fused:fused;speedReason=OK;derived=33.43;locationGapMs=932;callbackGapMs=932;fusion=GPS_IMU
LOCATION,1790412212639,29.8070617,52.4805950,206.000,true,4.32,31.911,source=fused:fused;speedReason=OK;derived=27.68;locationGapMs=1005;callbackGapMs=1005;fusion=GPS_IMU
LOCATION,1790412213596,29.8069833,52.4805350,210.000,true,4.30,31.594,source=fused:fused;speedReason=OK;derived=33.43;locationGapMs=960;callbackGapMs=960;fusion=GPS_IMU
LOCATION,1790412214591,29.8069133,52.4804833,208.000,true,4.28,30.201,source=fused:fused;speedReason=OK;derived=33.36;locationGapMs=996;callbackGapMs=996;fusion=GPS_IMU
LOCATION,1790412215599,29.8068600,52.4804517,205.000,true,4.25,28.384,source=fused:fused;speedReason=OK;derived=33.36;locationGapMs=1004;callbackGapMs=1004;fusion=GPS_IMU
LOCATION,1790412216626,29.8067967,52.4804183,205.000,true,4.23,25.882,source=fused:fused;speedReason=OK;derived=27.23;locationGapMs=1021;callbackGapMs=1021;fusion=GPS_IMU
LOCATION,1790412217597,29.8067417,52.4803883,203.000,true,4.22,24.665,source=fused:fused;speedReason=OK;derived=24.83;locationGapMs=979;callbackGapMs=979;fusion=GPS_IMU
LOCATION,1790412218613,29.8066883,52.4803617,204.000,true,4.20,25.503,source=fused:fused;speedReason=OK;derived=24.83;locationGapMs=1015;callbackGapMs=1015;fusion=GPS_IMU
LOCATION,1790412219614,29.8066433,52.4803483,190.000,true,4.18,25.682,source=fused:fused;speedReason=OK;derived=22.89;locationGapMs=1002;callbackGapMs=1002;fusion=GPS_IMU
LOCATION,1790412220637,29.8066050,52.4803500,183.000,true,4.16,24.852,source=fused:fused;speedReason=OK;derived=18.52;locationGapMs=990;callbackGapMs=990;fusion=GPS_IMU
LOCATION,1790412221628,29.8065683,52.4803450,190.000,true,4.14,25.739,source=fused:fused;speedReason=OK;derived=15.45;locationGapMs=1018;callbackGapMs=1018;fusion=GPS_IMU
LOCATION,1790412222615,29.8065317,52.4803367,184.000,true,4.12,24.257,source=fused:fused;speedReason=OK;derived=14.99;locationGapMs=993;callbackGapMs=993;fusion=GPS_IMU
LOCATION,1790412223620,29.8065000,52.4803400,175.000,true,4.10,23.468,source=fused:fused;speedReason=OK;derived=14.49;locationGapMs=1005;callbackGapMs=1005;fusion=GPS_IMU
LOCATION,1790412224624,29.8064583,52.4803550,171.000,true,4.10,23.491,source=fused:fused;speedReason=OK;derived=14.99;locationGapMs=1004;callbackGapMs=1004;fusion=GPS_IMU
LOCATION,1790412225656,29.8064183,52.4803933,164.000,true,4.12,23.461,source=fused:fused;speedReason=OK;derived=17.37;locationGapMs=1004;callbackGapMs=1004;fusion=GPS_IMU
LOCATION,1790412226637,29.8063883,52.4804533,149.000,true,4.12,22.864,source=fused:fused;speedReason=OK;derived=20.71;locationGapMs=1000;callbackGapMs=1000;fusion=GPS_IMU
LOCATION,1790412227625,29.8063517,52.4805133,146.000,true,4.10,22.611,source=fused:fused;speedReason=OK;derived=24.07;locationGapMs=995;callbackGapMs=995;fusion=GPS_IMU
LOCATION,1790412228622,29.8063333,52.4805850,138.000,true,4.07,22.624,source=fused:fused;speedReason=OK;derived=25.61;locationGapMs=997;callbackGapMs=997;fusion=GPS_IMU
LOCATION,1790412229627,29.8063133,52.4806883,126.000,true,4.00,22.621,source=fused:fused;speedReason=OK;derived=26.09;locationGapMs=1006;callbackGapMs=1006;fusion=GPS_IMU
LOCATION,1790412230633,29.8062967,52.4807650,120.000,true,3.90,22.864,source=fused:fused;speedReason=OK;derived=27.31;locationGapMs=1007;callbackGapMs=1007;fusion=GPS_IMU
LOCATION,1790412231625,29.8062767,52.4808583,117.000,true,3.85,23.897,source=fused:fused;speedReason=OK;derived=33.71;locationGapMs=992;callbackGapMs=992;fusion=GPS_IMU
LOCATION,1790412232617,29.8062383,52.4809683,118.000,true,3.77,24.462,source=fused:fused;speedReason=OK;derived=33.71;locationGapMs=986;callbackGapMs=986;fusion=GPS_IMU
LOCATION,1790412233622,29.8061967,52.4810800,120.000,true,3.66,25.039,source=fused:fused;speedReason=OK;derived=41.81;locationGapMs=1011;callbackGapMs=1011;fusion=GPS_IMU
LOCATION,1790412234602,29.8061233,52.4812067,122.000,true,3.65,24.403,source=fused:fused;speedReason=OK;derived=41.82;locationGapMs=982;callbackGapMs=982;fusion=GPS_IMU
LOCATION,1790412235603,29.8060583,52.4813383,121.000,true,3.60,31.303,source=fused:fused;speedReason=OK;derived=52.58;locationGapMs=1001;callbackGapMs=1001;fusion=GPS_IMU
LOCATION,1790412236599,29.8059950,52.4814617,119.000,true,3.57,35.013,source=fused:fused;speedReason=OK;derived=52.58;locationGapMs=995;callbackGapMs=995;fusion=GPS_IMU
LOCATION,1790412237601,29.8059317,52.4815900,121.000,true,3.53,37.839,source=fused:fused;speedReason=OK;derived=51.30;locationGapMs=1000;callbackGapMs=1000;fusion=GPS_IMU
LOCATION,1790412238596,29.8058567,52.4817217,124.000,true,3.48,41.077,source=fused:fused;speedReason=OK;derived=51.30;locationGapMs=995;callbackGapMs=995;fusion=GPS_IMU
LOCATION,1790412239632,29.8057783,52.4818883,123.000,true,3.32,43.484,source=fused:fused;speedReason=OK;derived=55.02;locationGapMs=1036;callbackGapMs=1036;fusion=GPS_IMU
LOCATION,1790412240633,29.8057017,52.4820167,125.000,true,3.18,46.121,source=fused:fused;speedReason=OK;derived=55.02;locationGapMs=1001;callbackGapMs=1001;fusion=GPS_IMU
LOCATION,1790412241631,29.8056250,52.4821433,124.000,true,3.06,47.623,source=fused:fused;speedReason=OK;derived=54.09;locationGapMs=996;callbackGapMs=996;fusion=GPS_IMU
LOCATION,1790412242627,29.8055500,52.4822717,123.000,true,2.96,49.616,source=fused:fused;speedReason=OK;derived=53.86;locationGapMs=999;callbackGapMs=999;fusion=GPS_IMU
LOCATION,1790412243646,29.8054800,52.4824000,121.000,true,2.88,50.950,source=fused:fused;speedReason=OK;derived=53.84;locationGapMs=1009;callbackGapMs=1009;fusion=GPS_IMU
LOCATION,1790412244628,29.8054167,52.4825267,118.000,true,2.88,51.896,source=fused:fused;speedReason=OK;derived=52.20;locationGapMs=994;callbackGapMs=994;fusion=GPS_IMU
LOCATION,1790412245695,29.8053483,52.4826517,121.000,true,2.88,52.450,source=fused:fused;speedReason=OK;derived=51.12;locationGapMs=1063;callbackGapMs=1063;fusion=GPS_IMU
LOCATION,1790412246621,29.8052800,52.4827767,119.000,true,2.90,52.647,source=fused:fused;speedReason=OK;derived=51.12;locationGapMs=926;callbackGapMs=926;fusion=GPS_IMU
LOCATION,1790412247632,29.8052100,52.4829133,120.000,true,2.90,52.947,source=fused:fused;speedReason=OK;derived=54.49;locationGapMs=1012;callbackGapMs=1012;fusion=GPS_IMU
LOCATION,1790412248648,29.8051383,52.4830633,117.000,true,2.90,53.136,source=fused:fused;speedReason=OK;derived=55.44;locationGapMs=1009;callbackGapMs=1009;fusion=GPS_IMU
LOCATION,1790412249632,29.8050650,52.4832167,119.000,true,2.90,53.806,source=fused:fused;speedReason=OK;derived=59.00;locationGapMs=991;callbackGapMs=991;fusion=GPS_IMU
LOCATION,1790412250643,29.8049983,52.4833633,116.000,true,2.90,54.971,source=fused:fused;speedReason=OK;derived=59.00;locationGapMs=998;callbackGapMs=998;fusion=GPS_IMU
LOCATION,1790412251612,29.8049350,52.4835100,115.000,true,2.90,56.462,source=fused:fused;speedReason=OK;derived=57.95;locationGapMs=983;callbackGapMs=983;fusion=GPS_IMU
LOCATION,1790412252634,29.8048667,52.4836600,118.000,true,2.90,57.184,source=fused:fused;speedReason=OK;derived=57.68;locationGapMs=1021;callbackGapMs=1021;fusion=GPS_IMU
LOCATION,1790412253637,29.8047967,52.4838100,118.000,true,2.90,57.729,source=fused:fused;speedReason=OK;derived=57.95;locationGapMs=998;callbackGapMs=998;fusion=GPS_IMU
LOCATION,1790412254632,29.8047200,52.4839667,118.000,true,2.90,58.692,source=fused:fused;speedReason=OK;derived=59.33;locationGapMs=994;callbackGapMs=994;fusion=GPS_IMU
LOCATION,1790412255628,29.8046417,52.4841283,119.000,true,2.90,60.610,source=fused:fused;speedReason=OK;derived=62.92;locationGapMs=1003;callbackGapMs=1003;fusion=GPS_IMU
LOCATION,1790412256683,29.8045517,52.4842967,120.000,true,2.90,61.176,source=fused:fused;speedReason=OK;derived=64.15;locationGapMs=1054;callbackGapMs=1054;fusion=GPS_IMU
LOCATION,1790412257641,29.8044500,52.4844700,123.000,true,2.90,62.064,source=fused:fused;speedReason=OK;derived=65.22;locationGapMs=957;callbackGapMs=957;fusion=GPS_IMU
LOCATION,1790412258634,29.8043583,52.4846433,119.000,true,2.92,61.878,source=fused:fused;speedReason=OK;derived=70.97;locationGapMs=994;callbackGapMs=994;fusion=GPS_IMU
LOCATION,1790412259625,29.8042733,52.4848117,120.000,true,2.94,61.823,source=fused:fused;speedReason=OK;derived=70.97;locationGapMs=991;callbackGapMs=991;fusion=GPS_IMU
LOCATION,1790412260630,29.8041867,52.4849800,120.000,true,2.95,62.230,source=fused:fused;speedReason=OK;derived=68.33;locationGapMs=999;callbackGapMs=999;fusion=GPS_IMU
LOCATION,1790412261630,29.8040983,52.4851450,120.000,true,2.97,62.264,source=fused:fused;speedReason=OK;derived=68.08;locationGapMs=1004;callbackGapMs=1004;fusion=GPS_IMU
LOCATION,1790412262675,29.8040050,52.4853000,123.000,true,2.98,62.756,source=fused:fused;speedReason=OK;derived=67.13;locationGapMs=1048;callbackGapMs=1048;fusion=GPS_IMU
LOCATION,1790412263599,29.8039133,52.4854533,122.000,true,3.00,63.312,source=fused:fused;speedReason=OK;derived=67.13;locationGapMs=926;callbackGapMs=926;fusion=GPS_IMU
LOCATION,1790412264593,29.8038200,52.4856083,124.000,true,3.00,63.469,source=fused:fused;speedReason=OK;derived=66.01;locationGapMs=993;callbackGapMs=993;fusion=GPS_IMU
LOCATION,1790412265716,29.8037283,52.4857550,120.000,true,3.02,63.057,source=fused:fused;speedReason=OK;derived=66.01;locationGapMs=1120;callbackGapMs=1120;fusion=GPS_IMU
LOCATION,1790412266620,29.8036500,52.4859067,117.000,true,3.03,62.349,source=fused:fused;speedReason=OK;derived=66.01;locationGapMs=907;callbackGapMs=907;fusion=GPS_IMU
LOCATION,1790412267616,29.8035800,52.4860567,118.000,true,3.05,61.757,source=fused:fused;speedReason=OK;derived=59.51;locationGapMs=995;callbackGapMs=995;fusion=GPS_IMU
LOCATION,1790412268603,29.8035067,52.4862133,117.000,true,3.10,59.588,source=fused:fused;speedReason=OK;derived=62.67;locationGapMs=987;callbackGapMs=987;fusion=GPS_IMU
LOCATION,1790412269631,29.8034400,52.4863617,116.000,true,3.14,57.132,source=fused:fused;speedReason=OK;derived=59.51;locationGapMs=1027;callbackGapMs=1027;fusion=GPS_IMU
LOCATION,1790412270621,29.8033783,52.4865050,117.000,true,3.16,57.522,source=fused:fused;speedReason=OK;derived=56.58;locationGapMs=990;callbackGapMs=990;fusion=GPS_IMU
LOCATION,1790412271640,29.8033217,52.4866267,117.000,true,3.18,61.012,source=fused:fused;speedReason=OK;derived=56.18;locationGapMs=1013;callbackGapMs=1013;fusion=GPS_IMU
LOCATION,1790412272620,29.8032683,52.4867383,119.000,true,3.20,58.610,source=fused:fused;speedReason=OK;derived=47.39;locationGapMs=986;callbackGapMs=986;fusion=GPS_IMU
LOCATION,1790412273677,29.8032150,52.4868467,118.000,true,3.20,54.865,source=fused:fused;speedReason=OK;derived=44.93;locationGapMs=1058;callbackGapMs=1058;fusion=GPS_IMU
LOCATION,1790412274632,29.8031567,52.4869567,121.000,true,3.18,52.758,source=fused:fused;speedReason=OK;derived=44.93;locationGapMs=953;callbackGapMs=953;fusion=GPS_IMU
LOCATION,1790412275626,29.8031000,52.4870817,118.000,true,3.16,51.614,source=fused:fused;speedReason=OK;derived=47.01;locationGapMs=995;callbackGapMs=995;fusion=GPS_IMU
LOCATION,1790412276648,29.8030417,52.4872150,117.000,true,3.15,51.548,source=fused:fused;speedReason=OK;derived=49.28;locationGapMs=1014;callbackGapMs=1014;fusion=GPS_IMU
LOCATION,1790412277625,29.8029733,52.4873450,119.000,true,3.13,51.744,source=fused:fused;speedReason=OK;derived=51.18;locationGapMs=984;callbackGapMs=984;fusion=GPS_IMU
LOCATION,1790412278627,29.8028983,52.4874833,120.000,true,3.12,51.982,source=fused:fused;speedReason=OK;derived=53.70;locationGapMs=1002;callbackGapMs=1002;fusion=GPS_IMU
LOCATION,1790412279717,29.8028217,52.4876317,118.000,true,3.10,52.502,source=fused:fused;speedReason=OK;derived=55.06;locationGapMs=1090;callbackGapMs=1090;fusion=GPS_IMU
LOCATION,1790412280640,29.8027433,52.4877750,120.000,true,3.12,52.904,source=fused:fused;speedReason=OK;derived=56.57;locationGapMs=924;callbackGapMs=924;fusion=GPS_IMU
LOCATION,1790412281633,29.8026650,52.4879250,117.000,true,3.14,53.224,source=fused:fused;speedReason=OK;derived=61.27;locationGapMs=993;callbackGapMs=993;fusion=GPS_IMU
LOCATION,1790412282647,29.8025800,52.4880783,120.000,true,3.16,53.683,source=fused:fused;speedReason=OK;derived=62.85;locationGapMs=1006;callbackGapMs=1006;fusion=GPS_IMU
LOCATION,1790412283635,29.8024967,52.4882367,119.000,true,3.18,54.099,source=fused:fused;speedReason=OK;derived=62.85;locationGapMs=996;callbackGapMs=996;fusion=GPS_IMU
LOCATION,1790412284638,29.8024083,52.4883917,121.000,true,3.18,54.664,source=fused:fused;speedReason=OK;derived=64.33;locationGapMs=1002;callbackGapMs=1002;fusion=GPS_IMU
LOCATION,1790412285716,29.8023133,52.4885500,122.000,true,3.20,55.030,source=fused:fused;speedReason=OK;derived=64.33;locationGapMs=1076;callbackGapMs=1076;fusion=GPS_IMU
LOCATION,1790412286633,29.8022283,52.4887117,120.000,true,3.20,55.357,source=fused:fused;speedReason=OK;derived=64.33;locationGapMs=920;callbackGapMs=920;fusion=GPS_IMU
LOCATION,1790412287648,29.8021433,52.4888733,120.000,true,3.20,55.965,source=fused:fused;speedReason=OK;derived=65.22;locationGapMs=1007;callbackGapMs=1007;fusion=GPS_IMU
LOCATION,1790412288637,29.8020683,52.4890317,119.000,true,3.20,56.483,source=fused:fused;speedReason=OK;derived=65.22;locationGapMs=995;callbackGapMs=995;fusion=GPS_IMU
LOCATION,1790412289634,29.8019883,52.4891850,123.000,true,3.20,56.742,source=fused:fused;speedReason=OK;derived=63.04;locationGapMs=999;callbackGapMs=999;fusion=GPS_IMU
LOCATION,1790412290635,29.8019117,52.4893333,122.000,true,3.18,56.912,source=fused:fused;speedReason=OK;derived=62.24;locationGapMs=1000;callbackGapMs=1000;fusion=GPS_IMU
LOCATION,1790412291713,29.8018367,52.4894800,119.000,true,3.18,57.022,source=fused:fused;speedReason=OK;derived=59.99;locationGapMs=1079;callbackGapMs=1079;fusion=GPS_IMU
LOCATION,1790412292637,29.8017700,52.4896317,116.000,true,3.18,57.099,source=fused:fused;speedReason=OK;derived=59.99;locationGapMs=922;callbackGapMs=922;fusion=GPS_IMU
LOCATION,1790412293649,29.8017050,52.4897867,114.000,true,3.18,57.170,source=fused:fused;speedReason=OK;derived=59.44;locationGapMs=1007;callbackGapMs=1007;fusion=GPS_IMU
LOCATION,1790412294639,29.8016417,52.4899417,115.000,true,3.18,57.234,source=fused:fused;speedReason=OK;derived=59.87;locationGapMs=995;callbackGapMs=995;fusion=GPS_IMU
LOCATION,1790412295620,29.8015817,52.4900983,114.000,true,3.18,57.348,source=fused:fused;speedReason=OK;derived=59.87;locationGapMs=983;callbackGapMs=983;fusion=GPS_IMU
LOCATION,1790412296607,29.8015283,52.4902617,111.000,true,3.20,57.453,source=fused:fused;speedReason=OK;derived=60.56;locationGapMs=988;callbackGapMs=988;fusion=GPS_IMU
LOCATION,1790412297697,29.8014750,52.4904217,111.000,true,3.20,57.561,source=fused:fused;speedReason=OK;derived=60.56;locationGapMs=1090;callbackGapMs=1090;fusion=GPS_IMU
LOCATION,1790412298640,29.8014267,52.4905733,111.000,true,3.20,57.559,source=fused:fused;speedReason=OK;derived=59.70;locationGapMs=941;callbackGapMs=941;fusion=GPS_IMU
LOCATION,1790412299635,29.8013783,52.4907233,112.000,true,3.20,57.531,source=fused:fused;speedReason=OK;derived=55.94;locationGapMs=995;callbackGapMs=995;fusion=GPS_IMU
LOCATION,1790412300636,29.8013333,52.4908750,113.000,true,3.20,57.501,source=fused:fused;speedReason=OK;derived=55.94;locationGapMs=1002;callbackGapMs=1002;fusion=GPS_IMU
LOCATION,1790412301637,29.8012850,52.4910217,113.000,true,3.20,57.464,source=fused:fused;speedReason=OK;derived=55.66;locationGapMs=1000;callbackGapMs=1000;fusion=GPS_IMU
LOCATION,1790412302632,29.8012383,52.4911600,113.000,true,3.20,57.337,source=fused:fused;speedReason=OK;derived=54.57;locationGapMs=995;callbackGapMs=995;fusion=GPS_IMU
LOCATION,1790412303717,29.8011900,52.4912950,113.000,true,3.20,57.228,source=fused:fused;speedReason=OK;derived=51.88;locationGapMs=1085;callbackGapMs=1085;fusion=GPS_IMU
LOCATION,1790412304636,29.8011450,52.4914150,114.000,true,3.20,57.008,source=fused:fused;speedReason=OK;derived=49.42;locationGapMs=920;callbackGapMs=920;fusion=GPS_IMU
LOCATION,1790412305634,29.8011033,52.4915350,113.000,true,3.20,56.660,source=fused:fused;speedReason=OK;derived=46.81;locationGapMs=998;callbackGapMs=998;fusion=GPS_IMU
LOCATION,1790412306627,29.8010633,52.4916500,113.000,true,3.20,56.448,source=fused:fused;speedReason=OK;derived=45.05;locationGapMs=993;callbackGapMs=993;fusion=GPS_IMU
LOCATION,1790412307640,29.8010333,52.4917617,108.000,true,3.22,56.207,source=fused:fused;speedReason=OK;derived=43.39;locationGapMs=1014;callbackGapMs=1014;fusion=GPS_IMU
LOCATION,1790412308639,29.8010067,52.4918600,109.000,true,3.24,55.940,source=fused:fused;speedReason=OK;derived=40.12;locationGapMs=998;callbackGapMs=998;fusion=GPS_IMU
LOCATION,1790412309700,29.8009783,52.4919467,111.000,true,3.25,55.597,source=fused:fused;speedReason=OK;derived=35.89;locationGapMs=1060;callbackGapMs=1060;fusion=GPS_IMU
LOCATION,1790412310638,29.8009533,52.4920183,111.000,true,3.30,55.245,source=fused:fused;speedReason=OK;derived=30.41;locationGapMs=938;callbackGapMs=938;fusion=GPS_IMU
LOCATION,1790412311639,29.8009233,52.4920700,114.000,true,3.34,54.765,source=fused:fused;speedReason=OK;derived=28.62;locationGapMs=1000;callbackGapMs=1000;fusion=GPS_IMU
LOCATION,1790412312639,29.8009000,52.4921183,114.000,true,3.35,54.358,source=fused:fused;speedReason=OK;derived=21.61;locationGapMs=1000;callbackGapMs=1000;fusion=GPS_IMU
LOCATION,1790412313636,29.8008867,52.4921383,111.000,true,3.37,53.903,source=fused:fused;speedReason=OK;derived=19.21;locationGapMs=999;callbackGapMs=999;fusion=GPS_IMU
LOCATION,1790412314637,29.8008867,52.4921617,110.000,true,3.42,53.425,source=fused:fused;speedReason=OK;derived=8.76;locationGapMs=1001;callbackGapMs=1001;fusion=GPS_IMU
LOCATION,1790412315701,29.8008867,52.4921767,111.000,true,3.43,53.006,source=fused:fused;speedReason=OK;derived=8.14;locationGapMs=1064;callbackGapMs=1064;fusion=GPS_IMU
LOCATION,1790412316641,29.8008933,52.4921650,92.000,true,3.46,52.383,source=fused:fused;speedReason=OK;derived=5.18;locationGapMs=937;callbackGapMs=937;fusion=GPS_IMU
LOCATION,1790412317642,29.8008833,52.4921500,92.000,true,3.48,51.464,source=fused:fused;speedReason=OK;derived=5.18;locationGapMs=1002;callbackGapMs=1002;fusion=GPS_IMU
LOCATION,1790412318636,29.8008867,52.4921550,92.000,true,3.50,0.000,source=fused:fused;speedReason=OK;derived=5.18;locationGapMs=997;callbackGapMs=997;fusion=GPS_IMU
LOCATION,1790412319635,29.8008783,52.4921567,92.000,true,3.50,0.000,source=fused:fused;speedReason=OK;derived=3.41;locationGapMs=998;callbackGapMs=998;fusion=GPS_IMU
LOCATION,1790412320641,29.8008783,52.4921567,92.000,true,3.52,0.000,source=fused:fused;speedReason=OK;derived=2.21;locationGapMs=1004;callbackGapMs=1004;fusion=GPS_IMU
LOCATION,1790412321693,29.8008783,52.4921567,92.000,true,3.53,0.000,source=fused:fused;speedReason=OK;derived=0.00;locationGapMs=1055;callbackGapMs=1055;fusion=GPS_IMU
LOCATION,1790412322632,29.8008783,52.4921567,92.000,true,3.55,0.000,source=fused:fused;speedReason=OK;derived=0.00;locationGapMs=939;callbackGapMs=939;fusion=GPS_IMU
LOCATION,1790412323613,29.8008783,52.4921567,92.000,true,3.55,0.000,source=fused:fused;speedReason=OK;derived=0.00;locationGapMs=981;callbackGapMs=981;fusion=GPS_IMU
LOCATION,1790412324629,29.8008783,52.4921567,92.000,true,3.56,0.000,source=fused:fused;speedReason=OK;derived=0.00;locationGapMs=1017;callbackGapMs=1017;fusion=GPS_IMU
LOCATION,1790412325625,29.8008783,52.4921567,,false,3.54,0.000,source=fused:fused;speedReason=OK;derived=0.00;locationGapMs=998;callbackGapMs=998;fusion=GPS_IMU
LOCATION,1790412326632,29.8008783,52.4921567,,false,3.06,0.000,source=fused:fused;speedReason=OK;derived=0.00;locationGapMs=1007;callbackGapMs=1007;fusion=GPS_IMU
LOCATION,1790412327626,29.8008783,52.4921567,,false,2.72,0.000,source=fused:fused;speedReason=OK;derived=0.00;locationGapMs=994;callbackGapMs=994;fusion=GPS_IMU
LOCATION,1790412328603,29.8008783,52.4921567,,false,2.30,0.000,source=fused:fused;speedReason=OK;derived=0.00;locationGapMs=977;callbackGapMs=977;fusion=GPS_IMU
LOCATION,1790412329688,29.8008783,52.4921567,,false,1.90,0.000,source=fused:fused;speedReason=OK;derived=0.00;locationGapMs=1085;callbackGapMs=1085;fusion=GPS_IMU
LOCATION,1790412330614,29.8008783,52.4921567,,false,3.98,0.000,source=fused:fused;speedReason=OK;derived=0.00;locationGapMs=926;callbackGapMs=926;fusion=GPS_IMU
LOCATION,1790412331631,29.8008783,52.4921567,,false,4.11,0.000,source=fused:fused;speedReason=OK;derived=0.00;locationGapMs=1017;callbackGapMs=1017;fusion=GPS_IMU
LOCATION,1790412332632,29.8008783,52.4921567,,false,4.21,0.000,source=fused:fused;speedReason=OK;derived=0.00;locationGapMs=1001;callbackGapMs=1001;fusion=GPS_IMU
LOCATION,1790412333630,29.8008783,52.4921567,,false,4.32,0.000,source=fused:fused;speedReason=OK;derived=0.00;locationGapMs=997;callbackGapMs=997;fusion=GPS_IMU
LOCATION,1790412334631,29.8008783,52.4921567,,false,4.46,0.000,source=fused:fused;speedReason=OK;derived=0.00;locationGapMs=1002;callbackGapMs=1002;fusion=GPS_IMU
LOCATION,1790412335617,29.8008783,52.4921567,,false,1.76,0.000,source=fused:fused;speedReason=OK;derived=0.00;locationGapMs=985;callbackGapMs=985;fusion=GPS_IMU
LOCATION,1790412336616,29.8008783,52.4921567,,false,1.82,0.000,source=fused:fused;speedReason=OK;derived=0.00;locationGapMs=1000;callbackGapMs=1000;fusion=GPS_IMU
LOCATION,1790412337632,29.8008783,52.4921567,,false,3.30,0.000,source=fused:fused;speedReason=OK;derived=0.00;locationGapMs=1015;callbackGapMs=1015;fusion=GPS_IMU
LOCATION,1790412338611,29.8008783,52.4921567,,false,3.00,0.000,source=fused:fused;speedReason=OK;derived=0.00;locationGapMs=980;callbackGapMs=980;fusion=GPS_IMU
LOCATION,1790412339628,29.8008783,52.4921567,,false,2.90,0.000,source=fused:fused;speedReason=OK;derived=0.00;locationGapMs=1017;callbackGapMs=1017;fusion=GPS_IMU
LOCATION,1790412340684,29.8008783,52.4921567,,false,2.91,0.000,source=fused:fused;speedReason=OK;derived=0.00;locationGapMs=1056;callbackGapMs=1056;fusion=GPS_IMU
LOCATION,1790412341628,29.8008783,52.4921567,,false,2.80,0.000,source=fused:fused;speedReason=OK;derived=0.00;locationGapMs=944;callbackGapMs=944;fusion=GPS_IMU
LOCATION,1790412342626,29.8008783,52.4921567,,false,1.40,0.000,source=fused:fused;speedReason=OK;derived=0.00;locationGapMs=998;callbackGapMs=998;fusion=GPS_IMU
LOCATION_ONLY,1790412343530,29.8008783,52.4921567,,false,7.23,0.000,source=fused:fused;speedReason=NO_SPEED;derived=0.00;locationGapMs=904;callbackGapMs=904;fusion=GPS_IMU
LOCATION,1790412344630,29.8008783,52.4921567,,false,7.43,0.000,source=fused:fused;speedReason=OK;derived=0.00;locationGapMs=1100;callbackGapMs=1100;fusion=GPS_IMU
LOCATION,1790412345628,29.8008783,52.4921567,,false,6.64,0.000,source=fused:fused;speedReason=OK;derived=0.00;locationGapMs=998;callbackGapMs=998;fusion=GPS_IMU
LOCATION,1790412346695,29.8008783,52.4921567,,false,7.66,0.000,source=fused:fused;speedReason=OK;derived=0.00;locationGapMs=1067;callbackGapMs=1067;fusion=GPS_IMU
LOCATION,1790412347636,29.8008783,52.4921567,,false,7.75,0.000,source=fused:fused;speedReason=OK;derived=0.00;locationGapMs=941;callbackGapMs=941;fusion=GPS_IMU
LOCATION,1790412348616,29.8008783,52.4921567,,false,1.96,0.000,source=fused:fused;speedReason=OK;derived=0.00;locationGapMs=980;callbackGapMs=980;fusion=GPS_IMU
LOCATION,1790412349624,29.8008783,52.4921567,,false,1.83,0.000,source=fused:fused;speedReason=OK;derived=0.00;locationGapMs=1008;callbackGapMs=1008;fusion=GPS_IMU
LOCATION_ONLY,1790412350175,29.8008783,52.4921567,,false,5.21,0.000,source=fused:fused;speedReason=NO_SPEED;derived=0.00;locationGapMs=550;callbackGapMs=550;fusion=GPS_IMU
LOCATION,1790412350628,29.8008783,52.4921567,,false,4.66,0.000,source=fused:fused;speedReason=OK;derived=0.00;locationGapMs=454;callbackGapMs=454;fusion=GPS_IMU
LOCATION,1790412351638,29.8008783,52.4921567,,false,4.61,0.000,source=fused:fused;speedReason=OK;derived=0.00;locationGapMs=1009;callbackGapMs=1009;fusion=GPS_IMU
LOCATION,1790412352703,29.8008783,52.4921567,,false,4.99,0.000,source=fused:fused;speedReason=OK;derived=0.00;locationGapMs=1066;callbackGapMs=1066;fusion=GPS_IMU
LOCATION,1790412353630,29.8008783,52.4921567,,false,4.94,0.000,source=fused:fused;speedReason=OK;derived=0.00;locationGapMs=927;callbackGapMs=927;fusion=GPS_IMU
LOCATION,1790412354632,29.8008783,52.4921567,,false,5.06,0.000,source=fused:fused;speedReason=OK;derived=0.00;locationGapMs=1002;callbackGapMs=1002;fusion=GPS_IMU
LOCATION,1790412355616,29.8008783,52.4921567,,false,1.72,0.000,source=fused:fused;speedReason=OK;derived=0.00;locationGapMs=984;callbackGapMs=984;fusion=GPS_IMU
LOCATION,1790412356600,29.8008783,52.4921567,,false,1.83,0.000,source=fused:fused;speedReason=OK;derived=0.00;locationGapMs=984;callbackGapMs=984;fusion=GPS_IMU
LOCATION,1790412357632,29.8008783,52.4921567,,false,2.96,0.000,source=fused:fused;speedReason=OK;derived=0.00;locationGapMs=1032;callbackGapMs=1032;fusion=GPS_IMU
LOCATION,1790412358639,29.8008783,52.4921567,,false,3.24,0.000,source=fused:fused;speedReason=OK;derived=0.00;locationGapMs=1007;callbackGapMs=1007;fusion=GPS_IMU
LOCATION,1790412359632,29.8008783,52.4921567,,false,3.11,0.000,source=fused:fused;speedReason=OK;derived=0.00;locationGapMs=992;callbackGapMs=992;fusion=GPS_IMU
LOCATION,1790412360628,29.8008783,52.4921567,,false,3.37,0.000,source=fused:fused;speedReason=OK;derived=0.00;locationGapMs=997;callbackGapMs=997;fusion=GPS_IMU
LOCATION,1790412361633,29.8008783,52.4921567,,false,3.44,0.000,source=fused:fused;speedReason=OK;derived=0.00;locationGapMs=1005;callbackGapMs=1005;fusion=GPS_IMU
LOCATION,1790412362622,29.8008783,52.4921567,,false,2.35,0.000,source=fused:fused;speedReason=OK;derived=0.00;locationGapMs=989;callbackGapMs=989;fusion=GPS_IMU
LOCATION_ONLY,1790412363463,29.8008783,52.4921567,,false,7.89,0.000,source=fused:fused;speedReason=NO_SPEED;derived=0.00;locationGapMs=841;callbackGapMs=841;fusion=GPS_IMU
LOCATION,1790412364637,29.8008783,52.4921567,,false,8.02,0.000,source=fused:fused;speedReason=OK;derived=0.00;locationGapMs=1174;callbackGapMs=1174;fusion=GPS_IMU
LOCATION,1790412365635,29.8008783,52.4921567,,false,8.07,0.000,source=fused:fused;speedReason=OK;derived=0.00;locationGapMs=998;callbackGapMs=998;fusion=GPS_IMU
LOCATION,1790412366629,29.8008783,52.4921567,,false,7.30,0.000,source=fused:fused;speedReason=OK;derived=0.00;locationGapMs=994;callbackGapMs=994;fusion=GPS_IMU
LOCATION,1790412367621,29.8008783,52.4921567,,false,8.14,0.000,source=fused:fused;speedReason=OK;derived=0.00;locationGapMs=992;callbackGapMs=992;fusion=GPS_IMU
LOCATION,1790412368611,29.8008783,52.4921567,,false,2.72,0.000,source=fused:fused;speedReason=OK;derived=0.00;locationGapMs=990;callbackGapMs=990;fusion=GPS_IMU
LOCATION,1790412369614,29.8008533,52.4921433,119.000,true,2.75,0.000,source=fused:fused;speedReason=OK;derived=0.00;locationGapMs=1001;callbackGapMs=1001;fusion=GPS_IMU
LOCATION_ONLY,1790412370141,29.8008533,52.4921433,119.000,true,6.10,0.000,source=fused:fused;speedReason=NO_SPEED;derived=0.00;locationGapMs=521;callbackGapMs=521;fusion=GPS_IMU
LOCATION,1790412370649,29.8008383,52.4921650,123.000,true,6.12,0.923,source=fused:fused;speedReason=OK;derived=11.00;locationGapMs=511;callbackGapMs=511;fusion=GPS_IMU
LOCATION,1790412371640,29.8008150,52.4921950,122.000,true,6.13,1.747,source=fused:fused;speedReason=OK;derived=14.11;locationGapMs=991;callbackGapMs=991;fusion=GPS_IMU
LOCATION,1790412372633,29.8007883,52.4922400,118.000,true,6.13,2.795,source=fused:fused;speedReason=OK;derived=18.86;locationGapMs=995;callbackGapMs=995;fusion=GPS_IMU
LOCATION,1790412373633,29.8007617,52.4922950,117.000,true,6.13,4.384,source=fused:fused;speedReason=OK;derived=19.04;locationGapMs=1000;callbackGapMs=1000;fusion=GPS_IMU
LOCATION,1790412374673,29.8007367,52.4923483,117.000,true,6.13,5.688,source=fused:fused;speedReason=OK;derived=20.25;locationGapMs=1040;callbackGapMs=1040;fusion=GPS_IMU
LOCATION,1790412375631,29.8007083,52.4924067,120.000,true,2.80,6.667,source=fused:fused;speedReason=OK;derived=21.89;locationGapMs=958;callbackGapMs=958;fusion=GPS_IMU
LOCATION,1790412376627,29.8006733,52.4924683,121.000,true,2.82,7.642,source=fused:fused;speedReason=OK;derived=24.29;locationGapMs=994;callbackGapMs=994;fusion=GPS_IMU
LOCATION,1790412377628,29.8006350,52.4925317,125.000,true,2.83,8.589,source=fused:fused;speedReason=OK;derived=25.74;locationGapMs=1003;callbackGapMs=1003;fusion=GPS_IMU
LOCATION,1790412378629,29.8005967,52.4926017,121.000,true,2.86,9.501,source=fused:fused;speedReason=OK;derived=26.76;locationGapMs=1002;callbackGapMs=1002;fusion=GPS_IMU
LOCATION,1790412379625,29.8005517,52.4926800,122.000,true,2.87,10.534,source=fused:fused;speedReason=OK;derived=28.70;locationGapMs=995;callbackGapMs=995;fusion=GPS_IMU
LOCATION,1790412380713,29.8005100,52.4927550,123.000,true,2.90,11.424,source=fused:fused;speedReason=OK;derived=28.70;locationGapMs=1084;callbackGapMs=1084;fusion=GPS_IMU
LOCATION,1790412381636,29.8004700,52.4928333,120.000,true,2.92,12.230,source=fused:fused;speedReason=OK;derived=32.80;locationGapMs=923;callbackGapMs=923;fusion=GPS_IMU
LOCATION,1790412382621,29.8004233,52.4929200,121.000,true,2.93,13.128,source=fused:fused;speedReason=OK;derived=34.22;locationGapMs=989;callbackGapMs=989;fusion=GPS_IMU
LOCATION,1790412383624,29.8003733,52.4930083,122.000,true,2.95,14.087,source=fused:fused;speedReason=OK;derived=35.86;locationGapMs=1002;callbackGapMs=1002;fusion=GPS_IMU
LOCATION,1790412384615,29.8003183,52.4931017,122.000,true,2.97,14.863,source=fused:fused;speedReason=OK;derived=36.57;locationGapMs=992;callbackGapMs=992;fusion=GPS_IMU
LOCATION,1790412385628,29.8002667,52.4932000,119.000,true,3.00,15.760,source=fused:fused;speedReason=OK;derived=39.42;locationGapMs=1013;callbackGapMs=1013;fusion=GPS_IMU
LOCATION,1790412386682,29.8002117,52.4933083,120.000,true,3.03,16.395,source=fused:fused;speedReason=OK;derived=39.54;locationGapMs=1053;callbackGapMs=1053;fusion=GPS_IMU
LOCATION,1790412387641,29.8001433,52.4934183,123.000,true,3.06,17.334,source=fused:fused;speedReason=OK;derived=41.42;locationGapMs=955;callbackGapMs=955;fusion=GPS_IMU
LOCATION,1790412388633,29.8000833,52.4935283,122.000,true,3.10,18.297,source=fused:fused;speedReason=OK;derived=45.34;locationGapMs=996;callbackGapMs=996;fusion=GPS_IMU
LOCATION,1790412389633,29.8000217,52.4936300,123.000,true,3.14,19.115,source=fused:fused;speedReason=OK;derived=45.34;locationGapMs=999;callbackGapMs=999;fusion=GPS_IMU
LOCATION,1790412390637,29.7999667,52.4937350,120.000,true,3.16,19.972,source=fused:fused;speedReason=OK;derived=43.14;locationGapMs=1005;callbackGapMs=1005;fusion=GPS_IMU
LOCATION,1790412391637,29.7999083,52.4938467,119.000,true,3.18,20.857,source=fused:fused;speedReason=OK;derived=43.14;locationGapMs=999;callbackGapMs=999;fusion=GPS_IMU
LOCATION,1790412392666,29.7998533,52.4939617,118.000,true,3.18,21.758,source=fused:fused;speedReason=OK;derived=44.28;locationGapMs=1031;callbackGapMs=1031;fusion=GPS_IMU
LOCATION,1790412393632,29.7997933,52.4940733,120.000,true,3.20,22.512,source=fused:fused;speedReason=OK;derived=45.37;locationGapMs=965;callbackGapMs=965;fusion=GPS_IMU
LOCATION,1790412394635,29.7997333,52.4941817,122.000,true,3.22,23.038,source=fused:fused;speedReason=OK;derived=44.60;locationGapMs=1002;callbackGapMs=1002;fusion=GPS_IMU
LOCATION,1790412395635,29.7996700,52.4942850,124.000,true,3.23,23.685,source=fused:fused;speedReason=OK;derived=44.60;locationGapMs=1001;callbackGapMs=1001;fusion=GPS_IMU
LOCATION,1790412396635,29.7996150,52.4943833,122.000,true,3.26,24.201,source=fused:fused;speedReason=OK;derived=43.90;locationGapMs=999;callbackGapMs=999;fusion=GPS_IMU
LOCATION,1790412397635,29.7995550,52.4944767,125.000,true,3.28,24.553,source=fused:fused;speedReason=OK;derived=40.69;locationGapMs=1000;callbackGapMs=1000;fusion=GPS_IMU
LOCATION,1790412398698,29.7994983,52.4945683,123.000,true,3.32,24.978,source=fused:fused;speedReason=OK;derived=40.37;locationGapMs=1063;callbackGapMs=1063;fusion=GPS_IMU
LOCATION,1790412399632,29.7994400,52.4946650,124.000,true,3.33,25.247,source=fused:fused;speedReason=OK;derived=40.37;locationGapMs=935;callbackGapMs=935;fusion=GPS_IMU
LOCATION,1790412400621,29.7993867,52.4947617,123.000,true,3.35,25.510,source=fused:fused;speedReason=OK;derived=40.30;locationGapMs=988;callbackGapMs=988;fusion=GPS_IMU
LOCATION,1790412401631,29.7993267,52.4948750,123.000,true,3.38,25.809,source=fused:fused;speedReason=OK;derived=43.76;locationGapMs=1010;callbackGapMs=1010;fusion=GPS_IMU
LOCATION,1790412402630,29.7992700,52.4949817,122.000,true,3.42,26.191,source=fused:fused;speedReason=OK;derived=43.49;locationGapMs=1000;callbackGapMs=1000;fusion=GPS_IMU
LOCATION,1790412403629,29.7992100,52.4950900,125.000,true,3.45,26.594,source=fused:fused;speedReason=OK;derived=44.79;locationGapMs=997;callbackGapMs=997;fusion=GPS_IMU
LOCATION,1790412404603,29.7991517,52.4951833,125.000,true,3.47,26.841,source=fused:fused;speedReason=OK;derived=43.49;locationGapMs=977;callbackGapMs=977;fusion=GPS_IMU
LOCATION,1790412405632,29.7990900,52.4952867,124.000,true,3.50,27.125,source=fused:fused;speedReason=OK;derived=42.42;locationGapMs=1028;callbackGapMs=1028;fusion=GPS_IMU
LOCATION,1790412406628,29.7990267,52.4954000,123.000,true,3.50,27.358,source=fused:fused;speedReason=OK;derived=42.42;locationGapMs=996;callbackGapMs=996;fusion=GPS_IMU
LOCATION,1790412407633,29.7989583,52.4955250,121.000,true,3.50,27.665,source=fused:fused;speedReason=OK;derived=47.02;locationGapMs=1005;callbackGapMs=1005;fusion=GPS_IMU
LOCATION,1790412408629,29.7988967,52.4956433,119.000,true,3.50,28.010,source=fused:fused;speedReason=OK;derived=48.15;locationGapMs=996;callbackGapMs=996;fusion=GPS_IMU
LOCATION,1790412409629,29.7988317,52.4957767,119.000,true,3.50,28.391,source=fused:fused;speedReason=OK;derived=51.10;locationGapMs=999;callbackGapMs=999;fusion=GPS_IMU
LOCATION,1790412410693,29.7987633,52.4959117,120.000,true,3.50,28.700,source=fused:fused;speedReason=OK;derived=51.07;locationGapMs=1064;callbackGapMs=1064;fusion=GPS_IMU
LOCATION,1790412411632,29.7986967,52.4960417,120.000,true,3.50,29.094,source=fused:fused;speedReason=OK;derived=53.24;locationGapMs=941;callbackGapMs=941;fusion=GPS_IMU
LOCATION,1790412412634,29.7986300,52.4961717,121.000,true,3.50,29.470,source=fused:fused;speedReason=OK;derived=52.44;locationGapMs=1001;callbackGapMs=1001;fusion=GPS_IMU
LOCATION,1790412413636,29.7985633,52.4962967,120.000,true,3.50,29.790,source=fused:fused;speedReason=OK;derived=52.44;locationGapMs=1001;callbackGapMs=1001;fusion=GPS_IMU
LOCATION,1790412414638,29.7985033,52.4964217,118.000,true,3.50,30.207,source=fused:fused;speedReason=OK;derived=50.95;locationGapMs=1003;callbackGapMs=1003;fusion=GPS_IMU
LOCATION,1790412415638,29.7984417,52.4965400,120.000,true,3.50,30.559,source=fused:fused;speedReason=OK;derived=49.51;locationGapMs=998;callbackGapMs=998;fusion=GPS_IMU
LOCATION,1790412416706,29.7983767,52.4966517,123.000,true,3.50,30.898,source=fused:fused;speedReason=OK;derived=48.05;locationGapMs=1070;callbackGapMs=1070;fusion=GPS_IMU
LOCATION,1790412417631,29.7983167,52.4967667,121.000,true,3.48,31.302,source=fused:fused;speedReason=OK;derived=48.05;locationGapMs=924;callbackGapMs=924;fusion=GPS_IMU
LOCATION,1790412418636,29.7982567,52.4968883,120.000,true,3.47,31.709,source=fused:fused;speedReason=OK;derived=48.38;locationGapMs=1005;callbackGapMs=1005;fusion=GPS_IMU
LOCATION,1790412419639,29.7982000,52.4970117,118.000,true,3.43,32.056,source=fused:fused;speedReason=OK;derived=48.38;locationGapMs=1004;callbackGapMs=1004;fusion=GPS_IMU
LOCATION,1790412420636,29.7981433,52.4971350,117.000,true,3.38,32.353,source=fused:fused;speedReason=OK;derived=48.38;locationGapMs=996;callbackGapMs=996;fusion=GPS_IMU
LOCATION,1790412421640,29.7980883,52.4972600,116.000,true,3.34,32.661,source=fused:fused;speedReason=OK;derived=48.58;locationGapMs=1003;callbackGapMs=1003;fusion=GPS_IMU
LOCATION,1790412422706,29.7980283,52.4973767,119.000,true,3.32,32.921,source=fused:fused;speedReason=OK;derived=48.58;locationGapMs=1069;callbackGapMs=1069;fusion=GPS_IMU
LOCATION,1790412423638,29.7979683,52.4974850,122.000,true,3.30,33.143,source=fused:fused;speedReason=OK;derived=47.97;locationGapMs=931;callbackGapMs=931;fusion=GPS_IMU
LOCATION,1790412424639,29.7979117,52.4976000,118.000,true,3.30,33.384,source=fused:fused;speedReason=OK;derived=45.96;locationGapMs=1000;callbackGapMs=1000;fusion=GPS_IMU
LOCATION,1790412425639,29.7978550,52.4977150,118.000,true,3.30,33.604,source=fused:fused;speedReason=OK;derived=45.96;locationGapMs=1001;callbackGapMs=1001;fusion=GPS_IMU
LOCATION,1790412426636,29.7977950,52.4978317,119.000,true,3.30,33.829,source=fused:fused;speedReason=OK;derived=45.96;locationGapMs=996;callbackGapMs=996;fusion=GPS_IMU
LOCATION,1790412427634,29.7977367,52.4979517,118.000,true,3.30,34.064,source=fused:fused;speedReason=OK;derived=47.34;locationGapMs=998;callbackGapMs=998;fusion=GPS_IMU
LOCATION,1790412428711,29.7976817,52.4980700,118.000,true,3.30,34.309,source=fused:fused;speedReason=OK;derived=47.34;locationGapMs=1075;callbackGapMs=1075;fusion=GPS_IMU
LOCATION,1790412429643,29.7976200,52.4981850,121.000,true,3.30,34.546,source=fused:fused;speedReason=OK;derived=47.90;locationGapMs=933;callbackGapMs=933;fusion=GPS_IMU
LOCATION,1790412430636,29.7975517,52.4983017,120.000,true,3.30,34.802,source=fused:fused;speedReason=OK;derived=49.21;locationGapMs=994;callbackGapMs=994;fusion=GPS_IMU
LOCATION,1790412431633,29.7974733,52.4984167,125.000,true,3.30,35.037,source=fused:fused;speedReason=OK;derived=50.37;locationGapMs=998;callbackGapMs=998;fusion=GPS_IMU
LOCATION,1790412432636,29.7974033,52.4985433,121.000,true,3.30,35.278,source=fused:fused;speedReason=OK;derived=50.90;locationGapMs=1002;callbackGapMs=1002;fusion=GPS_IMU
LOCATION,1790412433634,29.7973300,52.4986733,121.000,true,3.30,35.524,source=fused:fused;speedReason=OK;derived=52.07;locationGapMs=998;callbackGapMs=998;fusion=GPS_IMU
LOCATION,1790412434688,29.7972533,52.4988067,121.000,true,3.30,35.749,source=fused:fused;speedReason=OK;derived=52.66;locationGapMs=1056;callbackGapMs=1056;fusion=GPS_IMU
LOCATION,1790412435637,29.7971783,52.4989417,120.000,true,3.32,35.968,source=fused:fused;speedReason=OK;derived=53.99;locationGapMs=947;callbackGapMs=947;fusion=GPS_IMU
LOCATION,1790412436637,29.7971100,52.4990767,119.000,true,3.34,36.162,source=fused:fused;speedReason=OK;derived=54.32;locationGapMs=1000;callbackGapMs=1000;fusion=GPS_IMU
LOCATION,1790412437640,29.7970383,52.4992050,121.000,true,3.35,36.368,source=fused:fused;speedReason=OK;derived=54.32;locationGapMs=1003;callbackGapMs=1003;fusion=GPS_IMU
LOCATION,1790412438637,29.7969650,52.4993317,122.000,true,3.38,36.555,source=fused:fused;speedReason=OK;derived=53.08;locationGapMs=997;callbackGapMs=997;fusion=GPS_IMU
LOCATION,1790412439641,29.7968967,52.4994600,120.000,true,3.40,36.694,source=fused:fused;speedReason=OK;derived=52.88;locationGapMs=1004;callbackGapMs=1004;fusion=GPS_IMU
LOCATION,1790412440639,29.7968250,52.4995800,124.000,true,3.40,36.841,source=fused:fused;speedReason=OK;derived=52.11;locationGapMs=998;callbackGapMs=998;fusion=GPS_IMU
LOCATION,1790412441639,29.7967533,52.4996983,125.000,true,3.40,36.975,source=fused:fused;speedReason=OK;derived=50.73;locationGapMs=995;callbackGapMs=995;fusion=GPS_IMU
LOCATION,1790412442636,29.7966800,52.4998183,125.000,true,3.40,37.094,source=fused:fused;speedReason=OK;derived=50.73;locationGapMs=1002;callbackGapMs=1002;fusion=GPS_IMU
LOCATION,1790412443638,29.7966183,52.4999350,124.000,true,3.40,37.223,source=fused:fused;speedReason=OK;derived=50.39;locationGapMs=1002;callbackGapMs=1002;fusion=GPS_IMU
LOCATION,1790412444640,29.7965483,52.5000467,128.000,true,3.40,37.352,source=fused:fused;speedReason=OK;derived=47.78;locationGapMs=1002;callbackGapMs=1002;fusion=GPS_IMU
LOCATION,1790412445696,29.7964833,52.5001517,129.000,true,3.40,37.469,source=fused:fused;speedReason=OK;derived=47.40;locationGapMs=1056;callbackGapMs=1056;fusion=GPS_IMU
LOCATION,1790412446624,29.7964150,52.5002567,128.000,true,3.40,37.575,source=fused:fused;speedReason=OK;derived=47.78;locationGapMs=927;callbackGapMs=927;fusion=GPS_IMU
LOCATION,1790412447634,29.7963433,52.5003617,128.000,true,3.40,37.680,source=fused:fused;speedReason=OK;derived=45.91;locationGapMs=1011;callbackGapMs=1011;fusion=GPS_IMU
LOCATION,1790412448637,29.7962717,52.5004667,130.000,true,3.40,37.762,source=fused:fused;speedReason=OK;derived=46.25;locationGapMs=1003;callbackGapMs=1003;fusion=GPS_IMU
LOCATION,1790412449633,29.7962033,52.5005683,129.000,true,3.40,37.843,source=fused:fused;speedReason=OK;derived=45.91;locationGapMs=998;callbackGapMs=998;fusion=GPS_IMU
LOCATION,1790412450636,29.7961333,52.5006633,132.000,true,3.40,37.882,source=fused:fused;speedReason=OK;derived=44.76;locationGapMs=1000;callbackGapMs=1000;fusion=GPS_IMU
LOCATION,1790412451716,29.7960583,52.5007483,133.000,true,3.40,37.917,source=fused:fused;speedReason=OK;derived=43.29;locationGapMs=1081;callbackGapMs=1081;fusion=GPS_IMU
LOCATION,1790412452633,29.7959917,52.5008167,136.000,true,3.40,37.936,source=fused:fused;speedReason=OK;derived=38.93;locationGapMs=917;callbackGapMs=917;fusion=GPS_IMU
LOCATION,1790412453632,29.7959250,52.5008783,142.000,true,3.40,37.924,source=fused:fused;speedReason=OK;derived=38.91;locationGapMs=1000;callbackGapMs=1000;fusion=GPS_IMU
LOCATION,1790412454636,29.7958467,52.5009350,148.000,true,3.40,37.904,source=fused:fused;speedReason=OK;derived=36.81;locationGapMs=1004;callbackGapMs=1004;fusion=GPS_IMU
LOCATION,1790412455634,29.7957750,52.5009850,152.000,true,3.42,37.887,source=fused:fused;speedReason=OK;derived=34.18;locationGapMs=998;callbackGapMs=998;fusion=GPS_IMU
LOCATION,1790412456634,29.7956917,52.5010267,156.000,true,3.43,37.872,source=fused:fused;speedReason=OK;derived=36.27;locationGapMs=1000;callbackGapMs=1000;fusion=GPS_IMU
LOCATION,1790412457672,29.7956083,52.5010633,158.000,true,3.47,37.867,source=fused:fused;speedReason=OK;derived=34.27;locationGapMs=1040;callbackGapMs=1040;fusion=GPS_IMU
LOCATION,1790412458638,29.7955233,52.5010850,161.000,true,3.54,37.864,source=fused:fused;speedReason=OK;derived=36.09;locationGapMs=963;callbackGapMs=963;fusion=GPS_IMU
LOCATION,1790412459632,29.7954333,52.5010967,166.000,true,3.58,37.862,source=fused:fused;speedReason=OK;derived=36.09;locationGapMs=996;callbackGapMs=996;fusion=GPS_IMU
LOCATION,1790412460632,29.7953467,52.5010900,171.000,true,3.70,37.860,source=fused:fused;speedReason=OK;derived=36.09;locationGapMs=998;callbackGapMs=998;fusion=GPS_IMU
LOCATION,1790412461637,29.7952600,52.5010267,184.000,true,3.78,37.855,source=fused:fused;speedReason=OK;derived=36.29;locationGapMs=1006;callbackGapMs=1006;fusion=GPS_IMU
LOCATION,1790412462628,29.7951667,52.5009167,201.000,true,3.80,37.844,source=fused:fused;speedReason=OK;derived=40.77;locationGapMs=992;callbackGapMs=992;fusion=GPS_IMU
LOCATION,1790412463710,29.7950933,52.5008267,206.000,true,3.77,37.867,source=fused:fused;speedReason=OK;derived=40.77;locationGapMs=1081;callbackGapMs=1081;fusion=GPS_IMU
LOCATION,1790412464635,29.7950117,52.5007567,208.000,true,3.75,37.901,source=fused:fused;speedReason=OK;derived=44.06;locationGapMs=923;callbackGapMs=923;fusion=GPS_IMU
LOCATION,1790412465640,29.7949250,52.5006800,212.000,true,3.66,37.942,source=fused:fused;speedReason=OK;derived=43.48;locationGapMs=1005;callbackGapMs=1005;fusion=GPS_IMU
LOCATION,1790412466634,29.7948483,52.5006133,213.000,true,3.63,37.979,source=fused:fused;speedReason=OK;derived=43.48;locationGapMs=996;callbackGapMs=996;fusion=GPS_IMU
LOCATION,1790412467639,29.7947650,52.5005517,215.000,true,3.52,37.986,source=fused:fused;speedReason=OK;derived=39.40;locationGapMs=1004;callbackGapMs=1004;fusion=GPS_IMU
LOCATION,1790412468636,29.7946933,52.5005017,215.000,true,3.48,37.978,source=fused:fused;speedReason=OK;derived=38.57;locationGapMs=996;callbackGapMs=996;fusion=GPS_IMU
LOCATION,1790412469716,29.7946350,52.5004567,214.000,true,3.47,37.926,source=fused:fused;speedReason=OK;derived=33.62;locationGapMs=1082;callbackGapMs=1082;fusion=GPS_IMU
LOCATION,1790412470638,29.7945700,52.5004033,213.000,true,3.40,37.870,source=fused:fused;speedReason=OK;derived=33.62;locationGapMs=921;callbackGapMs=921;fusion=GPS_IMU
LOCATION,1790412471637,29.7944867,52.5003367,212.000,true,3.36,37.817,source=fused:fused;speedReason=OK;derived=34.65;locationGapMs=998;callbackGapMs=998;fusion=GPS_IMU
LOCATION,1790412472631,29.7944017,52.5002717,212.000,true,3.33,37.829,source=fused:fused;speedReason=OK;derived=40.61;locationGapMs=996;callbackGapMs=996;fusion=GPS_IMU
LOCATION,1790412473638,29.7942983,52.5001933,213.000,true,3.28,37.915,source=fused:fused;speedReason=OK;derived=40.94;locationGapMs=1006;callbackGapMs=1006;fusion=GPS_IMU
LOCATION,1790412474640,29.7941933,52.5001133,213.000,true,3.22,38.023,source=fused:fused;speedReason=OK;derived=49.17;locationGapMs=1002;callbackGapMs=1002;fusion=GPS_IMU
LOCATION,1790412475713,29.7940933,52.5000300,214.000,true,3.18,38.158,source=fused:fused;speedReason=OK;derived=49.17;locationGapMs=1072;callbackGapMs=1072;fusion=GPS_IMU
LOCATION,1790412476641,29.7939850,52.4999417,214.000,true,3.14,38.335,source=fused:fused;speedReason=OK;derived=50.21;locationGapMs=929;callbackGapMs=929;fusion=GPS_IMU
LOCATION,1790412477626,29.7938717,52.4998567,212.000,true,3.13,38.550,source=fused:fused;speedReason=OK;derived=54.80;locationGapMs=986;callbackGapMs=986;fusion=GPS_IMU
LOCATION,1790412478628,29.7937550,52.4997633,214.000,true,3.12,38.764,source=fused:fused;speedReason=OK;derived=56.68;locationGapMs=1002;callbackGapMs=1002;fusion=GPS_IMU
LOCATION,1790412479628,29.7936400,52.4996667,215.000,true,3.10,39.009,source=fused:fused;speedReason=OK;derived=56.68;locationGapMs=1001;callbackGapMs=1001;fusion=GPS_IMU
LOCATION,1790412480633,29.7935250,52.4995700,217.000,true,3.10,39.251,source=fused:fused;speedReason=OK;derived=56.68;locationGapMs=1004;callbackGapMs=1004;fusion=GPS_IMU
LOCATION,1790412481708,29.7934083,52.4994750,216.000,true,3.10,39.466,source=fused:fused;speedReason=OK;derived=56.68;locationGapMs=1075;callbackGapMs=1075;fusion=GPS_IMU
LOCATION,1790412482631,29.7932933,52.4993783,217.000,true,3.08,39.701,source=fused:fused;speedReason=OK;derived=56.68;locationGapMs=923;callbackGapMs=923;fusion=GPS_IMU
LOCATION,1790412483632,29.7931833,52.4992817,219.000,true,3.06,39.922,source=fused:fused;speedReason=OK;derived=55.24;locationGapMs=1001;callbackGapMs=1001;fusion=GPS_IMU
LOCATION,1790412484632,29.7930867,52.4991800,224.000,true,3.04,40.157,source=fused:fused;speedReason=OK;derived=55.24;locationGapMs=1001;callbackGapMs=1001;fusion=GPS_IMU
LOCATION,1790412485634,29.7930050,52.4990733,229.000,true,3.03,40.316,source=fused:fused;speedReason=OK;derived=52.28;locationGapMs=1000;callbackGapMs=1000;fusion=GPS_IMU
LOCATION,1790412486638,29.7929233,52.4989517,232.000,true,3.02,40.458,source=fused:fused;speedReason=OK;derived=52.28;locationGapMs=1003;callbackGapMs=1003;fusion=GPS_IMU
LOCATION,1790412487709,29.7928467,52.4988267,235.000,true,3.00,40.606,source=fused:fused;speedReason=OK;derived=49.56;locationGapMs=1073;callbackGapMs=1073;fusion=GPS_IMU
LOCATION,1790412488637,29.7927800,52.4987017,237.000,true,3.00,40.740,source=fused:fused;speedReason=OK;derived=53.27;locationGapMs=929;callbackGapMs=929;fusion=GPS_IMU
LOCATION,1790412489636,29.7927250,52.4985783,241.000,true,3.02,40.837,source=fused:fused;speedReason=OK;derived=49.56;locationGapMs=997;callbackGapMs=997;fusion=GPS_IMU
LOCATION,1790412490638,29.7926733,52.4984583,244.000,true,3.04,40.914,source=fused:fused;speedReason=OK;derived=48.38;locationGapMs=1001;callbackGapMs=1001;fusion=GPS_IMU
LOCATION,1790412491633,29.7926200,52.4983400,243.000,true,3.05,40.963,source=fused:fused;speedReason=OK;derived=46.54;locationGapMs=997;callbackGapMs=997;fusion=GPS_IMU
LOCATION,1790412492638,29.7925883,52.4982317,247.000,true,3.08,40.992,source=fused:fused;speedReason=OK;derived=46.49;locationGapMs=1004;callbackGapMs=1004;fusion=GPS_IMU
LOCATION,1790412493718,29.7925800,52.4981550,251.000,true,3.14,40.997,source=fused:fused;speedReason=OK;derived=39.60;locationGapMs=1081;callbackGapMs=1081;fusion=GPS_IMU
LOCATION,1790412494632,29.7925683,52.4980867,248.000,true,3.17,40.946,source=fused:fused;speedReason=OK;derived=26.51;locationGapMs=914;callbackGapMs=914;fusion=GPS_IMU
LOCATION,1790412495638,29.7925533,52.4980283,248.000,true,3.20,40.865,source=fused:fused;speedReason=OK;derived=24.89;locationGapMs=1005;callbackGapMs=1005;fusion=GPS_IMU
LOCATION,1790412496643,29.7925317,52.4979633,249.000,true,3.26,40.748,source=fused:fused;speedReason=OK;derived=24.09;locationGapMs=1005;callbackGapMs=1005;fusion=GPS_IMU
LOCATION,1790412497646,29.7924967,52.4978917,243.000,true,3.28,40.641,source=fused:fused;speedReason=OK;derived=24.09;locationGapMs=1004;callbackGapMs=1004;fusion=GPS_IMU
LOCATION,1790412498638,29.7924550,52.4978250,237.000,true,3.30,40.553,source=fused:fused;speedReason=OK;derived=28.45;locationGapMs=992;callbackGapMs=992;fusion=GPS_IMU
LOCATION,1790412499721,29.7924050,52.4977600,233.000,true,3.34,40.472,source=fused:fused;speedReason=OK;derived=28.45;locationGapMs=1082;callbackGapMs=1082;fusion=GPS_IMU
LOCATION,1790412500636,29.7923617,52.4977050,225.000,true,3.36,40.370,source=fused:fused;speedReason=OK;derived=28.15;locationGapMs=916;callbackGapMs=916;fusion=GPS_IMU
LOCATION,1790412501636,29.7923050,52.4976583,219.000,true,3.37,40.266,source=fused:fused;speedReason=OK;derived=27.88;locationGapMs=1000;callbackGapMs=1000;fusion=GPS_IMU
LOCATION,1790412502637,29.7922483,52.4976183,213.000,true,3.40,40.184,source=fused:fused;speedReason=OK;derived=27.86;locationGapMs=1001;callbackGapMs=1001;fusion=GPS_IMU
LOCATION,1790412503643,29.7921683,52.4975867,207.000,true,3.43,40.119,source=fused:fused;speedReason=OK;derived=27.86;locationGapMs=1005;callbackGapMs=1005;fusion=GPS_IMU
LOCATION,1790412504637,29.7920883,52.4975567,203.000,true,3.47,40.080,source=fused:fused;speedReason=OK;derived=33.60;locationGapMs=995;callbackGapMs=995;fusion=GPS_IMU
LOCATION,1790412505713,29.7920050,52.4975500,197.000,true,3.53,40.058,source=fused:fused;speedReason=OK;derived=33.60;locationGapMs=1075;callbackGapMs=1075;fusion=GPS_IMU
LOCATION,1790412506636,29.7919517,52.4976083,185.000,true,3.60,40.037,source=fused:fused;speedReason=OK;derived=31.85;locationGapMs=923;callbackGapMs=923;fusion=GPS_IMU
LOCATION,1790412507637,29.7919000,52.4976850,171.000,true,3.67,40.015,source=fused:fused;speedReason=OK;derived=31.85;locationGapMs=1002;callbackGapMs=1002;fusion=GPS_IMU
LOCATION,1790412508637,29.7918433,52.4977367,165.000,true,3.80,39.994,source=fused:fused;speedReason=OK;derived=31.85;locationGapMs=999;callbackGapMs=999;fusion=GPS_IMU
LOCATION,1790412509639,29.7918000,52.4978233,154.000,true,3.88,39.963,source=fused:fused;speedReason=OK;derived=33.67;locationGapMs=1001;callbackGapMs=1001;fusion=GPS_IMU
LOCATION,1790412510641,29.7917283,52.4979067,146.000,true,3.94,39.935,source=fused:fused;speedReason=OK;derived=34.71;locationGapMs=1003;callbackGapMs=1003;fusion=GPS_IMU
LOCATION,1790412511708,29.7916483,52.4980017,141.000,true,4.00,39.910,source=fused:fused;speedReason=OK;derived=40.64;locationGapMs=1068;callbackGapMs=1068;fusion=GPS_IMU
LOCATION,1790412512630,29.7915617,52.4981250,134.000,true,4.00,39.887,source=fused:fused;speedReason=OK;derived=43.04;locationGapMs=922;callbackGapMs=922;fusion=GPS_IMU
LOCATION,1790412513628,29.7914883,52.4982267,132.000,true,4.05,39.887,source=fused:fused;speedReason=OK;derived=46.04;locationGapMs=998;callbackGapMs=998;fusion=GPS_IMU
LOCATION,1790412514632,29.7914183,52.4983333,131.000,true,4.08,39.892,source=fused:fused;speedReason=OK;derived=46.35;locationGapMs=1002;callbackGapMs=1002;fusion=GPS_IMU
LOCATION,1790412515639,29.7913467,52.4984400,130.000,true,4.12,39.902,source=fused:fused;speedReason=OK;derived=46.35;locationGapMs=1008;callbackGapMs=1008;fusion=GPS_IMU
LOCATION,1790412516637,29.7912650,52.4985550,130.000,true,4.15,39.919,source=fused:fused;speedReason=OK;derived=46.49;locationGapMs=998;callbackGapMs=998;fusion=GPS_IMU
LOCATION,1790412517694,29.7911900,52.4986650,130.000,true,4.20,39.950,source=fused:fused;speedReason=OK;derived=46.49;locationGapMs=1054;callbackGapMs=1054;fusion=GPS_IMU
LOCATION,1790412518634,29.7911200,52.4987700,130.000,true,4.28,39.980,source=fused:fused;speedReason=OK;derived=48.78;locationGapMs=943;callbackGapMs=943;fusion=GPS_IMU
LOCATION,1790412519627,29.7910333,52.4988883,130.000,true,4.35,40.010,source=fused:fused;speedReason=OK;derived=48.78;locationGapMs=993;callbackGapMs=993;fusion=GPS_IMU
LOCATION,1790412520637,29.7909283,52.4990117,133.000,true,4.42,40.058,source=fused:fused;speedReason=OK;derived=54.16;locationGapMs=1010;callbackGapMs=1010;fusion=GPS_IMU
LOCATION,1790412521640,29.7907983,52.4991467,135.000,true,4.50,40.141,source=fused:fused;speedReason=OK;derived=59.41;locationGapMs=1003;callbackGapMs=1003;fusion=GPS_IMU
LOCATION,1790412522615,29.7906633,52.4992750,136.000,true,4.48,40.256,source=fused:fused;speedReason=OK;derived=69.79;locationGapMs=977;callbackGapMs=977;fusion=GPS_IMU
LOCATION,1790412523705,29.7905317,52.4993950,138.000,true,4.48,40.382,source=fused:fused;speedReason=OK;derived=69.79;locationGapMs=1087;callbackGapMs=1087;fusion=GPS_IMU
LOCATION,1790412524637,29.7903833,52.4995283,139.000,true,4.42,40.600,source=fused:fused;speedReason=OK;derived=71.62;locationGapMs=933;callbackGapMs=933;fusion=GPS_IMU
LOCATION,1790412525638,29.7902317,52.4996650,141.000,true,4.37,40.857,source=fused:fused;speedReason=OK;derived=76.89;locationGapMs=1001;callbackGapMs=1001;fusion=GPS_IMU
LOCATION,1790412526633,29.7900917,52.4997983,139.000,true,4.27,41.149,source=fused:fused;speedReason=OK;derived=76.89;locationGapMs=995;callbackGapMs=995;fusion=GPS_IMU
LOCATION,1790412527634,29.7899583,52.4999250,140.000,true,4.12,41.418,source=fused:fused;speedReason=OK;derived=72.99;locationGapMs=1002;callbackGapMs=1002;fusion=GPS_IMU
LOCATION,1790412528635,29.7898200,52.5000533,140.000,true,4.08,41.685,source=fused:fused;speedReason=OK;derived=70.85;locationGapMs=1002;callbackGapMs=1002;fusion=GPS_IMU
LOCATION,1790412529697,29.7896750,52.5001817,141.000,true,3.98,41.974,source=fused:fused;speedReason=OK;derived=68.99;locationGapMs=1062;callbackGapMs=1062;fusion=GPS_IMU
LOCATION,1790412530640,29.7895317,52.5003100,141.000,true,3.88,42.244,source=fused:fused;speedReason=OK;derived=70.85;locationGapMs=942;callbackGapMs=942;fusion=GPS_IMU
LOCATION,1790412531636,29.7893800,52.5004350,143.000,true,3.84,42.496,source=fused:fused;speedReason=OK;derived=74.85;locationGapMs=996;callbackGapMs=996;fusion=GPS_IMU
LOCATION,1790412532635,29.7892317,52.5005550,145.000,true,3.80,42.781,source=fused:fused;speedReason=OK;derived=74.85;locationGapMs=999;callbackGapMs=999;fusion=GPS_IMU
LOCATION,1790412533629,29.7890633,52.5006767,147.000,true,3.78,43.135,source=fused:fused;speedReason=OK;derived=74.85;locationGapMs=994;callbackGapMs=994;fusion=GPS_IMU
LOCATION,1790412534628,29.7888933,52.5007917,149.000,true,3.74,43.563,source=fused:fused;speedReason=OK;derived=78.77;locationGapMs=1000;callbackGapMs=1000;fusion=GPS_IMU
LOCATION,1790412535698,29.7887167,52.5009000,153.000,true,3.72,43.945,source=fused:fused;speedReason=OK;derived=78.77;locationGapMs=1069;callbackGapMs=1069;fusion=GPS_IMU
LOCATION,1790412536626,29.7885400,52.5009850,159.000,true,3.67,44.453,source=fused:fused;speedReason=OK;derived=78.77;locationGapMs=929;callbackGapMs=929;fusion=GPS_IMU
LOCATION,1790412537620,29.7883683,52.5010500,162.000,true,3.62,44.889,source=fused:fused;speedReason=OK;derived=74.76;locationGapMs=994;callbackGapMs=994;fusion=GPS_IMU
LOCATION,1790412538630,29.7881867,52.5011183,163.000,true,3.54,45.274,source=fused:fused;speedReason=OK;derived=75.59;locationGapMs=1009;callbackGapMs=1009;fusion=GPS_IMU
LOCATION,1790412539636,29.7880017,52.5011767,165.000,true,3.48,45.591,source=fused:fused;speedReason=OK;derived=75.59;locationGapMs=1006;callbackGapMs=1006;fusion=GPS_IMU
LOCATION,1790412540628,29.7878133,52.5012267,167.000,true,3.47,45.895,source=fused:fused;speedReason=OK;derived=76.12;locationGapMs=991;callbackGapMs=991;fusion=GPS_IMU
LOCATION,1790412541683,29.7876317,52.5012633,169.000,true,3.42,46.258,source=fused:fused;speedReason=OK;derived=76.12;locationGapMs=1058;callbackGapMs=1058;fusion=GPS_IMU
LOCATION,1790412542634,29.7874450,52.5012883,173.000,true,3.36,46.646,source=fused:fused;speedReason=OK;derived=77.87;locationGapMs=948;callbackGapMs=948;fusion=GPS_IMU
LOCATION,1790412543614,29.7872650,52.5013083,175.000,true,3.33,47.027,source=fused:fused;speedReason=OK;derived=73.56;locationGapMs=981;callbackGapMs=981;fusion=GPS_IMU
LOCATION,1790412544639,29.7870850,52.5013283,174.000,true,3.30,47.306,source=fused:fused;speedReason=OK;derived=73.56;locationGapMs=1023;callbackGapMs=1023;fusion=GPS_IMU
LOCATION,1790412545637,29.7869050,52.5013367,178.000,true,3.24,47.582,source=fused:fused;speedReason=OK;derived=71.96;locationGapMs=999;callbackGapMs=999;fusion=GPS_IMU
LOCATION,1790412546635,29.7867167,52.5013517,178.000,true,3.22,47.766,source=fused:fused;speedReason=OK;derived=71.96;locationGapMs=999;callbackGapMs=999;fusion=GPS_IMU
LOCATION,1790412547706,29.7865383,52.5013633,178.000,true,3.20,47.963,source=fused:fused;speedReason=OK;derived=71.96;locationGapMs=1070;callbackGapMs=1070;fusion=GPS_IMU
LOCATION,1790412548632,29.7863633,52.5013683,179.000,true,3.22,48.119,source=fused:fused;speedReason=OK;derived=75.36;locationGapMs=927;callbackGapMs=927;fusion=GPS_IMU
LOCATION,1790412549633,29.7861933,52.5013700,179.000,true,3.25,48.230,source=fused:fused;speedReason=OK;derived=67.84;locationGapMs=1000;callbackGapMs=1000;fusion=GPS_IMU
LOCATION,1790412550629,29.7860367,52.5013483,183.000,true,3.28,48.320,source=fused:fused;speedReason=OK;derived=67.84;locationGapMs=998;callbackGapMs=998;fusion=GPS_IMU
LOCATION,1790412551630,29.7858767,52.5013067,190.000,true,3.33,48.410,source=fused:fused;speedReason=OK;derived=65.54;locationGapMs=999;callbackGapMs=999;fusion=GPS_IMU
LOCATION,1790412552632,29.7857167,52.5012583,192.000,true,3.40,48.500,source=fused:fused;speedReason=OK;derived=65.54;locationGapMs=1003;callbackGapMs=1003;fusion=GPS_IMU
LOCATION,1790412553700,29.7855533,52.5011950,194.000,true,3.45,48.637,source=fused:fused;speedReason=OK;derived=65.54;locationGapMs=1064;callbackGapMs=1064;fusion=GPS_IMU
LOCATION,1790412554634,29.7854017,52.5011250,196.000,true,3.50,48.742,source=fused:fused;speedReason=OK;derived=65.84;locationGapMs=938;callbackGapMs=938;fusion=GPS_IMU
LOCATION,1790412555637,29.7852517,52.5010367,201.000,true,3.52,48.908,source=fused:fused;speedReason=OK;derived=67.09;locationGapMs=1003;callbackGapMs=1003;fusion=GPS_IMU
LOCATION,1790412556633,29.7850967,52.5009500,203.000,true,3.50,49.134,source=fused:fused;speedReason=OK;derived=69.10;locationGapMs=996;callbackGapMs=996;fusion=GPS_IMU
LOCATION,1790412557627,29.7849433,52.5008617,203.000,true,3.46,49.294,source=fused:fused;speedReason=OK;derived=68.84;locationGapMs=995;callbackGapMs=995;fusion=GPS_IMU
LOCATION,1790412558634,29.7847983,52.5007700,205.000,true,3.44,49.430,source=fused:fused;speedReason=OK;derived=68.84;locationGapMs=1007;callbackGapMs=1007;fusion=GPS_IMU
LOCATION,1790412559705,29.7846567,52.5006767,206.000,true,3.42,49.516,source=fused:fused;speedReason=OK;derived=65.62;locationGapMs=1071;callbackGapMs=1071;fusion=GPS_IMU
LOCATION,1790412560623,29.7845117,52.5005600,209.000,true,3.43,49.628,source=fused:fused;speedReason=OK;derived=65.62;locationGapMs=917;callbackGapMs=917;fusion=GPS_IMU
LOCATION,1790412561635,29.7843783,52.5004267,214.000,true,3.42,49.787,source=fused:fused;speedReason=OK;derived=69.71;locationGapMs=1013;callbackGapMs=1013;fusion=GPS_IMU
LOCATION,1790412562633,29.7842450,52.5003017,216.000,true,3.42,50.014,source=fused:fused;speedReason=OK;derived=69.71;locationGapMs=997;callbackGapMs=997;fusion=GPS_IMU
LOCATION,1790412563637,29.7841133,52.5001783,215.000,true,3.40,50.216,source=fused:fused;speedReason=OK;derived=68.93;locationGapMs=1004;callbackGapMs=1004;fusion=GPS_IMU
LOCATION,1790412564639,29.7839883,52.5000667,216.000,true,3.38,50.394,source=fused:fused;speedReason=OK;derived=67.61;locationGapMs=1001;callbackGapMs=1001;fusion=GPS_IMU
LOCATION,1790412565702,29.7838683,52.4999617,216.000,true,3.34,50.520,source=fused:fused;speedReason=OK;derived=63.16;locationGapMs=1064;callbackGapMs=1064;fusion=GPS_IMU
LOCATION,1790412566634,29.7837567,52.4998700,215.000,true,3.33,50.631,source=fused:fused;speedReason=OK;derived=58.79;locationGapMs=932;callbackGapMs=932;fusion=GPS_IMU
LOCATION,1790412567625,29.7836533,52.4997750,217.000,true,3.30,50.706,source=fused:fused;speedReason=OK;derived=56.62;locationGapMs=991;callbackGapMs=991;fusion=GPS_IMU
LOCATION,1790412568632,29.7835500,52.4996833,215.000,true,3.27,50.757,source=fused:fused;speedReason=OK;derived=53.36;locationGapMs=1007;callbackGapMs=1007;fusion=GPS_IMU
LOCATION,1790412569624,29.7834400,52.4995850,215.000,true,3.25,50.802,source=fused:fused;speedReason=OK;derived=53.36;locationGapMs=992;callbackGapMs=992;fusion=GPS_IMU
LOCATION,1790412570631,29.7833233,52.4994900,214.000,true,3.23,50.891,source=fused:fused;speedReason=OK;derived=56.11;locationGapMs=1007;callbackGapMs=1007;fusion=GPS_IMU
LOCATION,1790412571671,29.7832117,52.4993833,216.000,true,3.22,50.977,source=fused:fused;speedReason=OK;derived=56.11;locationGapMs=1041;callbackGapMs=1041;fusion=GPS_IMU
LOCATION,1790412572622,29.7830983,52.4992617,218.000,true,3.20,51.066,source=fused:fused;speedReason=OK;derived=56.72;locationGapMs=952;callbackGapMs=952;fusion=GPS_IMU
LOCATION,1790412573619,29.7829717,52.4991433,216.000,true,3.20,51.215,source=fused:fused;speedReason=OK;derived=65.09;locationGapMs=996;callbackGapMs=996;fusion=GPS_IMU
LOCATION,1790412574624,29.7828483,52.4990117,217.000,true,3.20,51.412,source=fused:fused;speedReason=OK;derived=65.46;locationGapMs=1005;callbackGapMs=1005;fusion=GPS_IMU
LOCATION,1790412575622,29.7827183,52.4988833,217.000,true,3.18,51.620,source=fused:fused;speedReason=OK;derived=66.92;locationGapMs=998;callbackGapMs=998;fusion=GPS_IMU
LOCATION,1790412576621,29.7825850,52.4987583,215.000,true,3.17,51.828,source=fused:fused;speedReason=OK;derived=68.61;locationGapMs=999;callbackGapMs=999;fusion=GPS_IMU
LOCATION,1790412577697,29.7824433,52.4986350,214.000,true,3.14,52.042,source=fused:fused;speedReason=OK;derived=68.61;locationGapMs=1075;callbackGapMs=1075;fusion=GPS_IMU
LOCATION,1790412578629,29.7822967,52.4985150,213.000,true,3.12,52.289,source=fused:fused;speedReason=OK;derived=68.79;locationGapMs=933;callbackGapMs=933;fusion=GPS_IMU
LOCATION,1790412579630,29.7821600,52.4983900,216.000,true,3.10,52.560,source=fused:fused;speedReason=OK;derived=69.78;locationGapMs=1000;callbackGapMs=1000;fusion=GPS_IMU
LOCATION,1790412580632,29.7820200,52.4982633,217.000,true,3.10,52.807,source=fused:fused;speedReason=OK;derived=70.97;locationGapMs=1003;callbackGapMs=1003;fusion=GPS_IMU
LOCATION,1790412581630,29.7818750,52.4981400,216.000,true,3.10,53.052,source=fused:fused;speedReason=OK;derived=70.97;locationGapMs=994;callbackGapMs=994;fusion=GPS_IMU
LOCATION,1790412582633,29.7817333,52.4980233,215.000,true,3.10,53.351,source=fused:fused;speedReason=OK;derived=70.97;locationGapMs=999;callbackGapMs=999;fusion=GPS_IMU
LOCATION,1790412583701,29.7815967,52.4978983,217.000,true,3.10,53.580,source=fused:fused;speedReason=OK;derived=69.70;locationGapMs=1075;callbackGapMs=1075;fusion=GPS_IMU
LOCATION,1790412584626,29.7814550,52.4977717,217.000,true,3.10,53.831,source=fused:fused;speedReason=OK;derived=69.70;locationGapMs=926;callbackGapMs=926;fusion=GPS_IMU
LOCATION,1790412585634,29.7813133,52.4976433,217.000,true,3.10,54.111,source=fused:fused;speedReason=OK;derived=71.51;locationGapMs=1008;callbackGapMs=1008;fusion=GPS_IMU
LOCATION,1790412586634,29.7811733,52.4975167,217.000,true,3.10,54.386,source=fused:fused;speedReason=OK;derived=71.52;locationGapMs=995;callbackGapMs=995;fusion=GPS_IMU
LOCATION,1790412587636,29.7810300,52.4973867,218.000,true,3.10,54.688,source=fused:fused;speedReason=OK;derived=71.52;locationGapMs=1001;callbackGapMs=1001;fusion=GPS_IMU
LOCATION,1790412588624,29.7808950,52.4972550,219.000,true,3.08,54.936,source=fused:fused;speedReason=OK;derived=71.52;locationGapMs=993;callbackGapMs=993;fusion=GPS_IMU
LOCATION,1790412589704,29.7807633,52.4971233,220.000,true,3.06,55.191,source=fused:fused;speedReason=OK;derived=71.24;locationGapMs=1079;callbackGapMs=1079;fusion=GPS_IMU
LOCATION,1790412590636,29.7806267,52.4969917,220.000,true,3.03,55.442,source=fused:fused;speedReason=OK;derived=71.24;locationGapMs=933;callbackGapMs=933;fusion=GPS_IMU
LOCATION,1790412591641,29.7804967,52.4968533,222.000,true,2.98,55.672,source=fused:fused;speedReason=OK;derived=70.87;locationGapMs=999;callbackGapMs=999;fusion=GPS_IMU
LOCATION,1790412592640,29.7803683,52.4967083,224.000,true,2.94,55.900,source=fused:fused;speedReason=OK;derived=72.00;locationGapMs=999;callbackGapMs=999;fusion=GPS_IMU
LOCATION,1790412593632,29.7802400,52.4965617,224.000,true,2.94,56.057,source=fused:fused;speedReason=OK;derived=72.00;locationGapMs=998;callbackGapMs=998;fusion=GPS_IMU
LOCATION,1790412594598,29.7801133,52.4964183,224.000,true,2.95,56.228,source=fused:fused;speedReason=OK;derived=72.43;locationGapMs=968;callbackGapMs=968;fusion=GPS_IMU
LOCATION,1790412595702,29.7799933,52.4962717,226.000,true,2.97,56.367,source=fused:fused;speedReason=OK;derived=72.43;locationGapMs=1100;callbackGapMs=1100;fusion=GPS_IMU
LOCATION,1790412596639,29.7798783,52.4961250,228.000,true,3.02,56.516,source=fused:fused;speedReason=OK;derived=73.40;locationGapMs=934;callbackGapMs=934;fusion=GPS_IMU
LOCATION,1790412597629,29.7797733,52.4959700,231.000,true,3.03,56.675,source=fused:fused;speedReason=OK;derived=68.66;locationGapMs=995;callbackGapMs=995;fusion=GPS_IMU
LOCATION,1790412598643,29.7796767,52.4958100,233.000,true,3.08,56.860,source=fused:fused;speedReason=OK;derived=68.66;locationGapMs=1006;callbackGapMs=1006;fusion=GPS_IMU
LOCATION,1790412599636,29.7795800,52.4956533,234.000,true,3.08,57.038,source=fused:fused;speedReason=OK;derived=67.33;locationGapMs=1001;callbackGapMs=1001;fusion=GPS_IMU
LOCATION,1790412600632,29.7794800,52.4954883,235.000,true,3.06,57.199,source=fused:fused;speedReason=OK;derived=67.33;locationGapMs=996;callbackGapMs=996;fusion=GPS_IMU
LOCATION,1790412601630,29.7793817,52.4953183,235.000,true,3.05,57.401,source=fused:fused;speedReason=OK;derived=70.22;locationGapMs=998;callbackGapMs=998;fusion=GPS_IMU
LOCATION,1790412602673,29.7792867,52.4951467,237.000,true,3.02,57.552,source=fused:fused;speedReason=OK;derived=70.22;locationGapMs=1008;callbackGapMs=1008;fusion=GPS_IMU
LOCATION,1790412603630,29.7791900,52.4949700,238.000,true,3.02,57.699,source=fused:fused;speedReason=OK;derived=71.14;locationGapMs=992;callbackGapMs=992;fusion=GPS_IMU
LOCATION,1790412604627,29.7790983,52.4947900,239.000,true,3.02,57.797,source=fused:fused;speedReason=OK;derived=73.15;locationGapMs=992;callbackGapMs=992;fusion=GPS_IMU
LOCATION,1790412605628,29.7790117,52.4946067,242.000,true,3.03,57.899,source=fused:fused;speedReason=OK;derived=73.15;locationGapMs=1004;callbackGapMs=1004;fusion=GPS_IMU
LOCATION,1790412606692,29.7789200,52.4944200,240.000,true,3.06,57.967,source=fused:fused;speedReason=OK;derived=72.28;locationGapMs=1065;callbackGapMs=1065;fusion=GPS_IMU
LOCATION,1790412607636,29.7788217,52.4942250,241.000,true,3.10,58.028,source=fused:fused;speedReason=OK;derived=72.28;locationGapMs=944;callbackGapMs=944;fusion=GPS_IMU
LOCATION,1790412608662,29.7787200,52.4940300,239.000,true,3.20,58.088,source=fused:fused;speedReason=OK;derived=79.17;locationGapMs=999;callbackGapMs=999;fusion=GPS_IMU
LOCATION,1790412609639,29.7786600,52.4938367,243.000,true,3.28,58.177,source=fused:fused;speedReason=OK;derived=79.17;locationGapMs=1000;callbackGapMs=1000;fusion=GPS_IMU
LOCATION,1790412610630,29.7786017,52.4936517,245.000,true,3.36,58.265,source=fused:fused;speedReason=OK;derived=71.42;locationGapMs=996;callbackGapMs=996;fusion=GPS_IMU
LOCATION,1790412611627,29.7785433,52.4934617,247.000,true,3.40,58.337,source=fused:fused;speedReason=OK;derived=70.27;locationGapMs=998;callbackGapMs=998;fusion=GPS_IMU
LOCATION,1790412612699,29.7784933,52.4932700,249.000,true,3.50,58.407,source=fused:fused;speedReason=OK;derived=68.75;locationGapMs=1070;callbackGapMs=1070;fusion=GPS_IMU
LOCATION,1790412613633,29.7784333,52.4930783,249.000,true,3.62,58.450,source=fused:fused;speedReason=OK;derived=70.27;locationGapMs=934;callbackGapMs=934;fusion=GPS_IMU
LOCATION,1790412614671,29.7784000,52.4928817,251.000,true,3.67,58.510,source=fused:fused;speedReason=OK;derived=69.30;locationGapMs=1006;callbackGapMs=1006;fusion=GPS_IMU
LOCATION,1790412615633,29.7783633,52.4926733,252.000,true,3.76,58.566,source=fused:fused;speedReason=OK;derived=74.31;locationGapMs=996;callbackGapMs=996;fusion=GPS_IMU
LOCATION,1790412616637,29.7783250,52.4924883,253.000,true,3.80,58.621,source=fused:fused;speedReason=OK;derived=69.30;locationGapMs=1003;callbackGapMs=1003;fusion=GPS_IMU
LOCATION,1790412617632,29.7782917,52.4922750,254.000,true,3.78,58.707,source=fused:fused;speedReason=OK;derived=74.31;locationGapMs=995;callbackGapMs=995;fusion=GPS_IMU
LOCATION,1790412618735,29.7782733,52.4920783,257.000,true,3.78,58.794,source=fused:fused;speedReason=OK;derived=65.99;locationGapMs=1072;callbackGapMs=1072;fusion=GPS_IMU
LOCATION,1790412619628,29.7782517,52.4918733,258.000,true,3.77,58.856,source=fused:fused;speedReason=OK;derived=75.81;locationGapMs=924;callbackGapMs=924;fusion=GPS_IMU
LOCATION,1790412620669,29.7782283,52.4916667,260.000,true,3.75,58.921,source=fused:fused;speedReason=OK;derived=72.16;locationGapMs=1005;callbackGapMs=1005;fusion=GPS_IMU
LOCATION,1790412621635,29.7782133,52.4914683,262.000,true,3.74,58.993,source=fused:fused;speedReason=OK;derived=72.16;locationGapMs=1000;callbackGapMs=1000;fusion=GPS_IMU
LOCATION,1790412622623,29.7782033,52.4912767,263.000,true,3.75,59.060,source=fused:fused;speedReason=OK;derived=69.33;locationGapMs=976;callbackGapMs=976;fusion=GPS_IMU
LOCATION,1790412623631,29.7781933,52.4910667,265.000,true,3.78,59.128,source=fused:fused;speedReason=OK;derived=69.33;locationGapMs=1023;callbackGapMs=1023;fusion=GPS_IMU
LOCATION,1790412624652,29.7781883,52.4908450,266.000,true,3.78,59.195,source=fused:fused;speedReason=OK;derived=71.57;locationGapMs=991;callbackGapMs=991;fusion=GPS_IMU
LOCATION,1790412625639,29.7781750,52.4906317,266.000,true,3.80,59.283,source=fused:fused;speedReason=OK;derived=73.85;locationGapMs=1008;callbackGapMs=1008;fusion=GPS_IMU
LOCATION,1790412626654,29.7781667,52.4904200,267.000,true,3.80,59.371,source=fused:fused;speedReason=OK;derived=74.14;locationGapMs=995;callbackGapMs=995;fusion=GPS_IMU
LOCATION,1790412627632,29.7781550,52.4902167,266.000,true,3.80,59.467,source=fused:fused;speedReason=OK;derived=73.85;locationGapMs=1006;callbackGapMs=1006;fusion=GPS_IMU
LOCATION,1790412628661,29.7781467,52.4900117,267.000,true,3.78,59.590,source=fused:fused;speedReason=OK;derived=71.37;locationGapMs=1001;callbackGapMs=1001;fusion=GPS_IMU
LOCATION,1790412629692,29.7781450,52.4898033,268.000,true,3.76,59.702,source=fused:fused;speedReason=OK;derived=70.50;locationGapMs=1059;callbackGapMs=1059;fusion=GPS_IMU
LOCATION,1790412630658,29.7781417,52.4896017,267.000,true,3.73,59.815,source=fused:fused;speedReason=OK;derived=71.37;locationGapMs=939;callbackGapMs=939;fusion=GPS_IMU
LOCATION,1790412631641,29.7781350,52.4893933,266.000,true,3.68,59.924,source=fused:fused;speedReason=OK;derived=72.31;locationGapMs=1004;callbackGapMs=1004;fusion=GPS_IMU
LOCATION,1790412632627,29.7781300,52.4891833,266.000,true,3.65,60.040,source=fused:fused;speedReason=OK;derived=73.72;locationGapMs=992;callbackGapMs=992;fusion=GPS_IMU
LOCATION,1790412633629,29.7781383,52.4889550,267.000,true,3.60,60.187,source=fused:fused;speedReason=OK;derived=73.72;locationGapMs=998;callbackGapMs=998;fusion=GPS_IMU
LOCATION,1790412634628,29.7781433,52.4887367,268.000,true,3.55,60.331,source=fused:fused;speedReason=OK;derived=75.72;locationGapMs=1004;callbackGapMs=1004;fusion=GPS_IMU
LOCATION,1790412635693,29.7781533,52.4885267,269.000,true,3.50,60.472,source=fused:fused;speedReason=OK;derived=75.72;locationGapMs=1064;callbackGapMs=1064;fusion=GPS_IMU
LOCATION,1790412636648,29.7781533,52.4883183,266.000,true,3.42,60.597,source=fused:fused;speedReason=OK;derived=75.72;locationGapMs=948;callbackGapMs=948;fusion=GPS_IMU
LOCATION,1790412637637,29.7781450,52.4881083,267.000,true,3.38,60.764,source=fused:fused;speedReason=OK;derived=73.47;locationGapMs=996;callbackGapMs=996;fusion=GPS_IMU
LOCATION,1790412638635,29.7781450,52.4878950,270.000,true,3.34,60.907,source=fused:fused;speedReason=OK;derived=74.40;locationGapMs=998;callbackGapMs=998;fusion=GPS_IMU
LOCATION,1790412639641,29.7781467,52.4876850,269.000,true,3.32,61.049,source=fused:fused;speedReason=OK;derived=73.47;locationGapMs=1004;callbackGapMs=1004;fusion=GPS_IMU
LOCATION,1790412640639,29.7781467,52.4874767,268.000,true,3.30,61.165,source=fused:fused;speedReason=OK;derived=72.82;locationGapMs=999;callbackGapMs=999;fusion=GPS_IMU
LOCATION,1790412641719,29.7781367,52.4872733,267.000,true,3.30,61.277,source=fused:fused;speedReason=OK;derived=72.59;locationGapMs=1076;callbackGapMs=1076;fusion=GPS_IMU
LOCATION,1790412642637,29.7781317,52.4870817,268.000,true,3.30,61.386,source=fused:fused;speedReason=OK;derived=72.38;locationGapMs=922;callbackGapMs=922;fusion=GPS_IMU
LOCATION,1790412643633,29.7781267,52.4869033,268.000,true,3.30,61.445,source=fused:fused;speedReason=OK;derived=65.91;locationGapMs=997;callbackGapMs=997;fusion=GPS_IMU
LOCATION,1790412644632,29.7781217,52.4867350,268.000,true,3.30,61.452,source=fused:fused;speedReason=OK;derived=62.32;locationGapMs=999;callbackGapMs=999;fusion=GPS_IMU
LOCATION,1790412645640,29.7781167,52.4865717,268.000,true,3.30,61.427,source=fused:fused;speedReason=OK;derived=58.68;locationGapMs=1008;callbackGapMs=1008;fusion=GPS_IMU
LOCATION,1790412646633,29.7781150,52.4864050,269.000,true,3.30,61.386,source=fused:fused;speedReason=OK;derived=58.50;locationGapMs=992;callbackGapMs=992;fusion=GPS_IMU
LOCATION,1790412647715,29.7781033,52.4862383,265.000,true,3.30,61.340,source=fused:fused;speedReason=OK;derived=56.43;locationGapMs=1075;callbackGapMs=1075;fusion=GPS_IMU
LOCATION,1790412648638,29.7780967,52.4860717,265.000,true,3.30,61.309,source=fused:fused;speedReason=OK;derived=58.50;locationGapMs=930;callbackGapMs=930;fusion=GPS_IMU
LOCATION,1790412649639,29.7780867,52.4859000,265.000,true,3.30,61.291,source=fused:fused;speedReason=OK;derived=59.85;locationGapMs=1001;callbackGapMs=1001;fusion=GPS_IMU
LOCATION,1790412650640,29.7780700,52.4857183,265.000,true,3.30,61.290,source=fused:fused;speedReason=OK;derived=62.43;locationGapMs=1001;callbackGapMs=1001;fusion=GPS_IMU
LOCATION,1790412651635,29.7780617,52.4855317,266.000,true,3.30,61.324,source=fused:fused;speedReason=OK;derived=63.54;locationGapMs=996;callbackGapMs=996;fusion=GPS_IMU
LOCATION,1790412652640,29.7780533,52.4853433,268.000,true,3.28,61.362,source=fused:fused;speedReason=OK;derived=65.28;locationGapMs=1006;callbackGapMs=1006;fusion=GPS_IMU
LOCATION,1790412653720,29.7780517,52.4851533,268.000,true,3.26,61.383,source=fused:fused;speedReason=OK;derived=65.28;locationGapMs=1072;callbackGapMs=1072;fusion=GPS_IMU
LOCATION,1790412654617,29.7780517,52.4849583,269.000,true,3.25,61.403,source=fused:fused;speedReason=OK;derived=65.28;locationGapMs=904;callbackGapMs=904;fusion=GPS_IMU
LOCATION,1790412655625,29.7780450,52.4847583,267.000,true,3.23,61.452,source=fused:fused;speedReason=OK;derived=69.12;locationGapMs=1008;callbackGapMs=1008;fusion=GPS_IMU
LOCATION,1790412656632,29.7780350,52.4845467,266.000,true,3.20,61.537,source=fused:fused;speedReason=OK;derived=73.33;locationGapMs=1006;callbackGapMs=1006;fusion=GPS_IMU
LOCATION,1790412657633,29.7780233,52.4843333,267.000,true,3.17,61.665,source=fused:fused;speedReason=OK;derived=73.33;locationGapMs=1003;callbackGapMs=1003;fusion=GPS_IMU
LOCATION,1790412658632,29.7780117,52.4841183,267.000,true,3.15,61.866,source=fused:fused;speedReason=OK;derived=74.21;locationGapMs=998;callbackGapMs=998;fusion=GPS_IMU
LOCATION,1790412659708,29.7780033,52.4839083,268.000,true,3.12,62.042,source=fused:fused;speedReason=OK;derived=74.21;locationGapMs=1065;callbackGapMs=1065;fusion=GPS_IMU
LOCATION,1790412660637,29.7779950,52.4836950,267.000,true,3.10,62.217,source=fused:fused;speedReason=OK;derived=75.14;locationGapMs=939;callbackGapMs=939;fusion=GPS_IMU
LOCATION,1790412661632,29.7779850,52.4834750,267.000,true,3.08,62.397,source=fused:fused;speedReason=OK;derived=77.08;locationGapMs=995;callbackGapMs=995;fusion=GPS_IMU
LOCATION,1790412662636,29.7779733,52.4832533,266.000,true,3.06,62.584,source=fused:fused;speedReason=OK;derived=77.09;locationGapMs=1003;callbackGapMs=1003;fusion=GPS_IMU
LOCATION,1790412663635,29.7779650,52.4830250,267.000,true,3.07,62.779,source=fused:fused;speedReason=OK;derived=77.09;locationGapMs=1000;callbackGapMs=1000;fusion=GPS_IMU
LOCATION,1790412664636,29.7779650,52.4827967,269.000,true,3.07,63.001,source=fused:fused;speedReason=OK;derived=79.32;locationGapMs=1002;callbackGapMs=1002;fusion=GPS_IMU
LOCATION,1790412665723,29.7779617,52.4825750,268.000,true,3.07,63.165,source=fused:fused;speedReason=OK;derived=79.32;locationGapMs=1076;callbackGapMs=1076;fusion=GPS_IMU
LOCATION,1790412666636,29.7779567,52.4823450,268.000,true,3.08,63.331,source=fused:fused;speedReason=OK;derived=79.32;locationGapMs=922;callbackGapMs=922;fusion=GPS_IMU
LOCATION,1790412667640,29.7779450,52.4821150,266.000,true,3.12,63.532,source=fused:fused;speedReason=OK;derived=79.80;locationGapMs=1005;callbackGapMs=1005;fusion=GPS_IMU
LOCATION,1790412668635,29.7779383,52.4818800,267.000,true,3.14,63.714,source=fused:fused;speedReason=OK;derived=82.18;locationGapMs=996;callbackGapMs=996;fusion=GPS_IMU
LOCATION,1790412669636,29.7779283,52.4816450,267.000,true,3.15,63.908,source=fused:fused;speedReason=OK;derived=81.91;locationGapMs=1000;callbackGapMs=1000;fusion=GPS_IMU
LOCATION,1790412670635,29.7779283,52.4814050,269.000,true,3.17,64.083,source=fused:fused;speedReason=OK;derived=82.18;locationGapMs=1000;callbackGapMs=1000;fusion=GPS_IMU
LOCATION,1790412671716,29.7779217,52.4811733,268.000,true,3.20,64.256,source=fused:fused;speedReason=OK;derived=81.91;locationGapMs=1077;callbackGapMs=1077;fusion=GPS_IMU
LOCATION,1790412672635,29.7779133,52.4809450,268.000,true,3.22,64.431,source=fused:fused;speedReason=OK;derived=83.55;locationGapMs=923;callbackGapMs=923;fusion=GPS_IMU
LOCATION,1790412673634,29.7779000,52.4807217,266.000,true,3.23,64.565,source=fused:fused;speedReason=OK;derived=77.99;locationGapMs=999;callbackGapMs=999;fusion=GPS_IMU
LOCATION,1790412674636,29.7778900,52.4804967,267.000,true,3.25,64.651,source=fused:fused;speedReason=OK;derived=78.35;locationGapMs=1001;callbackGapMs=1001;fusion=GPS_IMU
LOCATION,1790412675634,29.7778800,52.4802750,267.000,true,3.28,64.716,source=fused:fused;speedReason=OK;derived=77.99;locationGapMs=999;callbackGapMs=999;fusion=GPS_IMU
LOCATION,1790412676633,29.7778667,52.4800617,266.000,true,3.32,64.767,source=fused:fused;speedReason=OK;derived=77.36;locationGapMs=998;callbackGapMs=998;fusion=GPS_IMU
LOCATION,1790412677712,29.7778583,52.4798483,267.000,true,3.38,64.805,source=fused:fused;speedReason=OK;derived=74.59;locationGapMs=1070;callbackGapMs=1070;fusion=GPS_IMU
LOCATION,1790412678634,29.7778383,52.4796450,266.000,true,3.48,64.842,source=fused:fused;speedReason=OK;derived=74.59;locationGapMs=932;callbackGapMs=932;fusion=GPS_IMU
LOCATION,1790412679634,29.7778183,52.4794367,266.000,true,3.52,64.875,source=fused:fused;speedReason=OK;derived=72.95;locationGapMs=1000;callbackGapMs=1000;fusion=GPS_IMU
LOCATION,1790412680638,29.7777800,52.4792317,262.000,true,3.64,64.913,source=fused:fused;speedReason=OK;derived=72.95;locationGapMs=1004;callbackGapMs=1004;fusion=GPS_IMU
LOCATION,1790412681635,29.7777583,52.4790150,262.000,true,3.72,64.964,source=fused:fused;speedReason=OK;derived=72.95;locationGapMs=994;callbackGapMs=994;fusion=GPS_IMU
LOCATION,1790412682633,29.7777333,52.4787917,261.000,true,3.76,65.015,source=fused:fused;speedReason=OK;derived=76.39;locationGapMs=1001;callbackGapMs=1001;fusion=GPS_IMU
LOCATION,1790412683633,29.7776967,52.4785650,259.000,true,3.78,65.077,source=fused:fused;speedReason=OK;derived=78.29;locationGapMs=1000;callbackGapMs=1000;fusion=GPS_IMU
LOCATION,1790412684627,29.7776533,52.4783517,258.000,true,3.80,65.138,source=fused:fused;speedReason=OK;derived=78.29;locationGapMs=994;callbackGapMs=994;fusion=GPS_IMU
LOCATION,1790412685632,29.7775683,52.4781367,255.000,true,3.78,65.217,source=fused:fused;speedReason=OK;derived=80.26;locationGapMs=1005;callbackGapMs=1005;fusion=GPS_IMU
LOCATION,1790412686636,29.7775017,52.4779100,254.000,true,3.76,65.305,source=fused:fused;speedReason=OK;derived=81.76;locationGapMs=1004;callbackGapMs=1004;fusion=GPS_IMU
LOCATION,1790412687639,29.7774167,52.4776933,253.000,true,3.72,65.462,source=fused:fused;speedReason=OK;derived=82.55;locationGapMs=1002;callbackGapMs=1002;fusion=GPS_IMU
LOCATION,1790412688697,29.7773400,52.4774733,251.000,true,3.70,65.582,source=fused:fused;speedReason=OK;derived=82.55;locationGapMs=1055;callbackGapMs=1055;fusion=GPS_IMU
LOCATION,1790412689635,29.7772483,52.4772383,248.000,true,3.64,65.722,source=fused:fused;speedReason=OK;derived=82.55;locationGapMs=941;callbackGapMs=941;fusion=GPS_IMU
LOCATION,1790412690635,29.7771617,52.4770133,247.000,true,3.63,65.887,source=fused:fused;speedReason=OK;derived=85.53;locationGapMs=1001;callbackGapMs=1001;fusion=GPS_IMU
LOCATION,1790412691630,29.7770700,52.4767833,246.000,true,3.62,66.007,source=fused:fused;speedReason=OK;derived=88.48;locationGapMs=995;callbackGapMs=995;fusion=GPS_IMU
LOCATION,1790412692640,29.7769767,52.4765633,245.000,true,3.62,66.080,source=fused:fused;speedReason=OK;derived=85.53;locationGapMs=1008;callbackGapMs=1008;fusion=GPS_IMU
LOCATION,1790412693584,29.7768817,52.4763267,246.000,true,3.65,66.167,source=fused:fused;speedReason=OK;derived=88.48;locationGapMs=948;callbackGapMs=948;fusion=GPS_IMU
LOCATION,1790412694629,29.7767683,52.4760867,244.000,true,3.68,66.282,source=fused:fused;speedReason=OK;derived=91.01;locationGapMs=1044;callbackGapMs=1044;fusion=GPS_IMU
LOCATION,1790412695631,29.7766633,52.4758583,241.000,true,3.72,66.379,source=fused:fused;speedReason=OK;derived=91.01;locationGapMs=999;callbackGapMs=999;fusion=GPS_IMU
LOCATION,1790412696590,29.7765450,52.4756400,238.000,true,3.75,66.462,source=fused:fused;speedReason=OK;derived=91.01;locationGapMs=961;callbackGapMs=961;fusion=GPS_IMU
LOCATION,1790412697691,29.7764133,52.4754217,237.000,true,3.80,66.526,source=fused:fused;speedReason=OK;derived=89.97;locationGapMs=1100;callbackGapMs=1100;fusion=GPS_IMU
LOCATION,1790412698619,29.7762783,52.4752033,235.000,true,3.86,66.592,source=fused:fused;speedReason=OK;derived=93.10;locationGapMs=930;callbackGapMs=930;fusion=GPS_IMU
LOCATION,1790412699630,29.7761433,52.4749817,235.000,true,3.93,66.645,source=fused:fused;speedReason=OK;derived=93.16;locationGapMs=1010;callbackGapMs=1010;fusion=GPS_IMU
LOCATION,1790412700632,29.7760100,52.4747567,235.000,true,4.12,66.689,source=fused:fused;speedReason=OK;derived=94.59;locationGapMs=1001;callbackGapMs=1001;fusion=GPS_IMU
LOCATION_ONLY,1790412701617,29.7758717,52.4745367,234.000,true,4.34,66.757,source=fused:fused;speedReason=POOR_SPEED_ACCURACY;derived=94.59;locationGapMs=988;callbackGapMs=988;fusion=GPS_IMU
LOCATION_ONLY,1790412702630,29.7757317,52.4743183,233.000,true,4.60,66.826,source=fused:fused;speedReason=POOR_SPEED_ACCURACY;derived=94.59;locationGapMs=1012;callbackGapMs=1012;fusion=GPS_IMU
LOCATION,1790412703632,29.7755800,52.4741133,233.000,true,4.88,66.870,source=fused:fused;speedReason=OK;derived=93.58;locationGapMs=1000;callbackGapMs=1000;fusion=GPS_IMU
LOCATION,1790412704632,29.7754550,52.4739333,233.000,true,5.12,66.922,source=fused:fused;speedReason=OK;derived=93.23;locationGapMs=1001;callbackGapMs=1001;fusion=GPS_IMU
LOCATION,1790412705631,29.7753350,52.4737500,234.000,true,5.20,66.969,source=fused:fused;speedReason=OK;derived=80.01;locationGapMs=998;callbackGapMs=998;fusion=GPS_IMU
LOCATION,1790412706630,29.7752250,52.4735717,235.000,true,5.48,67.011,source=fused:fused;speedReason=OK;derived=79.94;locationGapMs=1000;callbackGapMs=1000;fusion=GPS_IMU
LOCATION,1790412707637,29.7750983,52.4734083,236.000,true,5.54,67.054,source=fused:fused;speedReason=OK;derived=76.02;locationGapMs=1006;callbackGapMs=1006;fusion=GPS_IMU
LOCATION,1790412708706,29.7749833,52.4732317,237.000,true,5.60,67.091,source=fused:fused;speedReason=OK;derived=75.65;locationGapMs=1067;callbackGapMs=1067;fusion=GPS_IMU
LOCATION,1790412709638,29.7748783,52.4730817,237.000,true,5.62,67.132,source=fused:fused;speedReason=OK;derived=71.90;locationGapMs=935;callbackGapMs=935;fusion=GPS_IMU
LOCATION,1790412710629,29.7747967,52.4729017,237.000,true,5.56,67.192,source=fused:fused;speedReason=OK;derived=71.61;locationGapMs=992;callbackGapMs=992;fusion=GPS_IMU
LOCATION,1790412711632,29.7747267,52.4727617,238.000,true,5.44,67.269,source=fused:fused;speedReason=OK;derived=71.19;locationGapMs=1003;callbackGapMs=1003;fusion=GPS_IMU
LOCATION,1790412712633,29.7746517,52.4725900,238.000,true,5.30,67.344,source=fused:fused;speedReason=OK;derived=66.78;locationGapMs=1001;callbackGapMs=1001;fusion=GPS_IMU
LOCATION,1790412713628,29.7745967,52.4724500,238.000,true,5.08,67.404,source=fused:fused;speedReason=OK;derived=56.01;locationGapMs=994;callbackGapMs=994;fusion=GPS_IMU
LOCATION,1790412714718,29.7745050,52.4722933,236.000,true,4.62,67.447,source=fused:fused;speedReason=OK;derived=60.27;locationGapMs=1090;callbackGapMs=1090;fusion=GPS_IMU
LOCATION,1790412715642,29.7744183,52.4721433,236.000,true,4.32,67.476,source=fused:fused;speedReason=OK;derived=60.27;locationGapMs=922;callbackGapMs=922;fusion=GPS_IMU
LOCATION,1790412716634,29.7743300,52.4720000,235.000,true,4.22,67.505,source=fused:fused;speedReason=OK;derived=61.45;locationGapMs=994;callbackGapMs=994;fusion=GPS_IMU
LOCATION,1790412717640,29.7742467,52.4718683,235.000,true,3.84,67.493,source=fused:fused;speedReason=OK;derived=61.45;locationGapMs=1000;callbackGapMs=1000;fusion=GPS_IMU
LOCATION,1790412718631,29.7741650,52.4717400,236.000,true,3.68,67.463,source=fused:fused;speedReason=OK;derived=56.63;locationGapMs=997;callbackGapMs=997;fusion=GPS_IMU
LOCATION,1790412719643,29.7740900,52.4716150,236.000,true,3.62,67.411,source=fused:fused;speedReason=OK;derived=55.47;locationGapMs=1011;callbackGapMs=1011;fusion=GPS_IMU
LOCATION,1790412720713,29.7740100,52.4714933,235.000,true,3.46,67.272,source=fused:fused;speedReason=OK;derived=52.24;locationGapMs=1065;callbackGapMs=1065;fusion=GPS_IMU
LOCATION,1790412721639,29.7739350,52.4713700,236.000,true,3.36,67.130,source=fused:fused;speedReason=OK;derived=52.24;locationGapMs=931;callbackGapMs=931;fusion=GPS_IMU
LOCATION,1790412722588,29.7738650,52.4712533,237.000,true,3.33,66.938,source=fused:fused;speedReason=OK;derived=51.79;locationGapMs=952;callbackGapMs=952;fusion=GPS_IMU
LOCATION,1790412723629,29.7737850,52.4711300,234.000,true,3.27,66.700,source=fused:fused;speedReason=OK;derived=51.79;locationGapMs=1037;callbackGapMs=1037;fusion=GPS_IMU
LOCATION,1790412724636,29.7737033,52.4710000,234.000,true,3.23,66.466,source=fused:fused;speedReason=OK;derived=51.79;locationGapMs=1007;callbackGapMs=1007;fusion=GPS_IMU
LOCATION,1790412725644,29.7736217,52.4708650,236.000,true,3.20,66.247,source=fused:fused;speedReason=OK;derived=55.39;locationGapMs=1009;callbackGapMs=1009;fusion=GPS_IMU
LOCATION,1790412726717,29.7735417,52.4707283,236.000,true,3.16,66.068,source=fused:fused;speedReason=OK;derived=55.39;locationGapMs=1065;callbackGapMs=1065;fusion=GPS_IMU
LOCATION,1790412727636,29.7734583,52.4705917,235.000,true,3.14,65.936,source=fused:fused;speedReason=OK;derived=56.67;locationGapMs=927;callbackGapMs=927;fusion=GPS_IMU
LOCATION,1790412728622,29.7733750,52.4704583,234.000,true,3.13,65.820,source=fused:fused;speedReason=OK;derived=57.81;locationGapMs=988;callbackGapMs=988;fusion=GPS_IMU
LOCATION,1790412729628,29.7732933,52.4703300,235.000,true,3.12,65.696,source=fused:fused;speedReason=OK;derived=57.81;locationGapMs=1005;callbackGapMs=1005;fusion=GPS_IMU
LOCATION,1790412730638,29.7732133,52.4702100,234.000,true,3.10,65.537,source=fused:fused;speedReason=OK;derived=55.02;locationGapMs=1010;callbackGapMs=1010;fusion=GPS_IMU
LOCATION,1790412731637,29.7731317,52.4700933,233.000,true,3.08,65.357,source=fused:fused;speedReason=OK;derived=52.12;locationGapMs=999;callbackGapMs=999;fusion=GPS_IMU
LOCATION,1790412732722,29.7730600,52.4699800,234.000,true,3.06,65.153,source=fused:fused;speedReason=OK;derived=52.06;locationGapMs=1079;callbackGapMs=1079;fusion=GPS_IMU
LOCATION,1790412733636,29.7729833,52.4698617,234.000,true,3.04,64.974,source=fused:fused;speedReason=OK;derived=52.12;locationGapMs=920;callbackGapMs=920;fusion=GPS_IMU
LOCATION,1790412734623,29.7729050,52.4697333,234.000,true,3.03,64.815,source=fused:fused;speedReason=OK;derived=55.26;locationGapMs=987;callbackGapMs=987;fusion=GPS_IMU
LOCATION,1790412735629,29.7728200,52.4695983,234.000,true,3.02,64.679,source=fused:fused;speedReason=OK;derived=55.77;locationGapMs=1005;callbackGapMs=1005;fusion=GPS_IMU
LOCATION,1790412736639,29.7727417,52.4694583,236.000,true,3.00,64.589,source=fused:fused;speedReason=OK;derived=57.32;locationGapMs=1010;callbackGapMs=1010;fusion=GPS_IMU
LOCATION,1790412737640,29.7726533,52.4693133,235.000,true,3.00,64.530,source=fused:fused;speedReason=OK;derived=57.67;locationGapMs=1001;callbackGapMs=1001;fusion=GPS_IMU
LOCATION,1790412738711,29.7725633,52.4691733,234.000,true,2.98,64.481,source=fused:fused;speedReason=OK;derived=57.32;locationGapMs=1064;callbackGapMs=1064;fusion=GPS_IMU
LOCATION,1790412739636,29.7724750,52.4690267,235.000,true,2.96,64.442,source=fused:fused;speedReason=OK;derived=61.52;locationGapMs=933;callbackGapMs=933;fusion=GPS_IMU
LOCATION,1790412740633,29.7723817,52.4688783,234.000,true,2.94,64.442,source=fused:fused;speedReason=OK;derived=63.94;locationGapMs=996;callbackGapMs=996;fusion=GPS_IMU
LOCATION,1790412741636,29.7722867,52.4687283,234.000,true,2.92,64.449,source=fused:fused;speedReason=OK;derived=64.27;locationGapMs=1004;callbackGapMs=1004;fusion=GPS_IMU
LOCATION,1790412742629,29.7721917,52.4685783,234.000,true,2.92,64.457,source=fused:fused;speedReason=OK;derived=64.27;locationGapMs=993;callbackGapMs=993;fusion=GPS_IMU
LOCATION,1790412743649,29.7720967,52.4684283,234.000,true,2.88,64.468,source=fused:fused;speedReason=OK;derived=64.99;locationGapMs=990;callbackGapMs=990;fusion=GPS_IMU
LOCATION,1790412744699,29.7720017,52.4682750,236.000,true,2.87,64.477,source=fused:fused;speedReason=OK;derived=64.99;locationGapMs=1073;callbackGapMs=1073;fusion=GPS_IMU
LOCATION,1790412745621,29.7719083,52.4681200,235.000,true,2.85,64.498,source=fused:fused;speedReason=OK;derived=65.18;locationGapMs=929;callbackGapMs=929;fusion=GPS_IMU
LOCATION,1790412746628,29.7718167,52.4679650,235.000,true,2.83,64.518,source=fused:fused;speedReason=OK;derived=64.72;locationGapMs=1007;callbackGapMs=1007;fusion=GPS_IMU
LOCATION,1790412747632,29.7717217,52.4678100,234.000,true,2.82,64.562,source=fused:fused;speedReason=OK;derived=65.68;locationGapMs=1004;callbackGapMs=1004;fusion=GPS_IMU
LOCATION,1790412748666,29.7716200,52.4676500,232.000,true,2.78,64.626,source=fused:fused;speedReason=OK;derived=65.68;locationGapMs=1008;callbackGapMs=1008;fusion=GPS_IMU
LOCATION,1790412749640,29.7714750,52.4674917,235.000,true,2.75,64.702,source=fused:fused;speedReason=OK;derived=68.37;locationGapMs=1000;callbackGapMs=1000;fusion=GPS_IMU
LOCATION,1790412750690,29.7713750,52.4673300,235.000,true,2.70,64.741,source=fused:fused;speedReason=OK;derived=68.37;locationGapMs=1042;callbackGapMs=1042;fusion=GPS_IMU
LOCATION,1790412751635,29.7712750,52.4671667,235.000,true,2.66,64.791,source=fused:fused;speedReason=OK;derived=72.81;locationGapMs=954;callbackGapMs=954;fusion=GPS_IMU
LOCATION,1790412752633,29.7711733,52.4670067,234.000,true,2.62,64.846,source=fused:fused;speedReason=OK;derived=69.20;locationGapMs=996;callbackGapMs=996;fusion=GPS_IMU
LOCATION,1790412753629,29.7710683,52.4668467,232.000,true,2.63,64.888,source=fused:fused;speedReason=OK;derived=69.98;locationGapMs=996;callbackGapMs=996;fusion=GPS_IMU
LOCATION,1790412754654,29.7709700,52.4666850,235.000,true,2.64,64.944,source=fused:fused;speedReason=OK;derived=69.20;locationGapMs=999;callbackGapMs=999;fusion=GPS_IMU
LOCATION,1790412755628,29.7708683,52.4665300,233.000,true,2.65,65.003,source=fused:fused;speedReason=OK;derived=68.68;locationGapMs=1001;callbackGapMs=1001;fusion=GPS_IMU
LOCATION,1790412756710,29.7707650,52.4663733,234.000,true,2.67,65.043,source=fused:fused;speedReason=OK;derived=67.45;locationGapMs=1073;callbackGapMs=1073;fusion=GPS_IMU
LOCATION,1790412757626,29.7706667,52.4662150,235.000,true,2.70,65.063,source=fused:fused;speedReason=OK;derived=67.45;locationGapMs=925;callbackGapMs=925;fusion=GPS_IMU
LOCATION,1790412758659,29.7705700,52.4660633,233.000,true,2.74,65.074,source=fused:fused;speedReason=OK;derived=64.95;locationGapMs=1007;callbackGapMs=1007;fusion=GPS_IMU
LOCATION,1790412759623,29.7704683,52.4659133,232.000,true,2.75,65.089,source=fused:fused;speedReason=OK;derived=66.81;locationGapMs=990;callbackGapMs=990;fusion=GPS_IMU
LOCATION,1790412760624,29.7703650,52.4657600,233.000,true,2.78,65.112,source=fused:fused;speedReason=OK;derived=66.81;locationGapMs=1001;callbackGapMs=1001;fusion=GPS_IMU
LOCATION,1790412761662,29.7702683,52.4656100,233.000,true,2.84,65.133,source=fused:fused;speedReason=OK;derived=66.81;locationGapMs=1007;callbackGapMs=1007;fusion=GPS_IMU
LOCATION,1790412762689,29.7701767,52.4654667,232.000,true,2.85,65.149,source=fused:fused;speedReason=OK;derived=64.48;locationGapMs=1054;callbackGapMs=1054;fusion=GPS_IMU
LOCATION,1790412763655,29.7700883,52.4653200,235.000,true,2.86,65.142,source=fused:fused;speedReason=OK;derived=64.48;locationGapMs=948;callbackGapMs=948;fusion=GPS_IMU
LOCATION,1790412764625,29.7699933,52.4651733,231.000,true,2.86,65.117,source=fused:fused;speedReason=OK;derived=64.18;locationGapMs=991;callbackGapMs=991;fusion=GPS_IMU
LOCATION,1790412765652,29.7698967,52.4650283,231.000,true,2.84,65.110,source=fused:fused;speedReason=OK;derived=64.18;locationGapMs=1001;callbackGapMs=1001;fusion=GPS_IMU
LOCATION,1790412766634,29.7697917,52.4648767,232.000,true,2.82,65.100,source=fused:fused;speedReason=OK;derived=64.18;locationGapMs=1003;callbackGapMs=1003;fusion=GPS_IMU
LOCATION,1790412767655,29.7696917,52.4647217,234.000,true,2.82,65.131,source=fused:fused;speedReason=OK;derived=67.19;locationGapMs=998;callbackGapMs=998;fusion=GPS_IMU
LOCATION,1790412768700,29.7696000,52.4645633,236.000,true,2.80,65.158,source=fused:fused;speedReason=OK;derived=67.19;locationGapMs=1068;callbackGapMs=1068;fusion=GPS_IMU
LOCATION,1790412769653,29.7695050,52.4644017,234.000,true,2.80,65.189,source=fused:fused;speedReason=OK;derived=67.25;locationGapMs=930;callbackGapMs=930;fusion=GPS_IMU
LOCATION,1790412770626,29.7694083,52.4642417,233.000,true,2.80,65.232,source=fused:fused;speedReason=OK;derived=67.63;locationGapMs=1002;callbackGapMs=1002;fusion=GPS_IMU
LOCATION,1790412771656,29.7693167,52.4640833,235.000,true,2.80,65.277,source=fused:fused;speedReason=OK;derived=67.63;locationGapMs=1008;callbackGapMs=1008;fusion=GPS_IMU
LOCATION,1790412772635,29.7692233,52.4639250,234.000,true,2.80,65.321,source=fused:fused;speedReason=OK;derived=66.47;locationGapMs=1001;callbackGapMs=1001;fusion=GPS_IMU
LOCATION,1790412773622,29.7691267,52.4637683,234.000,true,2.80,65.359,source=fused:fused;speedReason=OK;derived=66.47;locationGapMs=988;callbackGapMs=988;fusion=GPS_IMU
LOCATION,1790412774692,29.7690350,52.4636150,234.000,true,2.80,65.389,source=fused:fused;speedReason=OK;derived=66.47;locationGapMs=1061;callbackGapMs=1061;fusion=GPS_IMU
LOCATION,1790412775631,29.7689700,52.4634633,232.000,true,2.76,65.346,source=fused:fused;speedReason=OK;derived=62.13;locationGapMs=947;callbackGapMs=947;fusion=GPS_IMU
LOCATION,1790412776635,29.7689000,52.4633167,234.000,true,2.68,65.278,source=fused:fused;speedReason=OK;derived=60.99;locationGapMs=998;callbackGapMs=998;fusion=GPS_IMU
LOCATION,1790412777632,29.7688217,52.4631800,230.000,true,2.63,65.211,source=fused:fused;speedReason=OK;derived=58.30;locationGapMs=1002;callbackGapMs=1002;fusion=GPS_IMU
LOCATION,1790412778631,29.7687417,52.4630333,236.000,true,2.50,65.163,source=fused:fused;speedReason=OK;derived=58.30;locationGapMs=1000;callbackGapMs=1000;fusion=GPS_IMU
LOCATION,1790412779635,29.7686633,52.4628817,237.000,true,2.40,65.105,source=fused:fused;speedReason=OK;derived=60.23;locationGapMs=1003;callbackGapMs=1003;fusion=GPS_IMU
LOCATION,1790412780630,29.7685800,52.4627350,236.000,true,2.38,65.032,source=fused:fused;speedReason=OK;derived=61.17;locationGapMs=994;callbackGapMs=994;fusion=GPS_IMU
LOCATION,1790412781614,29.7684917,52.4625800,235.000,true,2.32,64.968,source=fused:fused;speedReason=OK;derived=61.31;locationGapMs=987;callbackGapMs=987;fusion=GPS_IMU
LOCATION,1790412782623,29.7683983,52.4624217,235.000,true,2.28,64.981,source=fused:fused;speedReason=OK;derived=65.30;locationGapMs=1008;callbackGapMs=1008;fusion=GPS_IMU
LOCATION,1790412783624,29.7683100,52.4622633,236.000,true,2.25,65.004,source=fused:fused;speedReason=OK;derived=65.31;locationGapMs=1002;callbackGapMs=1002;fusion=GPS_IMU
LOCATION,1790412784627,29.7682083,52.4621033,233.000,true,2.23,65.027,source=fused:fused;speedReason=OK;derived=66.00;locationGapMs=1003;callbackGapMs=1003;fusion=GPS_IMU
LOCATION,1790412785695,29.7681067,52.4619383,235.000,true,2.22,65.134,source=fused:fused;speedReason=OK;derived=66.21;locationGapMs=1062;callbackGapMs=1062;fusion=GPS_IMU
LOCATION,1790412786625,29.7680067,52.4617750,235.000,true,2.24,65.239,source=fused:fused;speedReason=OK;derived=68.71;locationGapMs=937;callbackGapMs=937;fusion=GPS_IMU
LOCATION,1790412787628,29.7679100,52.4616083,235.000,true,2.24,65.333,source=fused:fused;speedReason=OK;derived=69.63;locationGapMs=1001;callbackGapMs=1001;fusion=GPS_IMU
LOCATION,1790412788626,29.7678100,52.4614450,234.000,true,2.26,65.417,source=fused:fused;speedReason=OK;derived=69.63;locationGapMs=999;callbackGapMs=999;fusion=GPS_IMU
LOCATION,1790412789626,29.7677083,52.4612833,234.000,true,2.27,65.501,source=fused:fused;speedReason=OK;derived=69.53;locationGapMs=999;callbackGapMs=999;fusion=GPS_IMU
LOCATION,1790412790636,29.7675967,52.4611200,234.000,true,2.27,65.575,source=fused:fused;speedReason=OK;derived=69.53;locationGapMs=1010;callbackGapMs=1010;fusion=GPS_IMU
LOCATION,1790412791707,29.7675000,52.4609700,235.000,true,2.24,65.606,source=fused:fused;speedReason=OK;derived=69.47;locationGapMs=1062;callbackGapMs=1062;fusion=GPS_IMU
LOCATION,1790412792631,29.7674083,52.4608383,232.000,true,2.22,65.516,source=fused:fused;speedReason=OK;derived=62.88;locationGapMs=933;callbackGapMs=933;fusion=GPS_IMU
LOCATION,1790412793632,29.7673367,52.4607200,236.000,true,2.22,65.339,source=fused:fused;speedReason=OK;derived=61.14;locationGapMs=1001;callbackGapMs=1001;fusion=GPS_IMU
LOCATION,1790412794627,29.7672733,52.4606167,234.000,true,2.18,64.991,source=fused:fused;speedReason=OK;derived=50.08;locationGapMs=997;callbackGapMs=997;fusion=GPS_IMU
LOCATION,1790412795622,29.7672150,52.4605250,233.000,true,2.20,64.491,source=fused:fused;speedReason=OK;derived=44.10;locationGapMs=992;callbackGapMs=992;fusion=GPS_IMU
LOCATION,1790412796623,29.7671617,52.4604350,237.000,true,2.22,63.851,source=fused:fused;speedReason=OK;derived=39.82;locationGapMs=1003;callbackGapMs=1003;fusion=GPS_IMU
LOCATION,1790412797696,29.7671100,52.4603533,233.000,true,2.23,63.177,source=fused:fused;speedReason=OK;derived=37.76;locationGapMs=1068;callbackGapMs=1068;fusion=GPS_IMU
LOCATION,1790412798632,29.7670617,52.4602750,235.000,true,2.30,62.458,source=fused:fused;speedReason=OK;derived=35.48;locationGapMs=941;callbackGapMs=941;fusion=GPS_IMU
LOCATION,1790412799615,29.7670083,52.4601900,234.000,true,2.32,61.758,source=fused:fused;speedReason=OK;derived=35.48;locationGapMs=984;callbackGapMs=984;fusion=GPS_IMU
LOCATION,1790412800630,29.7669483,52.4600917,235.000,true,2.36,61.225,source=fused:fused;speedReason=OK;derived=37.06;locationGapMs=1014;callbackGapMs=1014;fusion=GPS_IMU
LOCATION,1790412801630,29.7668817,52.4599817,235.000,true,2.38,60.748,source=fused:fused;speedReason=OK;derived=41.19;locationGapMs=999;callbackGapMs=999;fusion=GPS_IMU
LOCATION,1790412802638,29.7668183,52.4598733,235.000,true,2.40,60.329,source=fused:fused;speedReason=OK;derived=45.08;locationGapMs=1008;callbackGapMs=1008;fusion=GPS_IMU
LOCATION,1790412803611,29.7667500,52.4597583,235.000,true,2.40,59.985,source=fused:fused;speedReason=OK;derived=46.66;locationGapMs=971;callbackGapMs=971;fusion=GPS_IMU
LOCATION,1790412804639,29.7666800,52.4596317,234.000,true,2.38,59.734,source=fused:fused;speedReason=OK;derived=49.88;locationGapMs=1029;callbackGapMs=1029;fusion=GPS_IMU
LOCATION,1790412805626,29.7665983,52.4595033,233.000,true,2.37,59.541,source=fused:fused;speedReason=OK;derived=50.71;locationGapMs=988;callbackGapMs=988;fusion=GPS_IMU
LOCATION,1790412806628,29.7665133,52.4593667,236.000,true,2.34,59.442,source=fused:fused;speedReason=OK;derived=56.00;locationGapMs=1002;callbackGapMs=1002;fusion=GPS_IMU
LOCATION,1790412807632,29.7664250,52.4592217,235.000,true,2.33,59.459,source=fused:fused;speedReason=OK;derived=58.30;locationGapMs=1005;callbackGapMs=1005;fusion=GPS_IMU
LOCATION,1790412808644,29.7663650,52.4590800,236.000,true,2.30,59.491,source=fused:fused;speedReason=OK;derived=58.30;locationGapMs=1007;callbackGapMs=1007;fusion=GPS_IMU
LOCATION,1790412809702,29.7662817,52.4589267,233.000,true,2.28,59.593,source=fused:fused;speedReason=OK;derived=59.26;locationGapMs=1061;callbackGapMs=1061;fusion=GPS_IMU
LOCATION,1790412810634,29.7661983,52.4587683,235.000,true,2.26,59.782,source=fused:fused;speedReason=OK;derived=59.26;locationGapMs=934;callbackGapMs=934;fusion=GPS_IMU
LOCATION,1790412811636,29.7661167,52.4585967,237.000,true,2.24,59.986,source=fused:fused;speedReason=OK;derived=67.97;locationGapMs=1001;callbackGapMs=1001;fusion=GPS_IMU
LOCATION,1790412812638,29.7660183,52.4584283,235.000,true,2.22,60.187,source=fused:fused;speedReason=OK;derived=68.96;locationGapMs=1002;callbackGapMs=1002;fusion=GPS_IMU
LOCATION,1790412813623,29.7659150,52.4582600,235.000,true,2.23,60.431,source=fused:fused;speedReason=OK;derived=70.42;locationGapMs=986;callbackGapMs=986;fusion=GPS_IMU
LOCATION,1790412814642,29.7658133,52.4580867,236.000,true,2.24,60.641,source=fused:fused;speedReason=OK;derived=71.78;locationGapMs=1013;callbackGapMs=1013;fusion=GPS_IMU
LOCATION,1790412815701,29.7657100,52.4579117,235.000,true,2.25,60.858,source=fused:fused;speedReason=OK;derived=71.78;locationGapMs=1063;callbackGapMs=1063;fusion=GPS_IMU
LOCATION,1790412816637,29.7655967,52.4577367,233.000,true,2.28,61.076,source=fused:fused;speedReason=OK;derived=71.78;locationGapMs=937;callbackGapMs=937;fusion=GPS_IMU
LOCATION,1790412817637,29.7654800,52.4575583,233.000,true,2.27,61.381,source=fused:fused;speedReason=OK;derived=77.63;locationGapMs=1000;callbackGapMs=1000;fusion=GPS_IMU
LOCATION,1790412818641,29.7653650,52.4573767,234.000,true,2.28,61.722,source=fused:fused;speedReason=OK;derived=77.81;locationGapMs=1004;callbackGapMs=1004;fusion=GPS_IMU
LOCATION,1790412819631,29.7652533,52.4571950,235.000,true,2.28,62.055,source=fused:fused;speedReason=OK;derived=77.81;locationGapMs=990;callbackGapMs=990;fusion=GPS_IMU
LOCATION,1790412820643,29.7651417,52.4570133,234.000,true,2.28,62.430,source=fused:fused;speedReason=OK;derived=77.81;locationGapMs=1006;callbackGapMs=1006;fusion=GPS_IMU
LOCATION,1790412821712,29.7650150,52.4568317,234.000,true,2.26,62.749,source=fused:fused;speedReason=OK;derived=76.90;locationGapMs=1073;callbackGapMs=1073;fusion=GPS_IMU
LOCATION,1790412822634,29.7649083,52.4566417,235.000,true,2.26,63.062,source=fused:fused;speedReason=OK;derived=76.90;locationGapMs=924;callbackGapMs=924;fusion=GPS_IMU
LOCATION,1790412823636,29.7647983,52.4564600,235.000,true,2.25,63.364,source=fused:fused;speedReason=OK;derived=77.08;locationGapMs=999;callbackGapMs=999;fusion=GPS_IMU
LOCATION,1790412824639,29.7646883,52.4562800,235.000,true,2.24,63.651,source=fused:fused;speedReason=OK;derived=77.08;locationGapMs=1006;callbackGapMs=1006;fusion=GPS_IMU
LOCATION,1790412825646,29.7645817,52.4561033,235.000,true,2.24,63.962,source=fused:fused;speedReason=OK;derived=76.06;locationGapMs=1002;callbackGapMs=1002;fusion=GPS_IMU
LOCATION,1790412826637,29.7644800,52.4559317,237.000,true,2.25,64.165,source=fused:fused;speedReason=OK;derived=74.65;locationGapMs=996;callbackGapMs=996;fusion=GPS_IMU
LOCATION,1790412827705,29.7643783,52.4557567,236.000,true,2.30,64.390,source=fused:fused;speedReason=OK;derived=72.52;locationGapMs=1068;callbackGapMs=1068;fusion=GPS_IMU
LOCATION,1790412828646,29.7642767,52.4555817,235.000,true,2.34,64.582,source=fused:fused;speedReason=OK;derived=72.52;locationGapMs=940;callbackGapMs=940;fusion=GPS_IMU
LOCATION,1790412829642,29.7641700,52.4554100,233.000,true,2.35,64.770,source=fused:fused;speedReason=OK;derived=73.61;locationGapMs=997;callbackGapMs=997;fusion=GPS_IMU
LOCATION,1790412830644,29.7640633,52.4552383,235.000,true,2.37,64.944,source=fused:fused;speedReason=OK;derived=73.61;locationGapMs=1001;callbackGapMs=1001;fusion=GPS_IMU
LOCATION,1790412831637,29.7639567,52.4550650,234.000,true,2.40,65.112,source=fused:fused;speedReason=OK;derived=73.61;locationGapMs=994;callbackGapMs=994;fusion=GPS_IMU
LOCATION,1790412832638,29.7638550,52.4548967,235.000,true,2.40,65.273,source=fused:fused;speedReason=OK;derived=73.32;locationGapMs=1001;callbackGapMs=1001;fusion=GPS_IMU
LOCATION,1790412833689,29.7637517,52.4547267,234.000,true,2.42,65.444,source=fused:fused;speedReason=OK;derived=71.21;locationGapMs=1050;callbackGapMs=1050;fusion=GPS_IMU
LOCATION,1790412834640,29.7636517,52.4545550,235.000,true,2.44,65.598,source=fused:fused;speedReason=OK;derived=71.21;locationGapMs=952;callbackGapMs=952;fusion=GPS_IMU
LOCATION,1790412835620,29.7635517,52.4543867,234.000,true,2.45,65.749,source=fused:fused;speedReason=OK;derived=72.27;locationGapMs=981;callbackGapMs=981;fusion=GPS_IMU
LOCATION,1790412836645,29.7634367,52.4542300,235.000,true,2.46,65.846,source=fused:fused;speedReason=OK;derived=72.27;locationGapMs=1022;callbackGapMs=1022;fusion=GPS_IMU
LOCATION,1790412837641,29.7633283,52.4540767,236.000,true,2.44,65.900,source=fused:fused;speedReason=OK;derived=69.76;locationGapMs=997;callbackGapMs=997;fusion=GPS_IMU
LOCATION,1790412838640,29.7632233,52.4539083,237.000,true,2.38,65.946,source=fused:fused;speedReason=OK;derived=69.76;locationGapMs=1000;callbackGapMs=1000;fusion=GPS_IMU
LOCATION,1790412839709,29.7631300,52.4537417,236.000,true,2.34,65.994,source=fused:fused;speedReason=OK;derived=68.91;locationGapMs=1068;callbackGapMs=1068;fusion=GPS_IMU
LOCATION,1790412840638,29.7630283,52.4535667,234.000,true,2.28,66.050,source=fused:fused;speedReason=OK;derived=72.07;locationGapMs=931;callbackGapMs=931;fusion=GPS_IMU
LOCATION,1790412841597,29.7629250,52.4534100,234.000,true,2.27,66.136,source=fused:fused;speedReason=OK;derived=71.23;locationGapMs=960;callbackGapMs=960;fusion=GPS_IMU
LOCATION,1790412842632,29.7628167,52.4532417,233.000,true,2.23,66.227,source=fused:fused;speedReason=OK;derived=71.23;locationGapMs=1033;callbackGapMs=1033;fusion=GPS_IMU
LOCATION,1790412843638,29.7626967,52.4530733,235.000,true,2.22,66.385,source=fused:fused;speedReason=OK;derived=71.23;locationGapMs=1006;callbackGapMs=1006;fusion=GPS_IMU
LOCATION,1790412844633,29.7625833,52.4528983,235.000,true,2.22,66.556,source=fused:fused;speedReason=OK;derived=75.25;locationGapMs=996;callbackGapMs=996;fusion=GPS_IMU
LOCATION,1790412845708,29.7624750,52.4527233,235.000,true,2.20,66.725,source=fused:fused;speedReason=OK;derived=75.25;locationGapMs=1074;callbackGapMs=1074;fusion=GPS_IMU
LOCATION,1790412846643,29.7623633,52.4525400,236.000,true,2.20,66.904,source=fused:fused;speedReason=OK;derived=76.20;locationGapMs=934;callbackGapMs=934;fusion=GPS_IMU
LOCATION,1790412847638,29.7622517,52.4523567,234.000,true,2.20,67.129,source=fused:fused;speedReason=OK;derived=78.06;locationGapMs=997;callbackGapMs=997;fusion=GPS_IMU
LOCATION,1790412848635,29.7621400,52.4521683,236.000,true,2.22,67.385,source=fused:fused;speedReason=OK;derived=79.63;locationGapMs=996;callbackGapMs=996;fusion=GPS_IMU
LOCATION,1790412849637,29.7620200,52.4519783,236.000,true,2.22,67.665,source=fused:fused;speedReason=OK;derived=79.63;locationGapMs=1002;callbackGapMs=1002;fusion=GPS_IMU
LOCATION,1790412850640,29.7619083,52.4517850,236.000,true,2.22,67.953,source=fused:fused;speedReason=OK;derived=80.56;locationGapMs=1002;callbackGapMs=1002;fusion=GPS_IMU
LOCATION,1790412851712,29.7617917,52.4515900,235.000,true,2.23,68.202,source=fused:fused;speedReason=OK;derived=80.56;locationGapMs=1067;callbackGapMs=1067;fusion=GPS_IMU
LOCATION,1790412852630,29.7616633,52.4513933,235.000,true,2.23,68.520,source=fused:fused;speedReason=OK;derived=80.56;locationGapMs=925;callbackGapMs=925;fusion=GPS_IMU
LOCATION,1790412853633,29.7615417,52.4511967,234.000,true,2.25,68.806,source=fused:fused;speedReason=OK;derived=83.66;locationGapMs=1003;callbackGapMs=1003;fusion=GPS_IMU
LOCATION,1790412854632,29.7614283,52.4510000,235.000,true,2.23,69.074,source=fused:fused;speedReason=OK;derived=83.66;locationGapMs=997;callbackGapMs=997;fusion=GPS_IMU
LOCATION,1790412855634,29.7613150,52.4508000,234.000,true,2.23,69.356,source=fused:fused;speedReason=OK;derived=82.78;locationGapMs=1003;callbackGapMs=1003;fusion=GPS_IMU
LOCATION,1790412856632,29.7612000,52.4506017,235.000,true,2.23,69.632,source=fused:fused;speedReason=OK;derived=82.78;locationGapMs=998;callbackGapMs=998;fusion=GPS_IMU
LOCATION,1790412857700,29.7610850,52.4504117,232.000,true,2.20,69.902,source=fused:fused;speedReason=OK;derived=82.78;locationGapMs=1067;callbackGapMs=1067;fusion=GPS_IMU
LOCATION,1790412858643,29.7609717,52.4502250,233.000,true,2.16,70.120,source=fused:fused;speedReason=OK;derived=83.07;locationGapMs=943;callbackGapMs=943;fusion=GPS_IMU
LOCATION,1790412859641,29.7608600,52.4500383,234.000,true,2.14,70.314,source=fused:fused;speedReason=OK;derived=78.90;locationGapMs=999;callbackGapMs=999;fusion=GPS_IMU
LOCATION,1790412860638,29.7607467,52.4498533,234.000,true,2.13,70.504,source=fused:fused;speedReason=OK;derived=78.93;locationGapMs=997;callbackGapMs=997;fusion=GPS_IMU
LOCATION,1790412861639,29.7606283,52.4496667,233.000,true,2.12,70.690,source=fused:fused;speedReason=OK;derived=78.93;locationGapMs=1000;callbackGapMs=1000;fusion=GPS_IMU
LOCATION,1790412862638,29.7605133,52.4494767,235.000,true,2.13,70.878,source=fused:fused;speedReason=OK;derived=80.33;locationGapMs=1000;callbackGapMs=1000;fusion=GPS_IMU
LOCATION,1790412863710,29.7604000,52.4492850,236.000,true,2.17,71.046,source=fused:fused;speedReason=OK;derived=80.33;locationGapMs=1069;callbackGapMs=1069;fusion=GPS_IMU
LOCATION,1790412864641,29.7603083,52.4490833,236.000,true,2.18,71.226,source=fused:fused;speedReason=OK;derived=80.51;locationGapMs=933;callbackGapMs=933;fusion=GPS_IMU
LOCATION,1790412865621,29.7602000,52.4488833,239.000,true,2.22,71.384,source=fused:fused;speedReason=OK;derived=83.29;locationGapMs=984;callbackGapMs=984;fusion=GPS_IMU
LOCATION,1790412866637,29.7600983,52.4486833,239.000,true,2.28,71.532,source=fused:fused;speedReason=OK;derived=83.29;locationGapMs=1013;callbackGapMs=1013;fusion=GPS_IMU
LOCATION,1790412867631,29.7599967,52.4484783,240.000,true,2.30,71.651,source=fused:fused;speedReason=OK;derived=82.50;locationGapMs=995;callbackGapMs=995;fusion=GPS_IMU
LOCATION,1790412868636,29.7598933,52.4482700,240.000,true,2.35,71.827,source=fused:fused;speedReason=OK;derived=82.50;locationGapMs=1005;callbackGapMs=1005;fusion=GPS_IMU
LOCATION,1790412869637,29.7597900,52.4480567,239.000,true,2.38,71.980,source=fused:fused;speedReason=OK;derived=83.03;locationGapMs=999;callbackGapMs=999;fusion=GPS_IMU
LOCATION,1790412870638,29.7596883,52.4478467,241.000,true,2.48,72.070,source=fused:fused;speedReason=OK;derived=83.54;locationGapMs=1001;callbackGapMs=1001;fusion=GPS_IMU
LOCATION,1790412871638,29.7595950,52.4476367,242.000,true,2.52,72.132,source=fused:fused;speedReason=OK;derived=83.54;locationGapMs=1000;callbackGapMs=1000;fusion=GPS_IMU
LOCATION,1790412872637,29.7595017,52.4474300,242.000,true,2.60,72.231,source=fused:fused;speedReason=OK;derived=82.05;locationGapMs=999;callbackGapMs=999;fusion=GPS_IMU
LOCATION,1790412873628,29.7594067,52.4472250,240.000,true,2.63,72.329,source=fused:fused;speedReason=OK;derived=81.39;locationGapMs=993;callbackGapMs=993;fusion=GPS_IMU
LOCATION,1790412874634,29.7593117,52.4470133,243.000,true,2.68,72.436,source=fused:fused;speedReason=OK;derived=81.39;locationGapMs=1005;callbackGapMs=1005;fusion=GPS_IMU
LOCATION,1790412875633,29.7592183,52.4467950,243.000,true,2.75,72.571,source=fused:fused;speedReason=OK;derived=82.48;locationGapMs=995;callbackGapMs=995;fusion=GPS_IMU
LOCATION,1790412876635,29.7591283,52.4465767,244.000,true,2.82,72.672,source=fused:fused;speedReason=OK;derived=83.57;locationGapMs=1006;callbackGapMs=1006;fusion=GPS_IMU
LOCATION,1790412877637,29.7590383,52.4463617,244.000,true,2.86,72.770,source=fused:fused;speedReason=OK;derived=83.57;locationGapMs=999;callbackGapMs=999;fusion=GPS_IMU
LOCATION,1790412878633,29.7589417,52.4461400,243.000,true,2.90,72.886,source=fused:fused;speedReason=OK;derived=83.57;locationGapMs=999;callbackGapMs=999;fusion=GPS_IMU
LOCATION,1790412879710,29.7588383,52.4459200,241.000,true,2.94,73.004,source=fused:fused;speedReason=OK;derived=83.11;locationGapMs=1073;callbackGapMs=1073;fusion=GPS_IMU
LOCATION,1790412880629,29.7587333,52.4456983,243.000,true,2.96,73.126,source=fused:fused;speedReason=OK;derived=86.37;locationGapMs=922;callbackGapMs=922;fusion=GPS_IMU
LOCATION,1790412881640,29.7586317,52.4454683,244.000,true,3.00,73.249,source=fused:fused;speedReason=OK;derived=88.70;locationGapMs=1012;callbackGapMs=1012;fusion=GPS_IMU
LOCATION,1790412882639,29.7585317,52.4452417,242.000,true,3.04,73.370,source=fused:fused;speedReason=OK;derived=88.95;locationGapMs=994;callbackGapMs=994;fusion=GPS_IMU
LOCATION,1790412883630,29.7584350,52.4450267,242.000,true,3.07,73.488,source=fused:fused;speedReason=OK;derived=88.70;locationGapMs=996;callbackGapMs=996;fusion=GPS_IMU
LOCATION,1790412884627,29.7583450,52.4448167,244.000,true,3.10,73.623,source=fused:fused;speedReason=OK;derived=84.56;locationGapMs=996;callbackGapMs=996;fusion=GPS_IMU
LOCATION,1790412885709,29.7582600,52.4446100,245.000,true,3.16,73.765,source=fused:fused;speedReason=OK;derived=81.79;locationGapMs=1083;callbackGapMs=1083;fusion=GPS_IMU
LOCATION,1790412886637,29.7581717,52.4443950,243.000,true,3.17,73.911,source=fused:fused;speedReason=OK;derived=81.79;locationGapMs=928;callbackGapMs=928;fusion=GPS_IMU
LOCATION,1790412887643,29.7580800,52.4441783,243.000,true,3.18,74.089,source=fused:fused;speedReason=OK;derived=83.86;locationGapMs=1000;callbackGapMs=1000;fusion=GPS_IMU
LOCATION,1790412888637,29.7579917,52.4439600,244.000,true,3.17,74.269,source=fused:fused;speedReason=OK;derived=83.86;locationGapMs=999;callbackGapMs=999;fusion=GPS_IMU
LOCATION,1790412889675,29.7579033,52.4437400,244.000,true,3.14,74.420,source=fused:fused;speedReason=OK;derived=83.86;locationGapMs=1001;callbackGapMs=1001;fusion=GPS_IMU
LOCATION,1790412890627,29.7578167,52.4435183,246.000,true,3.13,74.561,source=fused:fused;speedReason=OK;derived=84.25;locationGapMs=990;callbackGapMs=990;fusion=GPS_IMU
LOCATION,1790412891685,29.7577383,52.4433017,247.000,true,3.12,74.714,source=fused:fused;speedReason=OK;derived=84.25;locationGapMs=1059;callbackGapMs=1059;fusion=GPS_IMU
LOCATION,1790412892622,29.7576583,52.4430800,246.000,true,3.10,74.790,source=fused:fused;speedReason=OK;derived=85.43;locationGapMs=937;callbackGapMs=937;fusion=GPS_IMU
LOCATION,1790412893641,29.7575750,52.4428583,246.000,true,3.10,74.851,source=fused:fused;speedReason=OK;derived=83.05;locationGapMs=1012;callbackGapMs=1012;fusion=GPS_IMU
LOCATION,1790412894637,29.7574883,52.4426400,244.000,true,3.12,74.895,source=fused:fused;speedReason=OK;derived=83.43;locationGapMs=1001;callbackGapMs=1001;fusion=GPS_IMU
LOCATION,1790412895663,29.7573933,52.4424167,243.000,true,3.14,74.965,source=fused:fused;speedReason=OK;derived=83.43;locationGapMs=1000;callbackGapMs=1000;fusion=GPS_IMU
LOCATION,1790412896634,29.7573017,52.4421983,244.000,true,3.16,75.058,source=fused:fused;speedReason=OK;derived=84.54;locationGapMs=998;callbackGapMs=998;fusion=GPS_IMU
LOCATION,1790412897692,29.7572150,52.4419883,244.000,true,3.20,75.179,source=fused:fused;speedReason=OK;derived=84.54;locationGapMs=1058;callbackGapMs=1058;fusion=GPS_IMU
LOCATION,1790412898631,29.7571317,52.4417767,246.000,true,3.22,75.246,source=fused:fused;speedReason=OK;derived=84.54;locationGapMs=939;callbackGapMs=939;fusion=GPS_IMU
LOCATION,1790412899637,29.7570500,52.4415700,244.000,true,3.26,75.288,source=fused:fused;speedReason=OK;derived=78.85;locationGapMs=1002;callbackGapMs=1002;fusion=GPS_IMU
LOCATION,1790412900662,29.7569683,52.4413700,244.000,true,3.27,75.306,source=fused:fused;speedReason=OK;derived=78.85;locationGapMs=989;callbackGapMs=989;fusion=GPS_IMU
LOCATION,1790412901628,29.7568883,52.4411767,244.000,true,3.30,75.337,source=fused:fused;speedReason=OK;derived=77.75;locationGapMs=1005;callbackGapMs=1005;fusion=GPS_IMU
LOCATION,1790412902631,29.7568083,52.4409883,242.000,true,3.33,75.336,source=fused:fused;speedReason=OK;derived=74.12;locationGapMs=1002;callbackGapMs=1002;fusion=GPS_IMU
LOCATION,1790412903700,29.7567300,52.4408033,243.000,true,3.36,75.324,source=fused:fused;speedReason=OK;derived=72.81;locationGapMs=1045;callbackGapMs=1045;fusion=GPS_IMU
LOCATION,1790412904627,29.7566533,52.4406233,243.000,true,3.37,75.298,source=fused:fused;speedReason=OK;derived=72.81;locationGapMs=954;callbackGapMs=954;fusion=GPS_IMU
LOCATION,1790412905638,29.7565783,52.4404433,243.000,true,3.40,75.259,source=fused:fused;speedReason=OK;derived=69.39;locationGapMs=1001;callbackGapMs=1001;fusion=GPS_IMU
LOCATION,1790412906623,29.7565017,52.4402683,242.000,true,3.40,75.229,source=fused:fused;speedReason=OK;derived=69.39;locationGapMs=994;callbackGapMs=994;fusion=GPS_IMU
LOCATION,1790412907664,29.7564283,52.4401050,242.000,true,3.40,75.169,source=fused:fused;speedReason=OK;derived=68.58;locationGapMs=1012;callbackGapMs=1012;fusion=GPS_IMU
LOCATION,1790412908636,29.7563633,52.4399550,244.000,true,3.40,75.128,source=fused:fused;speedReason=OK;derived=63.20;locationGapMs=1000;callbackGapMs=1000;fusion=GPS_IMU
LOCATION,1790412909632,29.7563033,52.4398150,244.000,true,3.42,75.023,source=fused:fused;speedReason=OK;derived=58.32;locationGapMs=995;callbackGapMs=995;fusion=GPS_IMU
LOCATION,1790412910634,29.7562400,52.4396667,245.000,true,3.43,74.872,source=fused:fused;speedReason=OK;derived=57.54;locationGapMs=999;callbackGapMs=999;fusion=GPS_IMU
LOCATION,1790412911667,29.7561817,52.4395250,244.000,true,3.46,74.685,source=fused:fused;speedReason=OK;derived=54.58;locationGapMs=1007;callbackGapMs=1007;fusion=GPS_IMU
LOCATION,1790412912629,29.7561283,52.4393883,245.000,true,3.45,74.480,source=fused:fused;speedReason=OK;derived=54.17;locationGapMs=993;callbackGapMs=993;fusion=GPS_IMU
LOCATION,1790412913653,29.7560750,52.4392500,245.000,true,3.45,74.256,source=fused:fused;speedReason=OK;derived=52.70;locationGapMs=999;callbackGapMs=999;fusion=GPS_IMU
LOCATION,1790412914689,29.7560183,52.4391117,244.000,true,3.45,74.033,source=fused:fused;speedReason=OK;derived=52.52;locationGapMs=1061;callbackGapMs=1061;fusion=GPS_IMU
LOCATION,1790412915651,29.7559600,52.4389650,244.000,true,3.42,73.866,source=fused:fused;speedReason=OK;derived=52.70;locationGapMs=937;callbackGapMs=937;fusion=GPS_IMU
LOCATION,1790412916665,29.7559050,52.4388233,244.000,true,3.42,73.680,source=fused:fused;speedReason=OK;derived=53.84;locationGapMs=1003;callbackGapMs=1003;fusion=GPS_IMU
LOCATION,1790412917674,29.7558467,52.4386800,245.000,true,3.38,73.503,source=fused:fused;speedReason=OK;derived=54.29;locationGapMs=1014;callbackGapMs=1014;fusion=GPS_IMU
LOCATION,1790412918654,29.7557850,52.4385267,246.000,true,3.36,73.357,source=fused:fused;speedReason=OK;derived=54.29;locationGapMs=988;callbackGapMs=988;fusion=GPS_IMU
LOCATION,1790412919660,29.7557217,52.4383633,247.000,true,3.34,73.213,source=fused:fused;speedReason=OK;derived=59.50;locationGapMs=1005;callbackGapMs=1005;fusion=GPS_IMU
LOCATION,1790412920713,29.7556617,52.4381967,246.000,true,3.32,73.086,source=fused:fused;speedReason=OK;derived=59.83;locationGapMs=1049;callbackGapMs=1049;fusion=GPS_IMU
LOCATION,1790412921641,29.7556017,52.4380300,247.000,true,3.28,72.946,source=fused:fused;speedReason=OK;derived=61.94;locationGapMs=935;callbackGapMs=935;fusion=GPS_IMU
LOCATION,1790412922669,29.7555400,52.4378600,245.000,true,3.22,72.829,source=fused:fused;speedReason=OK;derived=62.85;locationGapMs=1020;callbackGapMs=1020;fusion=GPS_IMU
LOCATION,1790412923651,29.7554750,52.4376867,246.000,true,3.20,72.719,source=fused:fused;speedReason=OK;derived=66.48;locationGapMs=988;callbackGapMs=988;fusion=GPS_IMU
LOCATION,1790412924629,29.7554067,52.4375167,246.000,true,3.17,72.625,source=fused:fused;speedReason=OK;derived=65.10;locationGapMs=1001;callbackGapMs=1001;fusion=GPS_IMU
LOCATION,1790412925625,29.7553383,52.4373433,245.000,true,3.10,72.560,source=fused:fused;speedReason=OK;derived=66.48;locationGapMs=996;callbackGapMs=996;fusion=GPS_IMU
LOCATION,1790412926629,29.7552700,52.4371583,246.000,true,3.06,72.512,source=fused:fused;speedReason=OK;derived=66.53;locationGapMs=1000;callbackGapMs=1000;fusion=GPS_IMU
LOCATION,1790412927627,29.7552000,52.4369667,245.000,true,3.05,72.486,source=fused:fused;speedReason=OK;derived=69.95;locationGapMs=1003;callbackGapMs=1003;fusion=GPS_IMU
LOCATION,1790412928638,29.7551267,52.4367783,243.000,true,3.02,72.473,source=fused:fused;speedReason=OK;derived=71.40;locationGapMs=1006;callbackGapMs=1006;fusion=GPS_IMU
LOCATION,1790412929638,29.7550517,52.4365967,245.000,true,3.00,72.458,source=fused:fused;speedReason=OK;derived=71.40;locationGapMs=1004;callbackGapMs=1004;fusion=GPS_IMU
LOCATION,1790412930638,29.7549800,52.4364167,245.000,true,3.00,72.434,source=fused:fused;speedReason=OK;derived=69.68;locationGapMs=999;callbackGapMs=999;fusion=GPS_IMU
LOCATION,1790412931705,29.7549067,52.4362483,245.000,true,3.00,72.403,source=fused:fused;speedReason=OK;derived=68.97;locationGapMs=1067;callbackGapMs=1067;fusion=GPS_IMU
LOCATION,1790412932640,29.7548383,52.4360717,246.000,true,3.00,72.366,source=fused:fused;speedReason=OK;derived=68.97;locationGapMs=935;callbackGapMs=935;fusion=GPS_IMU
LOCATION,1790412933619,29.7547700,52.4358867,247.000,true,3.00,72.330,source=fused:fused;speedReason=OK;derived=71.37;locationGapMs=980;callbackGapMs=980;fusion=GPS_IMU
LOCATION,1790412934638,29.7546983,52.4356967,247.000,true,3.00,72.329,source=fused:fused;speedReason=OK;derived=71.37;locationGapMs=1014;callbackGapMs=1014;fusion=GPS_IMU
LOCATION,1790412935639,29.7546317,52.4355100,249.000,true,3.00,72.327,source=fused:fused;speedReason=OK;derived=71.09;locationGapMs=1005;callbackGapMs=1005;fusion=GPS_IMU
LOCATION,1790412936637,29.7545650,52.4353233,248.000,true,3.02,72.318,source=fused:fused;speedReason=OK;derived=70.32;locationGapMs=999;callbackGapMs=999;fusion=GPS_IMU
LOCATION,1790412937706,29.7544950,52.4351400,246.000,true,3.03,72.306,source=fused:fused;speedReason=OK;derived=69.88;locationGapMs=1067;callbackGapMs=1067;fusion=GPS_IMU
LOCATION,1790412938639,29.7544083,52.4349483,244.000,true,3.08,72.293,source=fused:fused;speedReason=OK;derived=70.32;locationGapMs=935;callbackGapMs=935;fusion=GPS_IMU
LOCATION,1790412939644,29.7543233,52.4347617,243.000,true,3.12,72.285,source=fused:fused;speedReason=OK;derived=73.44;locationGapMs=998;callbackGapMs=998;fusion=GPS_IMU
LOCATION,1790412940638,29.7542367,52.4345733,245.000,true,3.13,72.282,source=fused:fused;speedReason=OK;derived=74.07;locationGapMs=1001;callbackGapMs=1001;fusion=GPS_IMU
LOCATION,1790412941637,29.7541583,52.4343850,246.000,true,3.18,72.272,source=fused:fused;speedReason=OK;derived=73.44;locationGapMs=999;callbackGapMs=999;fusion=GPS_IMU
LOCATION,1790412942643,29.7540817,52.4341933,246.000,true,3.20,72.261,source=fused:fused;speedReason=OK;derived=73.05;locationGapMs=1005;callbackGapMs=1005;fusion=GPS_IMU
LOCATION,1790412943705,29.7540083,52.4340083,246.000,true,3.20,72.252,source=fused:fused;speedReason=OK;derived=72.72;locationGapMs=1063;callbackGapMs=1063;fusion=GPS_IMU
LOCATION,1790412944644,29.7539367,52.4338183,248.000,true,3.20,72.242,source=fused:fused;speedReason=OK;derived=73.05;locationGapMs=934;callbackGapMs=934;fusion=GPS_IMU
LOCATION,1790412945636,29.7538633,52.4336250,247.000,true,3.20,72.237,source=fused:fused;speedReason=OK;derived=73.63;locationGapMs=997;callbackGapMs=997;fusion=GPS_IMU
LOCATION,1790412946640,29.7537883,52.4334233,246.000,true,3.20,72.240,source=fused:fused;speedReason=OK;derived=76.19;locationGapMs=1002;callbackGapMs=1002;fusion=GPS_IMU
LOCATION,1790412947641,29.7537167,52.4332300,249.000,true,3.20,72.257,source=fused:fused;speedReason=OK;derived=73.63;locationGapMs=1003;callbackGapMs=1003;fusion=GPS_IMU
LOCATION,1790412948643,29.7536450,52.4330317,247.000,true,3.20,72.278,source=fused:fused;speedReason=OK;derived=74.59;locationGapMs=1002;callbackGapMs=1002;fusion=GPS_IMU
LOCATION,1790412949718,29.7535800,52.4328517,248.000,true,3.20,72.302,source=fused:fused;speedReason=OK;derived=72.90;locationGapMs=1069;callbackGapMs=1069;fusion=GPS_IMU
LOCATION,1790412950638,29.7535183,52.4326633,249.000,true,3.18,72.306,source=fused:fused;speedReason=OK;derived=74.59;locationGapMs=927;callbackGapMs=927;fusion=GPS_IMU
LOCATION,1790412951639,29.7534567,52.4324750,249.000,true,3.16,72.311,source=fused:fused;speedReason=OK;derived=70.09;locationGapMs=999;callbackGapMs=999;fusion=GPS_IMU
LOCATION,1790412952619,29.7533967,52.4322850,249.000,true,3.15,72.314,source=fused:fused;speedReason=OK;derived=71.65;locationGapMs=982;callbackGapMs=982;fusion=GPS_IMU
LOCATION,1790412953639,29.7533350,52.4320850,250.000,true,3.13,72.317,source=fused:fused;speedReason=OK;derived=71.65;locationGapMs=1016;callbackGapMs=1016;fusion=GPS_IMU
LOCATION,1790412954638,29.7532783,52.4318867,251.000,true,3.12,72.324,source=fused:fused;speedReason=OK;derived=72.52;locationGapMs=1002;callbackGapMs=1002;fusion=GPS_IMU
LOCATION,1790412955715,29.7532217,52.4316950,250.000,true,3.10,72.330,source=fused:fused;speedReason=OK;derived=72.52;locationGapMs=1071;callbackGapMs=1071;fusion=GPS_IMU
LOCATION,1790412956639,29.7531683,52.4315067,251.000,true,3.08,72.327,source=fused:fused;speedReason=OK;derived=72.52;locationGapMs=931;callbackGapMs=931;fusion=GPS_IMU
LOCATION,1790412957639,29.7531167,52.4313283,251.000,true,3.06,72.300,source=fused:fused;speedReason=OK;derived=65.80;locationGapMs=998;callbackGapMs=998;fusion=GPS_IMU
LOCATION,1790412958638,29.7530650,52.4311550,250.000,true,3.05,72.226,source=fused:fused;speedReason=OK;derived=65.58;locationGapMs=1000;callbackGapMs=1000;fusion=GPS_IMU
LOCATION,1790412959636,29.7530100,52.4309883,248.000,true,3.02,72.115,source=fused:fused;speedReason=OK;derived=63.77;locationGapMs=998;callbackGapMs=998;fusion=GPS_IMU
LOCATION,1790412960635,29.7529500,52.4308217,246.000,true,3.02,72.012,source=fused:fused;speedReason=OK;derived=62.95;locationGapMs=997;callbackGapMs=997;fusion=GPS_IMU
LOCATION,1790412961704,29.7528800,52.4306783,240.000,true,3.00,71.906,source=fused:fused;speedReason=OK;derived=62.18;locationGapMs=1065;callbackGapMs=1065;fusion=GPS_IMU
LOCATION,1790412962638,29.7528033,52.4305417,235.000,true,3.00,71.804,source=fused:fused;speedReason=OK;derived=60.30;locationGapMs=938;callbackGapMs=938;fusion=GPS_IMU
LOCATION,1790412963635,29.7527150,52.4304233,231.000,true,3.00,71.700,source=fused:fused;speedReason=OK;derived=54.29;locationGapMs=999;callbackGapMs=999;fusion=GPS_IMU
LOCATION,1790412964637,29.7526217,52.4303267,225.000,true,3.02,71.569,source=fused:fused;speedReason=OK;derived=54.29;locationGapMs=1002;callbackGapMs=1002;fusion=GPS_IMU
LOCATION,1790412965639,29.7525067,52.4302383,216.000,true,3.04,71.415,source=fused:fused;speedReason=OK;derived=54.29;locationGapMs=1001;callbackGapMs=1001;fusion=GPS_IMU
LOCATION,1790412966634,29.7523883,52.4301617,210.000,true,3.06,71.262,source=fused:fused;speedReason=OK;derived=54.47;locationGapMs=996;callbackGapMs=996;fusion=GPS_IMU
LOCATION,1790412967712,29.7522700,52.4300883,210.000,true,3.08,71.152,source=fused:fused;speedReason=OK;derived=54.47;locationGapMs=1070;callbackGapMs=1070;fusion=GPS_IMU
LOCATION,1790412968632,29.7521450,52.4300267,205.000,true,3.12,71.090,source=fused:fused;speedReason=OK;derived=54.47;locationGapMs=928;callbackGapMs=928;fusion=GPS_IMU
LOCATION,1790412969633,29.7520100,52.4299833,201.000,true,3.15,71.030,source=fused:fused;speedReason=OK;derived=55.95;locationGapMs=1000;callbackGapMs=1000;fusion=GPS_IMU
LOCATION,1790412970634,29.7518567,52.4299700,195.000,true,3.20,70.992,source=fused:fused;speedReason=OK;derived=58.51;locationGapMs=1002;callbackGapMs=1002;fusion=GPS_IMU
LOCATION,1790412971628,29.7516917,52.4299900,187.000,true,3.27,70.955,source=fused:fused;speedReason=OK;derived=61.23;locationGapMs=992;callbackGapMs=992;fusion=GPS_IMU
LOCATION,1790412972636,29.7515317,52.4300183,182.000,true,3.35,70.932,source=fused:fused;speedReason=OK;derived=64.03;locationGapMs=1009;callbackGapMs=1009;fusion=GPS_IMU
LOCATION,1790412973710,29.7513683,52.4300667,176.000,true,3.43,70.883,source=fused:fused;speedReason=OK;derived=64.03;locationGapMs=1064;callbackGapMs=1064;fusion=GPS_IMU
LOCATION,1790412974624,29.7512050,52.4301133,175.000,true,3.50,70.856,source=fused:fused;speedReason=OK;derived=64.03;locationGapMs=924;callbackGapMs=924;fusion=GPS_IMU
LOCATION,1790412975637,29.7510517,52.4301550,171.000,true,3.57,70.834,source=fused:fused;speedReason=OK;derived=63.30;locationGapMs=1009;callbackGapMs=1009;fusion=GPS_IMU
LOCATION,1790412976629,29.7509017,52.4302167,167.000,true,3.63,70.816,source=fused:fused;speedReason=OK;derived=63.79;locationGapMs=997;callbackGapMs=997;fusion=GPS_IMU
LOCATION,1790412977633,29.7507567,52.4302850,165.000,true,3.72,70.792,source=fused:fused;speedReason=OK;derived=62.31;locationGapMs=1004;callbackGapMs=1004;fusion=GPS_IMU
LOCATION,1790412978627,29.7505933,52.4303700,164.000,true,3.73,70.759,source=fused:fused;speedReason=OK;derived=63.79;locationGapMs=994;callbackGapMs=994;fusion=GPS_IMU
LOCATION,1790412979695,29.7504183,52.4304550,164.000,true,3.80,70.722,source=fused:fused;speedReason=OK;derived=71.42;locationGapMs=1062;callbackGapMs=1062;fusion=GPS_IMU
LOCATION,1790412980631,29.7502483,52.4305517,160.000,true,3.78,70.699,source=fused:fused;speedReason=OK;derived=72.04;locationGapMs=942;callbackGapMs=942;fusion=GPS_IMU
LOCATION,1790412981637,29.7500783,52.4306433,157.000,true,3.74,70.655,source=fused:fused;speedReason=OK;derived=74.96;locationGapMs=1000;callbackGapMs=1000;fusion=GPS_IMU
LOCATION,1790412982631,29.7499067,52.4307250,158.000,true,3.68,70.636,source=fused:fused;speedReason=OK;derived=74.96;locationGapMs=1000;callbackGapMs=1000;fusion=GPS_IMU
LOCATION,1790412983634,29.7497267,52.4308083,159.000,true,3.54,70.637,source=fused:fused;speedReason=OK;derived=74.96;locationGapMs=1001;callbackGapMs=1001;fusion=GPS_IMU
LOCATION,1790412984640,29.7495433,52.4308850,159.000,true,3.50,70.640,source=fused:fused;speedReason=OK;derived=77.29;locationGapMs=1008;callbackGapMs=1008;fusion=GPS_IMU
LOCATION,1790412985713,29.7493617,52.4309567,160.000,true,3.34,70.656,source=fused:fused;speedReason=OK;derived=77.29;locationGapMs=1064;callbackGapMs=1064;fusion=GPS_IMU
LOCATION,1790412986643,29.7491800,52.4310250,162.000,true,3.28,70.681,source=fused:fused;speedReason=OK;derived=77.29;locationGapMs=932;callbackGapMs=932;fusion=GPS_IMU
LOCATION,1790412987634,29.7490000,52.4310933,161.000,true,3.24,70.714,source=fused:fused;speedReason=OK;derived=75.82;locationGapMs=998;callbackGapMs=998;fusion=GPS_IMU
LOCATION,1790412988638,29.7488217,52.4311667,160.000,true,3.20,70.740,source=fused:fused;speedReason=OK;derived=75.82;locationGapMs=1003;callbackGapMs=1003;fusion=GPS_IMU
LOCATION,1790412989622,29.7486383,52.4312400,162.000,true,3.20,70.763,source=fused:fused;speedReason=OK;derived=75.82;locationGapMs=985;callbackGapMs=985;fusion=GPS_IMU
LOCATION,1790412990633,29.7484717,52.4313083,161.000,true,3.18,70.789,source=fused:fused;speedReason=OK;derived=75.38;locationGapMs=1010;callbackGapMs=1010;fusion=GPS_IMU
LOCATION,1790412991733,29.7483083,52.4313817,159.000,true,3.18,70.803,source=fused:fused;speedReason=OK;derived=69.91;locationGapMs=1065;callbackGapMs=1065;fusion=GPS_IMU
LOCATION,1790412992635,29.7481517,52.4314533,160.000,true,3.18,70.811,source=fused:fused;speedReason=OK;derived=69.91;locationGapMs=937;callbackGapMs=937;fusion=GPS_IMU
LOCATION,1790412993624,29.7479900,52.4315233,160.000,true,3.20,70.816,source=fused:fused;speedReason=OK;derived=69.60;locationGapMs=991;callbackGapMs=991;fusion=GPS_IMU
LOCATION,1790412994629,29.7478300,52.4315983,159.000,true,3.24,70.822,source=fused:fused;speedReason=OK;derived=69.60;locationGapMs=1004;callbackGapMs=1004;fusion=GPS_IMU
LOCATION,1790412995626,29.7476683,52.4316750,158.000,true,3.27,70.826,source=fused:fused;speedReason=OK;derived=69.60;locationGapMs=997;callbackGapMs=997;fusion=GPS_IMU
LOCATION,1790412996627,29.7475050,52.4317533,159.000,true,3.32,70.829,source=fused:fused;speedReason=OK;derived=70.05;locationGapMs=1000;callbackGapMs=1000;fusion=GPS_IMU
LOCATION,1790412997660,29.7473467,52.4318350,157.000,true,3.38,70.833,source=fused:fused;speedReason=OK;derived=70.05;locationGapMs=1003;callbackGapMs=1003;fusion=GPS_IMU
LOCATION,1790412998619,29.7472033,52.4319050,158.000,true,3.47,70.834,source=fused:fused;speedReason=OK;derived=69.07;locationGapMs=991;callbackGapMs=991;fusion=GPS_IMU
LOCATION,1790412999635,29.7470650,52.4319767,155.000,true,3.60,70.822,source=fused:fused;speedReason=OK;derived=62.76;locationGapMs=1015;callbackGapMs=1015;fusion=GPS_IMU
LOCATION,1790413000630,29.7469367,52.4320417,158.000,true,3.70,70.800,source=fused:fused;speedReason=OK;derived=59.68;locationGapMs=995;callbackGapMs=995;fusion=GPS_IMU
LOCATION,1790413001627,29.7467917,52.4321117,158.000,true,3.73,70.770,source=fused:fused;speedReason=OK;derived=59.68;locationGapMs=997;callbackGapMs=997;fusion=GPS_IMU
LOCATION,1790413002731,29.7466400,52.4321850,157.000,true,3.84,70.754,source=fused:fused;speedReason=OK;derived=61.29;locationGapMs=1072;callbackGapMs=1072;fusion=GPS_IMU
LOCATION,1790413003625,29.7464900,52.4322567,157.000,true,3.86,70.723,source=fused:fused;speedReason=OK;derived=62.98;locationGapMs=927;callbackGapMs=927;fusion=GPS_IMU
LOCATION,1790413004625,29.7463300,52.4323300,159.000,true,3.85,70.694,source=fused:fused;speedReason=OK;derived=68.90;locationGapMs=998;callbackGapMs=998;fusion=GPS_IMU
LOCATION,1790413005619,29.7461783,52.4323933,161.000,true,3.85,70.645,source=fused:fused;speedReason=OK;derived=68.90;locationGapMs=996;callbackGapMs=996;fusion=GPS_IMU
LOCATION,1790413006645,29.7460300,52.4324567,158.000,true,3.82,70.592,source=fused:fused;speedReason=OK;derived=64.68;locationGapMs=1004;callbackGapMs=1004;fusion=GPS_IMU
LOCATION,1790413007630,29.7458867,52.4325200,159.000,true,3.82,70.538,source=fused:fused;speedReason=OK;derived=62.91;locationGapMs=1007;callbackGapMs=1007;fusion=GPS_IMU
LOCATION,1790413008627,29.7457500,52.4325750,161.000,true,3.80,70.433,source=fused:fused;speedReason=OK;derived=60.86;locationGapMs=990;callbackGapMs=990;fusion=GPS_IMU
LOCATION,1790413009657,29.7456250,52.4326283,160.000,true,3.78,70.310,source=fused:fused;speedReason=OK;derived=58.40;locationGapMs=1010;callbackGapMs=1010;fusion=GPS_IMU
LOCATION,1790413010625,29.7455050,52.4326783,161.000,true,3.76,70.175,source=fused:fused;speedReason=OK;derived=52.70;locationGapMs=994;callbackGapMs=994;fusion=GPS_IMU
LOCATION,1790413011634,29.7453833,52.4327317,158.000,true,3.74,70.040,source=fused:fused;speedReason=OK;derived=51.59;locationGapMs=1008;callbackGapMs=1008;fusion=GPS_IMU
LOCATION,1790413012625,29.7452717,52.4327800,158.000,true,3.74,69.927,source=fused:fused;speedReason=OK;derived=51.26;locationGapMs=992;callbackGapMs=992;fusion=GPS_IMU
LOCATION,1790413013722,29.7451650,52.4328333,155.000,true,3.74,69.834,source=fused:fused;speedReason=OK;derived=47.99;locationGapMs=1063;callbackGapMs=1063;fusion=GPS_IMU
LOCATION,1790413014633,29.7450483,52.4328883,159.000,true,3.75,69.705,source=fused:fused;speedReason=OK;derived=47.99;locationGapMs=944;callbackGapMs=944;fusion=GPS_IMU
LOCATION,1790413015660,29.7449250,52.4329317,162.000,true,3.78,69.534,source=fused:fused;speedReason=OK;derived=51.52;locationGapMs=999;callbackGapMs=999;fusion=GPS_IMU
LOCATION,1790413016623,29.7448067,52.4329800,160.000,true,3.78,69.368,source=fused:fused;speedReason=OK;derived=51.52;locationGapMs=992;callbackGapMs=992;fusion=GPS_IMU
LOCATION,1790413017650,29.7446733,52.4330350,160.000,true,3.80,69.193,source=fused:fused;speedReason=OK;derived=51.52;locationGapMs=1001;callbackGapMs=1001;fusion=GPS_IMU
LOCATION,1790413018637,29.7445400,52.4330867,161.000,true,3.78,69.044,source=fused:fused;speedReason=OK;derived=55.49;locationGapMs=1012;callbackGapMs=1012;fusion=GPS_IMU
LOCATION,1790413019656,29.7444083,52.4331400,160.000,true,3.77,68.900,source=fused:fused;speedReason=OK;derived=56.07;locationGapMs=994;callbackGapMs=994;fusion=GPS_IMU
LOCATION,1790413020641,29.7442633,52.4331933,162.000,true,3.74,68.790,source=fused:fused;speedReason=OK;derived=56.07;locationGapMs=1006;callbackGapMs=1006;fusion=GPS_IMU
LOCATION,1790413021662,29.7441183,52.4332517,159.000,true,3.70,68.710,source=fused:fused;speedReason=OK;derived=60.40;locationGapMs=998;callbackGapMs=998;fusion=GPS_IMU
LOCATION,1790413022620,29.7439767,52.4333100,159.000,true,3.66,68.608,source=fused:fused;speedReason=OK;derived=60.83;locationGapMs=987;callbackGapMs=987;fusion=GPS_IMU
LOCATION,1790413023655,29.7438450,52.4333683,158.000,true,3.65,68.500,source=fused:fused;speedReason=OK;derived=60.83;locationGapMs=1006;callbackGapMs=1006;fusion=GPS_IMU
LOCATION,1790413024703,29.7437150,52.4334250,158.000,true,3.62,68.355,source=fused:fused;speedReason=OK;derived=56.00;locationGapMs=1066;callbackGapMs=1066;fusion=GPS_IMU
LOCATION,1790413025651,29.7435883,52.4334833,158.000,true,3.60,68.220,source=fused:fused;speedReason=OK;derived=56.00;locationGapMs=935;callbackGapMs=935;fusion=GPS_IMU
LOCATION,1790413026629,29.7434567,52.4335383,160.000,true,3.57,68.093,source=fused:fused;speedReason=OK;derived=55.79;locationGapMs=1002;callbackGapMs=1002;fusion=GPS_IMU
LOCATION,1790413027657,29.7433317,52.4335917,159.000,true,3.54,67.962,source=fused:fused;speedReason=OK;derived=55.79;locationGapMs=1001;callbackGapMs=1001;fusion=GPS_IMU
LOCATION,1790413028631,29.7432117,52.4336450,157.000,true,3.52,67.829,source=fused:fused;speedReason=OK;derived=53.18;locationGapMs=1001;callbackGapMs=1001;fusion=GPS_IMU
LOCATION,1790413029631,29.7430850,52.4337017,158.000,true,3.52,67.645,source=fused:fused;speedReason=OK;derived=53.18;locationGapMs=998;callbackGapMs=998;fusion=GPS_IMU
LOCATION,1790413030707,29.7429567,52.4337550,160.000,true,3.50,67.446,source=fused:fused;speedReason=OK;derived=51.31;locationGapMs=1072;callbackGapMs=1072;fusion=GPS_IMU
LOCATION,1790413031643,29.7428317,52.4338067,159.000,true,3.50,67.282,source=fused:fused;speedReason=OK;derived=54.39;locationGapMs=934;callbackGapMs=934;fusion=GPS_IMU
LOCATION,1790413032636,29.7427083,52.4338567,158.000,true,3.50,67.177,source=fused:fused;speedReason=OK;derived=52.28;locationGapMs=999;callbackGapMs=999;fusion=GPS_IMU
LOCATION,1790413033632,29.7425733,52.4339117,159.000,true,3.50,67.057,source=fused:fused;speedReason=OK;derived=56.78;locationGapMs=998;callbackGapMs=998;fusion=GPS_IMU
LOCATION,1790413034632,29.7424317,52.4339700,160.000,true,3.50,66.940,source=fused:fused;speedReason=OK;derived=57.29;locationGapMs=999;callbackGapMs=999;fusion=GPS_IMU
LOCATION,1790413035640,29.7422900,52.4340217,162.000,true,3.50,66.862,source=fused:fused;speedReason=OK;derived=58.99;locationGapMs=1006;callbackGapMs=1006;fusion=GPS_IMU
LOCATION,1790413036643,29.7421617,52.4340717,159.000,true,3.50,66.779,source=fused:fused;speedReason=OK;derived=58.99;locationGapMs=998;callbackGapMs=998;fusion=GPS_IMU
LOCATION,1790413037640,29.7420233,52.4341283,160.000,true,3.50,66.681,source=fused:fused;speedReason=OK;derived=58.47;locationGapMs=1003;callbackGapMs=1003;fusion=GPS_IMU
LOCATION,1790413038632,29.7418800,52.4341833,162.000,true,3.50,66.592,source=fused:fused;speedReason=OK;derived=58.47;locationGapMs=995;callbackGapMs=995;fusion=GPS_IMU
LOCATION,1790413039639,29.7417400,52.4342333,160.000,true,3.48,66.495,source=fused:fused;speedReason=OK;derived=58.47;locationGapMs=1004;callbackGapMs=1004;fusion=GPS_IMU
LOCATION,1790413040638,29.7416117,52.4342850,159.000,true,3.46,66.378,source=fused:fused;speedReason=OK;derived=58.28;locationGapMs=1001;callbackGapMs=1001;fusion=GPS_IMU
LOCATION,1790413041708,29.7414817,52.4343383,160.000,true,3.45,66.234,source=fused:fused;speedReason=OK;derived=54.22;locationGapMs=1063;callbackGapMs=1063;fusion=GPS_IMU
LOCATION,1790413042639,29.7413500,52.4343900,159.000,true,3.42,66.092,source=fused:fused;speedReason=OK;derived=54.22;locationGapMs=936;callbackGapMs=936;fusion=GPS_IMU
LOCATION,1790413043642,29.7412200,52.4344433,160.000,true,3.40,65.960,source=fused:fused;speedReason=OK;derived=55.04;locationGapMs=1001;callbackGapMs=1001;fusion=GPS_IMU
LOCATION,1790413044637,29.7410900,52.4344983,159.000,true,3.40,65.840,source=fused:fused;speedReason=OK;derived=55.47;locationGapMs=997;callbackGapMs=997;fusion=GPS_IMU
LOCATION,1790413045638,29.7409617,52.4345517,160.000,true,3.38,65.721,source=fused:fused;speedReason=OK;derived=55.04;locationGapMs=1002;callbackGapMs=1002;fusion=GPS_IMU
LOCATION,1790413046637,29.7408300,52.4346083,158.000,true,3.36,65.600,source=fused:fused;speedReason=OK;derived=55.47;locationGapMs=999;callbackGapMs=999;fusion=GPS_IMU
LOCATION,1790413047708,29.7407033,52.4346683,157.000,true,3.35,65.490,source=fused:fused;speedReason=OK;derived=54.36;locationGapMs=1065;callbackGapMs=1065;fusion=GPS_IMU
LOCATION,1790413048640,29.7405733,52.4347267,157.000,true,3.34,65.397,source=fused:fused;speedReason=OK;derived=56.19;locationGapMs=937;callbackGapMs=937;fusion=GPS_IMU
LOCATION,1790413049638,29.7404450,52.4347833,157.000,true,3.34,65.286,source=fused:fused;speedReason=OK;derived=54.92;locationGapMs=999;callbackGapMs=999;fusion=GPS_IMU
LOCATION,1790413050641,29.7403167,52.4348383,158.000,true,3.36,65.194,source=fused:fused;speedReason=OK;derived=54.92;locationGapMs=1001;callbackGapMs=1001;fusion=GPS_IMU
LOCATION,1790413051641,29.7401950,52.4348900,157.000,true,3.38,65.099,source=fused:fused;speedReason=OK;derived=54.61;locationGapMs=1001;callbackGapMs=1001;fusion=GPS_IMU
LOCATION,1790413052638,29.7400767,52.4349400,159.000,true,3.40,65.004,source=fused:fused;speedReason=OK;derived=51.74;locationGapMs=997;callbackGapMs=997;fusion=GPS_IMU
LOCATION,1790413053720,29.7399533,52.4349850,159.000,true,3.40,64.887,source=fused:fused;speedReason=OK;derived=50.47;locationGapMs=1074;callbackGapMs=1074;fusion=GPS_IMU
LOCATION,1790413054642,29.7398333,52.4350317,158.000,true,3.40,64.745,source=fused:fused;speedReason=OK;derived=50.47;locationGapMs=930;callbackGapMs=930;fusion=GPS_IMU
LOCATION,1790413055630,29.7397117,52.4350783,159.000,true,3.40,64.597,source=fused:fused;speedReason=OK;derived=51.74;locationGapMs=989;callbackGapMs=989;fusion=GPS_IMU
LOCATION,1790413056593,29.7395883,52.4351300,157.000,true,3.40,64.439,source=fused:fused;speedReason=OK;derived=54.33;locationGapMs=965;callbackGapMs=965;fusion=GPS_IMU
LOCATION,1790413057632,29.7394667,52.4351817,159.000,true,3.40,64.319,source=fused:fused;speedReason=OK;derived=51.74;locationGapMs=1036;callbackGapMs=1036;fusion=GPS_IMU
LOCATION,1790413058639,29.7393433,52.4352350,159.000,true,3.40,64.219,source=fused:fused;speedReason=OK;derived=52.26;locationGapMs=1007;callbackGapMs=1007;fusion=GPS_IMU
LOCATION,1790413059709,29.7392183,52.4352917,158.000,true,3.40,64.124,source=fused:fused;speedReason=OK;derived=50.37;locationGapMs=1065;callbackGapMs=1065;fusion=GPS_IMU
LOCATION,1790413060640,29.7390983,52.4353467,158.000,true,3.40,64.021,source=fused:fused;speedReason=OK;derived=52.26;locationGapMs=936;callbackGapMs=936;fusion=GPS_IMU
LOCATION,1790413061641,29.7389783,52.4353967,159.000,true,3.40,63.895,source=fused:fused;speedReason=OK;derived=51.00;locationGapMs=999;callbackGapMs=999;fusion=GPS_IMU
LOCATION,1790413062636,29.7388533,52.4354517,159.000,true,3.40,63.745,source=fused:fused;speedReason=OK;derived=53.59;locationGapMs=997;callbackGapMs=997;fusion=GPS_IMU
LOCATION,1790413063632,29.7387283,52.4355100,158.000,true,3.38,63.616,source=fused:fused;speedReason=OK;derived=53.59;locationGapMs=997;callbackGapMs=997;fusion=GPS_IMU
LOCATION,1790413064620,29.7386100,52.4355650,158.000,true,3.37,63.529,source=fused:fused;speedReason=OK;derived=53.59;locationGapMs=988;callbackGapMs=988;fusion=GPS_IMU
LOCATION,1790413065710,29.7384867,52.4356167,161.000,true,3.35,63.414,source=fused:fused;speedReason=OK;derived=51.56;locationGapMs=1083;callbackGapMs=1083;fusion=GPS_IMU
LOCATION,1790413066637,29.7383633,52.4356717,159.000,true,3.32,63.288,source=fused:fused;speedReason=OK;derived=51.56;locationGapMs=933;callbackGapMs=933;fusion=GPS_IMU
LOCATION,1790413067642,29.7382383,52.4357233,160.000,true,3.26,63.195,source=fused:fused;speedReason=OK;derived=52.76;locationGapMs=1005;callbackGapMs=1005;fusion=GPS_IMU
LOCATION,1790413068616,29.7381250,52.4357733,158.000,true,3.25,63.089,source=fused:fused;speedReason=OK;derived=52.76;locationGapMs=975;callbackGapMs=975;fusion=GPS_IMU
LOCATION,1790413069621,29.7380067,52.4358283,158.000,true,3.20,62.931,source=fused:fused;speedReason=OK;derived=50.64;locationGapMs=1006;callbackGapMs=1006;fusion=GPS_IMU
LOCATION,1790413070626,29.7378967,52.4358817,159.000,true,3.18,62.789,source=fused:fused;speedReason=OK;derived=49.69;locationGapMs=1004;callbackGapMs=1004;fusion=GPS_IMU
LOCATION,1790413071703,29.7377983,52.4359367,154.000,true,3.15,62.620,source=fused:fused;speedReason=OK;derived=47.48;locationGapMs=1069;callbackGapMs=1069;fusion=GPS_IMU
LOCATION,1790413072640,29.7376950,52.4359950,153.000,true,3.12,62.457,source=fused:fused;speedReason=OK;derived=47.48;locationGapMs=944;callbackGapMs=944;fusion=GPS_IMU
LOCATION,1790413073639,29.7375883,52.4360550,153.000,true,3.10,62.310,source=fused:fused;speedReason=OK;derived=47.48;locationGapMs=999;callbackGapMs=999;fusion=GPS_IMU
LOCATION,1790413074595,29.7374733,52.4361083,158.000,true,3.12,62.241,source=fused:fused;speedReason=OK;derived=48.68;locationGapMs=959;callbackGapMs=959;fusion=GPS_IMU
LOCATION,1790413075632,29.7373533,52.4361600,160.000,true,3.14,62.166,source=fused:fused;speedReason=OK;derived=49.38;locationGapMs=1036;callbackGapMs=1036;fusion=GPS_IMU
LOCATION,1790413076640,29.7372367,52.4362217,155.000,true,3.18,62.096,source=fused:fused;speedReason=OK;derived=50.95;locationGapMs=1006;callbackGapMs=1006;fusion=GPS_IMU
LOCATION,1790413077642,29.7371200,52.4362900,153.000,true,3.20,62.048,source=fused:fused;speedReason=OK;derived=50.95;locationGapMs=996;callbackGapMs=996;fusion=GPS_IMU
LOCATION,1790413078638,29.7370083,52.4363550,153.000,true,3.25,61.973,source=fused:fused;speedReason=OK;derived=50.95;locationGapMs=1003;callbackGapMs=1003;fusion=GPS_IMU
LOCATION,1790413079641,29.7368950,52.4364267,151.000,true,3.32,61.906,source=fused:fused;speedReason=OK;derived=51.60;locationGapMs=1001;callbackGapMs=1001;fusion=GPS_IMU
LOCATION,1790413080639,29.7367800,52.4365017,151.000,true,3.36,61.828,source=fused:fused;speedReason=OK;derived=51.60;locationGapMs=999;callbackGapMs=999;fusion=GPS_IMU
LOCATION,1790413081639,29.7366667,52.4365783,150.000,true,3.37,61.769,source=fused:fused;speedReason=OK;derived=52.55;locationGapMs=999;callbackGapMs=999;fusion=GPS_IMU
LOCATION,1790413082714,29.7365500,52.4366567,151.000,true,3.40,61.700,source=fused:fused;speedReason=OK;derived=52.55;locationGapMs=1069;callbackGapMs=1069;fusion=GPS_IMU
LOCATION,1790413083635,29.7364333,52.4367317,151.000,true,3.42,61.625,source=fused:fused;speedReason=OK;derived=52.55;locationGapMs=929;callbackGapMs=929;fusion=GPS_IMU
LOCATION,1790413084637,29.7363133,52.4368000,153.000,true,3.44,61.557,source=fused:fused;speedReason=OK;derived=53.47;locationGapMs=1000;callbackGapMs=1000;fusion=GPS_IMU
LOCATION,1790413085641,29.7361950,52.4368650,153.000,true,3.46,61.467,source=fused:fused;speedReason=OK;derived=53.47;locationGapMs=1005;callbackGapMs=1005;fusion=GPS_IMU
LOCATION,1790413086637,29.7360750,52.4369300,154.000,true,3.48,61.404,source=fused:fused;speedReason=OK;derived=53.18;locationGapMs=996;callbackGapMs=996;fusion=GPS_IMU
LOCATION,1790413087633,29.7359467,52.4370000,153.000,true,3.48,61.350,source=fused:fused;speedReason=OK;derived=53.18;locationGapMs=997;callbackGapMs=997;fusion=GPS_IMU
LOCATION,1790413088719,29.7358250,52.4370733,150.000,true,3.50,61.287,source=fused:fused;speedReason=OK;derived=53.18;locationGapMs=1077;callbackGapMs=1077;fusion=GPS_IMU
LOCATION,1790413089639,29.7357067,52.4371483,150.000,true,3.50,61.240,source=fused:fused;speedReason=OK;derived=56.88;locationGapMs=928;callbackGapMs=928;fusion=GPS_IMU
LOCATION,1790413090639,29.7355800,52.4372167,153.000,true,3.50,61.184,source=fused:fused;speedReason=OK;derived=56.00;locationGapMs=998;callbackGapMs=998;fusion=GPS_IMU
LOCATION,1790413091641,29.7354567,52.4372850,153.000,true,3.50,61.117,source=fused:fused;speedReason=OK;derived=56.00;locationGapMs=1003;callbackGapMs=1003;fusion=GPS_IMU
LOCATION,1790413092639,29.7353350,52.4373450,156.000,true,3.50,61.035,source=fused:fused;speedReason=OK;derived=54.49;locationGapMs=1000;callbackGapMs=1000;fusion=GPS_IMU
LOCATION,1790413093637,29.7351900,52.4374017,155.000,true,3.50,60.928,source=fused:fused;speedReason=OK;derived=54.49;locationGapMs=997;callbackGapMs=997;fusion=GPS_IMU
LOCATION,1790413094713,29.7350517,52.4374550,158.000,true,3.50,60.846,source=fused:fused;speedReason=OK;derived=54.11;locationGapMs=1076;callbackGapMs=1076;fusion=GPS_IMU
LOCATION,1790413095639,29.7349300,52.4375117,154.000,true,3.50,60.757,source=fused:fused;speedReason=OK;derived=56.62;locationGapMs=926;callbackGapMs=926;fusion=GPS_IMU
LOCATION,1790413096592,29.7348167,52.4375700,155.000,true,3.50,60.718,source=fused:fused;speedReason=OK;derived=54.11;locationGapMs=957;callbackGapMs=957;fusion=GPS_IMU
LOCATION,1790413097632,29.7347067,52.4376333,152.000,true,3.50,60.646,source=fused:fused;speedReason=OK;derived=51.79;locationGapMs=1039;callbackGapMs=1039;fusion=GPS_IMU
LOCATION,1790413098631,29.7345867,52.4376967,155.000,true,3.50,60.548,source=fused:fused;speedReason=OK;derived=51.79;locationGapMs=996;callbackGapMs=996;fusion=GPS_IMU
LOCATION,1790413099633,29.7344717,52.4377617,151.000,true,3.50,60.436,source=fused:fused;speedReason=OK;derived=51.02;locationGapMs=1003;callbackGapMs=1003;fusion=GPS_IMU
LOCATION,1790413100704,29.7343533,52.4378283,153.000,true,3.50,60.333,source=fused:fused;speedReason=OK;derived=51.02;locationGapMs=1072;callbackGapMs=1072;fusion=GPS_IMU
LOCATION,1790413101641,29.7342433,52.4378917,154.000,true,3.50,60.241,source=fused:fused;speedReason=OK;derived=51.02;locationGapMs=929;callbackGapMs=929;fusion=GPS_IMU
LOCATION,1790413102641,29.7341250,52.4379617,152.000,true,3.50,60.147,source=fused:fused;speedReason=OK;derived=52.89;locationGapMs=1000;callbackGapMs=1000;fusion=GPS_IMU
LOCATION,1790413103636,29.7340083,52.4380367,151.000,true,3.50,60.083,source=fused:fused;speedReason=OK;derived=53.13;locationGapMs=1002;callbackGapMs=1002;fusion=GPS_IMU
LOCATION,1790413104640,29.7338933,52.4381067,153.000,true,3.52,60.007,source=fused:fused;speedReason=OK;derived=53.13;locationGapMs=1003;callbackGapMs=1003;fusion=GPS_IMU
LOCATION,1790413105633,29.7337800,52.4381733,154.000,true,3.54,59.927,source=fused:fused;speedReason=OK;derived=51.81;locationGapMs=994;callbackGapMs=994;fusion=GPS_IMU
LOCATION,1790413106697,29.7336667,52.4382400,152.000,true,3.55,59.839,source=fused:fused;speedReason=OK;derived=51.12;locationGapMs=1057;callbackGapMs=1057;fusion=GPS_IMU
LOCATION,1790413107635,29.7335533,52.4383083,153.000,true,3.57,59.751,source=fused:fused;speedReason=OK;derived=51.12;locationGapMs=944;callbackGapMs=944;fusion=GPS_IMU
LOCATION,1790413108642,29.7334433,52.4383750,152.000,true,3.60,59.679,source=fused:fused;speedReason=OK;derived=49.56;locationGapMs=1002;callbackGapMs=1002;fusion=GPS_IMU
LOCATION,1790413109638,29.7333333,52.4384433,151.000,true,3.60,59.594,source=fused:fused;speedReason=OK;derived=49.83;locationGapMs=1002;callbackGapMs=1002;fusion=GPS_IMU
LOCATION,1790413110639,29.7332250,52.4385133,152.000,true,3.60,59.494,source=fused:fused;speedReason=OK;derived=49.57;locationGapMs=1001;callbackGapMs=1001;fusion=GPS_IMU
LOCATION,1790413111636,29.7331133,52.4385833,151.000,true,3.60,59.411,source=fused:fused;speedReason=OK;derived=49.83;locationGapMs=995;callbackGapMs=995;fusion=GPS_IMU
LOCATION,1790413112698,29.7329983,52.4386550,153.000,true,3.60,59.315,source=fused:fused;speedReason=OK;derived=49.57;locationGapMs=1060;callbackGapMs=1060;fusion=GPS_IMU
LOCATION,1790413113643,29.7328800,52.4387267,150.000,true,3.60,59.246,source=fused:fused;speedReason=OK;derived=51.06;locationGapMs=943;callbackGapMs=943;fusion=GPS_IMU
LOCATION,1790413114643,29.7327683,52.4388000,150.000,true,3.60,59.200,source=fused:fused;speedReason=OK;derived=51.16;locationGapMs=1004;callbackGapMs=1004;fusion=GPS_IMU
LOCATION,1790413115640,29.7326533,52.4388700,152.000,true,3.60,59.162,source=fused:fused;speedReason=OK;derived=52.12;locationGapMs=997;callbackGapMs=997;fusion=GPS_IMU
LOCATION,1790413116638,29.7325367,52.4389367,153.000,true,3.60,59.128,source=fused:fused;speedReason=OK;derived=52.01;locationGapMs=1000;callbackGapMs=1000;fusion=GPS_IMU
LOCATION,1790413117635,29.7324133,52.4390050,153.000,true,3.60,59.107,source=fused:fused;speedReason=OK;derived=52.12;locationGapMs=998;callbackGapMs=998;fusion=GPS_IMU
LOCATION,1790413118643,29.7322867,52.4390800,152.000,true,3.62,59.089,source=fused:fused;speedReason=OK;derived=54.80;locationGapMs=1000;callbackGapMs=1000;fusion=GPS_IMU
LOCATION,1790413119643,29.7321583,52.4391550,151.000,true,3.63,59.082,source=fused:fused;speedReason=OK;derived=56.87;locationGapMs=1002;callbackGapMs=1002;fusion=GPS_IMU
LOCATION,1790413120633,29.7320367,52.4392233,153.000,true,3.65,59.074,source=fused:fused;speedReason=OK;derived=56.87;locationGapMs=995;callbackGapMs=995;fusion=GPS_IMU
LOCATION,1790413121637,29.7319117,52.4392983,151.000,true,3.68,59.052,source=fused:fused;speedReason=OK;derived=56.19;locationGapMs=1002;callbackGapMs=1002;fusion=GPS_IMU
LOCATION,1790413122635,29.7317883,52.4393700,153.000,true,3.70,59.018,source=fused:fused;speedReason=OK;derived=55.21;locationGapMs=1000;callbackGapMs=1000;fusion=GPS_IMU
LOCATION,1790413123642,29.7316683,52.4394383,153.000,true,3.70,58.973,source=fused:fused;speedReason=OK;derived=55.21;locationGapMs=1000;callbackGapMs=1000;fusion=GPS_IMU
LOCATION,1790413124633,29.7315450,52.4395017,157.000,true,3.70,58.929,source=fused:fused;speedReason=OK;derived=53.98;locationGapMs=999;callbackGapMs=999;fusion=GPS_IMU
LOCATION,1790413125645,29.7314183,52.4395700,154.000,true,3.70,58.889,source=fused:fused;speedReason=OK;derived=53.98;locationGapMs=1005;callbackGapMs=1005;fusion=GPS_IMU
LOCATION,1790413126703,29.7312983,52.4396400,154.000,true,3.72,58.845,source=fused:fused;speedReason=OK;derived=53.98;locationGapMs=1064;callbackGapMs=1064;fusion=GPS_IMU
LOCATION,1790413127639,29.7311767,52.4397100,153.000,true,3.74,58.811,source=fused:fused;speedReason=OK;derived=55.60;locationGapMs=935;callbackGapMs=935;fusion=GPS_IMU
LOCATION,1790413128642,29.7310533,52.4397850,152.000,true,3.75,58.776,source=fused:fused;speedReason=OK;derived=55.85;locationGapMs=998;callbackGapMs=998;fusion=GPS_IMU
LOCATION,1790413129633,29.7309350,52.4398550,153.000,true,3.77,58.739,source=fused:fused;speedReason=OK;derived=55.85;locationGapMs=997;callbackGapMs=997;fusion=GPS_IMU
LOCATION,1790413130630,29.7308033,52.4399267,153.000,true,3.78,58.710,source=fused:fused;speedReason=OK;derived=55.85;locationGapMs=997;callbackGapMs=997;fusion=GPS_IMU
LOCATION,1790413131637,29.7306683,52.4400000,154.000,true,3.80,58.684,source=fused:fused;speedReason=OK;derived=58.36;locationGapMs=1002;callbackGapMs=1002;fusion=GPS_IMU
LOCATION,1790413132699,29.7305400,52.4400683,153.000,true,3.80,58.658,source=fused:fused;speedReason=OK;derived=58.36;locationGapMs=1067;callbackGapMs=1067;fusion=GPS_IMU
LOCATION,1790413133644,29.7304083,52.4401400,152.000,true,3.80,58.612,source=fused:fused;speedReason=OK;derived=59.50;locationGapMs=939;callbackGapMs=939;fusion=GPS_IMU
LOCATION,1790413134632,29.7302817,52.4402150,150.000,true,3.78,58.543,source=fused:fused;speedReason=OK;derived=57.22;locationGapMs=994;callbackGapMs=994;fusion=GPS_IMU
LOCATION,1790413135636,29.7301567,52.4402900,149.000,true,3.76,58.491,source=fused:fused;speedReason=OK;derived=57.22;locationGapMs=1004;callbackGapMs=1004;fusion=GPS_IMU
LOCATION,1790413136621,29.7300300,52.4403633,152.000,true,3.75,58.430,source=fused:fused;speedReason=OK;derived=57.22;locationGapMs=986;callbackGapMs=986;fusion=GPS_IMU
LOCATION,1790413137641,29.7299117,52.4404350,149.000,true,3.70,58.369,source=fused:fused;speedReason=OK;derived=56.08;locationGapMs=1012;callbackGapMs=1012;fusion=GPS_IMU
LOCATION,1790413138716,29.7298117,52.4404983,152.000,true,3.66,58.277,source=fused:fused;speedReason=OK;derived=52.77;locationGapMs=1076;callbackGapMs=1076;fusion=GPS_IMU
LOCATION,1790413139635,29.7297067,52.4405517,157.000,true,3.64,58.163,source=fused:fused;speedReason=OK;derived=49.56;locationGapMs=925;callbackGapMs=925;fusion=GPS_IMU
LOCATION,1790413140640,29.7296117,52.4406083,152.000,true,3.62,58.013,source=fused:fused;speedReason=OK;derived=42.60;locationGapMs=1003;callbackGapMs=1003;fusion=GPS_IMU
LOCATION,1790413141637,29.7295100,52.4406700,152.000,true,3.60,57.867,source=fused:fused;speedReason=OK;derived=45.97;locationGapMs=999;callbackGapMs=999;fusion=GPS_IMU
LOCATION,1790413142645,29.7294083,52.4407367,150.000,true,3.60,57.761,source=fused:fused;speedReason=OK;derived=45.97;locationGapMs=1002;callbackGapMs=1002;fusion=GPS_IMU
LOCATION,1790413143642,29.7293050,52.4408000,154.000,true,3.60,57.657,source=fused:fused;speedReason=OK;derived=46.67;locationGapMs=1001;callbackGapMs=1001;fusion=GPS_IMU
LOCATION,1790413144706,29.7291983,52.4408617,153.000,true,3.58,57.555,source=fused:fused;speedReason=OK;derived=46.67;locationGapMs=1060;callbackGapMs=1060;fusion=GPS_IMU
LOCATION,1790413145626,29.7290917,52.4409267,150.000,true,3.57,57.444,source=fused:fused;speedReason=OK;derived=46.70;locationGapMs=925;callbackGapMs=925;fusion=GPS_IMU
LOCATION,1790413146640,29.7289883,52.4409900,150.000,true,3.54,57.334,source=fused:fused;speedReason=OK;derived=46.09;locationGapMs=1015;callbackGapMs=1015;fusion=GPS_IMU
LOCATION,1790413147644,29.7288933,52.4410550,148.000,true,3.52,57.217,source=fused:fused;speedReason=OK;derived=46.09;locationGapMs=999;callbackGapMs=999;fusion=GPS_IMU
LOCATION,1790413148640,29.7287983,52.4411200,150.000,true,3.52,57.079,source=fused:fused;speedReason=OK;derived=44.20;locationGapMs=1000;callbackGapMs=1000;fusion=GPS_IMU
LOCATION,1790413149637,29.7287017,52.4411817,152.000,true,3.50,56.982,source=fused:fused;speedReason=OK;derived=44.20;locationGapMs=997;callbackGapMs=997;fusion=GPS_IMU
LOCATION,1790413150634,29.7286133,52.4412400,152.000,true,3.50,56.857,source=fused:fused;speedReason=OK;derived=44.16;locationGapMs=992;callbackGapMs=992;fusion=GPS_IMU
LOCATION,1790413151689,29.7285233,52.4413000,151.000,true,3.50,56.715,source=fused:fused;speedReason=OK;derived=41.03;locationGapMs=1057;callbackGapMs=1057;fusion=GPS_IMU
LOCATION,1790413152647,29.7284300,52.4413633,150.000,true,3.50,56.560,source=fused:fused;speedReason=OK;derived=41.03;locationGapMs=955;callbackGapMs=955;fusion=GPS_IMU
LOCATION,1790413153635,29.7283283,52.4414250,152.000,true,3.50,56.474,source=fused:fused;speedReason=OK;derived=45.31;locationGapMs=994;callbackGapMs=994;fusion=GPS_IMU
LOCATION,1790413154591,29.7282150,52.4414917,152.000,true,3.50,56.365,source=fused:fused;speedReason=OK;derived=46.20;locationGapMs=958;callbackGapMs=958;fusion=GPS_IMU
LOCATION,1790413155627,29.7281067,52.4415533,153.000,true,3.50,56.287,source=fused:fused;speedReason=OK;derived=46.66;locationGapMs=1034;callbackGapMs=1034;fusion=GPS_IMU
LOCATION,1790413156639,29.7280033,52.4416133,152.000,true,3.50,56.189,source=fused:fused;speedReason=OK;derived=46.66;locationGapMs=1008;callbackGapMs=1008;fusion=GPS_IMU
LOCATION,1790413157703,29.7279050,52.4416750,150.000,true,3.50,56.082,source=fused:fused;speedReason=OK;derived=45.89;locationGapMs=1064;callbackGapMs=1064;fusion=GPS_IMU
LOCATION,1790413158635,29.7278033,52.4417450,150.000,true,3.50,55.967,source=fused:fused;speedReason=OK;derived=45.89;locationGapMs=936;callbackGapMs=936;fusion=GPS_IMU
LOCATION,1790413159637,29.7277000,52.4418100,152.000,true,3.50,55.839,source=fused:fused;speedReason=OK;derived=46.94;locationGapMs=1002;callbackGapMs=1002;fusion=GPS_IMU
LOCATION,1790413160635,29.7276017,52.4418733,152.000,true,3.50,55.723,source=fused:fused;speedReason=OK;derived=46.94;locationGapMs=999;callbackGapMs=999;fusion=GPS_IMU
LOCATION,1790413161641,29.7275067,52.4419300,154.000,true,3.50,55.573,source=fused:fused;speedReason=OK;derived=45.04;locationGapMs=1000;callbackGapMs=1000;fusion=GPS_IMU
LOCATION,1790413162634,29.7274217,52.4419817,154.000,true,3.50,55.382,source=fused:fused;speedReason=OK;derived=42.75;locationGapMs=998;callbackGapMs=998;fusion=GPS_IMU
LOCATION,1790413163646,29.7273433,52.4420383,149.000,true,3.50,55.171,source=fused:fused;speedReason=OK;derived=38.48;locationGapMs=1005;callbackGapMs=1005;fusion=GPS_IMU
LOCATION,1790413164636,29.7272667,52.4420967,147.000,true,3.50,54.938,source=fused:fused;speedReason=OK;derived=36.83;locationGapMs=997;callbackGapMs=997;fusion=GPS_IMU
LOCATION,1790413165637,29.7271950,52.4421517,151.000,true,3.48,54.669,source=fused:fused;speedReason=OK;derived=36.79;locationGapMs=1001;callbackGapMs=1001;fusion=GPS_IMU
LOCATION,1790413166640,29.7271267,52.4421983,148.000,true,3.46,54.469,source=fused:fused;speedReason=OK;derived=34.40;locationGapMs=1000;callbackGapMs=1000;fusion=GPS_IMU
LOCATION,1790413167641,29.7270567,52.4422433,148.000,true,3.46,54.274,source=fused:fused;speedReason=OK;derived=31.90;locationGapMs=1004;callbackGapMs=1004;fusion=GPS_IMU
LOCATION,1790413168704,29.7269733,52.4422783,152.000,true,3.47,54.063,source=fused:fused;speedReason=OK;derived=31.90;locationGapMs=1059;callbackGapMs=1059;fusion=GPS_IMU
LOCATION,1790413169640,29.7268867,52.4423133,156.000,true,3.46,53.859,source=fused:fused;speedReason=OK;derived=33.47;locationGapMs=939;callbackGapMs=939;fusion=GPS_IMU
LOCATION,1790413170634,29.7268067,52.4423333,163.000,true,3.48,53.660,source=fused:fused;speedReason=OK;derived=33.47;locationGapMs=997;callbackGapMs=997;fusion=GPS_IMU
LOCATION,1790413171645,29.7267317,52.4423633,163.000,true,3.47,53.424,source=fused:fused;speedReason=OK;derived=32.77;locationGapMs=1004;callbackGapMs=1004;fusion=GPS_IMU
LOCATION,1790413172635,29.7266583,52.4424050,162.000,true,3.46,53.167,source=fused:fused;speedReason=OK;derived=32.77;locationGapMs=995;callbackGapMs=995;fusion=GPS_IMU
LOCATION,1790413173617,29.7265883,52.4424383,157.000,true,3.45,52.915,source=fused:fused;speedReason=OK;derived=31.57;locationGapMs=984;callbackGapMs=984;fusion=GPS_IMU
LOCATION,1790413174708,29.7265233,52.4424750,156.000,true,3.43,52.628,source=fused:fused;speedReason=OK;derived=30.74;locationGapMs=1084;callbackGapMs=1084;fusion=GPS_IMU
LOCATION,1790413175637,29.7264633,52.4425117,155.000,true,3.40,52.386,source=fused:fused;speedReason=OK;derived=29.06;locationGapMs=934;callbackGapMs=934;fusion=GPS_IMU
LOCATION,1790413176586,29.7264133,52.4425533,154.000,true,3.40,52.135,source=fused:fused;speedReason=OK;derived=26.68;locationGapMs=952;callbackGapMs=952;fusion=GPS_IMU
LOCATION,1790413177602,29.7263633,52.4425967,152.000,true,3.40,51.898,source=fused:fused;speedReason=OK;derived=25.90;locationGapMs=1011;callbackGapMs=1011;fusion=GPS_IMU
LOCATION,1790413178596,29.7263050,52.4426450,153.000,true,3.42,51.727,source=fused:fused;speedReason=OK;derived=25.90;locationGapMs=1000;callbackGapMs=1000;fusion=GPS_IMU
LOCATION,1790413179587,29.7262433,52.4426983,151.000,true,3.43,51.646,source=fused:fused;speedReason=OK;derived=28.71;locationGapMs=992;callbackGapMs=992;fusion=GPS_IMU
LOCATION,1790413180598,29.7261733,52.4427600,148.000,true,3.47,51.596,source=fused:fused;speedReason=OK;derived=31.08;locationGapMs=1006;callbackGapMs=1006;fusion=GPS_IMU
LOCATION,1790413181588,29.7261183,52.4428433,145.000,true,3.48,51.519,source=fused:fused;speedReason=OK;derived=35.03;locationGapMs=994;callbackGapMs=994;fusion=GPS_IMU
LOCATION,1790413182593,29.7260583,52.4429000,147.000,true,3.52,51.452,source=fused:fused;speedReason=OK;derived=35.03;locationGapMs=1005;callbackGapMs=1005;fusion=GPS_IMU
LOCATION,1790413183623,29.7259783,52.4429633,147.000,true,3.56,51.355,source=fused:fused;speedReason=OK;derived=36.60;locationGapMs=1022;callbackGapMs=1022;fusion=GPS_IMU
LOCATION,1790413184618,29.7258900,52.4430400,146.000,true,3.58,51.278,source=fused:fused;speedReason=OK;derived=37.96;locationGapMs=1001;callbackGapMs=1001;fusion=GPS_IMU
LOCATION,1790413185626,29.7258000,52.4431117,148.000,true,3.56,51.189,source=fused:fused;speedReason=OK;derived=43.57;locationGapMs=1004;callbackGapMs=1004;fusion=GPS_IMU
LOCATION,1790413186625,29.7257050,52.4431650,152.000,true,3.56,51.114,source=fused:fused;speedReason=OK;derived=43.57;locationGapMs=1001;callbackGapMs=1001;fusion=GPS_IMU
LOCATION,1790413187625,29.7256183,52.4432167,151.000,true,3.54,50.989,source=fused:fused;speedReason=OK;derived=42.17;locationGapMs=1002;callbackGapMs=1002;fusion=GPS_IMU
LOCATION,1790413188636,29.7255467,52.4432750,150.000,true,3.52,50.842,source=fused:fused;speedReason=OK;derived=38.93;locationGapMs=1003;callbackGapMs=1003;fusion=GPS_IMU
LOCATION,1790413189628,29.7254683,52.4433317,150.000,true,3.50,50.683,source=fused:fused;speedReason=OK;derived=37.15;locationGapMs=996;callbackGapMs=996;fusion=GPS_IMU
LOCATION,1790413190648,29.7253933,52.4433883,148.000,true,3.50,50.539,source=fused:fused;speedReason=OK;derived=35.31;locationGapMs=1015;callbackGapMs=1015;fusion=GPS_IMU
LOCATION,1790413191695,29.7253200,52.4434433,152.000,true,3.50,50.428,source=fused:fused;speedReason=OK;derived=35.31;locationGapMs=1051;callbackGapMs=1051;fusion=GPS_IMU
LOCATION,1790413192634,29.7252250,52.4435083,150.000,true,3.50,50.298,source=fused:fused;speedReason=OK;derived=35.31;locationGapMs=942;callbackGapMs=942;fusion=GPS_IMU
LOCATION,1790413193641,29.7251233,52.4435717,149.000,true,3.50,50.203,source=fused:fused;speedReason=OK;derived=46.11;locationGapMs=1002;callbackGapMs=1002;fusion=GPS_IMU
LOCATION,1790413194627,29.7250133,52.4436450,148.000,true,3.50,50.125,source=fused:fused;speedReason=OK;derived=46.87;locationGapMs=991;callbackGapMs=991;fusion=GPS_IMU
LOCATION,1790413195632,29.7249033,52.4437183,149.000,true,3.50,50.094,source=fused:fused;speedReason=OK;derived=50.53;locationGapMs=1005;callbackGapMs=1005;fusion=GPS_IMU
LOCATION,1790413196619,29.7247883,52.4437967,147.000,true,3.50,50.079,source=fused:fused;speedReason=OK;derived=51.24;locationGapMs=983;callbackGapMs=983;fusion=GPS_IMU
LOCATION,1790413197684,29.7246817,52.4438717,148.000,true,3.50,50.062,source=fused:fused;speedReason=OK;derived=50.53;locationGapMs=1069;callbackGapMs=1069;fusion=GPS_IMU
LOCATION,1790413198642,29.7245733,52.4439517,149.000,true,3.48,50.048,source=fused:fused;speedReason=OK;derived=54.16;locationGapMs=950;callbackGapMs=950;fusion=GPS_IMU
LOCATION,1790413199630,29.7244600,52.4440350,148.000,true,3.47,50.038,source=fused:fused;speedReason=OK;derived=54.15;locationGapMs=992;callbackGapMs=992;fusion=GPS_IMU
LOCATION,1790413200639,29.7243483,52.4441117,149.000,true,3.44,50.052,source=fused:fused;speedReason=OK;derived=54.15;locationGapMs=1014;callbackGapMs=1014;fusion=GPS_IMU
LOCATION,1790413201636,29.7242367,52.4441867,150.000,true,3.44,50.065,source=fused:fused;speedReason=OK;derived=51.84;locationGapMs=996;callbackGapMs=996;fusion=GPS_IMU
LOCATION,1790413202627,29.7241217,52.4442583,150.000,true,3.44,50.064,source=fused:fused;speedReason=OK;derived=51.84;locationGapMs=993;callbackGapMs=993;fusion=GPS_IMU
LOCATION,1790413203706,29.7240217,52.4443267,150.000,true,3.45,50.062,source=fused:fused;speedReason=OK;derived=51.84;locationGapMs=1065;callbackGapMs=1065;fusion=GPS_IMU
LOCATION,1790413204630,29.7239217,52.4443883,150.000,true,3.48,50.025,source=fused:fused;speedReason=OK;derived=48.35;locationGapMs=937;callbackGapMs=937;fusion=GPS_IMU
LOCATION,1790413205633,29.7238250,52.4444467,152.000,true,3.50,49.992,source=fused:fused;speedReason=OK;derived=43.64;locationGapMs=1002;callbackGapMs=1002;fusion=GPS_IMU
LOCATION,1790413206609,29.7237333,52.4445017,152.000,true,3.55,49.960,source=fused:fused;speedReason=OK;derived=43.53;locationGapMs=978;callbackGapMs=978;fusion=GPS_IMU
LOCATION,1790413207612,29.7236450,52.4445567,151.000,true,3.60,49.928,source=fused:fused;speedReason=OK;derived=42.23;locationGapMs=1003;callbackGapMs=1003;fusion=GPS_IMU
LOCATION,1790413208645,29.7235600,52.4446083,151.000,true,3.68,49.896,source=fused:fused;speedReason=OK;derived=39.99;locationGapMs=1034;callbackGapMs=1034;fusion=GPS_IMU
LOCATION,1790413209680,29.7234700,52.4446533,153.000,true,3.80,49.864,source=fused:fused;speedReason=OK;derived=38.27;locationGapMs=1024;callbackGapMs=1024;fusion=GPS_IMU
LOCATION,1790413210618,29.7233917,52.4447150,152.000,true,3.95,49.842,source=fused:fused;speedReason=OK;derived=38.27;locationGapMs=948;callbackGapMs=948;fusion=GPS_IMU
LOCATION,1790413211630,29.7233050,52.4447767,150.000,true,4.18,49.810,source=fused:fused;speedReason=OK;derived=40.00;locationGapMs=1011;callbackGapMs=1011;fusion=GPS_IMU
LOCATION,1790413212625,29.7232250,52.4448283,152.000,true,4.36,49.778,source=fused:fused;speedReason=OK;derived=40.00;locationGapMs=995;callbackGapMs=995;fusion=GPS_IMU
LOCATION,1790413213623,29.7231333,52.4448683,156.000,true,4.54,49.750,source=fused:fused;speedReason=OK;derived=39.23;locationGapMs=998;callbackGapMs=998;fusion=GPS_IMU
LOCATION,1790413214626,29.7230417,52.4449100,158.000,true,4.70,49.719,source=fused:fused;speedReason=OK;derived=39.22;locationGapMs=1003;callbackGapMs=1003;fusion=GPS_IMU
LOCATION,1790413215630,29.7229883,52.4449233,162.000,true,4.80,49.685,source=fused:fused;speedReason=OK;derived=39.22;locationGapMs=995;callbackGapMs=995;fusion=GPS_IMU
LOCATION,1790413216624,29.7229200,52.4449417,163.000,true,4.82,49.657,source=fused:fused;speedReason=OK;derived=27.94;locationGapMs=1002;callbackGapMs=1002;fusion=GPS_IMU
LOCATION,1790413217624,29.7228467,52.4449517,166.000,true,4.94,49.627,source=fused:fused;speedReason=OK;derived=27.94;locationGapMs=1002;callbackGapMs=1002;fusion=GPS_IMU
LOCATION,1790413218622,29.7228083,52.4449367,170.000,true,4.95,49.601,source=fused:fused;speedReason=OK;derived=27.94;locationGapMs=997;callbackGapMs=997;fusion=GPS_IMU
LOCATION,1790413219623,29.7227533,52.4449167,175.000,true,4.97,49.571,source=fused:fused;speedReason=OK;derived=23.03;locationGapMs=1000;callbackGapMs=1000;fusion=GPS_IMU
LOCATION_ONLY,1790413220709,29.7227150,52.4448667,182.000,true,5.00,49.502,source=fused:fused;speedReason=POOR_SPEED_ACCURACY;derived=21.51;locationGapMs=1077;callbackGapMs=1077;fusion=GPS_IMU
LOCATION_ONLY,1790413221619,29.7226550,52.4447983,192.000,true,5.04,49.437,source=fused:fused;speedReason=POOR_SPEED_ACCURACY;derived=23.03;locationGapMs=920;callbackGapMs=920;fusion=GPS_IMU
LOCATION,1790413222617,29.7226467,52.4447083,202.000,true,5.06,49.406,source=fused:fused;speedReason=OK;derived=31.55;locationGapMs=999;callbackGapMs=999;fusion=GPS_IMU
LOCATION,1790413223622,29.7226183,52.4446017,215.000,true,5.06,49.358,source=fused:fused;speedReason=OK;derived=36.71;locationGapMs=1004;callbackGapMs=1004;fusion=GPS_IMU
LOCATION,1790413224622,29.7226067,52.4444800,228.000,true,5.02,49.307,source=fused:fused;speedReason=OK;derived=38.67;locationGapMs=1000;callbackGapMs=1000;fusion=GPS_IMU
LOCATION,1790413225618,29.7226083,52.4443783,236.000,true,4.97,49.250,source=fused:fused;speedReason=OK;derived=38.67;locationGapMs=997;callbackGapMs=997;fusion=GPS_IMU
LOCATION,1790413226698,29.7226117,52.4443017,239.000,true,4.86,49.193,source=fused:fused;speedReason=OK;derived=35.54;locationGapMs=1069;callbackGapMs=1069;fusion=GPS_IMU
LOCATION,1790413227622,29.7226300,52.4442167,252.000,true,4.78,49.129,source=fused:fused;speedReason=OK;derived=32.65;locationGapMs=934;callbackGapMs=934;fusion=GPS_IMU
LOCATION,1790413228630,29.7226383,52.4441467,259.000,true,4.76,49.067,source=fused:fused;speedReason=OK;derived=24.99;locationGapMs=1007;callbackGapMs=1007;fusion=GPS_IMU
LOCATION_ONLY,1790413229627,29.7226333,52.4440917,282.000,true,4.90,49.006,source=fused:fused;speedReason=POOR_SPEED_ACCURACY;derived=24.43;locationGapMs=997;callbackGapMs=997;fusion=GPS_IMU
LOCATION_ONLY,1790413230625,29.7226583,52.4440633,313.000,true,5.08,48.933,source=fused:fused;speedReason=POOR_SPEED_ACCURACY;derived=19.32;locationGapMs=1000;callbackGapMs=1000;fusion=GPS_IMU
LOCATION_ONLY,1790413231627,29.7227467,52.4440400,343.000,true,5.24,48.860,source=fused:fused;speedReason=POOR_SPEED_ACCURACY;derived=19.32;locationGapMs=1002;callbackGapMs=1002;fusion=GPS_IMU
LOCATION_ONLY,1790413232690,29.7228550,52.4440667,356.000,true,5.25,48.829,source=fused:fused;speedReason=POOR_SPEED_ACCURACY;derived=36.13;locationGapMs=1051;callbackGapMs=1051;fusion=GPS_IMU
LOCATION,1790413233629,29.7229717,52.4441467,10.000,true,5.38,48.766,source=fused:fused;speedReason=OK;derived=42.06;locationGapMs=950;callbackGapMs=950;fusion=GPS_IMU
LOCATION,1790413234622,29.7230517,52.4442633,21.000,true,5.24,48.718,source=fused:fused;speedReason=OK;derived=52.02;locationGapMs=993;callbackGapMs=993;fusion=GPS_IMU
LOCATION,1790413235623,29.7231733,52.4443383,25.000,true,5.13,48.676,source=fused:fused;speedReason=OK;derived=55.11;locationGapMs=1000;callbackGapMs=1000;fusion=GPS_IMU
LOCATION,1790413236627,29.7232650,52.4444300,35.000,true,4.84,48.638,source=fused:fused;speedReason=OK;derived=52.02;locationGapMs=1007;callbackGapMs=1007;fusion=GPS_IMU
LOCATION,1790413237619,29.7233650,52.4445350,41.000,true,4.68,48.588,source=fused:fused;speedReason=OK;derived=54.68;locationGapMs=990;callbackGapMs=990;fusion=GPS_IMU
LOCATION,1790413238708,29.7234617,52.4446483,47.000,true,4.63,48.539,source=fused:fused;speedReason=OK;derived=51.34;locationGapMs=1075;callbackGapMs=1075;fusion=GPS_IMU
LOCATION,1790413239632,29.7235500,52.4447617,49.000,true,4.52,48.502,source=fused:fused;speedReason=OK;derived=54.68;locationGapMs=938;callbackGapMs=938;fusion=GPS_IMU
LOCATION,1790413240632,29.7236317,52.4448900,53.000,true,4.40,48.453,source=fused:fused;speedReason=OK;derived=55.32;locationGapMs=1000;callbackGapMs=1000;fusion=GPS_IMU
LOCATION,1790413241631,29.7237233,52.4450250,53.000,true,4.38,48.435,source=fused:fused;speedReason=OK;derived=56.43;locationGapMs=997;callbackGapMs=997;fusion=GPS_IMU
LOCATION,1790413242632,29.7238200,52.4451450,50.000,true,4.32,48.455,source=fused:fused;speedReason=OK;derived=56.66;locationGapMs=1004;callbackGapMs=1004;fusion=GPS_IMU
LOCATION,1790413243630,29.7239167,52.4452833,53.000,true,4.30,48.491,source=fused:fused;speedReason=OK;derived=59.74;locationGapMs=996;callbackGapMs=996;fusion=GPS_IMU
LOCATION,1790413244669,29.7240083,52.4454150,56.000,true,4.28,48.548,source=fused:fused;speedReason=OK;derived=57.00;locationGapMs=1029;callbackGapMs=1029;fusion=GPS_IMU
LOCATION,1790413245632,29.7241083,52.4455517,54.000,true,4.27,48.606,source=fused:fused;speedReason=OK;derived=61.97;locationGapMs=973;callbackGapMs=973;fusion=GPS_IMU
LOCATION,1790413246631,29.7242067,52.4456783,53.000,true,4.24,48.676,source=fused:fused;speedReason=OK;derived=59.10;locationGapMs=999;callbackGapMs=999;fusion=GPS_IMU
LOCATION,1790413247634,29.7243117,52.4458200,54.000,true,4.22,48.748,source=fused:fused;speedReason=OK;derived=63.85;locationGapMs=1003;callbackGapMs=1003;fusion=GPS_IMU
LOCATION,1790413248633,29.7244133,52.4459633,56.000,true,4.20,48.855,source=fused:fused;speedReason=OK;derived=64.43;locationGapMs=998;callbackGapMs=998;fusion=GPS_IMU
LOCATION,1790413249631,29.7245167,52.4461133,56.000,true,4.20,48.958,source=fused:fused;speedReason=OK;derived=64.55;locationGapMs=998;callbackGapMs=998;fusion=GPS_IMU
LOCATION,1790413250708,29.7246217,52.4462683,54.000,true,4.20,49.060,source=fused:fused;speedReason=OK;derived=64.43;locationGapMs=1067;callbackGapMs=1067;fusion=GPS_IMU
LOCATION,1790413251640,29.7247200,52.4464200,55.000,true,4.20,49.180,source=fused:fused;speedReason=OK;derived=66.71;locationGapMs=943;callbackGapMs=943;fusion=GPS_IMU
LOCATION,1790413252631,29.7248267,52.4465833,54.000,true,4.20,49.291,source=fused:fused;speedReason=OK;derived=69.78;locationGapMs=991;callbackGapMs=991;fusion=GPS_IMU
LOCATION,1790413253638,29.7249367,52.4467433,53.000,true,4.20,49.450,source=fused:fused;speedReason=OK;derived=70.45;locationGapMs=1007;callbackGapMs=1007;fusion=GPS_IMU
LOCATION,1790413254632,29.7250483,52.4469033,53.000,true,4.22,49.608,source=fused:fused;speedReason=OK;derived=71.70;locationGapMs=995;callbackGapMs=995;fusion=GPS_IMU
LOCATION,1790413255635,29.7251650,52.4470700,53.000,true,4.23,49.768,source=fused:fused;speedReason=OK;derived=71.70;locationGapMs=1002;callbackGapMs=1002;fusion=GPS_IMU
LOCATION,1790413256708,29.7252733,52.4472333,54.000,true,4.25,49.938,source=fused:fused;speedReason=OK;derived=71.70;locationGapMs=1064;callbackGapMs=1064;fusion=GPS_IMU
LOCATION,1790413257632,29.7253817,52.4473983,54.000,true,4.27,50.055,source=fused:fused;speedReason=OK;derived=74.28;locationGapMs=932;callbackGapMs=932;fusion=GPS_IMU
LOCATION,1790413258635,29.7254833,52.4475583,58.000,true,4.28,50.221,source=fused:fused;speedReason=OK;derived=68.57;locationGapMs=1005;callbackGapMs=1005;fusion=GPS_IMU
LOCATION,1790413259630,29.7255683,52.4477250,61.000,true,4.28,50.380,source=fused:fused;speedReason=OK;derived=68.57;locationGapMs=997;callbackGapMs=997;fusion=GPS_IMU
LOCATION,1790413260621,29.7256400,52.4478983,63.000,true,4.28,50.487,source=fused:fused;speedReason=OK;derived=67.54;locationGapMs=989;callbackGapMs=989;fusion=GPS_IMU
LOCATION,1790413261630,29.7257050,52.4480833,66.000,true,4.28,50.592,source=fused:fused;speedReason=OK;derived=67.54;locationGapMs=1010;callbackGapMs=1010;fusion=GPS_IMU
LOCATION,1790413262689,29.7257783,52.4482567,64.000,true,4.28,50.670,source=fused:fused;speedReason=OK;derived=67.54;locationGapMs=1047;callbackGapMs=1047;fusion=GPS_IMU
LOCATION,1790413263636,29.7258383,52.4484367,67.000,true,4.30,50.740,source=fused:fused;speedReason=OK;derived=68.77;locationGapMs=957;callbackGapMs=957;fusion=GPS_IMU
LOCATION,1790413264631,29.7258917,52.4486183,69.000,true,4.33,50.798,source=fused:fused;speedReason=OK;derived=67.01;locationGapMs=996;callbackGapMs=996;fusion=GPS_IMU
LOCATION,1790413265635,29.7259183,52.4488283,72.000,true,4.40,50.855,source=fused:fused;speedReason=OK;derived=70.13;locationGapMs=1002;callbackGapMs=1002;fusion=GPS_IMU
LOCATION,1790413266636,29.7259517,52.4490450,74.000,true,4.44,50.909,source=fused:fused;speedReason=OK;derived=73.76;locationGapMs=1002;callbackGapMs=1002;fusion=GPS_IMU
LOCATION,1790413267637,29.7259667,52.4492517,77.000,true,4.48,50.963,source=fused:fused;speedReason=OK;derived=73.76;locationGapMs=1002;callbackGapMs=1002;fusion=GPS_IMU
LOCATION,1790413268713,29.7259667,52.4494783,80.000,true,4.50,51.010,source=fused:fused;speedReason=OK;derived=74.11;locationGapMs=1065;callbackGapMs=1065;fusion=GPS_IMU
LOCATION,1790413269678,29.7259600,52.4497017,82.000,true,4.50,51.056,source=fused:fused;speedReason=OK;derived=74.11;locationGapMs=936;callbackGapMs=936;fusion=GPS_IMU
LOCATION,1790413270633,29.7259233,52.4499467,88.000,true,4.48,51.124,source=fused:fused;speedReason=OK;derived=83.18;locationGapMs=994;callbackGapMs=994;fusion=GPS_IMU
LOCATION,1790413271632,29.7258983,52.4501833,91.000,true,4.44,51.215,source=fused:fused;speedReason=OK;derived=83.18;locationGapMs=1001;callbackGapMs=1001;fusion=GPS_IMU
LOCATION,1790413272624,29.7258717,52.4504133,94.000,true,4.43,51.285,source=fused:fused;speedReason=OK;derived=82.93;locationGapMs=991;callbackGapMs=991;fusion=GPS_IMU
LOCATION,1790413273661,29.7258550,52.4506417,94.000,true,4.43,51.335,source=fused:fused;speedReason=OK;derived=81.54;locationGapMs=1010;callbackGapMs=1010;fusion=GPS_IMU
LOCATION,1790413274701,29.7258350,52.4508683,94.000,true,4.47,51.379,source=fused:fused;speedReason=OK;derived=79.04;locationGapMs=1059;callbackGapMs=1059;fusion=GPS_IMU
LOCATION_ONLY,1790413275621,29.7257967,52.4510800,96.000,true,4.53,51.447,source=fused:fused;speedReason=POOR_SPEED_ACCURACY;derived=79.04;locationGapMs=928;callbackGapMs=928;fusion=GPS_IMU
LOCATION_ONLY,1790413276630,29.7257317,52.4512933,99.000,true,4.63,51.512,source=fused:fused;speedReason=POOR_SPEED_ACCURACY;derived=77.99;locationGapMs=1009;callbackGapMs=1009;fusion=GPS_IMU
LOCATION,1790413277653,29.7256667,52.4514567,101.000,true,4.84,51.561,source=fused:fused;speedReason=OK;derived=77.99;locationGapMs=994;callbackGapMs=994;fusion=GPS_IMU
LOCATION,1790413278624,29.7255900,52.4516333,103.000,true,4.88,51.602,source=fused:fused;speedReason=OK;derived=68.84;locationGapMs=998;callbackGapMs=998;fusion=GPS_IMU
LOCATION,1790413279626,29.7254283,52.4517783,109.000,true,4.97,51.641,source=fused:fused;speedReason=OK;derived=68.84;locationGapMs=1002;callbackGapMs=1002;fusion=GPS_IMU
LOCATION,1790413280712,29.7253033,52.4519450,113.000,true,5.03,51.672,source=fused:fused;speedReason=OK;derived=72.35;locationGapMs=1058;callbackGapMs=1058;fusion=GPS_IMU
LOCATION,1790413281630,29.7251600,52.4521167,117.000,true,5.08,51.704,source=fused:fused;speedReason=OK;derived=81.78;locationGapMs=948;callbackGapMs=948;fusion=GPS_IMU
LOCATION,1790413282660,29.7249700,52.4522700,122.000,true,5.06,51.744,source=fused:fused;speedReason=OK;derived=87.28;locationGapMs=1001;callbackGapMs=1001;fusion=GPS_IMU
LOCATION,1790413283627,29.7247850,52.4523783,128.000,true,5.02,51.797,source=fused:fused;speedReason=OK;derived=87.28;locationGapMs=995;callbackGapMs=995;fusion=GPS_IMU
LOCATION,1790413284661,29.7246233,52.4524667,131.000,true,4.94,51.847,source=fused:fused;speedReason=OK;derived=83.32;locationGapMs=1011;callbackGapMs=1011;fusion=GPS_IMU
LOCATION,1790413285627,29.7245150,52.4526550,133.000,true,4.80,51.935,source=fused:fused;speedReason=OK;derived=79.42;locationGapMs=989;callbackGapMs=989;fusion=GPS_IMU
LOCATION,1790413286653,29.7243683,52.4527683,136.000,true,4.72,52.006,source=fused:fused;speedReason=OK;derived=71.24;locationGapMs=991;callbackGapMs=991;fusion=GPS_IMU
LOCATION,1790413287633,29.7242300,52.4528950,139.000,true,4.60,52.076,source=fused:fused;speedReason=OK;derived=71.24;locationGapMs=1011;callbackGapMs=1011;fusion=GPS_IMU
LOCATION,1790413288644,29.7240883,52.4530167,141.000,true,4.50,52.141,source=fused:fused;speedReason=OK;derived=71.03;locationGapMs=995;callbackGapMs=995;fusion=GPS_IMU
LOCATION,1790413289620,29.7239283,52.4531400,142.000,true,4.42,52.224,source=fused:fused;speedReason=OK;derived=71.03;locationGapMs=997;callbackGapMs=997;fusion=GPS_IMU
LOCATION,1790413290649,29.7237633,52.4532683,144.000,true,4.38,52.319,source=fused:fused;speedReason=OK;derived=77.18;locationGapMs=1003;callbackGapMs=1003;fusion=GPS_IMU
LOCATION,1790413291682,29.7236217,52.4533833,144.000,true,4.38,52.423,source=fused:fused;speedReason=OK;derived=77.18;locationGapMs=1053;callbackGapMs=1053;fusion=GPS_IMU
LOCATION,1790413292655,29.7234633,52.4535050,145.000,true,4.38,52.543,source=fused:fused;speedReason=OK;derived=79.34;locationGapMs=954;callbackGapMs=954;fusion=GPS_IMU
LOCATION,1790413293628,29.7233067,52.4536233,145.000,true,4.34,52.704,source=fused:fused;speedReason=OK;derived=74.93;locationGapMs=999;callbackGapMs=999;fusion=GPS_IMU
LOCATION,1790413294630,29.7231433,52.4537417,146.000,true,4.30,52.878,source=fused:fused;speedReason=OK;derived=77.07;locationGapMs=1001;callbackGapMs=1001;fusion=GPS_IMU
LOCATION,1790413295627,29.7229800,52.4538617,147.000,true,4.24,53.069,source=fused:fused;speedReason=OK;derived=77.07;locationGapMs=995;callbackGapMs=995;fusion=GPS_IMU
LOCATION,1790413296625,29.7228183,52.4539800,147.000,true,4.18,53.260,source=fused:fused;speedReason=OK;derived=77.07;locationGapMs=996;callbackGapMs=996;fusion=GPS_IMU
LOCATION,1790413297708,29.7226550,52.4540917,149.000,true,4.15,53.408,source=fused:fused;speedReason=OK;derived=76.87;locationGapMs=1076;callbackGapMs=1076;fusion=GPS_IMU
LOCATION,1790413298642,29.7224850,52.4541967,150.000,true,4.08,53.489,source=fused:fused;speedReason=OK;derived=76.87;locationGapMs=943;callbackGapMs=943;fusion=GPS_IMU
LOCATION,1790413299640,29.7223367,52.4542983,147.000,true,4.04,53.581,source=fused:fused;speedReason=OK;derived=70.54;locationGapMs=997;callbackGapMs=997;fusion=GPS_IMU
LOCATION,1790413300637,29.7221983,52.4544117,146.000,true,4.02,53.696,source=fused:fused;speedReason=OK;derived=69.16;locationGapMs=999;callbackGapMs=999;fusion=GPS_IMU
LOCATION,1790413301635,29.7220567,52.4545233,144.000,true,4.00,53.830,source=fused:fused;speedReason=OK;derived=68.65;locationGapMs=999;callbackGapMs=999;fusion=GPS_IMU
LOCATION,1790413302634,29.7219150,52.4546350,144.000,true,4.00,53.963,source=fused:fused;speedReason=OK;derived=68.65;locationGapMs=999;callbackGapMs=999;fusion=GPS_IMU
LOCATION,1790413303637,29.7217683,52.4547500,145.000,true,4.00,54.097,source=fused:fused;speedReason=OK;derived=68.71;locationGapMs=997;callbackGapMs=997;fusion=GPS_IMU
LOCATION,1790413304634,29.7216317,52.4548567,144.000,true,4.02,54.221,source=fused:fused;speedReason=OK;derived=68.71;locationGapMs=1003;callbackGapMs=1003;fusion=GPS_IMU
LOCATION,1790413305593,29.7214867,52.4549767,145.000,true,4.03,54.356,source=fused:fused;speedReason=OK;derived=71.15;locationGapMs=961;callbackGapMs=961;fusion=GPS_IMU
LOCATION,1790413306623,29.7213433,52.4551050,144.000,true,4.03,54.515,source=fused:fused;speedReason=OK;derived=70.63;locationGapMs=1028;callbackGapMs=1028;fusion=GPS_IMU
LOCATION,1790413307629,29.7211983,52.4552317,144.000,true,4.03,54.637,source=fused:fused;speedReason=OK;derived=72.34;locationGapMs=1006;callbackGapMs=1006;fusion=GPS_IMU
LOCATION,1790413308693,29.7210517,52.4553533,145.000,true,4.04,54.737,source=fused:fused;speedReason=OK;derived=70.63;locationGapMs=1060;callbackGapMs=1060;fusion=GPS_IMU
LOCATION,1790413309638,29.7209067,52.4554717,145.000,true,4.02,54.839,source=fused:fused;speedReason=OK;derived=72.34;locationGapMs=948;callbackGapMs=948;fusion=GPS_IMU
LOCATION,1790413310624,29.7207483,52.4556033,145.000,true,4.00,54.954,source=fused:fused;speedReason=OK;derived=74.95;locationGapMs=987;callbackGapMs=987;fusion=GPS_IMU
LOCATION,1790413311610,29.7205850,52.4557350,145.000,true,4.00,55.109,source=fused:fused;speedReason=OK;derived=79.11;locationGapMs=986;callbackGapMs=986;fusion=GPS_IMU
LOCATION,1790413312619,29.7204400,52.4558550,145.000,true,4.00,55.313,source=fused:fused;speedReason=OK;derived=79.11;locationGapMs=1010;callbackGapMs=1010;fusion=GPS_IMU
LOCATION,1790413313631,29.7202883,52.4559800,144.000,true,4.00,55.505,source=fused:fused;speedReason=OK;derived=73.76;locationGapMs=1011;callbackGapMs=1011;fusion=GPS_IMU
LOCATION,1790413314710,29.7201300,52.4561083,144.000,true,4.00,55.694,source=fused:fused;speedReason=OK;derived=72.38;locationGapMs=1069;callbackGapMs=1069;fusion=GPS_IMU
LOCATION,1790413315634,29.7199767,52.4562350,144.000,true,3.98,55.913,source=fused:fused;speedReason=OK;derived=73.76;locationGapMs=934;callbackGapMs=934;fusion=GPS_IMU
LOCATION,1790413316633,29.7198200,52.4563600,146.000,true,3.96,56.152,source=fused:fused;speedReason=OK;derived=76.35;locationGapMs=998;callbackGapMs=998;fusion=GPS_IMU
LOCATION,1790413317627,29.7196617,52.4564850,144.000,true,3.94,56.384,source=fused:fused;speedReason=OK;derived=77.11;locationGapMs=995;callbackGapMs=995;fusion=GPS_IMU
LOCATION,1790413318629,29.7195083,52.4566133,142.000,true,3.93,56.586,source=fused:fused;speedReason=OK;derived=76.35;locationGapMs=1000;callbackGapMs=1000;fusion=GPS_IMU
LOCATION,1790413319604,29.7193633,52.4567417,142.000,true,3.90,56.784,source=fused:fused;speedReason=OK;derived=75.79;locationGapMs=977;callbackGapMs=977;fusion=GPS_IMU
LOCATION,1790413320599,29.7192150,52.4568700,143.000,true,3.87,57.002,source=fused:fused;speedReason=OK;derived=74.85;locationGapMs=995;callbackGapMs=995;fusion=GPS_IMU
LOCATION,1790413321622,29.7190733,52.4569950,142.000,true,3.85,57.197,source=fused:fused;speedReason=OK;derived=74.53;locationGapMs=1021;callbackGapMs=1021;fusion=GPS_IMU
LOCATION,1790413322624,29.7189250,52.4571317,139.000,true,3.83,57.375,source=fused:fused;speedReason=OK;derived=74.53;locationGapMs=1002;callbackGapMs=1002;fusion=GPS_IMU
LOCATION,1790413323588,29.7187833,52.4572767,137.000,true,3.82,57.572,source=fused:fused;speedReason=OK;derived=75.81;locationGapMs=968;callbackGapMs=968;fusion=GPS_IMU
LOCATION,1790413324614,29.7186450,52.4574233,135.000,true,3.82,57.751,source=fused:fused;speedReason=OK;derived=75.81;locationGapMs=1024;callbackGapMs=1024;fusion=GPS_IMU
LOCATION,1790413325621,29.7185083,52.4575817,134.000,true,3.84,57.919,source=fused:fused;speedReason=OK;derived=77.28;locationGapMs=1004;callbackGapMs=1004;fusion=GPS_IMU
LOCATION,1790413326615,29.7183833,52.4577417,132.000,true,3.85,58.078,source=fused:fused;speedReason=OK;derived=75.17;locationGapMs=995;callbackGapMs=995;fusion=GPS_IMU
LOCATION,1790413327632,29.7182683,52.4579100,127.000,true,3.88,58.202,source=fused:fused;speedReason=OK;derived=75.17;locationGapMs=1019;callbackGapMs=1019;fusion=GPS_IMU
LOCATION,1790413328635,29.7181550,52.4580883,124.000,true,3.90,58.319,source=fused:fused;speedReason=OK;derived=75.17;locationGapMs=1003;callbackGapMs=1003;fusion=GPS_IMU
LOCATION,1790413329633,29.7180433,52.4582650,125.000,true,3.90,58.421,source=fused:fused;speedReason=OK;derived=76.15;locationGapMs=998;callbackGapMs=998;fusion=GPS_IMU
LOCATION,1790413330603,29.7179350,52.4584617,122.000,true,3.90,58.548,source=fused:fused;speedReason=OK;derived=76.59;locationGapMs=970;callbackGapMs=970;fusion=GPS_IMU
LOCATION,1790413331638,29.7178417,52.4586450,120.000,true,3.92,58.651,source=fused:fused;speedReason=OK;derived=76.15;locationGapMs=1029;callbackGapMs=1029;fusion=GPS_IMU
LOCATION,1790413332630,29.7177483,52.4588467,117.000,true,3.93,58.766,source=fused:fused;speedReason=OK;derived=79.69;locationGapMs=998;callbackGapMs=998;fusion=GPS_IMU
LOCATION,1790413333631,29.7176600,52.4590433,117.000,true,3.95,58.857,source=fused:fused;speedReason=OK;derived=76.94;locationGapMs=1001;callbackGapMs=1001;fusion=GPS_IMU
LOCATION,1790413334632,29.7175750,52.4592383,117.000,true,3.98,58.954,source=fused:fused;speedReason=OK;derived=76.94;locationGapMs=1002;callbackGapMs=1002;fusion=GPS_IMU
LOCATION,1790413335631,29.7174900,52.4594450,116.000,true,4.00,59.064,source=fused:fused;speedReason=OK;derived=76.94;locationGapMs=997;callbackGapMs=997;fusion=GPS_IMU
LOCATION,1790413336704,29.7174083,52.4596417,116.000,true,4.00,59.167,source=fused:fused;speedReason=OK;derived=75.77;locationGapMs=1069;callbackGapMs=1069;fusion=GPS_IMU
LOCATION,1790413337633,29.7173383,52.4598433,114.000,true,4.00,59.260,source=fused:fused;speedReason=OK;derived=79.83;locationGapMs=934;callbackGapMs=934;fusion=GPS_IMU
LOCATION,1790413338629,29.7172667,52.4600617,113.000,true,4.00,59.383,source=fused:fused;speedReason=OK;derived=80.92;locationGapMs=995;callbackGapMs=995;fusion=GPS_IMU
LOCATION,1790413339636,29.7172017,52.4602817,111.000,true,4.00,59.545,source=fused:fused;speedReason=OK;derived=80.92;locationGapMs=1007;callbackGapMs=1007;fusion=GPS_IMU
LOCATION,1790413340635,29.7171350,52.4605000,110.000,true,3.98,59.735,source=fused:fused;speedReason=OK;derived=80.65;locationGapMs=999;callbackGapMs=999;fusion=GPS_IMU
LOCATION,1790413341627,29.7170650,52.4607233,109.000,true,3.97,59.963,source=fused:fused;speedReason=OK;derived=80.65;locationGapMs=994;callbackGapMs=994;fusion=GPS_IMU
LOCATION,1790413342692,29.7169883,52.4609450,110.000,true,3.93,60.188,source=fused:fused;speedReason=OK;derived=80.65;locationGapMs=1061;callbackGapMs=1061;fusion=GPS_IMU
LOCATION,1790413343635,29.7169000,52.4611600,111.000,true,3.88,60.440,source=fused:fused;speedReason=OK;derived=83.15;locationGapMs=945;callbackGapMs=945;fusion=GPS_IMU
LOCATION,1790413344633,29.7168183,52.4613783,112.000,true,3.85,60.716,source=fused:fused;speedReason=OK;derived=82.74;locationGapMs=1000;callbackGapMs=1000;fusion=GPS_IMU
LOCATION,1790413345631,29.7167400,52.4615983,111.000,true,3.80,61.005,source=fused:fused;speedReason=OK;derived=83.01;locationGapMs=997;callbackGapMs=997;fusion=GPS_IMU
LOCATION,1790413346616,29.7166600,52.4618133,112.000,true,3.75,61.218,source=fused:fused;speedReason=OK;derived=82.74;locationGapMs=985;callbackGapMs=985;fusion=GPS_IMU
LOCATION,1790413347633,29.7165783,52.4620350,112.000,true,3.70,61.474,source=fused:fused;speedReason=OK;derived=82.83;locationGapMs=1012;callbackGapMs=1012;fusion=GPS_IMU
LOCATION,1790413348717,29.7164867,52.4622567,114.000,true,3.67,61.683,source=fused:fused;speedReason=OK;derived=82.65;locationGapMs=1089;callbackGapMs=1089;fusion=GPS_IMU
LOCATION,1790413349630,29.7163850,52.4624800,114.000,true,3.63,61.932,source=fused:fused;speedReason=OK;derived=82.83;locationGapMs=913;callbackGapMs=913;fusion=GPS_IMU
LOCATION,1790413350621,29.7162917,52.4626983,114.000,true,3.62,62.159,source=fused:fused;speedReason=OK;derived=85.35;locationGapMs=992;callbackGapMs=992;fusion=GPS_IMU
LOCATION,1790413351638,29.7161933,52.4629183,116.000,true,3.60,62.405,source=fused:fused;speedReason=OK;derived=85.35;locationGapMs=1011;callbackGapMs=1011;fusion=GPS_IMU
LOCATION,1790413352643,29.7160950,52.4631383,116.000,true,3.60,62.638,source=fused:fused;speedReason=OK;derived=85.35;locationGapMs=1002;callbackGapMs=1002;fusion=GPS_IMU
LOCATION,1790413353635,29.7159900,52.4633583,118.000,true,3.60,62.870,source=fused:fused;speedReason=OK;derived=85.92;locationGapMs=995;callbackGapMs=995;fusion=GPS_IMU
LOCATION,1790413354694,29.7158833,52.4635700,119.000,true,3.60,63.062,source=fused:fused;speedReason=OK;derived=85.92;locationGapMs=1062;callbackGapMs=1062;fusion=GPS_IMU
LOCATION,1790413355636,29.7157783,52.4637667,120.000,true,3.60,63.280,source=fused:fused;speedReason=OK;derived=85.17;locationGapMs=943;callbackGapMs=943;fusion=GPS_IMU
LOCATION,1790413356613,29.7156733,52.4639583,120.000,true,3.60,63.466,source=fused:fused;speedReason=OK;derived=80.49;locationGapMs=979;callbackGapMs=979;fusion=GPS_IMU
LOCATION,1790413357627,29.7155600,52.4641550,121.000,true,3.58,63.597,source=fused:fused;speedReason=OK;derived=81.36;locationGapMs=1009;callbackGapMs=1009;fusion=GPS_IMU
LOCATION,1790413358635,29.7154533,52.4643483,122.000,true,3.57,63.708,source=fused:fused;speedReason=OK;derived=80.49;locationGapMs=1006;callbackGapMs=1006;fusion=GPS_IMU
LOCATION,1790413359633,29.7153500,52.4645400,122.000,true,3.57,63.828,source=fused:fused;speedReason=OK;derived=79.19;locationGapMs=1004;callbackGapMs=1004;fusion=GPS_IMU
LOCATION,1790413360707,29.7152417,52.4647417,121.000,true,3.57,63.937,source=fused:fused;speedReason=OK;derived=78.16;locationGapMs=1074;callbackGapMs=1074;fusion=GPS_IMU
LOCATION,1790413361627,29.7151283,52.4649567,121.000,true,3.56,64.048,source=fused:fused;speedReason=OK;derived=78.16;locationGapMs=921;callbackGapMs=921;fusion=GPS_IMU
LOCATION,1790413362632,29.7150100,52.4651617,123.000,true,3.60,64.198,source=fused:fused;speedReason=OK;derived=85.26;locationGapMs=1004;callbackGapMs=1004;fusion=GPS_IMU
LOCATION,1790413363629,29.7148917,52.4653517,125.000,true,3.62,64.360,source=fused:fused;speedReason=OK;derived=85.26;locationGapMs=996;callbackGapMs=996;fusion=GPS_IMU
LOCATION,1790413364627,29.7147683,52.4655517,124.000,true,3.65,64.510,source=fused:fused;speedReason=OK;derived=85.26;locationGapMs=993;callbackGapMs=993;fusion=GPS_IMU
LOCATION,1790413365638,29.7146467,52.4657567,124.000,true,3.68,64.671,source=fused:fused;speedReason=OK;derived=84.89;locationGapMs=1017;callbackGapMs=1017;fusion=GPS_IMU
LOCATION,1790413366708,29.7145283,52.4659517,125.000,true,3.72,64.860,source=fused:fused;speedReason=OK;derived=84.89;locationGapMs=1065;callbackGapMs=1065;fusion=GPS_IMU
LOCATION,1790413367638,29.7143950,52.4661533,127.000,true,3.74,65.050,source=fused:fused;speedReason=OK;derived=84.89;locationGapMs=935;callbackGapMs=935;fusion=GPS_IMU
LOCATION,1790413368662,29.7142567,52.4663617,127.000,true,3.74,65.295,source=fused:fused;speedReason=OK;derived=92.02;locationGapMs=991;callbackGapMs=991;fusion=GPS_IMU
LOCATION,1790413369621,29.7141150,52.4665733,126.000,true,3.72,65.529,source=fused:fused;speedReason=OK;derived=93.84;locationGapMs=990;callbackGapMs=990;fusion=GPS_IMU
LOCATION,1790413370622,29.7139750,52.4667867,126.000,true,3.70,65.610,source=fused:fused;speedReason=OK;derived=93.27;locationGapMs=997;callbackGapMs=997;fusion=GPS_IMU
LOCATION,1790413371621,29.7138450,52.4669950,125.000,true,3.68,65.747,source=fused:fused;speedReason=OK;derived=93.27;locationGapMs=1004;callbackGapMs=1004;fusion=GPS_IMU
LOCATION,1790413372695,29.7137150,52.4672117,125.000,true,3.65,65.977,source=fused:fused;speedReason=OK;derived=88.84;locationGapMs=1073;callbackGapMs=1073;fusion=GPS_IMU
LOCATION,1790413373627,29.7135817,52.4674233,125.000,true,3.60,66.111,source=fused:fused;speedReason=OK;derived=88.84;locationGapMs=933;callbackGapMs=933;fusion=GPS_IMU
LOCATION,1790413374666,29.7134500,52.4676233,127.000,true,3.58,66.236,source=fused:fused;speedReason=OK;derived=86.23;locationGapMs=1012;callbackGapMs=1012;fusion=GPS_IMU
LOCATION,1790413375625,29.7133250,52.4678167,126.000,true,3.56,66.550,source=fused:fused;speedReason=OK;derived=86.23;locationGapMs=984;callbackGapMs=984;fusion=GPS_IMU
LOCATION,1790413376620,29.7132067,52.4680017,126.000,true,3.54,66.753,source=fused:fused;speedReason=OK;derived=85.19;locationGapMs=999;callbackGapMs=999;fusion=GPS_IMU
LOCATION,1790413377623,29.7130967,52.4681683,125.000,true,3.52,66.926,source=fused:fused;speedReason=OK;derived=79.96;locationGapMs=1001;callbackGapMs=1001;fusion=GPS_IMU
LOCATION,1790413378722,29.7129900,52.4683533,124.000,true,3.50,67.063,source=fused:fused;speedReason=OK;derived=72.69;locationGapMs=1073;callbackGapMs=1073;fusion=GPS_IMU
LOCATION,1790413379626,29.7128767,52.4685317,126.000,true,3.48,67.194,source=fused:fused;speedReason=OK;derived=72.69;locationGapMs=930;callbackGapMs=930;fusion=GPS_IMU
LOCATION,1790413380628,29.7127650,52.4686983,126.000,true,3.44,67.336,source=fused:fused;speedReason=OK;derived=73.18;locationGapMs=1000;callbackGapMs=1000;fusion=GPS_IMU
LOCATION,1790413381618,29.7126483,52.4688733,127.000,true,3.43,67.470,source=fused:fused;speedReason=OK;derived=77.25;locationGapMs=993;callbackGapMs=993;fusion=GPS_IMU
LOCATION,1790413382651,29.7125300,52.4690550,128.000,true,3.38,67.552,source=fused:fused;speedReason=OK;derived=77.25;locationGapMs=1007;callbackGapMs=1007;fusion=GPS_IMU
LOCATION,1790413383626,29.7124167,52.4692283,126.000,true,3.37,67.669,source=fused:fused;speedReason=OK;derived=77.25;locationGapMs=997;callbackGapMs=997;fusion=GPS_IMU
LOCATION,1790413384653,29.7123000,52.4694067,126.000,true,3.33,67.818,source=fused:fused;speedReason=OK;derived=77.50;locationGapMs=1002;callbackGapMs=1002;fusion=GPS_IMU
LOCATION,1790413385623,29.7121850,52.4695900,125.000,true,3.30,67.964,source=fused:fused;speedReason=OK;derived=77.50;locationGapMs=1000;callbackGapMs=1000;fusion=GPS_IMU
LOCATION,1790413386651,29.7120783,52.4697717,125.000,true,3.24,68.114,source=fused:fused;speedReason=OK;derived=77.50;locationGapMs=997;callbackGapMs=997;fusion=GPS_IMU
LOCATION,1790413387624,29.7119650,52.4699517,125.000,true,3.23,68.293,source=fused:fused;speedReason=OK;derived=77.07;locationGapMs=1003;callbackGapMs=1003;fusion=GPS_IMU
LOCATION,1790413388635,29.7118550,52.4701300,125.000,true,3.20,68.433,source=fused:fused;speedReason=OK;derived=77.07;locationGapMs=985;callbackGapMs=985;fusion=GPS_IMU
LOCATION,1790413389689,29.7117483,52.4703050,124.000,true,3.16,68.561,source=fused:fused;speedReason=OK;derived=77.07;locationGapMs=1080;callbackGapMs=1080;fusion=GPS_IMU
LOCATION,1790413390647,29.7116450,52.4704817,124.000,true,3.15,68.659,source=fused:fused;speedReason=OK;derived=77.21;locationGapMs=932;callbackGapMs=932;fusion=GPS_IMU
LOCATION,1790413391631,29.7115417,52.4706517,125.000,true,3.12,68.747,source=fused:fused;speedReason=OK;derived=71.87;locationGapMs=1004;callbackGapMs=1004;fusion=GPS_IMU
LOCATION,1790413392643,29.7114367,52.4708200,125.000,true,3.12,68.819,source=fused:fused;speedReason=OK;derived=72.72;locationGapMs=991;callbackGapMs=991;fusion=GPS_IMU
LOCATION,1790413393625,29.7113300,52.4709917,126.000,true,3.10,68.877,source=fused:fused;speedReason=OK;derived=72.72;locationGapMs=1009;callbackGapMs=1009;fusion=GPS_IMU
LOCATION,1790413394629,29.7112167,52.4711683,126.000,true,3.10,68.956,source=fused:fused;speedReason=OK;derived=72.76;locationGapMs=1003;callbackGapMs=1003;fusion=GPS_IMU
LOCATION,1790413395692,29.7111033,52.4713517,124.000,true,3.10,69.060,source=fused:fused;speedReason=OK;derived=74.07;locationGapMs=1057;callbackGapMs=1057;fusion=GPS_IMU
LOCATION,1790413396631,29.7109917,52.4715350,124.000,true,3.10,69.171,source=fused:fused;speedReason=OK;derived=76.12;locationGapMs=941;callbackGapMs=941;fusion=GPS_IMU
LOCATION,1790413397635,29.7108767,52.4717283,123.000,true,3.10,69.241,source=fused:fused;speedReason=OK;derived=80.84;locationGapMs=1008;callbackGapMs=1008;fusion=GPS_IMU
LOCATION,1790413398625,29.7107683,52.4719150,124.000,true,3.10,69.376,source=fused:fused;speedReason=OK;derived=80.84;locationGapMs=992;callbackGapMs=992;fusion=GPS_IMU
LOCATION,1790413399617,29.7106617,52.4720917,124.000,true,3.10,69.493,source=fused:fused;speedReason=OK;derived=78.74;locationGapMs=991;callbackGapMs=991;fusion=GPS_IMU
LOCATION,1790413400630,29.7105567,52.4722650,125.000,true,3.10,69.543,source=fused:fused;speedReason=OK;derived=75.50;locationGapMs=1013;callbackGapMs=1013;fusion=GPS_IMU
LOCATION,1790413401633,29.7104467,52.4724367,126.000,true,3.10,69.593,source=fused:fused;speedReason=OK;derived=74.34;locationGapMs=998;callbackGapMs=998;fusion=GPS_IMU
LOCATION,1790413402628,29.7103317,52.4726033,130.000,true,3.10,69.635,source=fused:fused;speedReason=OK;derived=73.99;locationGapMs=1000;callbackGapMs=1000;fusion=GPS_IMU
LOCATION,1790413403627,29.7102150,52.4727650,129.000,true,3.10,69.686,source=fused:fused;speedReason=OK;derived=73.99;locationGapMs=998;callbackGapMs=998;fusion=GPS_IMU
LOCATION,1790413404624,29.7100983,52.4729217,131.000,true,3.10,69.722,source=fused:fused;speedReason=OK;derived=73.23;locationGapMs=998;callbackGapMs=998;fusion=GPS_IMU
LOCATION,1790413405625,29.7099700,52.4730783,133.000,true,3.12,69.735,source=fused:fused;speedReason=OK;derived=73.23;locationGapMs=1000;callbackGapMs=1000;fusion=GPS_IMU
LOCATION,1790413406684,29.7098350,52.4732333,134.000,true,3.15,69.758,source=fused:fused;speedReason=OK;derived=72.30;locationGapMs=1055;callbackGapMs=1055;fusion=GPS_IMU
LOCATION,1790413407626,29.7096967,52.4733933,135.000,true,3.22,69.780,source=fused:fused;speedReason=OK;derived=74.81;locationGapMs=946;callbackGapMs=946;fusion=GPS_IMU
LOCATION,1790413408625,29.7095600,52.4735417,136.000,true,3.30,69.800,source=fused:fused;speedReason=OK;derived=75.15;locationGapMs=1000;callbackGapMs=1000;fusion=GPS_IMU
LOCATION,1790413409623,29.7094250,52.4736867,136.000,true,3.42,69.818,source=fused:fused;speedReason=OK;derived=75.15;locationGapMs=999;callbackGapMs=999;fusion=GPS_IMU
LOCATION,1790413410617,29.7092917,52.4738317,137.000,true,3.55,69.833,source=fused:fused;speedReason=OK;derived=73.92;locationGapMs=995;callbackGapMs=995;fusion=GPS_IMU
LOCATION,1790413411621,29.7091583,52.4739717,137.000,true,3.76,69.850,source=fused:fused;speedReason=OK;derived=73.72;locationGapMs=1001;callbackGapMs=1001;fusion=GPS_IMU
LOCATION,1790413412699,29.7090233,52.4741017,139.000,true,3.80,69.867,source=fused:fused;speedReason=OK;derived=72.12;locationGapMs=1072;callbackGapMs=1072;fusion=GPS_IMU
LOCATION,1790413413627,29.7088867,52.4742350,140.000,true,3.90,69.885,source=fused:fused;speedReason=OK;derived=72.12;locationGapMs=934;callbackGapMs=934;fusion=GPS_IMU
LOCATION,1790413414630,29.7087483,52.4743400,141.000,true,3.97,69.902,source=fused:fused;speedReason=OK;derived=66.31;locationGapMs=999;callbackGapMs=999;fusion=GPS_IMU
LOCATION,1790413415630,29.7086000,52.4744550,141.000,true,4.02,69.921,source=fused:fused;speedReason=OK;derived=71.32;locationGapMs=1002;callbackGapMs=1002;fusion=GPS_IMU
LOCATION,1790413416638,29.7084583,52.4745633,141.000,true,4.04,69.938,source=fused:fused;speedReason=OK;derived=67.77;locationGapMs=1003;callbackGapMs=1003;fusion=GPS_IMU
LOCATION,1790413417638,29.7083133,52.4746600,143.000,true,4.06,69.954,source=fused:fused;speedReason=OK;derived=67.77;locationGapMs=1007;callbackGapMs=1007;fusion=GPS_IMU
LOCATION,1790413418601,29.7081567,52.4747800,146.000,true,4.08,69.965,source=fused:fused;speedReason=OK;derived=67.77;locationGapMs=966;callbackGapMs=966;fusion=GPS_IMU
LOCATION,1790413419623,29.7080067,52.4748917,146.000,true,4.16,69.975,source=fused:fused;speedReason=OK;derived=69.99;locationGapMs=1020;callbackGapMs=1020;fusion=GPS_IMU
LOCATION,1790413420629,29.7078533,52.4750033,147.000,true,4.24,69.988,source=fused:fused;speedReason=OK;derived=72.01;locationGapMs=1007;callbackGapMs=1007;fusion=GPS_IMU
LOCATION,1790413421632,29.7076883,52.4751117,150.000,true,4.32,70.001,source=fused:fused;speedReason=OK;derived=72.01;locationGapMs=1001;callbackGapMs=1001;fusion=GPS_IMU
LOCATION,1790413422626,29.7075217,52.4752250,150.000,true,4.37,70.017,source=fused:fused;speedReason=OK;derived=75.83;locationGapMs=994;callbackGapMs=994;fusion=GPS_IMU
LOCATION,1790413423631,29.7073550,52.4753250,152.000,true,4.50,70.041,source=fused:fused;speedReason=OK;derived=75.83;locationGapMs=999;callbackGapMs=999;fusion=GPS_IMU
LOCATION,1790413424629,29.7071817,52.4754250,153.000,true,4.54,70.062,source=fused:fused;speedReason=OK;derived=77.05;locationGapMs=1005;callbackGapMs=1005;fusion=GPS_IMU
LOCATION,1790413425629,29.7070150,52.4755067,154.000,true,4.60,70.082,source=fused:fused;speedReason=OK;derived=75.17;locationGapMs=1000;callbackGapMs=1000;fusion=GPS_IMU
LOCATION,1790413426628,29.7068350,52.4755983,155.000,true,4.62,70.108,source=fused:fused;speedReason=OK;derived=77.05;locationGapMs=999;callbackGapMs=999;fusion=GPS_IMU
LOCATION,1790413427629,29.7066517,52.4756900,154.000,true,4.65,70.133,source=fused:fused;speedReason=OK;derived=78.68;locationGapMs=1000;callbackGapMs=1000;fusion=GPS_IMU
LOCATION,1790413428634,29.7064683,52.4757850,155.000,true,4.68,70.148,source=fused:fused;speedReason=OK;derived=79.82;locationGapMs=999;callbackGapMs=999;fusion=GPS_IMU
LOCATION,1790413429623,29.7062950,52.4758717,157.000,true,4.73,70.168,source=fused:fused;speedReason=OK;derived=79.82;locationGapMs=996;callbackGapMs=996;fusion=GPS_IMU
LOCATION,1790413430651,29.7061133,52.4759617,156.000,true,4.78,70.192,source=fused:fused;speedReason=OK;derived=79.39;locationGapMs=995;callbackGapMs=995;fusion=GPS_IMU
LOCATION,1790413431614,29.7059283,52.4760467,157.000,true,4.85,70.212,source=fused:fused;speedReason=OK;derived=79.39;locationGapMs=997;callbackGapMs=997;fusion=GPS_IMU
LOCATION,1790413432618,29.7057367,52.4761333,159.000,true,4.93,70.231,source=fused:fused;speedReason=OK;derived=79.78;locationGapMs=1003;callbackGapMs=1003;fusion=GPS_IMU
LOCATION,1790413433617,29.7055533,52.4762033,161.000,true,5.03,70.249,source=fused:fused;speedReason=OK;derived=79.78;locationGapMs=998;callbackGapMs=998;fusion=GPS_IMU
LOCATION_ONLY,1790413434688,29.7053550,52.4762933,158.000,true,5.18,70.273,source=fused:fused;speedReason=POOR_SPEED_ACCURACY;derived=80.07;locationGapMs=1063;callbackGapMs=1063;fusion=GPS_IMU
LOCATION_ONLY,1790413435616,29.7051633,52.4763883,157.000,true,5.25,70.298,source=fused:fused;speedReason=POOR_SPEED_ACCURACY;derived=80.07;locationGapMs=938;callbackGapMs=938;fusion=GPS_IMU
LOCATION_ONLY,1790413436643,29.7049750,52.4764917,155.000,true,5.48,70.329,source=fused:fused;speedReason=POOR_SPEED_ACCURACY;derived=83.16;locationGapMs=1002;callbackGapMs=1002;fusion=GPS_IMU
LOCATION_ONLY,1790413437622,29.7047917,52.4765883,157.000,true,5.68,70.361,source=fused:fused;speedReason=POOR_SPEED_ACCURACY;derived=83.16;locationGapMs=1003;callbackGapMs=1003;fusion=GPS_IMU
LOCATION_ONLY,1790413438619,29.7045983,52.4766833,158.000,true,5.82,70.392,source=fused:fused;speedReason=POOR_SPEED_ACCURACY;derived=83.16;locationGapMs=997;callbackGapMs=997;fusion=GPS_IMU
LOCATION_ONLY,1790413439617,29.7044183,52.4767700,157.000,true,6.08,70.417,source=fused:fused;speedReason=POOR_SPEED_ACCURACY;derived=80.28;locationGapMs=998;callbackGapMs=998;fusion=GPS_IMU
LOCATION_ONLY,1790413440693,29.7042650,52.4768417,156.000,true,6.48,70.436,source=fused:fused;speedReason=POOR_SPEED_ACCURACY;derived=78.08;locationGapMs=1076;callbackGapMs=1076;fusion=GPS_IMU
LOCATION_ONLY,1790413441643,29.7041133,52.4769267,153.000,true,6.68,70.441,source=fused:fused;speedReason=POOR_SPEED_ACCURACY;derived=72.54;locationGapMs=929;callbackGapMs=929;fusion=GPS_IMU
LOCATION_ONLY,1790413442624,29.7039633,52.4770300,154.000,true,6.70,70.439,source=fused:fused;speedReason=POOR_SPEED_ACCURACY;derived=69.70;locationGapMs=1002;callbackGapMs=1002;fusion=GPS_IMU
LOCATION_ONLY,1790413443617,29.7038117,52.4771283,156.000,true,6.86,70.438,source=fused:fused;speedReason=POOR_SPEED_ACCURACY;derived=70.01;locationGapMs=993;callbackGapMs=993;fusion=GPS_IMU
LOCATION_ONLY,1790413444621,29.7036583,52.4772117,157.000,true,6.84,70.436,source=fused:fused;speedReason=POOR_SPEED_ACCURACY;derived=69.70;locationGapMs=1004;callbackGapMs=1004;fusion=GPS_IMU
LOCATION,1790413445657,29.7035617,52.4772883,155.000,true,6.78,73.060,source=fused:fused;speedReason=OK;derived=67.49;locationGapMs=1010;callbackGapMs=1010;fusion=GPS_IMU
LOCATION,1790413446692,29.7034367,52.4773700,154.000,true,6.60,73.060,source=fused:fused;speedReason=OK;derived=54.23;locationGapMs=1059;callbackGapMs=1059;fusion=GPS_IMU
LOCATION,1790413447622,29.7033217,52.4774317,157.000,true,6.36,73.060,source=fused:fused;speedReason=OK;derived=54.23;locationGapMs=932;callbackGapMs=932;fusion=GPS_IMU
LOCATION,1790413448624,29.7031900,52.4774983,157.000,true,6.08,73.024,source=fused:fused;speedReason=OK;derived=54.37;locationGapMs=1004;callbackGapMs=1004;fusion=GPS_IMU
LOCATION,1790413449633,29.7030350,52.4775833,153.000,true,5.93,73.235,source=fused:fused;speedReason=OK;derived=57.22;locationGapMs=989;callbackGapMs=989;fusion=GPS_IMU
LOCATION,1790413450633,29.7028767,52.4776800,153.000,true,5.65,73.544,source=fused:fused;speedReason=OK;derived=69.34;locationGapMs=1013;callbackGapMs=1013;fusion=GPS_IMU
LOCATION,1790413451655,29.7027133,52.4777733,154.000,true,5.42,73.740,source=fused:fused;speedReason=OK;derived=70.67;locationGapMs=999;callbackGapMs=999;fusion=GPS_IMU
LOCATION,1790413452695,29.7025617,52.4778667,152.000,true,5.18,73.751,source=fused:fused;speedReason=OK;derived=70.67;locationGapMs=1067;callbackGapMs=1067;fusion=GPS_IMU
LOCATION,1790413453653,29.7024050,52.4779583,151.000,true,5.17,73.474,source=fused:fused;speedReason=OK;derived=72.93;locationGapMs=930;callbackGapMs=930;fusion=GPS_IMU
LOCATION,1790413454647,29.7022417,52.4780600,149.000,true,5.10,73.036,source=fused:fused;speedReason=OK;derived=74.32;locationGapMs=998;callbackGapMs=998;fusion=GPS_IMU
LOCATION,1790413455660,29.7020917,52.4781600,148.000,true,5.08,72.623,source=fused:fused;speedReason=OK;derived=74.32;locationGapMs=1005;callbackGapMs=1005;fusion=GPS_IMU
LOCATION,1790413456668,29.7019533,52.4782583,146.000,true,5.06,72.075,source=fused:fused;speedReason=OK;derived=68.91;locationGapMs=1007;callbackGapMs=1007;fusion=GPS_IMU
LOCATION,1790413457630,29.7018233,52.4783583,145.000,true,5.05,71.352,source=fused:fused;speedReason=OK;derived=64.53;locationGapMs=994;callbackGapMs=994;fusion=GPS_IMU
LOCATION,1790413458724,29.7016850,52.4784700,144.000,true,5.00,70.658,source=fused:fused;speedReason=OK;derived=63.11;locationGapMs=1070;callbackGapMs=1070;fusion=GPS_IMU
LOCATION,1790413459629,29.7015483,52.4785833,144.000,true,4.96,70.085,source=fused:fused;speedReason=OK;derived=63.11;locationGapMs=927;callbackGapMs=927;fusion=GPS_IMU
LOCATION,1790413460658,29.7014233,52.4787000,140.000,true,4.94,69.649,source=fused:fused;speedReason=OK;derived=63.90;locationGapMs=1007;callbackGapMs=1007;fusion=GPS_IMU
LOCATION,1790413461631,29.7013083,52.4788167,139.000,true,4.93,69.347,source=fused:fused;speedReason=OK;derived=63.90;locationGapMs=997;callbackGapMs=997;fusion=GPS_IMU
LOCATION,1790413462621,29.7011917,52.4789383,138.000,true,4.93,69.040,source=fused:fused;speedReason=OK;derived=63.75;locationGapMs=987;callbackGapMs=987;fusion=GPS_IMU
LOCATION,1790413463620,29.7010783,52.4790583,138.000,true,4.93,68.695,source=fused:fused;speedReason=OK;derived=61.49;locationGapMs=1005;callbackGapMs=1005;fusion=GPS_IMU
LOCATION,1790413464634,29.7009467,52.4791883,138.000,true,4.94,68.402,source=fused:fused;speedReason=OK;derived=63.75;locationGapMs=1007;callbackGapMs=1007;fusion=GPS_IMU
LOCATION,1790413465634,29.7008150,52.4793200,138.000,true,4.90,68.322,source=fused:fused;speedReason=OK;derived=68.87;locationGapMs=1005;callbackGapMs=1005;fusion=GPS_IMU
LOCATION,1790413466632,29.7006917,52.4794483,136.000,true,4.82,68.252,source=fused:fused;speedReason=OK;derived=68.87;locationGapMs=999;callbackGapMs=999;fusion=GPS_IMU
LOCATION,1790413467639,29.7005767,52.4795650,132.000,true,4.68,68.133,source=fused:fused;speedReason=OK;derived=66.54;locationGapMs=999;callbackGapMs=999;fusion=GPS_IMU
LOCATION,1790413468624,29.7005000,52.4796750,130.000,true,4.50,67.875,source=fused:fused;speedReason=OK;derived=61.37;locationGapMs=993;callbackGapMs=993;fusion=GPS_IMU
LOCATION,1790413469630,29.7003983,52.4798033,128.000,true,4.40,67.543,source=fused:fused;speedReason=OK;derived=60.01;locationGapMs=1006;callbackGapMs=1006;fusion=GPS_IMU
LOCATION,1790413470633,29.7002967,52.4799467,125.000,true,4.23,67.330,source=fused:fused;speedReason=OK;derived=60.01;locationGapMs=1001;callbackGapMs=1001;fusion=GPS_IMU
LOCATION,1790413471630,29.7002050,52.4800917,122.000,true,4.10,67.102,source=fused:fused;speedReason=OK;derived=62.75;locationGapMs=994;callbackGapMs=994;fusion=GPS_IMU
LOCATION,1790413472629,29.7000967,52.4802450,124.000,true,3.98,66.848,source=fused:fused;speedReason=OK;derived=64.28;locationGapMs=1004;callbackGapMs=1004;fusion=GPS_IMU
LOCATION,1790413473643,29.7000067,52.4803983,123.000,true,3.86,66.725,source=fused:fused;speedReason=OK;derived=63.98;locationGapMs=1006;callbackGapMs=1006;fusion=GPS_IMU
LOCATION,1790413474696,29.6999200,52.4805583,123.000,true,3.83,66.679,source=fused:fused;speedReason=OK;derived=63.98;locationGapMs=1061;callbackGapMs=1061;fusion=GPS_IMU
LOCATION,1790413475666,29.6998333,52.4807283,120.000,true,3.78,66.693,source=fused:fused;speedReason=OK;derived=63.98;locationGapMs=939;callbackGapMs=939;fusion=GPS_IMU
LOCATION,1790413476630,29.6997517,52.4808917,121.000,true,3.74,66.769,source=fused:fused;speedReason=OK;derived=66.31;locationGapMs=989;callbackGapMs=989;fusion=GPS_IMU
LOCATION,1790413477633,29.6996600,52.4810650,122.000,true,3.73,66.834,source=fused:fused;speedReason=OK;derived=70.32;locationGapMs=1004;callbackGapMs=1004;fusion=GPS_IMU
LOCATION,1790413478621,29.6995767,52.4812333,120.000,true,3.72,66.932,source=fused:fused;speedReason=OK;derived=67.88;locationGapMs=993;callbackGapMs=993;fusion=GPS_IMU
LOCATION,1790413479634,29.6994800,52.4814050,120.000,true,3.70,67.007,source=fused:fused;speedReason=OK;derived=70.32;locationGapMs=1006;callbackGapMs=1006;fusion=GPS_IMU
LOCATION,1790413480730,29.6993933,52.4815733,121.000,true,3.72,67.047,source=fused:fused;speedReason=OK;derived=67.88;locationGapMs=1070;callbackGapMs=1070;fusion=GPS_IMU
LOCATION,1790413481639,29.6993050,52.4817650,116.000,true,3.72,67.151,source=fused:fused;speedReason=OK;derived=70.76;locationGapMs=936;callbackGapMs=936;fusion=GPS_IMU
LOCATION,1790413482633,29.6992217,52.4819483,117.000,true,3.70,67.352,source=fused:fused;speedReason=OK;derived=72.28;locationGapMs=996;callbackGapMs=996;fusion=GPS_IMU
LOCATION,1790413483626,29.6991450,52.4821283,116.000,true,3.68,67.687,source=fused:fused;speedReason=OK;derived=72.28;locationGapMs=994;callbackGapMs=994;fusion=GPS_IMU
LOCATION,1790413484638,29.6990683,52.4823083,117.000,true,3.64,67.984,source=fused:fused;speedReason=OK;derived=70.20;locationGapMs=1010;callbackGapMs=1010;fusion=GPS_IMU
LOCATION,1790413485617,29.6989867,52.4824850,118.000,true,3.62,68.112,source=fused:fused;speedReason=OK;derived=70.20;locationGapMs=985;callbackGapMs=985;fusion=GPS_IMU
LOCATION,1790413486637,29.6989050,52.4826567,117.000,true,3.57,68.151,source=fused:fused;speedReason=OK;derived=69.09;locationGapMs=1014;callbackGapMs=1014;fusion=GPS_IMU
LOCATION,1790413487647,29.6988283,52.4828333,117.000,true,3.50,68.194,source=fused:fused;speedReason=OK;derived=68.31;locationGapMs=1006;callbackGapMs=1006;fusion=GPS_IMU
LOCATION,1790413488632,29.6987533,52.4830050,119.000,true,3.46,68.259,source=fused:fused;speedReason=OK;derived=67.29;locationGapMs=994;callbackGapMs=994;fusion=GPS_IMU
LOCATION,1790413489664,29.6986667,52.4831767,121.000,true,3.45,68.299,source=fused:fused;speedReason=OK;derived=68.31;locationGapMs=1003;callbackGapMs=1003;fusion=GPS_IMU
LOCATION,1790413490632,29.6985750,52.4833517,122.000,true,3.42,68.329,source=fused:fused;speedReason=OK;derived=68.88;locationGapMs=994;callbackGapMs=994;fusion=GPS_IMU
LOCATION,1790413491702,29.6984867,52.4835267,120.000,true,3.43,68.387,source=fused:fused;speedReason=OK;derived=68.88;locationGapMs=1067;callbackGapMs=1067;fusion=GPS_IMU
LOCATION,1790413492637,29.6983950,52.4836933,122.000,true,3.45,68.433,source=fused:fused;speedReason=OK;derived=71.54;locationGapMs=940;callbackGapMs=940;fusion=GPS_IMU
LOCATION,1790413493672,29.6982900,52.4838700,125.000,true,3.48,68.467,source=fused:fused;speedReason=OK;derived=72.99;locationGapMs=1005;callbackGapMs=1005;fusion=GPS_IMU
LOCATION,1790413494631,29.6981917,52.4840333,126.000,true,3.52,68.468,source=fused:fused;speedReason=OK;derived=72.99;locationGapMs=986;callbackGapMs=986;fusion=GPS_IMU
LOCATION,1790413495662,29.6980900,52.4841783,130.000,true,3.55,68.470,source=fused:fused;speedReason=OK;derived=70.09;locationGapMs=1002;callbackGapMs=1002;fusion=GPS_IMU
LOCATION,1790413496628,29.6979833,52.4842733,132.000,true,3.58,68.422,source=fused:fused;speedReason=OK;derived=64.67;locationGapMs=997;callbackGapMs=997;fusion=GPS_IMU
LOCATION,1790413497730,29.6978667,52.4843800,135.000,true,3.60,68.359,source=fused:fused;speedReason=OK;derived=55.66;locationGapMs=1070;callbackGapMs=1070;fusion=GPS_IMU
LOCATION,1790413498632,29.6977417,52.4844933,139.000,true,3.60,68.277,source=fused:fused;speedReason=OK;derived=55.66;locationGapMs=935;callbackGapMs=935;fusion=GPS_IMU
LOCATION,1790413499652,29.6976167,52.4846083,140.000,true,3.60,68.226,source=fused:fused;speedReason=OK;derived=64.76;locationGapMs=988;callbackGapMs=988;fusion=GPS_IMU
LOCATION,1790413500622,29.6974783,52.4847167,145.000,true,3.60,68.172,source=fused:fused;speedReason=OK;derived=66.71;locationGapMs=1003;callbackGapMs=1003;fusion=GPS_IMU
LOCATION,1790413501650,29.6973400,52.4848150,147.000,true,3.60,68.092,source=fused:fused;speedReason=OK;derived=65.21;locationGapMs=996;callbackGapMs=996;fusion=GPS_IMU
LOCATION,1790413502634,29.6972050,52.4849000,150.000,true,3.60,68.000,source=fused:fused;speedReason=OK;derived=65.21;locationGapMs=1012;callbackGapMs=1012;fusion=GPS_IMU
LOCATION,1790413503649,29.6970667,52.4849783,153.000,true,3.60,67.873,source=fused:fused;speedReason=OK;derived=62.00;locationGapMs=993;callbackGapMs=993;fusion=GPS_IMU
LOCATION,1790413504636,29.6969283,52.4850450,158.000,true,3.60,67.750,source=fused:fused;speedReason=OK;derived=60.75;locationGapMs=1002;callbackGapMs=1002;fusion=GPS_IMU
LOCATION,1790413505653,29.6967867,52.4851067,158.000,true,3.60,67.607,source=fused:fused;speedReason=OK;derived=60.46;locationGapMs=1000;callbackGapMs=1000;fusion=GPS_IMU
LOCATION,1790413506632,29.6966400,52.4851733,158.000,true,3.60,67.481,source=fused:fused;speedReason=OK;derived=60.46;locationGapMs=1000;callbackGapMs=1000;fusion=GPS_IMU
LOCATION,1790413507647,29.6964950,52.4852350,159.000,true,3.60,67.371,source=fused:fused;speedReason=OK;derived=61.97;locationGapMs=996;callbackGapMs=996;fusion=GPS_IMU
LOCATION,1790413508696,29.6963500,52.4852867,162.000,true,3.62,67.266,source=fused:fused;speedReason=OK;derived=61.97;locationGapMs=1070;callbackGapMs=1070;fusion=GPS_IMU
LOCATION,1790413509643,29.6961983,52.4853317,163.000,true,3.64,67.188,source=fused:fused;speedReason=OK;derived=61.97;locationGapMs=943;callbackGapMs=943;fusion=GPS_IMU
LOCATION,1790413510629,29.6960400,52.4853667,168.000,true,3.66,67.106,source=fused:fused;speedReason=OK;derived=64.66;locationGapMs=995;callbackGapMs=995;fusion=GPS_IMU
LOCATION,1790413511633,29.6958850,52.4854067,164.000,true,3.68,66.981,source=fused:fused;speedReason=OK;derived=64.66;locationGapMs=996;callbackGapMs=996;fusion=GPS_IMU
LOCATION,1790413512627,29.6957217,52.4854600,165.000,true,3.68,66.888,source=fused:fused;speedReason=OK;derived=64.66;locationGapMs=1002;callbackGapMs=1002;fusion=GPS_IMU
LOCATION,1790413513636,29.6955650,52.4854917,171.000,true,3.67,66.773,source=fused:fused;speedReason=OK;derived=63.66;locationGapMs=1008;callbackGapMs=1008;fusion=GPS_IMU
LOCATION,1790413514651,29.6954150,52.4855100,174.000,true,3.62,66.678,source=fused:fused;speedReason=OK;derived=63.00;locationGapMs=1001;callbackGapMs=1001;fusion=GPS_IMU
LOCATION,1790413515638,29.6952633,52.4855233,174.000,true,3.60,66.533,source=fused:fused;speedReason=OK;derived=60.71;locationGapMs=1000;callbackGapMs=1000;fusion=GPS_IMU
LOCATION,1790413516642,29.6951100,52.4855300,176.000,true,3.58,66.440,source=fused:fused;speedReason=OK;derived=60.71;locationGapMs=999;callbackGapMs=999;fusion=GPS_IMU
LOCATION,1790413517637,29.6949583,52.4855350,176.000,true,3.60,66.414,source=fused:fused;speedReason=OK;derived=60.71;locationGapMs=1002;callbackGapMs=1002;fusion=GPS_IMU
LOCATION,1790413518632,29.6948000,52.4855383,178.000,true,3.64,66.386,source=fused:fused;speedReason=OK;derived=61.28;locationGapMs=995;callbackGapMs=995;fusion=GPS_IMU
LOCATION,1790413519709,29.6946350,52.4855450,179.000,true,3.68,66.365,source=fused:fused;speedReason=OK;derived=62.10;locationGapMs=1061;callbackGapMs=1061;fusion=GPS_IMU
LOCATION,1790413520636,29.6944633,52.4855417,180.000,true,3.82,66.353,source=fused:fused;speedReason=OK;derived=63.50;locationGapMs=942;callbackGapMs=942;fusion=GPS_IMU
LOCATION_ONLY,1790413521633,29.6942950,52.4855267,182.000,true,3.90,66.360,source=fused:fused;speedReason=POOR_SPEED_ACCURACY;derived=67.57;locationGapMs=997;callbackGapMs=997;fusion=GPS_IMU
LOCATION_ONLY,1790413522641,29.6941267,52.4855000,184.000,true,4.05,66.367,source=fused:fused;speedReason=POOR_SPEED_ACCURACY;derived=67.67;locationGapMs=1002;callbackGapMs=1002;fusion=GPS_IMU
LOCATION_ONLY,1790413523637,29.6939617,52.4854633,186.000,true,4.23,66.374,source=fused:fused;speedReason=POOR_SPEED_ACCURACY;derived=67.57;locationGapMs=1000;callbackGapMs=1000;fusion=GPS_IMU
LOCATION,1790413524617,29.6937833,52.4854033,190.000,true,4.40,66.370,source=fused:fused;speedReason=OK;derived=67.67;locationGapMs=984;callbackGapMs=984;fusion=GPS_IMU
LOCATION,1790413525714,29.6936317,52.4853383,192.000,true,4.55,66.369,source=fused:fused;speedReason=OK;derived=67.07;locationGapMs=1080;callbackGapMs=1080;fusion=GPS_IMU
LOCATION,1790413526632,29.6934650,52.4852817,192.000,true,4.74,66.377,source=fused:fused;speedReason=OK;derived=74.29;locationGapMs=934;callbackGapMs=934;fusion=GPS_IMU
LOCATION,1790413527631,29.6932950,52.4852050,194.000,true,4.75,66.384,source=fused:fused;speedReason=OK;derived=73.13;locationGapMs=997;callbackGapMs=997;fusion=GPS_IMU
LOCATION,1790413528638,29.6931100,52.4851283,195.000,true,4.80,66.398,source=fused:fused;speedReason=OK;derived=74.29;locationGapMs=1004;callbackGapMs=1004;fusion=GPS_IMU
LOCATION_ONLY,1790413529640,29.6929333,52.4850383,197.000,true,4.82,66.457,source=fused:fused;speedReason=POOR_SPEED_ACCURACY;derived=77.09;locationGapMs=1001;callbackGapMs=1001;fusion=GPS_IMU
LOCATION_ONLY,1790413530637,29.6927433,52.4849433,199.000,true,4.86,66.521,source=fused:fused;speedReason=POOR_SPEED_ACCURACY;derived=78.20;locationGapMs=1003;callbackGapMs=1003;fusion=GPS_IMU
LOCATION,1790413531706,29.6925733,52.4848433,203.000,true,4.83,66.589,source=fused:fused;speedReason=OK;derived=77.09;locationGapMs=1063;callbackGapMs=1063;fusion=GPS_IMU
LOCATION,1790413532633,29.6924017,52.4847567,201.000,true,4.80,66.665,source=fused:fused;speedReason=OK;derived=80.29;locationGapMs=932;callbackGapMs=932;fusion=GPS_IMU
LOCATION,1790413533630,29.6922350,52.4846700,203.000,true,4.75,66.708,source=fused:fused;speedReason=OK;derived=73.28;locationGapMs=997;callbackGapMs=997;fusion=GPS_IMU
LOCATION,1790413534633,29.6920717,52.4845933,202.000,true,4.68,66.753,source=fused:fused;speedReason=OK;derived=73.28;locationGapMs=999;callbackGapMs=999;fusion=GPS_IMU
LOCATION,1790413535615,29.6919233,52.4845133,202.000,true,4.58,66.787,source=fused:fused;speedReason=OK;derived=70.50;locationGapMs=986;callbackGapMs=986;fusion=GPS_IMU
LOCATION,1790413536634,29.6917650,52.4844367,201.000,true,4.40,66.818,source=fused:fused;speedReason=OK;derived=67.36;locationGapMs=1018;callbackGapMs=1018;fusion=GPS_IMU
LOCATION,1790413537707,29.6916000,52.4843683,199.000,true,4.32,66.863,source=fused:fused;speedReason=OK;derived=66.38;locationGapMs=1065;callbackGapMs=1065;fusion=GPS_IMU
LOCATION,1790413538635,29.6914283,52.4842950,200.000,true,4.24,66.917,source=fused:fused;speedReason=OK;derived=67.36;locationGapMs=936;callbackGapMs=936;fusion=GPS_IMU
LOCATION,1790413539637,29.6912567,52.4842183,201.000,true,4.18,66.973,source=fused:fused;speedReason=OK;derived=73.65;locationGapMs=998;callbackGapMs=998;fusion=GPS_IMU
LOCATION,1790413540632,29.6910767,52.4841367,202.000,true,4.12,67.056,source=fused:fused;speedReason=OK;derived=77.33;locationGapMs=999;callbackGapMs=999;fusion=GPS_IMU
LOCATION,1790413541628,29.6908867,52.4840600,199.000,true,4.10,67.121,source=fused:fused;speedReason=OK;derived=77.33;locationGapMs=997;callbackGapMs=997;fusion=GPS_IMU
LOCATION,1790413542625,29.6906883,52.4839917,199.000,true,4.07,67.238,source=fused:fused;speedReason=OK;derived=80.63;locationGapMs=997;callbackGapMs=997;fusion=GPS_IMU
LOCATION,1790413543639,29.6904983,52.4839133,201.000,true,4.02,67.371,source=fused:fused;speedReason=OK;derived=80.63;locationGapMs=1008;callbackGapMs=1008;fusion=GPS_IMU
LOCATION,1790413544646,29.6903050,52.4838317,201.000,true,4.02,67.512,source=fused:fused;speedReason=OK;derived=81.96;locationGapMs=1003;callbackGapMs=1003;fusion=GPS_IMU
LOCATION,1790413545643,29.6901183,52.4837467,200.000,true,3.98,67.637,source=fused:fused;speedReason=OK;derived=80.33;locationGapMs=998;callbackGapMs=998;fusion=GPS_IMU
LOCATION,1790413546634,29.6899283,52.4836650,200.000,true,3.96,67.767,source=fused:fused;speedReason=OK;derived=80.99;locationGapMs=1000;callbackGapMs=1000;fusion=GPS_IMU
LOCATION,1790413547640,29.6897417,52.4835850,200.000,true,3.94,67.850,source=fused:fused;speedReason=OK;derived=80.33;locationGapMs=1004;callbackGapMs=1004;fusion=GPS_IMU
LOCATION,1790413548716,29.6895500,52.4835067,199.000,true,3.92,67.965,source=fused:fused;speedReason=OK;derived=79.19;locationGapMs=1069;callbackGapMs=1069;fusion=GPS_IMU
LOCATION,1790413549633,29.6893700,52.4834400,198.000,true,3.92,68.041,source=fused:fused;speedReason=OK;derived=79.19;locationGapMs=926;callbackGapMs=926;fusion=GPS_IMU
LOCATION,1790413550639,29.6891917,52.4833767,199.000,true,3.92,68.105,source=fused:fused;speedReason=OK;derived=75.97;locationGapMs=997;callbackGapMs=997;fusion=GPS_IMU
LOCATION,1790413551642,29.6890100,52.4833083,199.000,true,3.93,68.155,source=fused:fused;speedReason=OK;derived=76.32;locationGapMs=1000;callbackGapMs=1000;fusion=GPS_IMU
LOCATION,1790413552631,29.6888317,52.4832433,196.000,true,3.95,68.196,source=fused:fused;speedReason=OK;derived=74.71;locationGapMs=1000;callbackGapMs=1000;fusion=GPS_IMU
LOCATION,1790413553633,29.6886467,52.4831900,192.000,true,3.97,68.254,source=fused:fused;speedReason=OK;derived=75.90;locationGapMs=1003;callbackGapMs=1003;fusion=GPS_IMU
LOCATION,1790413554699,29.6884567,52.4831500,189.000,true,3.97,68.350,source=fused:fused;speedReason=OK;derived=74.67;locationGapMs=1049;callbackGapMs=1049;fusion=GPS_IMU
LOCATION,1790413555642,29.6882633,52.4831150,187.000,true,3.96,68.466,source=fused:fused;speedReason=OK;derived=75.90;locationGapMs=951;callbackGapMs=951;fusion=GPS_IMU
LOCATION,1790413556641,29.6880767,52.4830900,184.000,true,3.90,68.564,source=fused:fused;speedReason=OK;derived=74.82;locationGapMs=1002;callbackGapMs=1002;fusion=GPS_IMU
LOCATION,1790413557634,29.6878967,52.4830700,185.000,true,3.82,68.679,source=fused:fused;speedReason=OK;derived=74.82;locationGapMs=999;callbackGapMs=999;fusion=GPS_IMU
LOCATION,1790413558638,29.6877167,52.4830633,183.000,true,3.72,68.754,source=fused:fused;speedReason=OK;derived=72.24;locationGapMs=1002;callbackGapMs=1002;fusion=GPS_IMU
LOCATION,1790413559634,29.6875383,52.4830750,179.000,true,3.64,68.803,source=fused:fused;speedReason=OK;derived=71.72;locationGapMs=996;callbackGapMs=996;fusion=GPS_IMU
LOCATION,1790413560725,29.6873617,52.4830883,178.000,true,3.60,68.833,source=fused:fused;speedReason=OK;derived=71.59;locationGapMs=1077;callbackGapMs=1077;fusion=GPS_IMU
LOCATION,1790413561633,29.6871850,52.4831000,177.000,true,3.50,68.855,source=fused:fused;speedReason=OK;derived=71.59;locationGapMs=925;callbackGapMs=925;fusion=GPS_IMU
LOCATION,1790413562643,29.6870050,52.4831200,175.000,true,3.50,68.871,source=fused:fused;speedReason=OK;derived=71.95;locationGapMs=1003;callbackGapMs=1003;fusion=GPS_IMU
LOCATION,1790413563633,29.6868283,52.4831583,170.000,true,3.48,68.895,source=fused:fused;speedReason=OK;derived=72.05;locationGapMs=996;callbackGapMs=996;fusion=GPS_IMU
LOCATION,1790413564670,29.6866500,52.4832117,166.000,true,3.46,68.926,source=fused:fused;speedReason=OK;derived=72.05;locationGapMs=1000;callbackGapMs=1000;fusion=GPS_IMU
LOCATION,1790413565625,29.6864817,52.4832783,163.000,true,3.45,68.953,source=fused:fused;speedReason=OK;derived=72.05;locationGapMs=991;callbackGapMs=991;fusion=GPS_IMU
LOCATION,1790413566694,29.6863150,52.4833400,163.000,true,3.47,68.952,source=fused:fused;speedReason=OK;derived=71.70;locationGapMs=1061;callbackGapMs=1061;fusion=GPS_IMU
LOCATION,1790413567629,29.6861450,52.4834133,160.000,true,3.48,68.951,source=fused:fused;speedReason=OK;derived=71.70;locationGapMs=944;callbackGapMs=944;fusion=GPS_IMU
LOCATION,1790413568641,29.6859683,52.4835017,158.000,true,3.50,68.959,source=fused:fused;speedReason=OK;derived=76.56;locationGapMs=1005;callbackGapMs=1005;fusion=GPS_IMU
LOCATION,1790413569635,29.6857917,52.4835950,157.000,true,3.53,68.980,source=fused:fused;speedReason=OK;derived=76.79;locationGapMs=999;callbackGapMs=999;fusion=GPS_IMU
LOCATION,1790413570657,29.6856150,52.4836783,158.000,true,3.64,69.003,source=fused:fused;speedReason=OK;derived=76.56;locationGapMs=997;callbackGapMs=997;fusion=GPS_IMU
LOCATION,1790413571619,29.6854333,52.4837767,157.000,true,3.70,69.023,source=fused:fused;speedReason=OK;derived=77.69;locationGapMs=989;callbackGapMs=989;fusion=GPS_IMU
LOCATION_ONLY,1790413572683,29.6852550,52.4839067,154.000,true,3.85,69.061,source=fused:fused;speedReason=POOR_SPEED_ACCURACY;derived=79.80;locationGapMs=1057;callbackGapMs=1057;fusion=GPS_IMU
LOCATION_ONLY,1790413573619,29.6850933,52.4840367,151.000,true,4.03,69.105,source=fused:fused;speedReason=POOR_SPEED_ACCURACY;derived=81.10;locationGapMs=944;callbackGapMs=944;fusion=GPS_IMU
LOCATION_ONLY,1790413574638,29.6849717,52.4842133,147.000,true,4.22,69.143,source=fused:fused;speedReason=POOR_SPEED_ACCURACY;derived=79.80;locationGapMs=1015;callbackGapMs=1015;fusion=GPS_IMU
LOCATION_ONLY,1790413575663,29.6848217,52.4843800,147.000,true,4.52,69.194,source=fused:fused;speedReason=POOR_SPEED_ACCURACY;derived=83.49;locationGapMs=999;callbackGapMs=999;fusion=GPS_IMU
LOCATION_ONLY,1790413576622,29.6846850,52.4845250,145.000,true,4.74,69.223,source=fused:fused;speedReason=POOR_SPEED_ACCURACY;derived=77.21;locationGapMs=989;callbackGapMs=989;fusion=GPS_IMU
LOCATION_ONLY,1790413577634,29.6845783,52.4846650,142.000,true,4.88,69.244,source=fused:fused;speedReason=POOR_SPEED_ACCURACY;derived=75.18;locationGapMs=1011;callbackGapMs=1011;fusion=GPS_IMU
LOCATION_ONLY,1790413578627,29.6844517,52.4848350,139.000,true,4.93,69.265,source=fused:fused;speedReason=POOR_SPEED_ACCURACY;derived=75.18;locationGapMs=985;callbackGapMs=985;fusion=GPS_IMU
LOCATION,1790413579641,29.6843233,52.4849917,136.000,true,5.00,69.279,source=fused:fused;speedReason=OK;derived=73.77;locationGapMs=1015;callbackGapMs=1015;fusion=GPS_IMU
LOCATION,1790413580663,29.6841850,52.4851533,136.000,true,5.07,69.291,source=fused:fused;speedReason=OK;derived=79.04;locationGapMs=996;callbackGapMs=996;fusion=GPS_IMU
LOCATION,1790413581625,29.6840550,52.4853300,133.000,true,5.10,69.305,source=fused:fused;speedReason=OK;derived=79.16;locationGapMs=994;callbackGapMs=994;fusion=GPS_IMU
LOCATION,1790413582617,29.6839500,52.4855167,129.000,true,5.07,69.321,source=fused:fused;speedReason=OK;derived=79.16;locationGapMs=995;callbackGapMs=995;fusion=GPS_IMU
LOCATION,1790413583710,29.6838483,52.4857100,126.000,true,5.02,69.348,source=fused:fused;speedReason=OK;derived=77.77;locationGapMs=1058;callbackGapMs=1058;fusion=GPS_IMU
LOCATION,1790413584626,29.6837450,52.4858867,124.000,true,4.95,69.369,source=fused:fused;speedReason=OK;derived=77.77;locationGapMs=950;callbackGapMs=950;fusion=GPS_IMU
LOCATION,1790413585619,29.6836567,52.4860633,121.000,true,4.90,69.385,source=fused:fused;speedReason=OK;derived=74.33;locationGapMs=991;callbackGapMs=991;fusion=GPS_IMU
LOCATION,1790413586624,29.6835783,52.4862383,121.000,true,4.83,69.399,source=fused:fused;speedReason=OK;derived=71.55;locationGapMs=997;callbackGapMs=997;fusion=GPS_IMU
LOCATION,1790413587655,29.6835050,52.4863983,121.000,true,4.74,69.393,source=fused:fused;speedReason=OK;derived=68.74;locationGapMs=1015;callbackGapMs=1015;fusion=GPS_IMU
LOCATION,1790413588625,29.6834200,52.4865733,121.000,true,4.68,69.377,source=fused:fused;speedReason=OK;derived=68.74;locationGapMs=992;callbackGapMs=992;fusion=GPS_IMU
LOCATION,1790413589663,29.6833417,52.4867383,119.000,true,4.60,69.358,source=fused:fused;speedReason=OK;derived=64.79;locationGapMs=1010;callbackGapMs=1010;fusion=GPS_IMU
LOCATION,1790413590619,29.6832600,52.4869067,122.000,true,4.53,69.336,source=fused:fused;speedReason=OK;derived=68.01;locationGapMs=987;callbackGapMs=987;fusion=GPS_IMU
LOCATION,1790413591664,29.6831717,52.4870817,121.000,true,4.34,69.330,source=fused:fused;speedReason=OK;derived=68.01;locationGapMs=1012;callbackGapMs=1012;fusion=GPS_IMU
LOCATION,1790413592618,29.6830817,52.4872600,120.000,true,4.27,69.326,source=fused:fused;speedReason=OK;derived=69.59;locationGapMs=986;callbackGapMs=986;fusion=GPS_IMU
LOCATION,1790413593620,29.6829917,52.4874333,120.000,true,4.15,69.322,source=fused:fused;speedReason=OK;derived=71.47;locationGapMs=983;callbackGapMs=983;fusion=GPS_IMU
LOCATION,1790413594698,29.6829067,52.4876000,120.000,true,4.05,69.308,source=fused:fused;speedReason=OK;derived=71.47;locationGapMs=1088;callbackGapMs=1088;fusion=GPS_IMU
LOCATION,1790413595652,29.6828183,52.4877700,119.000,true,3.90,69.266,source=fused:fused;speedReason=OK;derived=71.47;locationGapMs=938;callbackGapMs=938;fusion=GPS_IMU
LOCATION,1790413596621,29.6827333,52.4879317,120.000,true,3.88,69.223,source=fused:fused;speedReason=OK;derived=66.03;locationGapMs=996;callbackGapMs=996;fusion=GPS_IMU
LOCATION,1790413597648,29.6826483,52.4880950,122.000,true,3.86,69.178,source=fused:fused;speedReason=OK;derived=66.24;locationGapMs=1000;callbackGapMs=1000;fusion=GPS_IMU
LOCATION,1790413598622,29.6825633,52.4882517,121.000,true,3.86,69.141,source=fused:fused;speedReason=OK;derived=66.03;locationGapMs=1000;callbackGapMs=1000;fusion=GPS_IMU
LOCATION,1790413599605,29.6824783,52.4884233,120.000,true,3.87,69.120,source=fused:fused;speedReason=OK;derived=66.24;locationGapMs=972;callbackGapMs=972;fusion=GPS_IMU
LOCATION,1790413600692,29.6823900,52.4885950,120.000,true,3.87,69.115,source=fused:fused;speedReason=OK;derived=64.28;locationGapMs=1086;callbackGapMs=1086;fusion=GPS_IMU
LOCATION,1790413601626,29.6822917,52.4887800,121.000,true,3.90,69.136,source=fused:fused;speedReason=OK;derived=70.73;locationGapMs=945;callbackGapMs=945;fusion=GPS_IMU
LOCATION,1790413602618,29.6821933,52.4889583,122.000,true,3.90,69.158,source=fused:fused;speedReason=OK;derived=74.24;locationGapMs=990;callbackGapMs=990;fusion=GPS_IMU
LOCATION,1790413603633,29.6821017,52.4891267,119.000,true,3.90,69.175,source=fused:fused;speedReason=OK;derived=74.24;locationGapMs=1012;callbackGapMs=1012;fusion=GPS_IMU
LOCATION,1790413604621,29.6820167,52.4892917,119.000,true,3.90,69.158,source=fused:fused;speedReason=OK;derived=68.31;locationGapMs=996;callbackGapMs=996;fusion=GPS_IMU
LOCATION,1790413605646,29.6819317,52.4894583,117.000,true,3.90,69.147,source=fused:fused;speedReason=OK;derived=67.64;locationGapMs=994;callbackGapMs=994;fusion=GPS_IMU
LOCATION,1790413606622,29.6818500,52.4896317,117.000,true,3.92,69.146,source=fused:fused;speedReason=OK;derived=67.64;locationGapMs=996;callbackGapMs=996;fusion=GPS_IMU
LOCATION_ONLY,1790413607620,29.6817650,52.4898200,116.000,true,3.96,69.145,source=fused:fused;speedReason=POOR_SPEED_ACCURACY;derived=68.93;locationGapMs=1006;callbackGapMs=1006;fusion=GPS_IMU
LOCATION_ONLY,1790413608613,29.6816700,52.4900217,116.000,true,4.03,69.158,source=fused:fused;speedReason=POOR_SPEED_ACCURACY;derived=73.42;locationGapMs=995;callbackGapMs=995;fusion=GPS_IMU
LOCATION,1790413609637,29.6815517,52.4902200,120.000,true,4.18,69.156,source=fused:fused;speedReason=OK;derived=80.26;locationGapMs=1019;callbackGapMs=1019;fusion=GPS_IMU
LOCATION,1790413610666,29.6814550,52.4904033,120.000,true,4.30,69.183,source=fused:fused;speedReason=OK;derived=80.26;locationGapMs=996;callbackGapMs=996;fusion=GPS_IMU
LOCATION,1790413611629,29.6813717,52.4905750,119.000,true,4.40,69.212,source=fused:fused;speedReason=OK;derived=74.92;locationGapMs=995;callbackGapMs=995;fusion=GPS_IMU
LOCATION,1790413612610,29.6812800,52.4907317,121.000,true,4.42,69.241,source=fused:fused;speedReason=OK;derived=68.79;locationGapMs=988;callbackGapMs=988;fusion=GPS_IMU
LOCATION,1790413613625,29.6811817,52.4908917,121.000,true,4.48,69.267,source=fused:fused;speedReason=OK;derived=67.29;locationGapMs=1013;callbackGapMs=1013;fusion=GPS_IMU
LOCATION,1790413614630,29.6810650,52.4910533,125.000,true,4.47,69.299,source=fused:fused;speedReason=OK;derived=67.29;locationGapMs=1005;callbackGapMs=1005;fusion=GPS_IMU
LOCATION,1790413615629,29.6809500,52.4912250,124.000,true,4.45,69.321,source=fused:fused;speedReason=OK;derived=72.71;locationGapMs=993;callbackGapMs=993;fusion=GPS_IMU
LOCATION,1790413616718,29.6808150,52.4913950,126.000,true,4.43,69.340,source=fused:fused;speedReason=OK;derived=75.54;locationGapMs=1060;callbackGapMs=1060;fusion=GPS_IMU
LOCATION,1790413617621,29.6806833,52.4915617,127.000,true,4.36,69.365,source=fused:fused;speedReason=OK;derived=75.93;locationGapMs=939;callbackGapMs=939;fusion=GPS_IMU
LOCATION,1790413618627,29.6805650,52.4917267,125.000,true,4.32,69.383,source=fused:fused;speedReason=OK;derived=75.54;locationGapMs=1006;callbackGapMs=1006;fusion=GPS_IMU
LOCATION,1790413619621,29.6804533,52.4918950,126.000,true,4.32,69.398,source=fused:fused;speedReason=OK;derived=74.11;locationGapMs=994;callbackGapMs=994;fusion=GPS_IMU
LOCATION,1790413620656,29.6803283,52.4920617,130.000,true,4.26,69.428,source=fused:fused;speedReason=OK;derived=74.11;locationGapMs=1005;callbackGapMs=1005;fusion=GPS_IMU
LOCATION,1790413621616,29.6802067,52.4922050,132.000,true,4.25,69.454,source=fused:fused;speedReason=OK;derived=74.11;locationGapMs=989;callbackGapMs=989;fusion=GPS_IMU
LOCATION,1790413622595,29.6800883,52.4923567,131.000,true,4.23,69.474,source=fused:fused;speedReason=OK;derived=72.79;locationGapMs=974;callbackGapMs=974;fusion=GPS_IMU
LOCATION,1790413623613,29.6799650,52.4924983,133.000,true,4.25,69.492,source=fused:fused;speedReason=OK;derived=70.40;locationGapMs=1022;callbackGapMs=1022;fusion=GPS_IMU
LOCATION,1790413624647,29.6798467,52.4926400,133.000,true,4.27,69.504,source=fused:fused;speedReason=OK;derived=68.18;locationGapMs=1010;callbackGapMs=1010;fusion=GPS_IMU
LOCATION,1790413625621,29.6797350,52.4927700,134.000,true,4.27,69.495,source=fused:fused;speedReason=OK;derived=67.64;locationGapMs=996;callbackGapMs=996;fusion=GPS_IMU
LOCATION,1790413626642,29.6796150,52.4929000,136.000,true,4.30,69.468,source=fused:fused;speedReason=OK;derived=66.05;locationGapMs=998;callbackGapMs=998;fusion=GPS_IMU
LOCATION,1790413627640,29.6794983,52.4930267,134.000,true,4.30,69.441,source=fused:fused;speedReason=OK;derived=63.81;locationGapMs=1015;callbackGapMs=1015;fusion=GPS_IMU
LOCATION,1790413628641,29.6793800,52.4931583,134.000,true,4.28,69.417,source=fused:fused;speedReason=OK;derived=66.05;locationGapMs=987;callbackGapMs=987;fusion=GPS_IMU
LOCATION,1790413629655,29.6792600,52.4932933,136.000,true,4.26,69.406,source=fused:fused;speedReason=OK;derived=66.68;locationGapMs=1003;callbackGapMs=1003;fusion=GPS_IMU
LOCATION,1790413630642,29.6791400,52.4934333,136.000,true,4.25,69.400,source=fused:fused;speedReason=OK;derived=66.93;locationGapMs=996;callbackGapMs=996;fusion=GPS_IMU
LOCATION,1790413631631,29.6790217,52.4935333,136.000,true,4.18,69.394,source=fused:fused;speedReason=OK;derived=66.93;locationGapMs=1009;callbackGapMs=1009;fusion=GPS_IMU
LOCATION,1790413632635,29.6788883,52.4936500,138.000,true,4.13,69.393,source=fused:fused;speedReason=OK;derived=68.08;locationGapMs=984;callbackGapMs=984;fusion=GPS_IMU
LOCATION,1790413633690,29.6787583,52.4937850,136.000,true,4.02,69.392,source=fused:fused;speedReason=OK;derived=65.27;locationGapMs=1073;callbackGapMs=1073;fusion=GPS_IMU
LOCATION,1790413634644,29.6786233,52.4939100,140.000,true,3.98,69.383,source=fused:fused;speedReason=OK;derived=68.08;locationGapMs=938;callbackGapMs=938;fusion=GPS_IMU
LOCATION,1790413635649,29.6784850,52.4940283,142.000,true,3.86,69.371,source=fused:fused;speedReason=OK;derived=68.47;locationGapMs=1006;callbackGapMs=1006;fusion=GPS_IMU
LOCATION,1790413636648,29.6783400,52.4941400,145.000,true,3.85,69.360,source=fused:fused;speedReason=OK;derived=70.09;locationGapMs=995;callbackGapMs=995;fusion=GPS_IMU
LOCATION,1790413637626,29.6781933,52.4942517,146.000,true,3.80,69.355,source=fused:fused;speedReason=OK;derived=70.09;locationGapMs=1000;callbackGapMs=1000;fusion=GPS_IMU
LOCATION,1790413638615,29.6780483,52.4943650,145.000,true,3.82,69.351,source=fused:fused;speedReason=OK;derived=70.30;locationGapMs=995;callbackGapMs=995;fusion=GPS_IMU
LOCATION,1790413639688,29.6779017,52.4944800,145.000,true,3.83,69.347,source=fused:fused;speedReason=OK;derived=70.30;locationGapMs=1059;callbackGapMs=1059;fusion=GPS_IMU
LOCATION,1790413640619,29.6777600,52.4945933,145.000,true,3.87,69.343,source=fused:fused;speedReason=OK;derived=70.40;locationGapMs=945;callbackGapMs=945;fusion=GPS_IMU
LOCATION,1790413641658,29.6776150,52.4947083,145.000,true,3.92,69.334,source=fused:fused;speedReason=OK;derived=69.83;locationGapMs=1008;callbackGapMs=1008;fusion=GPS_IMU
LOCATION,1790413642616,29.6774900,52.4948050,144.000,true,3.95,69.324,source=fused:fused;speedReason=OK;derived=69.83;locationGapMs=988;callbackGapMs=988;fusion=GPS_IMU
LOCATION,1790413643623,29.6773650,52.4949083,144.000,true,4.04,69.310,source=fused:fused;speedReason=OK;derived=61.39;locationGapMs=1002;callbackGapMs=1002;fusion=GPS_IMU
LOCATION_ONLY,1790413644621,29.6772400,52.4950117,144.000,true,4.14,69.290,source=fused:fused;speedReason=POOR_SPEED_ACCURACY;derived=61.39;locationGapMs=1002;callbackGapMs=1002;fusion=GPS_IMU
LOCATION_ONLY,1790413645648,29.6771183,52.4951167,143.000,true,4.23,69.271,source=fused:fused;speedReason=POOR_SPEED_ACCURACY;derived=61.39;locationGapMs=998;callbackGapMs=998;fusion=GPS_IMU
LOCATION_ONLY,1790413646622,29.6769933,52.4952217,143.000,true,4.43,69.251,source=fused:fused;speedReason=POOR_SPEED_ACCURACY;derived=61.41;locationGapMs=1003;callbackGapMs=1003;fusion=GPS_IMU
LOCATION_ONLY,1790413650712,29.6764983,52.4956217,143.000,true,6.10,0.000,source=fused:fused;speedReason=POOR_SPEED_ACCURACY;derived=;locationGapMs=4079;callbackGapMs=4079;fusion=POSITION_OR_SPEED
LOCATION_ONLY,1790413651649,29.6763500,52.4957267,145.000,true,6.30,75.957,source=fused:fused;speedReason=POOR_SPEED_ACCURACY;derived=75.96;locationGapMs=916;callbackGapMs=916;fusion=GPS_IMU
LOCATION,1790413652623,29.6761983,52.4957850,146.000,true,6.70,63.156,source=fused:fused;speedReason=OK;derived=75.96;locationGapMs=1000;callbackGapMs=1000;fusion=GPS_IMU
LOCATION,1790413653645,29.6760083,52.4958717,147.000,true,6.53,65.517,source=fused:fused;speedReason=OK;derived=75.96;locationGapMs=1005;callbackGapMs=1005;fusion=GPS_IMU
LOCATION,1790413654628,29.6758433,52.4959783,147.000,true,6.38,66.190,source=fused:fused;speedReason=OK;derived=75.22;locationGapMs=1005;callbackGapMs=1005;fusion=GPS_IMU
LOCATION,1790413655650,29.6756667,52.4960750,148.000,true,6.25,66.566,source=fused:fused;speedReason=OK;derived=78.82;locationGapMs=991;callbackGapMs=991;fusion=GPS_IMU
LOCATION,1790413656692,29.6755233,52.4961667,149.000,true,5.97,66.776,source=fused:fused;speedReason=OK;derived=75.22;locationGapMs=1062;callbackGapMs=1062;fusion=GPS_IMU
LOCATION,1790413657649,29.6753533,52.4962733,147.000,true,5.56,66.735,source=fused:fused;speedReason=OK;derived=78.82;locationGapMs=945;callbackGapMs=945;fusion=GPS_IMU
LOCATION,1790413658625,29.6752083,52.4963750,148.000,true,5.47,66.708,source=fused:fused;speedReason=OK;derived=67.79;locationGapMs=1001;callbackGapMs=1001;fusion=GPS_IMU
LOCATION,1790413659643,29.6750667,52.4964850,148.000,true,5.28,66.690,source=fused:fused;speedReason=OK;derived=68.83;locationGapMs=992;callbackGapMs=992;fusion=GPS_IMU
LOCATION,1790413660624,29.6749250,52.4965883,149.000,true,5.02,66.672,source=fused:fused;speedReason=OK;derived=67.79;locationGapMs=1007;callbackGapMs=1007;fusion=GPS_IMU
LOCATION,1790413661651,29.6747800,52.4966917,149.000,true,4.90,66.754,source=fused:fused;speedReason=OK;derived=67.89;locationGapMs=1004;callbackGapMs=1004;fusion=GPS_IMU
LOCATION,1790413662698,29.6746350,52.4967900,151.000,true,4.87,66.815,source=fused:fused;speedReason=OK;derived=66.57;locationGapMs=1054;callbackGapMs=1054;fusion=GPS_IMU
LOCATION,1790413663615,29.6744800,52.4968817,154.000,true,4.80,67.018,source=fused:fused;speedReason=OK;derived=67.89;locationGapMs=933;callbackGapMs=933;fusion=GPS_IMU
LOCATION,1790413664620,29.6743217,52.4969683,154.000,true,4.72,67.113,source=fused:fused;speedReason=OK;derived=69.66;locationGapMs=1005;callbackGapMs=1005;fusion=GPS_IMU
LOCATION,1790413665635,29.6741650,52.4970450,157.000,true,4.70,67.197,source=fused:fused;speedReason=OK;derived=69.66;locationGapMs=1009;callbackGapMs=1009;fusion=GPS_IMU
LOCATION,1790413666631,29.6740150,52.4971233,154.000,true,4.70,67.196,source=fused:fused;speedReason=OK;derived=67.40;locationGapMs=1001;callbackGapMs=1001;fusion=GPS_IMU
LOCATION,1790413667633,29.6738700,52.4972050,155.000,true,4.72,67.144,source=fused:fused;speedReason=OK;derived=65.72;locationGapMs=1000;callbackGapMs=1000;fusion=GPS_IMU
LOCATION,1790413668651,29.6737183,52.4972817,156.000,true,4.74,67.091,source=fused:fused;speedReason=OK;derived=65.71;locationGapMs=1007;callbackGapMs=1007;fusion=GPS_IMU
LOCATION,1790413669637,29.6735617,52.4973617,157.000,true,4.78,67.052,source=fused:fused;speedReason=OK;derived=65.71;locationGapMs=995;callbackGapMs=995;fusion=GPS_IMU
LOCATION_ONLY,1790413670630,29.6734100,52.4974167,160.000,true,4.83,67.014,source=fused:fused;speedReason=POOR_SPEED_ACCURACY;derived=65.71;locationGapMs=996;callbackGapMs=996;fusion=GPS_IMU
LOCATION,1790413671661,29.6732800,52.4974633,161.000,true,4.98,66.959,source=fused:fused;speedReason=OK;derived=63.75;locationGapMs=1002;callbackGapMs=1002;fusion=GPS_IMU
LOCATION,1790413672620,29.6731350,52.4975250,163.000,true,5.03,66.825,source=fused:fused;speedReason=OK;derived=62.29;locationGapMs=991;callbackGapMs=991;fusion=GPS_IMU
LOCATION_ONLY,1790413673633,29.6729900,52.4975733,165.000,true,5.13,66.633,source=fused:fused;speedReason=POOR_SPEED_ACCURACY;derived=59.66;locationGapMs=1010;callbackGapMs=1010;fusion=GPS_IMU
LOCATION_ONLY,1790413674641,29.6728467,52.4976150,165.000,true,5.25,66.450,source=fused:fused;speedReason=POOR_SPEED_ACCURACY;derived=59.66;locationGapMs=995;callbackGapMs=995;fusion=GPS_IMU
LOCATION_ONLY,1790413675618,29.6727067,52.4976533,166.000,true,5.40,66.268,source=fused:fused;speedReason=POOR_SPEED_ACCURACY;derived=59.30;locationGapMs=993;callbackGapMs=993;fusion=GPS_IMU
LOCATION,1790413706665,29.6679933,52.4993017,148.000,true,6.60,57.903,source=fused:fused;speedReason=OK;derived=;locationGapMs=31027;callbackGapMs=8591;fusion=GPS_IMU
LOCATION,1790413707622,29.6678933,52.4994067,146.000,true,6.45,59.324,source=fused:fused;speedReason=OK;derived=55.47;locationGapMs=976;callbackGapMs=976;fusion=GPS_IMU
LOCATION,1790413708628,29.6678133,52.4994900,143.000,true,6.30,59.744,source=fused:fused;speedReason=OK;derived=55.47;locationGapMs=1006;callbackGapMs=1006;fusion=GPS_IMU
LOCATION,1790413709625,29.6676900,52.4996033,143.000,true,6.20,59.980,source=fused:fused;speedReason=OK;derived=55.47;locationGapMs=997;callbackGapMs=997;fusion=GPS_IMU
LOCATION,1790413710628,29.6675483,52.4997117,146.000,true,6.06,60.551,source=fused:fused;speedReason=OK;derived=63.28;locationGapMs=1001;callbackGapMs=1001;fusion=GPS_IMU
LOCATION,1790413711627,29.6674033,52.4998267,143.000,true,5.93,61.070,source=fused:fused;speedReason=OK;derived=67.94;locationGapMs=998;callbackGapMs=998;fusion=GPS_IMU
LOCATION,1790413712708,29.6672767,52.4999450,143.000,true,5.68,61.594,source=fused:fused;speedReason=OK;derived=67.94;locationGapMs=1070;callbackGapMs=1070;fusion=GPS_IMU
LOCATION,1790413713636,29.6671300,52.5000767,144.000,true,5.36,62.128,source=fused:fused;speedReason=OK;derived=70.53;locationGapMs=941;callbackGapMs=941;fusion=GPS_IMU
LOCATION,1790413714620,29.6669767,52.5002083,143.000,true,5.30,62.946,source=fused:fused;speedReason=OK;derived=77.54;locationGapMs=986;callbackGapMs=986;fusion=GPS_IMU
LOCATION,1790413715636,29.6668250,52.5003417,143.000,true,5.06,63.752,source=fused:fused;speedReason=OK;derived=77.54;locationGapMs=1011;callbackGapMs=1011;fusion=GPS_IMU
LOCATION,1790413716636,29.6666683,52.5004750,144.000,true,4.96,64.596,source=fused:fused;speedReason=OK;derived=77.54;locationGapMs=1003;callbackGapMs=1003;fusion=GPS_IMU
LOCATION,1790413717606,29.6665200,52.5005950,145.000,true,4.93,65.187,source=fused:fused;speedReason=OK;derived=75.50;locationGapMs=971;callbackGapMs=971;fusion=GPS_IMU
LOCATION,1790413718629,29.6663650,52.5007067,148.000,true,4.87,65.584,source=fused:fused;speedReason=OK;derived=74.63;locationGapMs=1013;callbackGapMs=1013;fusion=GPS_IMU
LOCATION,1790413719639,29.6662083,52.5008117,151.000,true,4.78,65.842,source=fused:fused;speedReason=OK;derived=72.15;locationGapMs=1010;callbackGapMs=1010;fusion=GPS_IMU
LOCATION,1790413720631,29.6660467,52.5009167,150.000,true,4.77,66.208,source=fused:fused;speedReason=OK;derived=72.15;locationGapMs=995;callbackGapMs=995;fusion=GPS_IMU
LOCATION,1790413721635,29.6658900,52.5010183,151.000,true,4.73,66.406,source=fused:fused;speedReason=OK;derived=71.73;locationGapMs=1005;callbackGapMs=1005;fusion=GPS_IMU
LOCATION,1790413722638,29.6657300,52.5011117,155.000,true,4.72,66.593,source=fused:fused;speedReason=OK;derived=71.50;locationGapMs=1007;callbackGapMs=1007;fusion=GPS_IMU
LOCATION,1790413723712,29.6655683,52.5011950,156.000,true,4.74,66.778,source=fused:fused;speedReason=OK;derived=71.17;locationGapMs=1068;callbackGapMs=1068;fusion=GPS_IMU
LOCATION,1790413724639,29.6654183,52.5012817,154.000,true,4.78,66.969,source=fused:fused;speedReason=OK;derived=71.17;locationGapMs=929;callbackGapMs=929;fusion=GPS_IMU
LOCATION,1790413725621,29.6652583,52.5013700,153.000,true,4.80,67.096,source=fused:fused;speedReason=OK;derived=71.59;locationGapMs=990;callbackGapMs=990;fusion=GPS_IMU
LOCATION,1790413726628,29.6651117,52.5014600,153.000,true,4.80,67.159,source=fused:fused;speedReason=OK;derived=71.59;locationGapMs=1005;callbackGapMs=1005;fusion=GPS_IMU
LOCATION,1790413727634,29.6649600,52.5015367,156.000,true,4.82,67.209,source=fused:fused;speedReason=OK;derived=66.11;locationGapMs=1001;callbackGapMs=1001;fusion=GPS_IMU
LOCATION,1790413728631,29.6648083,52.5016033,157.000,true,4.82,67.257,source=fused:fused;speedReason=OK;derived=66.05;locationGapMs=1002;callbackGapMs=1002;fusion=GPS_IMU
LOCATION,1790413729719,29.6646717,52.5016517,159.000,true,4.80,67.274,source=fused:fused;speedReason=OK;derived=64.70;locationGapMs=1077;callbackGapMs=1077;fusion=GPS_IMU
LOCATION,1790413730634,29.6645183,52.5016817,162.000,true,4.78,67.197,source=fused:fused;speedReason=OK;derived=64.70;locationGapMs=926;callbackGapMs=926;fusion=GPS_IMU
LOCATION,1790413731638,29.6643783,52.5017000,165.000,true,4.74,67.148,source=fused:fused;speedReason=OK;derived=56.17;locationGapMs=1001;callbackGapMs=1001;fusion=GPS_IMU
LOCATION,1790413732644,29.6642283,52.5017250,169.000,true,4.70,67.052,source=fused:fused;speedReason=OK;derived=60.31;locationGapMs=1003;callbackGapMs=1003;fusion=GPS_IMU
LOCATION,1790413733642,29.6640617,52.5017333,173.000,true,4.66,66.955,source=fused:fused;speedReason=OK;derived=60.31;locationGapMs=1002;callbackGapMs=1002;fusion=GPS_IMU
LOCATION,1790413734636,29.6638700,52.5017250,175.000,true,4.65,66.843,source=fused:fused;speedReason=OK;derived=66.41;locationGapMs=995;callbackGapMs=995;fusion=GPS_IMU
LOCATION,1790413735746,29.6636833,52.5016800,178.000,true,4.58,66.884,source=fused:fused;speedReason=OK;derived=71.35;locationGapMs=1067;callbackGapMs=1067;fusion=GPS_IMU
LOCATION,1790413736625,29.6634833,52.5016433,179.000,true,4.55,66.987,source=fused:fused;speedReason=OK;derived=76.94;locationGapMs=921;callbackGapMs=921;fusion=GPS_IMU
LOCATION,1790413737624,29.6632850,52.5016350,180.000,true,4.50,67.117,source=fused:fused;speedReason=OK;derived=79.18;locationGapMs=1000;callbackGapMs=1000;fusion=GPS_IMU
LOCATION,1790413738628,29.6630933,52.5016250,180.000,true,4.43,67.339,source=fused:fused;speedReason=OK;derived=79.18;locationGapMs=996;callbackGapMs=996;fusion=GPS_IMU
LOCATION,1790413739624,29.6629167,52.5016100,180.000,true,4.37,67.539,source=fused:fused;speedReason=OK;derived=76.88;locationGapMs=1004;callbackGapMs=1004;fusion=GPS_IMU
LOCATION,1790413740633,29.6627217,52.5015950,183.000,true,4.24,67.627,source=fused:fused;speedReason=OK;derived=76.88;locationGapMs=1007;callbackGapMs=1007;fusion=GPS_IMU
LOCATION,1790413741680,29.6625267,52.5015833,181.000,true,4.18,67.823,source=fused:fused;speedReason=OK;derived=77.38;locationGapMs=1007;callbackGapMs=1007;fusion=GPS_IMU
LOCATION,1790413742625,29.6623450,52.5015850,178.000,true,4.10,68.009,source=fused:fused;speedReason=OK;derived=77.38;locationGapMs=988;callbackGapMs=988;fusion=GPS_IMU
LOCATION,1790413743631,29.6621717,52.5016033,176.000,true,4.02,68.251,source=fused:fused;speedReason=OK;derived=73.39;locationGapMs=1001;callbackGapMs=1001;fusion=GPS_IMU
LOCATION,1790413744626,29.6620000,52.5016100,176.000,true,3.98,68.364,source=fused:fused;speedReason=OK;derived=69.38;locationGapMs=998;callbackGapMs=998;fusion=GPS_IMU
LOCATION,1790413745659,29.6618250,52.5016100,179.000,true,3.92,68.425,source=fused:fused;speedReason=OK;derived=69.38;locationGapMs=1005;callbackGapMs=1005;fusion=GPS_IMU
LOCATION,1790413746702,29.6616500,52.5016083,180.000,true,3.88,68.442,source=fused:fused;speedReason=OK;derived=68.69;locationGapMs=1062;callbackGapMs=1062;fusion=GPS_IMU
LOCATION,1790413747619,29.6614800,52.5015967,183.000,true,3.85,68.453,source=fused:fused;speedReason=OK;derived=69.49;locationGapMs=928;callbackGapMs=928;fusion=GPS_IMU
LOCATION,1790413748603,29.6613300,52.5015717,185.000,true,3.85,68.457,source=fused:fused;speedReason=OK;derived=65.76;locationGapMs=985;callbackGapMs=985;fusion=GPS_IMU
LOCATION,1790413749629,29.6611967,52.5015283,189.000,true,3.87,68.404,source=fused:fused;speedReason=OK;derived=61.41;locationGapMs=1019;callbackGapMs=1019;fusion=GPS_IMU
LOCATION,1790413750675,29.6610817,52.5014617,195.000,true,3.90,68.310,source=fused:fused;speedReason=OK;derived=54.27;locationGapMs=1008;callbackGapMs=1008;fusion=GPS_IMU
LOCATION,1790413751642,29.6609817,52.5013850,201.000,true,3.90,68.164,source=fused:fused;speedReason=OK;derived=51.02;locationGapMs=1010;callbackGapMs=1010;fusion=GPS_IMU
LOCATION,1790413752696,29.6609067,52.5012850,209.000,true,3.90,67.982,source=fused:fused;speedReason=OK;derived=47.56;locationGapMs=1043;callbackGapMs=1043;fusion=GPS_IMU
LOCATION,1790413753624,29.6608333,52.5011700,216.000,true,3.88,67.598,source=fused:fused;speedReason=OK;derived=47.56;locationGapMs=939;callbackGapMs=939;fusion=GPS_IMU
LOCATION,1790413754625,29.6607417,52.5010533,219.000,true,3.87,67.384,source=fused:fused;speedReason=OK;derived=52.87;locationGapMs=996;callbackGapMs=996;fusion=GPS_IMU
LOCATION,1790413755633,29.6606533,52.5009200,223.000,true,3.85,67.101,source=fused:fused;speedReason=OK;derived=54.90;locationGapMs=1013;callbackGapMs=1013;fusion=GPS_IMU
LOCATION,1790413756653,29.6605800,52.5007633,231.000,true,3.83,66.814,source=fused:fused;speedReason=OK;derived=57.58;locationGapMs=992;callbackGapMs=992;fusion=GPS_IMU
LOCATION,1790413757620,29.6604983,52.5006183,232.000,true,3.80,66.587,source=fused:fused;speedReason=OK;derived=60.38;locationGapMs=996;callbackGapMs=996;fusion=GPS_IMU
LOCATION,1790413758703,29.6604117,52.5004467,237.000,true,3.76,66.419,source=fused:fused;speedReason=OK;derived=62.45;locationGapMs=1073;callbackGapMs=1073;fusion=GPS_IMU
LOCATION,1790413759622,29.6603450,52.5002733,242.000,true,3.72,66.308,source=fused:fused;speedReason=OK;derived=64.37;locationGapMs=930;callbackGapMs=930;fusion=GPS_IMU
LOCATION,1790413760651,29.6603117,52.5001317,246.000,true,3.60,66.256,source=fused:fused;speedReason=OK;derived=64.37;locationGapMs=1001;callbackGapMs=1001;fusion=GPS_IMU
LOCATION,1790413761624,29.6602783,52.4999233,252.000,true,3.43,66.202,source=fused:fused;speedReason=OK;derived=71.01;locationGapMs=999;callbackGapMs=999;fusion=GPS_IMU
LOCATION,1790413762621,29.6602250,52.4997333,251.000,true,3.18,66.292,source=fused:fused;speedReason=OK;derived=69.69;locationGapMs=998;callbackGapMs=998;fusion=GPS_IMU
LOCATION,1790413763620,29.6601717,52.4995383,251.000,true,3.12,66.402,source=fused:fused;speedReason=OK;derived=71.36;locationGapMs=998;callbackGapMs=998;fusion=GPS_IMU
LOCATION,1790413764729,29.6601233,52.4993417,254.000,true,2.86,66.508,source=fused:fused;speedReason=OK;derived=69.69;locationGapMs=1073;callbackGapMs=1073;fusion=GPS_IMU
LOCATION,1790413765622,29.6600817,52.4991450,255.000,true,2.87,66.617,source=fused:fused;speedReason=OK;derived=71.36;locationGapMs=930;callbackGapMs=930;fusion=GPS_IMU
LOCATION,1790413766616,29.6600417,52.4989550,257.000,true,2.85,66.687,source=fused:fused;speedReason=OK;derived=68.74;locationGapMs=991;callbackGapMs=991;fusion=GPS_IMU
LOCATION,1790413767651,29.6600017,52.4987650,257.000,true,2.87,66.734,source=fused:fused;speedReason=OK;derived=68.74;locationGapMs=1004;callbackGapMs=1004;fusion=GPS_IMU
LOCATION,1790413768618,29.6599617,52.4985667,258.000,true,2.90,66.763,source=fused:fused;speedReason=OK;derived=68.74;locationGapMs=999;callbackGapMs=999;fusion=GPS_IMU
LOCATION,1790413769626,29.6599200,52.4983600,256.000,true,2.92,66.864,source=fused:fused;speedReason=OK;derived=71.00;locationGapMs=992;callbackGapMs=992;fusion=GPS_IMU
LOCATION,1790413770628,29.6598850,52.4981600,258.000,true,2.93,66.967,source=fused:fused;speedReason=OK;derived=71.00;locationGapMs=1008;callbackGapMs=1008;fusion=GPS_IMU
LOCATION,1790413771642,29.6598467,52.4979600,256.000,true,2.97,66.995,source=fused:fused;speedReason=OK;derived=71.72;locationGapMs=995;callbackGapMs=995;fusion=GPS_IMU
LOCATION,1790413772614,29.6598100,52.4977783,256.000,true,3.02,67.038,source=fused:fused;speedReason=OK;derived=70.53;locationGapMs=1005;callbackGapMs=1005;fusion=GPS_IMU
LOCATION,1790413773646,29.6597733,52.4976083,255.000,true,3.08,67.008,source=fused:fused;speedReason=OK;derived=64.68;locationGapMs=1008;callbackGapMs=1008;fusion=GPS_IMU
LOCATION,1790413774624,29.6597300,52.4974350,255.000,true,3.12,66.914,source=fused:fused;speedReason=OK;derived=62.89;locationGapMs=999;callbackGapMs=999;fusion=GPS_IMU
LOCATION,1790413775719,29.6596850,52.4972633,254.000,true,3.16,66.850,source=fused:fused;speedReason=OK;derived=60.55;locationGapMs=1058;callbackGapMs=1058;fusion=GPS_IMU
LOCATION,1790413776622,29.6596350,52.4970867,252.000,true,3.18,66.769,source=fused:fused;speedReason=OK;derived=62.89;locationGapMs=941;callbackGapMs=941;fusion=GPS_IMU
LOCATION,1790413777640,29.6595800,52.4969017,252.000,true,3.18,66.668,source=fused:fused;speedReason=OK;derived=68.59;locationGapMs=993;callbackGapMs=993;fusion=GPS_IMU
LOCATION,1790413778621,29.6595233,52.4967200,252.000,true,3.20,66.610,source=fused:fused;speedReason=OK;derived=68.59;locationGapMs=1006;callbackGapMs=1006;fusion=GPS_IMU
LOCATION,1790413779610,29.6594700,52.4965417,252.000,true,3.20,66.563,source=fused:fused;speedReason=OK;derived=66.85;locationGapMs=988;callbackGapMs=988;fusion=GPS_IMU
LOCATION,1790413780616,29.6594183,52.4963683,252.000,true,3.20,66.460,source=fused:fused;speedReason=OK;derived=66.48;locationGapMs=1007;callbackGapMs=1007;fusion=GPS_IMU
LOCATION,1790413781630,29.6593650,52.4962000,250.000,true,3.20,66.369,source=fused:fused;speedReason=OK;derived=63.42;locationGapMs=1005;callbackGapMs=1005;fusion=GPS_IMU
LOCATION,1790413782617,29.6593050,52.4960383,246.000,true,3.20,66.327,source=fused:fused;speedReason=OK;derived=62.08;locationGapMs=997;callbackGapMs=997;fusion=GPS_IMU
LOCATION,1790413783627,29.6592417,52.4958767,246.000,true,3.24,66.305,source=fused:fused;speedReason=OK;derived=61.42;locationGapMs=1009;callbackGapMs=1009;fusion=GPS_IMU
LOCATION,1790413784624,29.6591867,52.4957250,247.000,true,3.32,66.284,source=fused:fused;speedReason=OK;derived=61.18;locationGapMs=995;callbackGapMs=995;fusion=GPS_IMU
LOCATION_ONLY,1790413785620,29.6591367,52.4955600,248.000,true,3.45,66.255,source=fused:fused;speedReason=POOR_SPEED_ACCURACY;derived=61.12;locationGapMs=996;callbackGapMs=996;fusion=GPS_IMU
LOCATION_ONLY,1790413786696,29.6590833,52.4954000,248.000,true,3.80,66.207,source=fused:fused;speedReason=POOR_SPEED_ACCURACY;derived=57.53;locationGapMs=1072;callbackGapMs=1072;fusion=GPS_IMU
LOCATION,1790413802642,29.6581633,52.4926217,236.000,true,8.00,54.450,source=fused:fused;speedReason=OK;derived=;locationGapMs=15951;callbackGapMs=2611;fusion=GPS_IMU
LOCATION,1790413803628,29.6579850,52.4925000,238.000,true,7.40,55.552,source=fused:fused;speedReason=OK;derived=83.93;locationGapMs=987;callbackGapMs=987;fusion=GPS_IMU
LOCATION,1790413804632,29.6578917,52.4923533,238.000,true,7.07,55.821,source=fused:fused;speedReason=OK;derived=83.93;locationGapMs=1003;callbackGapMs=1003;fusion=GPS_IMU
LOCATION,1790413805625,29.6578217,52.4922133,237.000,true,6.78,56.816,source=fused:fused;speedReason=OK;derived=63.06;locationGapMs=994;callbackGapMs=994;fusion=GPS_IMU
LOCATION,1790413806629,29.6577567,52.4920783,236.000,true,6.56,57.409,source=fused:fused;speedReason=OK;derived=56.56;locationGapMs=1003;callbackGapMs=1003;fusion=GPS_IMU
LOCATION,1790413807624,29.6576833,52.4919050,234.000,true,6.37,58.643,source=fused:fused;speedReason=OK;derived=56.56;locationGapMs=996;callbackGapMs=996;fusion=GPS_IMU
LOCATION,1790413808628,29.6575800,52.4917467,236.000,true,5.68,59.735,source=fused:fused;speedReason=OK;derived=67.40;locationGapMs=1003;callbackGapMs=1003;fusion=GPS_IMU
LOCATION,1790413809690,29.6574767,52.4915850,235.000,true,5.38,60.750,source=fused:fused;speedReason=OK;derived=67.40;locationGapMs=1063;callbackGapMs=1063;fusion=GPS_IMU
LOCATION,1790413810633,29.6573733,52.4914200,235.000,true,5.14,62.172,source=fused:fused;speedReason=OK;derived=68.67;locationGapMs=942;callbackGapMs=942;fusion=GPS_IMU
LOCATION,1790413811609,29.6572700,52.4912483,236.000,true,5.07,63.265,source=fused:fused;speedReason=OK;derived=74.38;locationGapMs=977;callbackGapMs=977;fusion=GPS_IMU
LOCATION,1790413812626,29.6571550,52.4910750,238.000,true,4.88,64.973,source=fused:fused;speedReason=OK;derived=74.66;locationGapMs=1016;callbackGapMs=1016;fusion=GPS_IMU
LOCATION,1790413813626,29.6570550,52.4909167,237.000,true,4.72,66.533,source=fused:fused;speedReason=OK;derived=74.38;locationGapMs=1001;callbackGapMs=1001;fusion=GPS_IMU
LOCATION,1790413814629,29.6569300,52.4907367,236.000,true,4.58,67.890,source=fused:fused;speedReason=OK;derived=74.66;locationGapMs=1003;callbackGapMs=1003;fusion=GPS_IMU
LOCATION,1790413815690,29.6568317,52.4905633,235.000,true,4.43,68.708,source=fused:fused;speedReason=OK;derived=68.02;locationGapMs=1060;callbackGapMs=1060;fusion=GPS_IMU
LOCATION,1790413816631,29.6567367,52.4903867,236.000,true,4.22,69.412,source=fused:fused;speedReason=OK;derived=76.90;locationGapMs=940;callbackGapMs=940;fusion=GPS_IMU
LOCATION,1790413817631,29.6566367,52.4902317,237.000,true,4.04,69.821,source=fused:fused;speedReason=OK;derived=67.97;locationGapMs=1001;callbackGapMs=1001;fusion=GPS_IMU
LOCATION,1790413818630,29.6565367,52.4900700,239.000,true,3.95,70.166,source=fused:fused;speedReason=OK;derived=69.19;locationGapMs=998;callbackGapMs=998;fusion=GPS_IMU
LOCATION,1790413819629,29.6564400,52.4898900,236.000,true,3.72,70.347,source=fused:fused;speedReason=OK;derived=69.19;locationGapMs=1001;callbackGapMs=1001;fusion=GPS_IMU
LOCATION,1790413820634,29.6563383,52.4897317,234.000,true,3.67,70.316,source=fused:fused;speedReason=OK;derived=69.19;locationGapMs=1004;callbackGapMs=1004;fusion=GPS_IMU
LOCATION,1790413821689,29.6562400,52.4895600,237.000,true,3.55,70.293,source=fused:fused;speedReason=OK;derived=68.22;locationGapMs=1054;callbackGapMs=1054;fusion=GPS_IMU
LOCATION,1790413822633,29.6561517,52.4893950,238.000,true,3.40,70.255,source=fused:fused;speedReason=OK;derived=68.22;locationGapMs=943;callbackGapMs=943;fusion=GPS_IMU
LOCATION,1790413823631,29.6560650,52.4892333,240.000,true,3.36,70.000,source=fused:fused;speedReason=OK;derived=67.89;locationGapMs=1001;callbackGapMs=1001;fusion=GPS_IMU
LOCATION,1790413824630,29.6559767,52.4890633,240.000,true,3.33,69.816,source=fused:fused;speedReason=OK;derived=69.01;locationGapMs=999;callbackGapMs=999;fusion=GPS_IMU
LOCATION,1790413825635,29.6558867,52.4888950,239.000,true,3.26,69.636,source=fused:fused;speedReason=OK;derived=68.51;locationGapMs=1004;callbackGapMs=1004;fusion=GPS_IMU
LOCATION,1790413826636,29.6558033,52.4887317,240.000,true,3.24,69.478,source=fused:fused;speedReason=OK;derived=68.51;locationGapMs=1002;callbackGapMs=1002;fusion=GPS_IMU
LOCATION,1790413827683,29.6557250,52.4885833,238.000,true,3.23,69.239,source=fused:fused;speedReason=OK;derived=65.80;locationGapMs=1046;callbackGapMs=1046;fusion=GPS_IMU
LOCATION,1790413828633,29.6556483,52.4884383,239.000,true,3.22,68.739,source=fused:fused;speedReason=OK;derived=62.06;locationGapMs=952;callbackGapMs=952;fusion=GPS_IMU
LOCATION,1790413829621,29.6555850,52.4883000,241.000,true,3.20,68.264,source=fused:fused;speedReason=OK;derived=57.77;locationGapMs=986;callbackGapMs=986;fusion=GPS_IMU
LOCATION,1790413830629,29.6555283,52.4881700,243.000,true,3.20,67.559,source=fused:fused;speedReason=OK;derived=55.19;locationGapMs=1009;callbackGapMs=1009;fusion=GPS_IMU
LOCATION,1790413831620,29.6554700,52.4880400,240.000,true,3.20,66.821,source=fused:fused;speedReason=OK;derived=51.40;locationGapMs=991;callbackGapMs=991;fusion=GPS_IMU
LOCATION,1790413832630,29.6554100,52.4879100,241.000,true,3.20,66.204,source=fused:fused;speedReason=OK;derived=50.84;locationGapMs=1008;callbackGapMs=1008;fusion=GPS_IMU
LOCATION,1790413833639,29.6553483,52.4877783,239.000,true,3.20,65.684,source=fused:fused;speedReason=OK;derived=51.40;locationGapMs=1010;callbackGapMs=1010;fusion=GPS_IMU
LOCATION,1790413834631,29.6552883,52.4876483,239.000,true,3.20,65.239,source=fused:fused;speedReason=OK;derived=51.56;locationGapMs=994;callbackGapMs=994;fusion=GPS_IMU
LOCATION,1790413835631,29.6552333,52.4875283,242.000,true,3.20,64.932,source=fused:fused;speedReason=OK;derived=51.56;locationGapMs=999;callbackGapMs=999;fusion=GPS_IMU
LOCATION,1790413836629,29.6551850,52.4874117,243.000,true,3.22,64.634,source=fused:fused;speedReason=OK;derived=47.28;locationGapMs=997;callbackGapMs=997;fusion=GPS_IMU
LOCATION,1790413837622,29.6551400,52.4872900,246.000,true,3.23,64.310,source=fused:fused;speedReason=OK;derived=46.29;locationGapMs=995;callbackGapMs=995;fusion=GPS_IMU
LOCATION,1790413838626,29.6551083,52.4871900,246.000,true,3.25,64.091,source=fused:fused;speedReason=OK;derived=45.11;locationGapMs=1002;callbackGapMs=1002;fusion=GPS_IMU
LOCATION,1790413839689,29.6550967,52.4871200,249.000,true,3.28,63.823,source=fused:fused;speedReason=OK;derived=37.01;locationGapMs=1065;callbackGapMs=1065;fusion=GPS_IMU
LOCATION,1790413840638,29.6550767,52.4870617,245.000,true,3.36,63.498,source=fused:fused;speedReason=OK;derived=23.32;locationGapMs=948;callbackGapMs=948;fusion=GPS_IMU
LOCATION,1790413841637,29.6550450,52.4870050,240.000,true,3.42,63.233,source=fused:fused;speedReason=OK;derived=23.32;locationGapMs=999;callbackGapMs=999;fusion=GPS_IMU
LOCATION,1790413842619,29.6550267,52.4869617,240.000,true,3.52,63.003,source=fused:fused;speedReason=OK;derived=23.03;locationGapMs=981;callbackGapMs=981;fusion=GPS_IMU
LOCATION,1790413843634,29.6550150,52.4869283,236.000,true,3.66,62.728,source=fused:fused;speedReason=OK;derived=17.09;locationGapMs=1014;callbackGapMs=1014;fusion=GPS_IMU
LOCATION,1790413844634,29.6550017,52.4869000,234.000,true,3.82,62.486,source=fused:fused;speedReason=OK;derived=12.37;locationGapMs=1002;callbackGapMs=1002;fusion=GPS_IMU
LOCATION,1790413845734,29.6550017,52.4868767,243.000,true,3.98,62.159,source=fused:fused;speedReason=OK;derived=11.18;locationGapMs=1100;callbackGapMs=1100;fusion=GPS_IMU
LOCATION,1790413846631,29.6550017,52.4868500,250.000,true,4.03,61.550,source=fused:fused;speedReason=OK;derived=10.39;locationGapMs=896;callbackGapMs=896;fusion=GPS_IMU
LOCATION,1790413847620,29.6549883,52.4868250,238.000,true,4.15,60.988,source=fused:fused;speedReason=OK;derived=10.33;locationGapMs=990;callbackGapMs=990;fusion=GPS_IMU
LOCATION,1790413848625,29.6549617,52.4867917,236.000,true,4.22,60.308,source=fused:fused;speedReason=OK;derived=10.39;locationGapMs=1005;callbackGapMs=1005;fusion=GPS_IMU
LOCATION,1790413849632,29.6549467,52.4867250,236.000,true,4.22,59.630,source=fused:fused;speedReason=OK;derived=15.65;locationGapMs=1006;callbackGapMs=1006;fusion=GPS_IMU
LOCATION,1790413850627,29.6549217,52.4866700,237.000,true,4.17,59.049,source=fused:fused;speedReason=OK;derived=21.72;locationGapMs=995;callbackGapMs=995;fusion=GPS_IMU
LOCATION,1790413851693,29.6549050,52.4866267,243.000,true,4.06,58.629,source=fused:fused;speedReason=OK;derived=21.72;locationGapMs=1068;callbackGapMs=1068;fusion=GPS_IMU
LOCATION,1790413852641,29.6548783,52.4865817,236.000,true,4.00,58.280,source=fused:fused;speedReason=OK;derived=20.06;locationGapMs=945;callbackGapMs=945;fusion=GPS_IMU
LOCATION,1790413853635,29.6548450,52.4865033,244.000,true,3.92,57.465,source=fused:fused;speedReason=OK;derived=20.06;locationGapMs=996;callbackGapMs=996;fusion=GPS_IMU
LOCATION,1790413854629,29.6548150,52.4864283,246.000,true,3.90,57.001,source=fused:fused;speedReason=OK;derived=28.93;locationGapMs=994;callbackGapMs=994;fusion=GPS_IMU
LOCATION,1790413855634,29.6547683,52.4863450,244.000,true,3.84,56.220,source=fused:fused;speedReason=OK;derived=30.51;locationGapMs=1004;callbackGapMs=1004;fusion=GPS_IMU
LOCATION,1790413856630,29.6547333,52.4862617,246.000,true,3.82,55.755,source=fused:fused;speedReason=OK;derived=32.35;locationGapMs=996;callbackGapMs=996;fusion=GPS_IMU
LOCATION,1790413857694,29.6547033,52.4861850,245.000,true,3.78,55.307,source=fused:fused;speedReason=OK;derived=32.35;locationGapMs=1064;callbackGapMs=1064;fusion=GPS_IMU
LOCATION,1790413858628,29.6546750,52.4861133,246.000,true,3.73,54.857,source=fused:fused;speedReason=OK;derived=29.36;locationGapMs=934;callbackGapMs=934;fusion=GPS_IMU
LOCATION,1790413859628,29.6546433,52.4860433,247.000,true,3.70,54.345,source=fused:fused;speedReason=OK;derived=27.53;locationGapMs=1001;callbackGapMs=1001;fusion=GPS_IMU
LOCATION,1790413860610,29.6546067,52.4859750,241.000,true,3.70,53.873,source=fused:fused;speedReason=OK;derived=28.44;locationGapMs=982;callbackGapMs=982;fusion=GPS_IMU
LOCATION,1790413861623,29.6545817,52.4859067,246.000,true,3.70,53.419,source=fused:fused;speedReason=OK;derived=27.46;locationGapMs=1013;callbackGapMs=1013;fusion=GPS_IMU
LOCATION,1790413862626,29.6545500,52.4858200,252.000,true,3.68,52.816,source=fused:fused;speedReason=OK;derived=28.44;locationGapMs=1003;callbackGapMs=1003;fusion=GPS_IMU
LOCATION,1790413863689,29.6545133,52.4857367,247.000,true,3.66,52.269,source=fused:fused;speedReason=OK;derived=30.59;locationGapMs=1063;callbackGapMs=1063;fusion=GPS_IMU
LOCATION,1790413864632,29.6544850,52.4856567,250.000,true,3.65,51.813,source=fused:fused;speedReason=OK;derived=31.90;locationGapMs=943;callbackGapMs=943;fusion=GPS_IMU
LOCATION,1790413865633,29.6544500,52.4855783,246.000,true,3.60,51.419,source=fused:fused;speedReason=OK;derived=30.69;locationGapMs=1000;callbackGapMs=1000;fusion=GPS_IMU
LOCATION,1790413866630,29.6544167,52.4855083,244.000,true,3.58,51.114,source=fused:fused;speedReason=OK;derived=30.69;locationGapMs=997;callbackGapMs=997;fusion=GPS_IMU
LOCATION,1790413867634,29.6543800,52.4854367,247.000,true,3.56,50.809,source=fused:fused;speedReason=OK;derived=28.85;locationGapMs=1003;callbackGapMs=1003;fusion=GPS_IMU
LOCATION,1790413868633,29.6543583,52.4854150,242.000,true,3.55,50.272,source=fused:fused;speedReason=OK;derived=27.87;locationGapMs=1000;callbackGapMs=1000;fusion=GPS_IMU
LOCATION,1790413869704,29.6543117,52.4853750,239.000,true,3.52,49.574,source=fused:fused;speedReason=OK;derived=21.82;locationGapMs=1065;callbackGapMs=1065;fusion=GPS_IMU
LOCATION,1790413870634,29.6542783,52.4853317,238.000,true,3.47,48.944,source=fused:fused;speedReason=OK;derived=21.49;locationGapMs=937;callbackGapMs=937;fusion=GPS_IMU
LOCATION,1790413871635,29.6542500,52.4852917,240.000,true,3.40,48.114,source=fused:fused;speedReason=OK;derived=21.49;locationGapMs=1000;callbackGapMs=1000;fusion=GPS_IMU
LOCATION,1790413872645,29.6542250,52.4852550,233.000,true,3.34,47.308,source=fused:fused;speedReason=OK;derived=17.94;locationGapMs=1008;callbackGapMs=1008;fusion=GPS_IMU
LOCATION,1790413873631,29.6541983,52.4852233,226.000,true,3.28,46.444,source=fused:fused;speedReason=OK;derived=16.09;locationGapMs=988;callbackGapMs=988;fusion=GPS_IMU
LOCATION,1790413874633,29.6541783,52.4852000,234.000,true,3.24,45.707,source=fused:fused;speedReason=OK;derived=15.54;locationGapMs=1002;callbackGapMs=1002;fusion=GPS_IMU
LOCATION,1790413875697,29.6541583,52.4851717,237.000,true,3.22,45.022,source=fused:fused;speedReason=OK;derived=11.97;locationGapMs=1060;callbackGapMs=1060;fusion=GPS_IMU
LOCATION,1790413876635,29.6541350,52.4851417,228.000,true,3.16,44.213,source=fused:fused;speedReason=OK;derived=11.97;locationGapMs=942;callbackGapMs=942;fusion=GPS_IMU
LOCATION,1790413877631,29.6541100,52.4851117,231.000,true,3.14,43.487,source=fused:fused;speedReason=OK;derived=14.50;locationGapMs=997;callbackGapMs=997;fusion=GPS_IMU
LOCATION,1790413878633,29.6540900,52.4850783,237.000,true,3.13,42.616,source=fused:fused;speedReason=OK;derived=14.50;locationGapMs=1001;callbackGapMs=1001;fusion=GPS_IMU
LOCATION,1790413879632,29.6540717,52.4850483,239.000,true,3.10,41.673,source=fused:fused;speedReason=OK;derived=14.10;locationGapMs=999;callbackGapMs=999;fusion=GPS_IMU
LOCATION,1790413880634,29.6540533,52.4850217,231.000,true,3.06,40.892,source=fused:fused;speedReason=OK;derived=12.77;locationGapMs=1003;callbackGapMs=1003;fusion=GPS_IMU
LOCATION,1790413881702,29.6540383,52.4850017,233.000,true,3.04,40.266,source=fused:fused;speedReason=OK;derived=11.79;locationGapMs=1064;callbackGapMs=1064;fusion=GPS_IMU
LOCATION,1790413882632,29.6540317,52.4849883,233.000,true,3.03,39.501,source=fused:fused;speedReason=OK;derived=8.64;locationGapMs=934;callbackGapMs=934;fusion=GPS_IMU
LOCATION,1790413883638,29.6540267,52.4849900,233.000,true,2.98,38.610,source=fused:fused;speedReason=OK;derived=5.74;locationGapMs=1005;callbackGapMs=1005;fusion=GPS_IMU
LOCATION,1790413884639,29.6540250,52.4849933,233.000,true,2.98,0.000,source=fused:fused;speedReason=OK;derived=2.07;locationGapMs=1002;callbackGapMs=1002;fusion=GPS_IMU
LOCATION,1790413885632,29.6540267,52.4849883,233.000,true,2.97,0.000,source=fused:fused;speedReason=OK;derived=1.88;locationGapMs=994;callbackGapMs=994;fusion=GPS_IMU
LOCATION,1790413886637,29.6540267,52.4849883,233.000,true,2.97,0.000,source=fused:fused;speedReason=OK;derived=1.33;locationGapMs=1004;callbackGapMs=1004;fusion=GPS_IMU
LOCATION,1790413887688,29.6540267,52.4849883,233.000,true,2.97,0.000,source=fused:fused;speedReason=OK;derived=0.00;locationGapMs=1050;callbackGapMs=1050;fusion=GPS_IMU
LOCATION,1790413888636,29.6539983,52.4849533,224.000,true,2.97,0.000,source=fused:fused;speedReason=OK;derived=0.00;locationGapMs=948;callbackGapMs=948;fusion=GPS_IMU
LOCATION,1790413889652,29.6539767,52.4849250,231.000,true,2.96,1.673,source=fused:fused;speedReason=OK;derived=12.89;locationGapMs=1016;callbackGapMs=1016;fusion=GPS_IMU
LOCATION,1790413890633,29.6539500,52.4848933,225.000,true,2.96,2.980,source=fused:fused;speedReason=OK;derived=15.63;locationGapMs=982;callbackGapMs=982;fusion=GPS_IMU
LOCATION,1790413891605,29.6539250,52.4848583,229.000,true,2.95,4.364,source=fused:fused;speedReason=OK;derived=15.63;locationGapMs=973;callbackGapMs=973;fusion=GPS_IMU
LOCATION,1790413892619,29.6539000,52.4848333,218.000,true,2.93,5.251,source=fused:fused;speedReason=OK;derived=15.63;locationGapMs=1010;callbackGapMs=1010;fusion=GPS_IMU
LOCATION,1790413893698,29.6538750,52.4848067,221.000,true,2.90,5.808,source=fused:fused;speedReason=OK;derived=13.11;locationGapMs=1082;callbackGapMs=1082;fusion=GPS_IMU
LOCATION,1790413894629,29.6538450,52.4847683,231.000,true,2.90,6.248,source=fused:fused;speedReason=OK;derived=13.11;locationGapMs=930;callbackGapMs=930;fusion=GPS_IMU
LOCATION,1790413895637,29.6538217,52.4847267,234.000,true,2.90,6.927,source=fused:fused;speedReason=OK;derived=17.05;locationGapMs=1010;callbackGapMs=1010;fusion=GPS_IMU
LOCATION,1790413896636,29.6538000,52.4846817,237.000,true,2.90,7.479,source=fused:fused;speedReason=OK;derived=17.95;locationGapMs=998;callbackGapMs=998;fusion=GPS_IMU
LOCATION_ONLY,1790413897564,29.6538000,52.4846817,237.000,true,8.93,7.577,source=fused:fused;speedReason=NO_SPEED;derived=17.05;locationGapMs=928;callbackGapMs=928;fusion=GPS_IMU
LOCATION,1790413898640,29.6537467,52.4846067,231.000,true,8.93,8.114,source=fused:fused;speedReason=OK;derived=17.95;locationGapMs=1075;callbackGapMs=1075;fusion=GPS_IMU
LOCATION,1790413899698,29.6537233,52.4845667,237.000,true,8.93,8.648,source=fused:fused;speedReason=OK;derived=15.85;locationGapMs=1059;callbackGapMs=1059;fusion=GPS_IMU
LOCATION,1790413900638,29.6537067,52.4845250,241.000,true,8.07,9.034,source=fused:fused;speedReason=OK;derived=17.03;locationGapMs=938;callbackGapMs=938;fusion=GPS_IMU
LOCATION,1790413901630,29.6536917,52.4844883,241.000,true,8.07,9.318,source=fused:fused;speedReason=OK;derived=15.85;locationGapMs=995;callbackGapMs=995;fusion=GPS_IMU
LOCATION,1790413902627,29.6536683,52.4844517,235.000,true,2.92,9.563,source=fused:fused;speedReason=OK;derived=15.87;locationGapMs=996;callbackGapMs=996;fusion=GPS_IMU
LOCATION,1790413903631,29.6536467,52.4844167,234.000,true,2.93,9.750,source=fused:fused;speedReason=OK;derived=14.86;locationGapMs=1005;callbackGapMs=1005;fusion=GPS_IMU
LOCATION,1790413904628,29.6536233,52.4843783,237.000,true,2.95,9.929,source=fused:fused;speedReason=OK;derived=15.87;locationGapMs=997;callbackGapMs=997;fusion=GPS_IMU
LOCATION,1790413905702,29.6536033,52.4843283,243.000,true,2.98,10.130,source=fused:fused;speedReason=OK;derived=16.37;locationGapMs=1075;callbackGapMs=1075;fusion=GPS_IMU
LOCATION,1790413906644,29.6535850,52.4842767,245.000,true,2.98,10.418,source=fused:fused;speedReason=OK;derived=17.83;locationGapMs=937;callbackGapMs=937;fusion=GPS_IMU
LOCATION,1790413907622,29.6535600,52.4842233,241.000,true,3.02,10.648,source=fused:fused;speedReason=OK;derived=20.72;locationGapMs=981;callbackGapMs=981;fusion=GPS_IMU
LOCATION,1790413908634,29.6535300,52.4841650,241.000,true,3.03,10.841,source=fused:fused;speedReason=OK;derived=21.53;locationGapMs=1011;callbackGapMs=1011;fusion=GPS_IMU
LOCATION,1790413909631,29.6534983,52.4841000,241.000,true,3.08,11.061,source=fused:fused;speedReason=OK;derived=23.33;locationGapMs=998;callbackGapMs=998;fusion=GPS_IMU
LOCATION,1790413910637,29.6534700,52.4840433,238.000,true,3.12,11.309,source=fused:fused;speedReason=OK;derived=23.33;locationGapMs=1004;callbackGapMs=1004;fusion=GPS_IMU
LOCATION,1790413911637,29.6534400,52.4839800,240.000,true,3.20,11.556,source=fused:fused;speedReason=OK;derived=25.05;locationGapMs=1002;callbackGapMs=1002;fusion=GPS_IMU
LOCATION,1790413912631,29.6534033,52.4839100,240.000,true,3.26,11.794,source=fused:fused;speedReason=OK;derived=25.05;locationGapMs=989;callbackGapMs=989;fusion=GPS_IMU
LOCATION,1790413913629,29.6533850,52.4838317,246.000,true,3.28,12.078,source=fused:fused;speedReason=OK;derived=28.14;locationGapMs=1004;callbackGapMs=1004;fusion=GPS_IMU
LOCATION,1790413914641,29.6533600,52.4837633,243.000,true,3.38,12.352,source=fused:fused;speedReason=OK;derived=28.14;locationGapMs=1011;callbackGapMs=1011;fusion=GPS_IMU
LOCATION,1790413915636,29.6533250,52.4836900,240.000,true,3.42,12.582,source=fused:fused;speedReason=OK;derived=28.14;locationGapMs=997;callbackGapMs=997;fusion=GPS_IMU
LOCATION,1790413916699,29.6532867,52.4836117,240.000,true,3.47,12.822,source=fused:fused;speedReason=OK;derived=29.20;locationGapMs=1062;callbackGapMs=1062;fusion=GPS_IMU
LOCATION,1790413917624,29.6532467,52.4835233,241.000,true,3.52,13.074,source=fused:fused;speedReason=OK;derived=29.45;locationGapMs=924;callbackGapMs=924;fusion=GPS_IMU
LOCATION,1790413918625,29.6532067,52.4834367,241.000,true,3.55,13.419,source=fused:fused;speedReason=OK;derived=34.11;locationGapMs=1001;callbackGapMs=1001;fusion=GPS_IMU
LOCATION,1790413919629,29.6531667,52.4833533,239.000,true,3.58,13.779,source=fused:fused;speedReason=OK;derived=34.11;locationGapMs=1003;callbackGapMs=1003;fusion=GPS_IMU
LOCATION,1790413920623,29.6531333,52.4832667,243.000,true,3.60,14.108,source=fused:fused;speedReason=OK;derived=33.20;locationGapMs=994;callbackGapMs=994;fusion=GPS_IMU
LOCATION,1790413921626,29.6530967,52.4831817,240.000,true,3.62,14.363,source=fused:fused;speedReason=OK;derived=33.06;locationGapMs=1004;callbackGapMs=1004;fusion=GPS_IMU
LOCATION,1790413922680,29.6530500,52.4830917,242.000,true,3.63,14.615,source=fused:fused;speedReason=OK;derived=33.20;locationGapMs=1053;callbackGapMs=1053;fusion=GPS_IMU
LOCATION,1790413923628,29.6530017,52.4829917,242.000,true,3.66,14.829,source=fused:fused;speedReason=OK;derived=34.65;locationGapMs=948;callbackGapMs=948;fusion=GPS_IMU
LOCATION,1790413924626,29.6529567,52.4828983,245.000,true,3.68,15.100,source=fused:fused;speedReason=OK;derived=37.22;locationGapMs=999;callbackGapMs=999;fusion=GPS_IMU
LOCATION,1790413925634,29.6529133,52.4828100,241.000,true,3.72,15.357,source=fused:fused;speedReason=OK;derived=37.22;locationGapMs=1008;callbackGapMs=1008;fusion=GPS_IMU
LOCATION,1790413926633,29.6528833,52.4827300,242.000,true,3.74,15.633,source=fused:fused;speedReason=OK;derived=35.04;locationGapMs=998;callbackGapMs=998;fusion=GPS_IMU
LOCATION,1790413927636,29.6528550,52.4826567,243.000,true,3.74,15.898,source=fused:fused;speedReason=OK;derived=30.41;locationGapMs=1003;callbackGapMs=1003;fusion=GPS_IMU
LOCATION,1790413928632,29.6528150,52.4825917,239.000,true,3.72,16.156,source=fused:fused;speedReason=OK;derived=27.85;locationGapMs=997;callbackGapMs=997;fusion=GPS_IMU
LOCATION,1790413929626,29.6527700,52.4825067,242.000,true,3.70,16.374,source=fused:fused;speedReason=OK;derived=27.85;locationGapMs=993;callbackGapMs=993;fusion=GPS_IMU
LOCATION,1790413930627,29.6527367,52.4824367,244.000,true,3.67,16.555,source=fused:fused;speedReason=OK;derived=27.80;locationGapMs=1002;callbackGapMs=1002;fusion=GPS_IMU
LOCATION,1790413931629,29.6527150,52.4823833,246.000,true,3.60,16.680,source=fused:fused;speedReason=OK;derived=27.73;locationGapMs=1002;callbackGapMs=1002;fusion=GPS_IMU
LOCATION,1790413932628,29.6526850,52.4823267,241.000,true,3.60,16.762,source=fused:fused;speedReason=OK;derived=23.08;locationGapMs=1000;callbackGapMs=1000;fusion=GPS_IMU
LOCATION,1790413933678,29.6526550,52.4822750,239.000,true,3.58,16.846,source=fused:fused;speedReason=OK;derived=20.60;locationGapMs=1050;callbackGapMs=1050;fusion=GPS_IMU
LOCATION,1790413934628,29.6526350,52.4822183,245.000,true,3.58,16.928,source=fused:fused;speedReason=OK;derived=22.46;locationGapMs=949;callbackGapMs=949;fusion=GPS_IMU
LOCATION,1790413935632,29.6526117,52.4821683,248.000,true,3.60,17.005,source=fused:fused;speedReason=OK;derived=20.60;locationGapMs=1004;callbackGapMs=1004;fusion=GPS_IMU
LOCATION,1790413936628,29.6525900,52.4821133,246.000,true,3.60,17.079,source=fused:fused;speedReason=OK;derived=21.12;locationGapMs=996;callbackGapMs=996;fusion=GPS_IMU
LOCATION,1790413937632,29.6525683,52.4820683,239.000,true,3.60,17.132,source=fused:fused;speedReason=OK;derived=19.67;locationGapMs=1004;callbackGapMs=1004;fusion=GPS_IMU
LOCATION,1790413938628,29.6525483,52.4820267,243.000,true,3.60,17.158,source=fused:fused;speedReason=OK;derived=17.85;locationGapMs=997;callbackGapMs=997;fusion=GPS_IMU
LOCATION,1790413939692,29.6525267,52.4819817,235.000,true,3.60,17.152,source=fused:fused;speedReason=OK;derived=16.85;locationGapMs=1062;callbackGapMs=1062;fusion=GPS_IMU
LOCATION,1790413940630,29.6525067,52.4819417,237.000,true,3.58,17.145,source=fused:fused;speedReason=OK;derived=16.85;locationGapMs=939;callbackGapMs=939;fusion=GPS_IMU
LOCATION,1790413941632,29.6524867,52.4819100,245.000,true,3.56,17.139,source=fused:fused;speedReason=OK;derived=16.85;locationGapMs=1002;callbackGapMs=1002;fusion=GPS_IMU
LOCATION,1790413942634,29.6524633,52.4818817,240.000,true,3.53,17.143,source=fused:fused;speedReason=OK;derived=13.60;locationGapMs=1001;callbackGapMs=1001;fusion=GPS_IMU
LOCATION,1790413943638,29.6524383,52.4818433,241.000,true,3.48,17.146,source=fused:fused;speedReason=OK;derived=13.60;locationGapMs=1003;callbackGapMs=1003;fusion=GPS_IMU
LOCATION,1790413944632,29.6524033,52.4817950,241.000,true,3.44,17.178,source=fused:fused;speedReason=OK;derived=16.64;locationGapMs=996;callbackGapMs=996;fusion=GPS_IMU
LOCATION,1790413945689,29.6523633,52.4817300,239.000,true,3.43,17.278,source=fused:fused;speedReason=OK;derived=21.96;locationGapMs=1057;callbackGapMs=1057;fusion=GPS_IMU
LOCATION,1790413946639,29.6523333,52.4816617,247.000,true,3.38,17.422,source=fused:fused;speedReason=OK;derived=26.22;locationGapMs=949;callbackGapMs=949;fusion=GPS_IMU
LOCATION,1790413947629,29.6522983,52.4815883,241.000,true,3.36,17.563,source=fused:fused;speedReason=OK;derived=28.08;locationGapMs=991;callbackGapMs=991;fusion=GPS_IMU
LOCATION,1790413948639,29.6522650,52.4815217,239.000,true,3.35,17.714,source=fused:fused;speedReason=OK;derived=28.08;locationGapMs=1009;callbackGapMs=1009;fusion=GPS_IMU
LOCATION,1790413949636,29.6522350,52.4814650,236.000,true,3.32,17.860,source=fused:fused;speedReason=OK;derived=26.51;locationGapMs=997;callbackGapMs=997;fusion=GPS_IMU
LOCATION,1790413950632,29.6522133,52.4814100,246.000,true,3.32,17.931,source=fused:fused;speedReason=OK;derived=23.18;locationGapMs=996;callbackGapMs=996;fusion=GPS_IMU
LOCATION,1790413951700,29.6521833,52.4813533,239.000,true,3.30,18.006,source=fused:fused;speedReason=OK;derived=21.63;locationGapMs=1068;callbackGapMs=1068;fusion=GPS_IMU
LOCATION,1790413952632,29.6521650,52.4813033,245.000,true,3.30,18.066,source=fused:fused;speedReason=OK;derived=21.12;locationGapMs=932;callbackGapMs=932;fusion=GPS_IMU
LOCATION,1790413953631,29.6521417,52.4812600,238.000,true,3.30,18.089,source=fused:fused;speedReason=OK;derived=20.27;locationGapMs=998;callbackGapMs=998;fusion=GPS_IMU
LOCATION,1790413954610,29.6521100,52.4812033,238.000,true,3.30,18.107,source=fused:fused;speedReason=OK;derived=20.27;locationGapMs=981;callbackGapMs=981;fusion=GPS_IMU
LOCATION,1790413955630,29.6520833,52.4811600,236.000,true,3.32,18.115,source=fused:fused;speedReason=OK;derived=18.11;locationGapMs=1020;callbackGapMs=1020;fusion=GPS_IMU
LOCATION,1790413956615,29.6520417,52.4811067,232.000,true,3.33,18.111,source=fused:fused;speedReason=OK;derived=23.92;locationGapMs=986;callbackGapMs=986;fusion=GPS_IMU
LOCATION,1790413957699,29.6520150,52.4810667,231.000,true,3.35,18.096,source=fused:fused;speedReason=OK;derived=18.11;locationGapMs=1077;callbackGapMs=1077;fusion=GPS_IMU
LOCATION,1790413958633,29.6519900,52.4810200,236.000,true,3.38,18.093,source=fused:fused;speedReason=OK;derived=20.31;locationGapMs=940;callbackGapMs=940;fusion=GPS_IMU
LOCATION,1790413959626,29.6519767,52.4809800,236.000,true,3.38,18.068,source=fused:fused;speedReason=OK;derived=16.29;locationGapMs=994;callbackGapMs=994;fusion=GPS_IMU
LOCATION,1790413960629,29.6519483,52.4809217,238.000,true,3.37,18.082,source=fused:fused;speedReason=OK;derived=20.31;locationGapMs=1001;callbackGapMs=1001;fusion=GPS_IMU
LOCATION,1790413961629,29.6519233,52.4808683,239.000,true,3.34,18.118,source=fused:fused;speedReason=OK;derived=21.12;locationGapMs=1000;callbackGapMs=1000;fusion=GPS_IMU
LOCATION,1790413962620,29.6519017,52.4808233,236.000,true,3.32,18.157,source=fused:fused;speedReason=OK;derived=21.12;locationGapMs=992;callbackGapMs=992;fusion=GPS_IMU
LOCATION,1790413963702,29.6518767,52.4807800,232.000,true,3.28,18.153,source=fused:fused;speedReason=OK;derived=18.04;locationGapMs=1077;callbackGapMs=1077;fusion=GPS_IMU
LOCATION,1790413964620,29.6518517,52.4807367,235.000,true,3.25,18.132,source=fused:fused;speedReason=OK;derived=18.04;locationGapMs=923;callbackGapMs=923;fusion=GPS_IMU
LOCATION,1790413965621,29.6518317,52.4807017,232.000,true,3.23,18.114,source=fused:fused;speedReason=OK;derived=16.80;locationGapMs=1000;callbackGapMs=1000;fusion=GPS_IMU
LOCATION,1790413966626,29.6518150,52.4806633,239.000,true,3.22,18.046,source=fused:fused;speedReason=OK;derived=14.86;locationGapMs=1006;callbackGapMs=1006;fusion=GPS_IMU
LOCATION,1790413967614,29.6517900,52.4806200,234.000,true,3.20,17.981,source=fused:fused;speedReason=OK;derived=14.86;locationGapMs=987;callbackGapMs=987;fusion=GPS_IMU
LOCATION,1790413968626,29.6517633,52.4805650,239.000,true,3.18,17.972,source=fused:fused;speedReason=OK;derived=18.33;locationGapMs=1013;callbackGapMs=1013;fusion=GPS_IMU
LOCATION,1790413969704,29.6517350,52.4805000,239.000,true,3.17,17.959,source=fused:fused;speedReason=OK;derived=21.65;locationGapMs=1079;callbackGapMs=1079;fusion=GPS_IMU
LOCATION,1790413970620,29.6517033,52.4804367,237.000,true,3.15,18.007,source=fused:fused;speedReason=OK;derived=23.46;locationGapMs=914;callbackGapMs=914;fusion=GPS_IMU
LOCATION,1790413971617,29.6516717,52.4803700,240.000,true,3.13,18.091,source=fused:fused;speedReason=OK;derived=26.53;locationGapMs=997;callbackGapMs=997;fusion=GPS_IMU
LOCATION,1790413972632,29.6516367,52.4802967,240.000,true,3.10,18.197,source=fused:fused;speedReason=OK;derived=27.83;locationGapMs=1015;callbackGapMs=1015;fusion=GPS_IMU
LOCATION,1790413973624,29.6516000,52.4802133,242.000,true,3.10,18.333,source=fused:fused;speedReason=OK;derived=28.69;locationGapMs=993;callbackGapMs=993;fusion=GPS_IMU
LOCATION,1790413974619,29.6515600,52.4801300,239.000,true,3.10,18.539,source=fused:fused;speedReason=OK;derived=32.78;locationGapMs=995;callbackGapMs=995;fusion=GPS_IMU
LOCATION,1790413975691,29.6515200,52.4800417,242.000,true,3.10,18.735,source=fused:fused;speedReason=OK;derived=32.78;locationGapMs=1074;callbackGapMs=1074;fusion=GPS_IMU
LOCATION,1790413976622,29.6514767,52.4799500,240.000,true,3.10,18.902,source=fused:fused;speedReason=OK;derived=33.30;locationGapMs=929;callbackGapMs=929;fusion=GPS_IMU
LOCATION,1790413977624,29.6514317,52.4798500,242.000,true,3.10,19.043,source=fused:fused;speedReason=OK;derived=39.11;locationGapMs=1001;callbackGapMs=1001;fusion=GPS_IMU
LOCATION,1790413978627,29.6513767,52.4797367,241.000,true,3.10,19.314,source=fused:fused;speedReason=OK;derived=39.17;locationGapMs=1004;callbackGapMs=1004;fusion=GPS_IMU
LOCATION,1790413979623,29.6513283,52.4796267,241.000,true,3.08,19.732,source=fused:fused;speedReason=OK;derived=43.10;locationGapMs=996;callbackGapMs=996;fusion=GPS_IMU
LOCATION,1790413980626,29.6512800,52.4795133,241.000,true,3.07,20.103,source=fused:fused;speedReason=OK;derived=43.93;locationGapMs=1001;callbackGapMs=1001;fusion=GPS_IMU
LOCATION,1790413981682,29.6512317,52.4794033,241.000,true,3.04,20.536,source=fused:fused;speedReason=OK;derived=43.10;locationGapMs=1059;callbackGapMs=1059;fusion=GPS_IMU
LOCATION,1790413982630,29.6511783,52.4792883,239.000,true,3.00,20.936,source=fused:fused;speedReason=OK;derived=43.93;locationGapMs=946;callbackGapMs=946;fusion=GPS_IMU
LOCATION,1790413983626,29.6511217,52.4791700,240.000,true,2.96,21.322,source=fused:fused;speedReason=OK;derived=47.16;locationGapMs=997;callbackGapMs=997;fusion=GPS_IMU
LOCATION,1790413984627,29.6510633,52.4790550,238.000,true,2.95,21.746,source=fused:fused;speedReason=OK;derived=47.16;locationGapMs=1001;callbackGapMs=1001;fusion=GPS_IMU
LOCATION,1790413985628,29.6510083,52.4789400,241.000,true,2.92,22.095,source=fused:fused;speedReason=OK;derived=46.32;locationGapMs=1001;callbackGapMs=1001;fusion=GPS_IMU
LOCATION,1790413986613,29.6509533,52.4788200,241.000,true,2.92,22.438,source=fused:fused;speedReason=OK;derived=46.32;locationGapMs=987;callbackGapMs=987;fusion=GPS_IMU
LOCATION,1790413987693,29.6508983,52.4787050,239.000,true,2.90,22.741,source=fused:fused;speedReason=OK;derived=45.65;locationGapMs=1077;callbackGapMs=1077;fusion=GPS_IMU
LOCATION,1790413988627,29.6508467,52.4785867,242.000,true,2.90,23.121,source=fused:fused;speedReason=OK;derived=47.86;locationGapMs=934;callbackGapMs=934;fusion=GPS_IMU
LOCATION,1790413989636,29.6507933,52.4784750,240.000,true,2.90,23.406,source=fused:fused;speedReason=OK;derived=43.94;locationGapMs=1010;callbackGapMs=1010;fusion=GPS_IMU
LOCATION,1790413990620,29.6507433,52.4783700,241.000,true,2.90,23.706,source=fused:fused;speedReason=OK;derived=43.94;locationGapMs=984;callbackGapMs=984;fusion=GPS_IMU
LOCATION,1790413991625,29.6506950,52.4782683,240.000,true,2.90,23.942,source=fused:fused;speedReason=OK;derived=42.36;locationGapMs=1005;callbackGapMs=1005;fusion=GPS_IMU
LOCATION,1790413992624,29.6506450,52.4781700,240.000,true,2.90,24.164,source=fused:fused;speedReason=OK;derived=40.15;locationGapMs=997;callbackGapMs=997;fusion=GPS_IMU
LOCATION,1790413993689,29.6506033,52.4780750,241.000,true,2.92,24.364,source=fused:fused;speedReason=OK;derived=39.77;locationGapMs=1067;callbackGapMs=1067;fusion=GPS_IMU
LOCATION,1790413994625,29.6505667,52.4779833,243.000,true,2.93,24.529,source=fused:fused;speedReason=OK;derived=37.67;locationGapMs=933;callbackGapMs=933;fusion=GPS_IMU
LOCATION,1790413995627,29.6505367,52.4779000,246.000,true,2.96,24.632,source=fused:fused;speedReason=OK;derived=34.73;locationGapMs=1005;callbackGapMs=1005;fusion=GPS_IMU
LOCATION,1790413996624,29.6505133,52.4778233,248.000,true,2.97,24.688,source=fused:fused;speedReason=OK;derived=31.25;locationGapMs=998;callbackGapMs=998;fusion=GPS_IMU
LOCATION,1790413997617,29.6504867,52.4777383,249.000,true,3.00,24.735,source=fused:fused;speedReason=OK;derived=31.25;locationGapMs=995;callbackGapMs=995;fusion=GPS_IMU
LOCATION,1790413998619,29.6504600,52.4776567,249.000,true,3.05,24.758,source=fused:fused;speedReason=OK;derived=30.40;locationGapMs=999;callbackGapMs=999;fusion=GPS_IMU
LOCATION,1790413999685,29.6504333,52.4775850,246.000,true,3.12,24.778,source=fused:fused;speedReason=OK;derived=30.40;locationGapMs=1066;callbackGapMs=1066;fusion=GPS_IMU
LOCATION,1790414000621,29.6504117,52.4775200,248.000,true,3.20,24.788,source=fused:fused;speedReason=OK;derived=25.90;locationGapMs=936;callbackGapMs=936;fusion=GPS_IMU
LOCATION,1790414001625,29.6503967,52.4774650,248.000,true,3.32,24.791,source=fused:fused;speedReason=OK;derived=25.49;locationGapMs=1004;callbackGapMs=1004;fusion=GPS_IMU
LOCATION,1790414002618,29.6503700,52.4774233,240.000,true,3.52,24.787,source=fused:fused;speedReason=OK;derived=20.00;locationGapMs=995;callbackGapMs=995;fusion=GPS_IMU
LOCATION,1790414003627,29.6503400,52.4773817,238.000,true,3.66,24.777,source=fused:fused;speedReason=OK;derived=18.67;locationGapMs=1007;callbackGapMs=1007;fusion=GPS_IMU
LOCATION,1790414004622,29.6503083,52.4773400,234.000,true,3.76,24.758,source=fused:fused;speedReason=OK;derived=18.67;locationGapMs=995;callbackGapMs=995;fusion=GPS_IMU
LOCATION,1790414005689,29.6502800,52.4773050,235.000,true,3.84,24.739,source=fused:fused;speedReason=OK;derived=18.67;locationGapMs=1068;callbackGapMs=1068;fusion=GPS_IMU
LOCATION,1790414006617,29.6502633,52.4772850,230.000,true,3.88,24.711,source=fused:fused;speedReason=OK;derived=15.57;locationGapMs=928;callbackGapMs=928;fusion=GPS_IMU
LOCATION,1790414007628,29.6502433,52.4772567,229.000,true,3.92,24.681,source=fused:fused;speedReason=OK;derived=12.56;locationGapMs=1010;callbackGapMs=1010;fusion=GPS_IMU
LOCATION,1790414008621,29.6502250,52.4772267,236.000,true,3.93,24.637,source=fused:fused;speedReason=OK;derived=12.56;locationGapMs=994;callbackGapMs=994;fusion=GPS_IMU
LOCATION,1790414009626,29.6502017,52.4771950,234.000,true,3.98,24.591,source=fused:fused;speedReason=OK;derived=12.83;locationGapMs=1004;callbackGapMs=1004;fusion=GPS_IMU
LOCATION,1790414010622,29.6501917,52.4771767,235.000,true,4.00,24.550,source=fused:fused;speedReason=OK;derived=12.83;locationGapMs=997;callbackGapMs=997;fusion=GPS_IMU
LOCATION,1790414011677,29.6501783,52.4771683,219.000,true,4.03,24.478,source=fused:fused;speedReason=OK;derived=7.55;locationGapMs=1055;callbackGapMs=1055;fusion=GPS_IMU
LOCATION,1790414012622,29.6501667,52.4771583,216.000,true,4.07,24.381,source=fused:fused;speedReason=OK;derived=6.13;locationGapMs=945;callbackGapMs=945;fusion=GPS_IMU
LOCATION,1790414013620,29.6501483,52.4771350,226.000,true,4.08,24.296,source=fused:fused;speedReason=OK;derived=6.13;locationGapMs=997;callbackGapMs=997;fusion=GPS_IMU
LOCATION,1790414014626,29.6501367,52.4771233,220.000,true,4.10,24.191,source=fused:fused;speedReason=OK;derived=6.13;locationGapMs=1006;callbackGapMs=1006;fusion=GPS_IMU
LOCATION,1790414015626,29.6501283,52.4771050,230.000,true,4.10,24.115,source=fused:fused;speedReason=OK;derived=7.21;locationGapMs=1000;callbackGapMs=1000;fusion=GPS_IMU
LOCATION,1790414016623,29.6501250,52.4770767,244.000,true,4.10,24.007,source=fused:fused;speedReason=OK;derived=7.21;locationGapMs=999;callbackGapMs=999;fusion=GPS_IMU
LOCATION,1790414017620,29.6501183,52.4770450,240.000,true,4.10,23.920,source=fused:fused;speedReason=OK;derived=9.96;locationGapMs=995;callbackGapMs=995;fusion=GPS_IMU
LOCATION,1790414018628,29.6501183,52.4770167,241.000,true,4.10,23.859,source=fused:fused;speedReason=OK;derived=9.96;locationGapMs=1007;callbackGapMs=1007;fusion=GPS_IMU
LOCATION,1790414019628,29.6501150,52.4769833,254.000,true,4.10,23.808,source=fused:fused;speedReason=OK;derived=11.43;locationGapMs=1002;callbackGapMs=1002;fusion=GPS_IMU
LOCATION,1790414020626,29.6501150,52.4769417,261.000,true,4.10,23.750,source=fused:fused;speedReason=OK;derived=11.69;locationGapMs=997;callbackGapMs=997;fusion=GPS_IMU
LOCATION,1790414021628,29.6501100,52.4768950,261.000,true,4.10,23.707,source=fused:fused;speedReason=OK;derived=14.54;locationGapMs=1001;callbackGapMs=1001;fusion=GPS_IMU
LOCATION,1790414022628,29.6501033,52.4768467,268.000,true,4.08,23.670,source=fused:fused;speedReason=OK;derived=16.38;locationGapMs=999;callbackGapMs=999;fusion=GPS_IMU
LOCATION,1790414023694,29.6500833,52.4767983,261.000,true,4.06,23.624,source=fused:fused;speedReason=OK;derived=17.06;locationGapMs=1069;callbackGapMs=1069;fusion=GPS_IMU
LOCATION,1790414024627,29.6500700,52.4767517,254.000,true,4.03,23.559,source=fused:fused;speedReason=OK;derived=17.46;locationGapMs=931;callbackGapMs=931;fusion=GPS_IMU
LOCATION,1790414025628,29.6500500,52.4767067,250.000,true,4.00,23.495,source=fused:fused;speedReason=OK;derived=17.55;locationGapMs=1003;callbackGapMs=1003;fusion=GPS_IMU
LOCATION,1790414026630,29.6500283,52.4766583,250.000,true,3.97,23.449,source=fused:fused;speedReason=OK;derived=18.35;locationGapMs=1001;callbackGapMs=1001;fusion=GPS_IMU
LOCATION,1790414027615,29.6500117,52.4766217,245.000,true,3.93,23.408,source=fused:fused;speedReason=OK;derived=17.55;locationGapMs=985;callbackGapMs=985;fusion=GPS_IMU
LOCATION,1790414028633,29.6499967,52.4765933,245.000,true,3.92,23.351,source=fused:fused;speedReason=OK;derived=14.59;locationGapMs=1018;callbackGapMs=1018;fusion=GPS_IMU
LOCATION,1790414029692,29.6499700,52.4765600,245.000,true,3.90,23.309,source=fused:fused;speedReason=OK;derived=14.59;locationGapMs=1059;callbackGapMs=1059;fusion=GPS_IMU
LOCATION,1790414030629,29.6499367,52.4765200,238.000,true,3.92,23.276,source=fused:fused;speedReason=OK;derived=14.88;locationGapMs=937;callbackGapMs=937;fusion=GPS_IMU
LOCATION,1790414031635,29.6499033,52.4764733,241.000,true,3.94,23.247,source=fused:fused;speedReason=OK;derived=20.56;locationGapMs=1005;callbackGapMs=1005;fusion=GPS_IMU
LOCATION,1790414032631,29.6498683,52.4764267,240.000,true,3.98,23.228,source=fused:fused;speedReason=OK;derived=20.93;locationGapMs=997;callbackGapMs=997;fusion=GPS_IMU
LOCATION,1790414033635,29.6498483,52.4763900,241.000,true,4.02,23.215,source=fused:fused;speedReason=OK;derived=20.93;locationGapMs=1004;callbackGapMs=1004;fusion=GPS_IMU
LOCATION,1790414034634,29.6498267,52.4763433,243.000,true,4.06,23.203,source=fused:fused;speedReason=OK;derived=18.46;locationGapMs=998;callbackGapMs=998;fusion=GPS_IMU
LOCATION,1790414035631,29.6497917,52.4762850,238.000,true,4.07,23.194,source=fused:fused;speedReason=OK;derived=18.46;locationGapMs=998;callbackGapMs=998;fusion=GPS_IMU
LOCATION,1790414036634,29.6497583,52.4762183,242.000,true,4.08,23.202,source=fused:fused;speedReason=OK;derived=24.71;locationGapMs=1002;callbackGapMs=1002;fusion=GPS_IMU
LOCATION,1790414037633,29.6497200,52.4761400,243.000,true,4.12,23.220,source=fused:fused;speedReason=OK;derived=26.75;locationGapMs=1000;callbackGapMs=1000;fusion=GPS_IMU
LOCATION,1790414038629,29.6496750,52.4760550,242.000,true,4.15,23.250,source=fused:fused;speedReason=OK;derived=31.28;locationGapMs=996;callbackGapMs=996;fusion=GPS_IMU
LOCATION,1790414039631,29.6496283,52.4759683,239.000,true,4.18,23.283,source=fused:fused;speedReason=OK;derived=34.78;locationGapMs=1000;callbackGapMs=1000;fusion=GPS_IMU
LOCATION,1790414040693,29.6495717,52.4758567,241.000,true,4.23,23.334,source=fused:fused;speedReason=OK;derived=35.50;locationGapMs=1065;callbackGapMs=1065;fusion=GPS_IMU
LOCATION,1790414041629,29.6495100,52.4757433,237.000,true,4.32,23.405,source=fused:fused;speedReason=OK;derived=42.24;locationGapMs=937;callbackGapMs=937;fusion=GPS_IMU
LOCATION,1790414042631,29.6494483,52.4756450,235.000,true,4.36,23.484,source=fused:fused;speedReason=OK;derived=42.24;locationGapMs=1001;callbackGapMs=1001;fusion=GPS_IMU
LOCATION,1790414043634,29.6493883,52.4755433,234.000,true,4.38,23.579,source=fused:fused;speedReason=OK;derived=42.65;locationGapMs=1003;callbackGapMs=1003;fusion=GPS_IMU
LOCATION,1790414044635,29.6493317,52.4754633,231.000,true,4.40,23.686,source=fused:fused;speedReason=OK;derived=42.15;locationGapMs=999;callbackGapMs=999;fusion=GPS_IMU
LOCATION,1790414045633,29.6492683,52.4753783,229.000,true,4.40,23.772,source=fused:fused;speedReason=OK;derived=39.00;locationGapMs=999;callbackGapMs=999;fusion=GPS_IMU
LOCATION,1790414046693,29.6492100,52.4752817,232.000,true,4.40,23.873,source=fused:fused;speedReason=OK;derived=38.54;locationGapMs=1062;callbackGapMs=1062;fusion=GPS_IMU
LOCATION,1790414047631,29.6491433,52.4751833,232.000,true,4.38,23.999,source=fused:fused;speedReason=OK;derived=39.00;locationGapMs=934;callbackGapMs=934;fusion=GPS_IMU
LOCATION,1790414048629,29.6490750,52.4750800,231.000,true,4.35,24.085,source=fused:fused;speedReason=OK;derived=45.20;locationGapMs=999;callbackGapMs=999;fusion=GPS_IMU
LOCATION,1790414049628,29.6490233,52.4749983,233.000,true,4.30,24.163,source=fused:fused;speedReason=OK;derived=45.20;locationGapMs=999;callbackGapMs=999;fusion=GPS_IMU
LOCATION,1790414050625,29.6489800,52.4749233,230.000,true,4.23,24.231,source=fused:fused;speedReason=OK;derived=35.20;locationGapMs=998;callbackGapMs=998;fusion=GPS_IMU
LOCATION,1790414051632,29.6489483,52.4748650,231.000,true,4.08,24.257,source=fused:fused;speedReason=OK;derived=31.40;locationGapMs=1005;callbackGapMs=1005;fusion=GPS_IMU
LOCATION,1790414052631,29.6488983,52.4747717,235.000,true,3.96,24.242,source=fused:fused;speedReason=OK;derived=31.40;locationGapMs=1000;callbackGapMs=1000;fusion=GPS_IMU
LOCATION,1790414053629,29.6488567,52.4747050,227.000,true,3.84,24.221,source=fused:fused;speedReason=OK;derived=28.60;locationGapMs=999;callbackGapMs=999;fusion=GPS_IMU
LOCATION,1790414054624,29.6488233,52.4746550,229.000,true,3.78,24.177,source=fused:fused;speedReason=OK;derived=28.60;locationGapMs=994;callbackGapMs=994;fusion=GPS_IMU
LOCATION,1790414055638,29.6487917,52.4746083,228.000,true,3.60,24.093,source=fused:fused;speedReason=OK;derived=22.07;locationGapMs=1015;callbackGapMs=1015;fusion=GPS_IMU
LOCATION,1790414056638,29.6487650,52.4745617,233.000,true,3.52,24.025,source=fused:fused;speedReason=OK;derived=20.29;locationGapMs=998;callbackGapMs=998;fusion=GPS_IMU
LOCATION,1790414057677,29.6487417,52.4745200,232.000,true,3.46,23.968,source=fused:fused;speedReason=OK;derived=19.46;locationGapMs=1041;callbackGapMs=1041;fusion=GPS_IMU
LOCATION,1790414058630,29.6487033,52.4744667,228.000,true,3.42,23.911,source=fused:fused;speedReason=OK;derived=19.46;locationGapMs=951;callbackGapMs=951;fusion=GPS_IMU
LOCATION,1790414059643,29.6486583,52.4744100,226.000,true,3.38,23.896,source=fused:fused;speedReason=OK;derived=25.32;locationGapMs=1014;callbackGapMs=1014;fusion=GPS_IMU
LOCATION,1790414060624,29.6486167,52.4743650,221.000,true,3.35,23.881,source=fused:fused;speedReason=OK;derived=25.32;locationGapMs=982;callbackGapMs=982;fusion=GPS_IMU
LOCATION,1790414061628,29.6485700,52.4743150,223.000,true,3.32,23.885,source=fused:fused;speedReason=OK;derived=25.41;locationGapMs=1004;callbackGapMs=1004;fusion=GPS_IMU
LOCATION,1790414062626,29.6485283,52.4742667,224.000,true,3.28,23.873,source=fused:fused;speedReason=OK;derived=23.74;locationGapMs=997;callbackGapMs=997;fusion=GPS_IMU
LOCATION,1790414063711,29.6484917,52.4742167,226.000,true,3.22,23.863,source=fused:fused;speedReason=OK;derived=23.74;locationGapMs=1086;callbackGapMs=1086;fusion=GPS_IMU
LOCATION,1790414064631,29.6484550,52.4741683,223.000,true,3.20,23.811,source=fused:fused;speedReason=OK;derived=23.74;locationGapMs=918;callbackGapMs=918;fusion=GPS_IMU
LOCATION,1790414065629,29.6484133,52.4741150,224.000,true,3.16,23.770,source=fused:fused;speedReason=OK;derived=24.34;locationGapMs=1001;callbackGapMs=1001;fusion=GPS_IMU
LOCATION,1790414066629,29.6483600,52.4740650,221.000,true,3.15,23.768,source=fused:fused;speedReason=OK;derived=24.92;locationGapMs=998;callbackGapMs=998;fusion=GPS_IMU
LOCATION,1790414067636,29.6483117,52.4740067,230.000,true,3.10,23.775,source=fused:fused;speedReason=OK;derived=27.55;locationGapMs=1005;callbackGapMs=1005;fusion=GPS_IMU
LOCATION,1790414068636,29.6482567,52.4739383,229.000,true,3.08,23.833,source=fused:fused;speedReason=OK;derived=27.87;locationGapMs=1001;callbackGapMs=1001;fusion=GPS_IMU
LOCATION,1790414069703,29.6481883,52.4738700,227.000,true,3.04,23.928,source=fused:fused;speedReason=OK;derived=32.37;locationGapMs=1067;callbackGapMs=1067;fusion=GPS_IMU
LOCATION,1790414070632,29.6481183,52.4737967,224.000,true,3.02,24.129,source=fused:fused;speedReason=OK;derived=33.94;locationGapMs=931;callbackGapMs=931;fusion=GPS_IMU
LOCATION,1790414071629,29.6480483,52.4737283,222.000,true,2.98,24.327,source=fused:fused;speedReason=OK;derived=36.87;locationGapMs=996;callbackGapMs=996;fusion=GPS_IMU
LOCATION,1790414072632,29.6479800,52.4736583,222.000,true,2.96,24.549,source=fused:fused;speedReason=OK;derived=36.87;locationGapMs=1004;callbackGapMs=1004;fusion=GPS_IMU
LOCATION,1790414073619,29.6479117,52.4735883,222.000,true,2.95,24.782,source=fused:fused;speedReason=OK;derived=36.87;locationGapMs=986;callbackGapMs=986;fusion=GPS_IMU
LOCATION,1790414074633,29.6478383,52.4735100,220.000,true,2.92,24.977,source=fused:fused;speedReason=OK;derived=37.10;locationGapMs=1013;callbackGapMs=1013;fusion=GPS_IMU
LOCATION,1790414075709,29.6477500,52.4734250,219.000,true,2.88,25.166,source=fused:fused;speedReason=OK;derived=39.52;locationGapMs=1073;callbackGapMs=1073;fusion=GPS_IMU
LOCATION,1790414076633,29.6476633,52.4733333,222.000,true,2.88,25.392,source=fused:fused;speedReason=OK;derived=42.91;locationGapMs=929;callbackGapMs=929;fusion=GPS_IMU
LOCATION,1790414077628,29.6475750,52.4732367,223.000,true,2.88,25.586,source=fused:fused;speedReason=OK;derived=48.98;locationGapMs=995;callbackGapMs=995;fusion=GPS_IMU
LOCATION,1790414078631,29.6474917,52.4731367,224.000,true,2.88,25.816,source=fused:fused;speedReason=OK;derived=48.98;locationGapMs=1002;callbackGapMs=1002;fusion=GPS_IMU
LOCATION,1790414079631,29.6474050,52.4730400,226.000,true,2.90,26.077,source=fused:fused;speedReason=OK;derived=48.30;locationGapMs=1000;callbackGapMs=1000;fusion=GPS_IMU
LOCATION,1790414080632,29.6473183,52.4729383,226.000,true,2.93,26.383,source=fused:fused;speedReason=OK;derived=48.30;locationGapMs=1001;callbackGapMs=1001;fusion=GPS_IMU
LOCATION,1790414081695,29.6472383,52.4728300,229.000,true,2.93,26.795,source=fused:fused;speedReason=OK;derived=48.30;locationGapMs=1063;callbackGapMs=1063;fusion=GPS_IMU
LOCATION,1790414082631,29.6471550,52.4727200,228.000,true,2.94,27.211,source=fused:fused;speedReason=OK;derived=49.49;locationGapMs=936;callbackGapMs=936;fusion=GPS_IMU
LOCATION,1790414083624,29.6470667,52.4726133,226.000,true,2.93,27.584,source=fused:fused;speedReason=OK;derived=51.59;locationGapMs=993;callbackGapMs=993;fusion=GPS_IMU
LOCATION,1790414084630,29.6469783,52.4725083,226.000,true,2.92,27.943,source=fused:fused;speedReason=OK;derived=51.59;locationGapMs=1007;callbackGapMs=1007;fusion=GPS_IMU
LOCATION,1790414085627,29.6468900,52.4724017,226.000,true,2.88,28.295,source=fused:fused;speedReason=OK;derived=51.41;locationGapMs=996;callbackGapMs=996;fusion=GPS_IMU
LOCATION,1790414086633,29.6468100,52.4722967,230.000,true,2.84,28.605,source=fused:fused;speedReason=OK;derived=50.48;locationGapMs=1006;callbackGapMs=1006;fusion=GPS_IMU
LOCATION,1790414087604,29.6467367,52.4721883,235.000,true,2.83,28.814,source=fused:fused;speedReason=OK;derived=49.11;locationGapMs=973;callbackGapMs=973;fusion=GPS_IMU
LOCATION,1790414088618,29.6466667,52.4720750,234.000,true,2.82,29.066,source=fused:fused;speedReason=OK;derived=48.28;locationGapMs=1012;callbackGapMs=1012;fusion=GPS_IMU
LOCATION,1790414089625,29.6466033,52.4719617,237.000,true,2.80,29.210,source=fused:fused;speedReason=OK;derived=47.80;locationGapMs=1008;callbackGapMs=1008;fusion=GPS_IMU
LOCATION,1790414090626,29.6465400,52.4718483,237.000,true,2.80,29.362,source=fused:fused;speedReason=OK;derived=46.86;locationGapMs=1001;callbackGapMs=1001;fusion=GPS_IMU
LOCATION,1790414091627,29.6464850,52.4717367,240.000,true,2.82,29.492,source=fused:fused;speedReason=OK;derived=46.53;locationGapMs=1000;callbackGapMs=1000;fusion=GPS_IMU
LOCATION,1790414092626,29.6464283,52.4716283,237.000,true,2.84,29.611,source=fused:fused;speedReason=OK;derived=44.67;locationGapMs=999;callbackGapMs=999;fusion=GPS_IMU
LOCATION,1790414093692,29.6463767,52.4715250,240.000,true,2.88,29.705,source=fused:fused;speedReason=OK;derived=44.09;locationGapMs=1066;callbackGapMs=1066;fusion=GPS_IMU
LOCATION,1790414094630,29.6463333,52.4714317,240.000,true,2.92,29.777,source=fused:fused;speedReason=OK;derived=39.28;locationGapMs=938;callbackGapMs=938;fusion=GPS_IMU
LOCATION,1790414095633,29.6462900,52.4713417,239.000,true,2.98,29.845,source=fused:fused;speedReason=OK;derived=38.91;locationGapMs=1003;callbackGapMs=1003;fusion=GPS_IMU
LOCATION,1790414096632,29.6462517,52.4712650,241.000,true,3.02,29.903,source=fused:fused;speedReason=OK;derived=35.71;locationGapMs=999;callbackGapMs=999;fusion=GPS_IMU
LOCATION,1790414097630,29.6462183,52.4711983,239.000,true,3.08,29.942,source=fused:fused;speedReason=OK;derived=30.83;locationGapMs=999;callbackGapMs=999;fusion=GPS_IMU
LOCATION,1790414098625,29.6461800,52.4711183,239.000,true,3.10,29.968,source=fused:fused;speedReason=OK;derived=30.83;locationGapMs=995;callbackGapMs=995;fusion=GPS_IMU
LOCATION,1790414099693,29.6461467,52.4710483,239.000,true,3.16,29.991,source=fused:fused;speedReason=OK;derived=26.83;locationGapMs=1068;callbackGapMs=1068;fusion=GPS_IMU
LOCATION,1790414100632,29.6461167,52.4709833,241.000,true,3.17,29.988,source=fused:fused;speedReason=OK;derived=27.29;locationGapMs=939;callbackGapMs=939;fusion=GPS_IMU
LOCATION,1790414101636,29.6460867,52.4709250,239.000,true,3.20,29.962,source=fused:fused;speedReason=OK;derived=26.02;locationGapMs=1000;callbackGapMs=1000;fusion=GPS_IMU
LOCATION,1790414102627,29.6460617,52.4708817,235.000,true,3.22,29.915,source=fused:fused;speedReason=OK;derived=23.59;locationGapMs=995;callbackGapMs=995;fusion=GPS_IMU
LOCATION,1790414103627,29.6460383,52.4708500,231.000,true,3.22,29.811,source=fused:fused;speedReason=OK;derived=18.18;locationGapMs=999;callbackGapMs=999;fusion=GPS_IMU
LOCATION,1790414104633,29.6460067,52.4708117,228.000,true,3.23,29.714,source=fused:fused;speedReason=OK;derived=18.18;locationGapMs=1006;callbackGapMs=1006;fusion=GPS_IMU
LOCATION,1790414105700,29.6459783,52.4707783,231.000,true,3.28,29.647,source=fused:fused;speedReason=OK;derived=15.23;locationGapMs=1067;callbackGapMs=1067;fusion=GPS_IMU
LOCATION,1790414106635,29.6459617,52.4707533,232.000,true,3.32,29.583,source=fused:fused;speedReason=OK;derived=15.23;locationGapMs=935;callbackGapMs=935;fusion=GPS_IMU
LOCATION,1790414107635,29.6459417,52.4707167,236.000,true,3.38,29.511,source=fused:fused;speedReason=OK;derived=15.03;locationGapMs=1001;callbackGapMs=1001;fusion=GPS_IMU
LOCATION,1790414108623,29.6459233,52.4706883,234.000,true,3.42,29.433,source=fused:fused;speedReason=OK;derived=12.48;locationGapMs=988;callbackGapMs=988;fusion=GPS_IMU
LOCATION,1790414109636,29.6459050,52.4706583,231.000,true,3.48,29.314,source=fused:fused;speedReason=OK;derived=12.63;locationGapMs=1010;callbackGapMs=1010;fusion=GPS_IMU
LOCATION,1790414110628,29.6458933,52.4706350,235.000,true,3.52,29.186,source=fused:fused;speedReason=OK;derived=12.48;locationGapMs=994;callbackGapMs=994;fusion=GPS_IMU
LOCATION,1790414111714,29.6458817,52.4706067,243.000,true,3.53,29.046,source=fused:fused;speedReason=OK;derived=10.09;locationGapMs=1080;callbackGapMs=1080;fusion=GPS_IMU
LOCATION,1790414112633,29.6458700,52.4705750,241.000,true,3.53,28.894,source=fused:fused;speedReason=OK;derived=10.09;locationGapMs=925;callbackGapMs=925;fusion=GPS_IMU
LOCATION,1790414113629,29.6458650,52.4705517,247.000,true,3.52,28.753,source=fused:fused;speedReason=OK;derived=10.09;locationGapMs=997;callbackGapMs=997;fusion=GPS_IMU
LOCATION,1790414114625,29.6458533,52.4705200,247.000,true,3.50,28.615,source=fused:fused;speedReason=OK;derived=12.06;locationGapMs=995;callbackGapMs=995;fusion=GPS_IMU
LOCATION,1790414115626,29.6458350,52.4704867,238.000,true,3.47,28.413,source=fused:fused;speedReason=OK;derived=12.06;locationGapMs=1001;callbackGapMs=1001;fusion=GPS_IMU
LOCATION,1790414116613,29.6458183,52.4704600,238.000,true,3.45,28.231,source=fused:fused;speedReason=OK;derived=12.06;locationGapMs=988;callbackGapMs=988;fusion=GPS_IMU
LOCATION,1790414117707,29.6458100,52.4704450,236.000,true,3.40,28.025,source=fused:fused;speedReason=OK;derived=11.59;locationGapMs=1093;callbackGapMs=1093;fusion=GPS_IMU
LOCATION,1790414118630,29.6458050,52.4704350,236.000,true,3.37,27.782,source=fused:fused;speedReason=OK;derived=5.66;locationGapMs=924;callbackGapMs=924;fusion=GPS_IMU
LOCATION,1790414119646,29.6457950,52.4704250,236.000,true,3.30,27.504,source=fused:fused;speedReason=OK;derived=5.23;locationGapMs=1013;callbackGapMs=1013;fusion=GPS_IMU
LOCATION,1790414120631,29.6457867,52.4704133,236.000,true,3.22,27.247,source=fused:fused;speedReason=OK;derived=5.23;locationGapMs=987;callbackGapMs=987;fusion=GPS_IMU
LOCATION,1790414121638,29.6457867,52.4704050,236.000,true,3.16,27.006,source=fused:fused;speedReason=OK;derived=5.23;locationGapMs=1009;callbackGapMs=1009;fusion=GPS_IMU
LOCATION_ONLY,1790414122469,29.6457867,52.4704050,236.000,true,8.59,0.000,source=fused:fused;speedReason=NO_SPEED;derived=2.87;locationGapMs=828;callbackGapMs=828;fusion=GPS_IMU
LOCATION,1790414123698,29.6457683,52.4703733,239.000,true,7.78,0.351,source=fused:fused;speedReason=OK;derived=2.87;locationGapMs=1230;callbackGapMs=1230;fusion=GPS_IMU
LOCATION,1790414124634,29.6457567,52.4703417,245.000,true,7.78,0.848,source=fused:fused;speedReason=OK;derived=10.79;locationGapMs=937;callbackGapMs=937;fusion=GPS_IMU
LOCATION,1790414125622,29.6457417,52.4703033,248.000,true,7.79,1.785,source=fused:fused;speedReason=OK;derived=12.75;locationGapMs=988;callbackGapMs=988;fusion=GPS_IMU
LOCATION,1790414126629,29.6457233,52.4702667,238.000,true,7.79,2.633,source=fused:fused;speedReason=OK;derived=14.62;locationGapMs=1007;callbackGapMs=1007;fusion=GPS_IMU
LOCATION,1790414127628,29.6457033,52.4702333,240.000,true,3.14,3.415,source=fused:fused;speedReason=OK;derived=14.62;locationGapMs=1000;callbackGapMs=1000;fusion=GPS_IMU
LOCATION,1790414128631,29.6456917,52.4702100,241.000,true,3.14,3.908,source=fused:fused;speedReason=OK;derived=14.12;locationGapMs=1002;callbackGapMs=1002;fusion=GPS_IMU
LOCATION,1790414129688,29.6456867,52.4701983,241.000,true,3.12,4.094,source=fused:fused;speedReason=OK;derived=9.33;locationGapMs=1057;callbackGapMs=1057;fusion=GPS_IMU
LOCATION,1790414130631,29.6456850,52.4701950,241.000,true,3.10,0.000,source=fused:fused;speedReason=OK;derived=4.30;locationGapMs=942;callbackGapMs=942;fusion=GPS_IMU
LOCATION,1790414131638,29.6456850,52.4701967,241.000,true,3.10,0.000,source=fused:fused;speedReason=OK;derived=1.42;locationGapMs=1007;callbackGapMs=1007;fusion=GPS_IMU
LOCATION,1790414132631,29.6456850,52.4701967,241.000,true,3.10,0.000,source=fused:fused;speedReason=OK;derived=0.59;locationGapMs=992;callbackGapMs=992;fusion=GPS_IMU
LOCATION_ONLY,1790414133325,29.6456850,52.4701967,241.000,true,7.49,0.000,source=fused:fused;speedReason=NO_SPEED;derived=0.00;locationGapMs=689;callbackGapMs=689;fusion=GPS_IMU
LOCATION,1790414134630,29.6456850,52.4701967,241.000,true,6.86,0.000,source=fused:fused;speedReason=OK;derived=0.00;locationGapMs=1313;callbackGapMs=1313;fusion=GPS_IMU
LOCATION,1790414135702,29.6456850,52.4701967,241.000,true,7.17,0.000,source=fused:fused;speedReason=OK;derived=0.00;locationGapMs=1071;callbackGapMs=1071;fusion=GPS_IMU
LOCATION,1790414136632,29.6456850,52.4701967,,false,6.30,0.000,source=fused:fused;speedReason=OK;derived=0.00;locationGapMs=934;callbackGapMs=934;fusion=GPS_IMU
LOCATION,1790414137623,29.6456850,52.4701967,,false,6.02,0.000,source=fused:fused;speedReason=OK;derived=0.00;locationGapMs=991;callbackGapMs=991;fusion=GPS_IMU
LOCATION,1790414138631,29.6456850,52.4701967,,false,1.52,0.000,source=fused:fused;speedReason=OK;derived=0.00;locationGapMs=1008;callbackGapMs=1008;fusion=GPS_IMU
LOCATION,1790414139605,29.6456850,52.4701967,,false,1.45,0.000,source=fused:fused;speedReason=OK;derived=0.00;locationGapMs=974;callbackGapMs=974;fusion=GPS_IMU
LOCATION,1790414140640,29.6456850,52.4701967,,false,2.69,0.000,source=fused:fused;speedReason=OK;derived=0.00;locationGapMs=1035;callbackGapMs=1035;fusion=GPS_IMU
LOCATION,1790414141689,29.6456850,52.4701967,,false,2.94,0.000,source=fused:fused;speedReason=OK;derived=0.00;locationGapMs=1049;callbackGapMs=1049;fusion=GPS_IMU
LOCATION,1790414142626,29.6456850,52.4701967,,false,2.94,0.000,source=fused:fused;speedReason=OK;derived=0.00;locationGapMs=937;callbackGapMs=937;fusion=GPS_IMU
LOCATION,1790414143634,29.6456850,52.4701967,,false,2.99,0.000,source=fused:fused;speedReason=OK;derived=0.00;locationGapMs=1008;callbackGapMs=1008;fusion=GPS_IMU
LOCATION,1790414144625,29.6456850,52.4701967,,false,3.06,0.000,source=fused:fused;speedReason=OK;derived=0.00;locationGapMs=991;callbackGapMs=991;fusion=GPS_IMU
LOCATION,1790414145622,29.6456850,52.4701967,,false,1.32,0.000,source=fused:fused;speedReason=OK;derived=0.00;locationGapMs=997;callbackGapMs=997;fusion=GPS_IMU
LOCATION_ONLY,1790414146489,29.6456850,52.4701967,,false,7.02,0.000,source=fused:fused;speedReason=NO_SPEED;derived=0.00;locationGapMs=867;callbackGapMs=867;fusion=GPS_IMU
LOCATION,1790414147627,29.6456850,52.4701967,,false,7.30,0.000,source=fused:fused;speedReason=OK;derived=0.00;locationGapMs=1137;callbackGapMs=1137;fusion=GPS_IMU
LOCATION,1790414148622,29.6456850,52.4701967,,false,6.56,0.000,source=fused:fused;speedReason=OK;derived=0.00;locationGapMs=997;callbackGapMs=997;fusion=GPS_IMU
LOCATION,1790414149624,29.6456850,52.4701967,,false,6.66,0.000,source=fused:fused;speedReason=OK;derived=0.00;locationGapMs=1001;callbackGapMs=1001;fusion=GPS_IMU
LOCATION,1790414150623,29.6456850,52.4701967,,false,7.61,0.000,source=fused:fused;speedReason=OK;derived=0.00;locationGapMs=999;callbackGapMs=999;fusion=GPS_IMU
LOCATION,1790414151609,29.6456850,52.4701967,,false,2.14,0.000,source=fused:fused;speedReason=OK;derived=0.00;locationGapMs=986;callbackGapMs=986;fusion=GPS_IMU
LOCATION,1790414152686,29.6456850,52.4701967,,false,2.17,0.000,source=fused:fused;speedReason=OK;derived=0.00;locationGapMs=1077;callbackGapMs=1077;fusion=GPS_IMU
LOCATION,1790414153622,29.6456850,52.4701967,,false,4.79,0.000,source=fused:fused;speedReason=OK;derived=0.00;locationGapMs=936;callbackGapMs=936;fusion=GPS_IMU
LOCATION,1790414154629,29.6456850,52.4701967,,false,4.86,0.000,source=fused:fused;speedReason=OK;derived=0.00;locationGapMs=1007;callbackGapMs=1007;fusion=GPS_IMU
LOCATION,1790414155627,29.6456850,52.4701967,,false,4.91,0.000,source=fused:fused;speedReason=OK;derived=0.00;locationGapMs=997;callbackGapMs=997;fusion=GPS_IMU
LOCATION,1790414156626,29.6456850,52.4701967,,false,4.94,0.000,source=fused:fused;speedReason=OK;derived=0.00;locationGapMs=1000;callbackGapMs=1000;fusion=GPS_IMU
LOCATION,1790414157618,29.6456850,52.4701967,,false,4.61,0.000,source=fused:fused;speedReason=OK;derived=0.00;locationGapMs=992;callbackGapMs=992;fusion=GPS_IMU
LOCATION,1790414158623,29.6456850,52.4701967,,false,2.52,0.000,source=fused:fused;speedReason=OK;derived=0.00;locationGapMs=1005;callbackGapMs=1005;fusion=GPS_IMU
LOCATION,1790414159618,29.6456850,52.4701967,,false,2.57,0.000,source=fused:fused;speedReason=OK;derived=0.00;locationGapMs=995;callbackGapMs=995;fusion=GPS_IMU
LOCATION,1790414160628,29.6456850,52.4701967,,false,2.84,0.000,source=fused:fused;speedReason=OK;derived=0.00;locationGapMs=1010;callbackGapMs=1010;fusion=GPS_IMU
LOCATION,1790414161625,29.6456850,52.4701967,,false,2.85,0.000,source=fused:fused;speedReason=OK;derived=0.00;locationGapMs=997;callbackGapMs=997;fusion=GPS_IMU
LOCATION,1790414162618,29.6456850,52.4701967,,false,2.98,0.000,source=fused:fused;speedReason=OK;derived=0.00;locationGapMs=993;callbackGapMs=993;fusion=GPS_IMU
LOCATION,1790414163687,29.6456467,52.4701233,230.000,true,3.06,0.000,source=fused:fused;speedReason=OK;derived=0.00;locationGapMs=1066;callbackGapMs=1066;fusion=GPS_IMU
LOCATION,1790414164646,29.6456200,52.4700917,236.000,true,3.13,0.944,source=fused:fused;speedReason=OK;derived=16.05;locationGapMs=955;callbackGapMs=955;fusion=GPS_IMU
LOCATION,1790414165610,29.6456017,52.4700700,229.000,true,3.00,1.660,source=fused:fused;speedReason=OK;derived=16.05;locationGapMs=967;callbackGapMs=967;fusion=GPS_IMU
LOCATION_ONLY,1790414166190,29.6456017,52.4700700,229.000,true,6.71,1.837,source=fused:fused;speedReason=NO_SPEED;derived=10.87;locationGapMs=577;callbackGapMs=577;fusion=GPS_IMU
LOCATION,1790414166625,29.6455867,52.4700483,230.000,true,6.21,2.319,source=fused:fused;speedReason=OK;derived=10.87;locationGapMs=438;callbackGapMs=438;fusion=GPS_IMU
LOCATION,1790414167630,29.6455767,52.4700300,230.000,true,6.80,2.728,source=fused:fused;speedReason=OK;derived=7.48;locationGapMs=1006;callbackGapMs=1006;fusion=GPS_IMU
LOCATION,1790414168626,29.6455750,52.4700083,232.000,true,6.28,2.914,source=fused:fused;speedReason=OK;derived=7.63;locationGapMs=995;callbackGapMs=995;fusion=GPS_IMU
LOCATION,1790414169609,29.6455700,52.4699850,238.000,true,6.30,3.044,source=fused:fused;speedReason=OK;derived=7.63;locationGapMs=985;callbackGapMs=985;fusion=GPS_IMU
LOCATION,1790414170628,29.6455700,52.4699667,238.000,true,6.84,3.178,source=fused:fused;speedReason=OK;derived=7.63;locationGapMs=1017;callbackGapMs=1017;fusion=GPS_IMU
LOCATION,1790414171629,29.6455700,52.4699417,259.000,true,3.20,3.338,source=fused:fused;speedReason=OK;derived=8.49;locationGapMs=1000;callbackGapMs=1000;fusion=GPS_IMU
LOCATION,1790414172631,29.6455717,52.4699217,251.000,true,3.20,3.595,source=fused:fused;speedReason=OK;derived=6.99;locationGapMs=1002;callbackGapMs=1002;fusion=GPS_IMU
LOCATION,1790414173627,29.6455717,52.4699117,251.000,true,3.20,3.797,source=fused:fused;speedReason=OK;derived=6.99;locationGapMs=997;callbackGapMs=997;fusion=GPS_IMU
LOCATION,1790414174683,29.6455633,52.4698950,251.000,true,3.20,0.000,source=fused:fused;speedReason=OK;derived=6.36;locationGapMs=1056;callbackGapMs=1056;fusion=GPS_IMU
LOCATION,1790414175623,29.6455533,52.4698617,239.000,true,3.20,0.000,source=fused:fused;speedReason=OK;derived=6.36;locationGapMs=941;callbackGapMs=941;fusion=GPS_IMU
LOCATION,1790414176620,29.6455367,52.4698233,232.000,true,5.83,1.182,source=fused:fused;speedReason=OK;derived=13.04;locationGapMs=998;callbackGapMs=998;fusion=GPS_IMU
LOCATION,1790414177629,29.6455217,52.4697867,237.000,true,5.45,1.907,source=fused:fused;speedReason=OK;derived=13.99;locationGapMs=1007;callbackGapMs=1007;fusion=GPS_IMU
LOCATION,1790414178626,29.6455117,52.4697583,238.000,true,5.45,2.543,source=fused:fused;speedReason=OK;derived=13.99;locationGapMs=998;callbackGapMs=998;fusion=GPS_IMU
LOCATION,1790414179625,29.6455017,52.4697250,242.000,true,5.45,3.050,source=fused:fused;speedReason=OK;derived=12.30;locationGapMs=998;callbackGapMs=998;fusion=GPS_IMU
LOCATION,1790414180686,29.6454833,52.4696833,238.000,true,5.83,3.583,source=fused:fused;speedReason=OK;derived=12.30;locationGapMs=1061;callbackGapMs=1061;fusion=GPS_IMU
LOCATION,1790414181628,29.6454617,52.4696500,233.000,true,3.20,3.948,source=fused:fused;speedReason=OK;derived=15.33;locationGapMs=943;callbackGapMs=943;fusion=GPS_IMU
LOCATION,1790414182629,29.6454267,52.4696283,211.000,true,3.22,4.338,source=fused:fused;speedReason=OK;derived=15.35;locationGapMs=1000;callbackGapMs=1000;fusion=GPS_IMU
LOCATION,1790414183626,29.6453883,52.4696167,202.000,true,3.23,4.577,source=fused:fused;speedReason=OK;derived=15.88;locationGapMs=997;callbackGapMs=997;fusion=GPS_IMU
LOCATION,1790414184621,29.6453383,52.4696100,185.000,true,3.27,4.883,source=fused:fused;speedReason=OK;derived=15.90;locationGapMs=994;callbackGapMs=994;fusion=GPS_IMU
LOCATION,1790414185627,29.6452983,52.4696267,174.000,true,3.28,5.233,source=fused:fused;speedReason=OK;derived=16.89;locationGapMs=1006;callbackGapMs=1006;fusion=GPS_IMU
LOCATION,1790414186623,29.6452417,52.4696483,174.000,true,3.30,5.635,source=fused:fused;speedReason=OK;derived=20.21;locationGapMs=997;callbackGapMs=997;fusion=GPS_IMU
LOCATION,1790414187622,29.6451717,52.4696933,164.000,true,3.32,6.170,source=fused:fused;speedReason=OK;derived=23.88;locationGapMs=1000;callbackGapMs=1000;fusion=GPS_IMU
LOCATION,1790414188630,29.6451000,52.4697167,161.000,true,3.30,6.952,source=fused:fused;speedReason=OK;derived=29.52;locationGapMs=1008;callbackGapMs=1008;fusion=GPS_IMU
LOCATION,1790414189624,29.6450217,52.4697450,158.000,true,3.26,8.075,source=fused:fused;speedReason=OK;derived=32.04;locationGapMs=993;callbackGapMs=993;fusion=GPS_IMU
LOCATION,1790414190627,29.6449500,52.4697783,153.000,true,3.24,9.097,source=fused:fused;speedReason=OK;derived=30.75;locationGapMs=1004;callbackGapMs=1004;fusion=GPS_IMU
LOCATION,1790414191684,29.6448800,52.4698183,148.000,true,3.22,10.224,source=fused:fused;speedReason=OK;derived=30.75;locationGapMs=1054;callbackGapMs=1054;fusion=GPS_IMU
LOCATION,1790414192623,29.6448067,52.4698600,149.000,true,3.22,11.452,source=fused:fused;speedReason=OK;derived=30.75;locationGapMs=939;callbackGapMs=939;fusion=GPS_IMU
LOCATION,1790414193619,29.6447400,52.4699083,146.000,true,3.20,12.517,source=fused:fused;speedReason=OK;derived=31.59;locationGapMs=997;callbackGapMs=997;fusion=GPS_IMU
LOCATION,1790414194600,29.6446767,52.4699567,146.000,true,3.20,13.437,source=fused:fused;speedReason=OK;derived=31.59;locationGapMs=982;callbackGapMs=982;fusion=GPS_IMU
LOCATION,1790414195617,29.6445967,52.4700067,145.000,true,3.18,14.175,source=fused:fused;speedReason=OK;derived=31.59;locationGapMs=1016;callbackGapMs=1016;fusion=GPS_IMU
LOCATION,1790414196617,29.6445233,52.4700650,143.000,true,3.17,15.095,source=fused:fused;speedReason=OK;derived=35.58;locationGapMs=1002;callbackGapMs=1002;fusion=GPS_IMU
LOCATION,1790414197691,29.6444550,52.4701133,148.000,true,3.14,15.752,source=fused:fused;speedReason=OK;derived=35.58;locationGapMs=1068;callbackGapMs=1068;fusion=GPS_IMU
LOCATION,1790414198624,29.6443917,52.4701633,150.000,true,3.10,16.298,source=fused:fused;speedReason=OK;derived=32.72;locationGapMs=938;callbackGapMs=938;fusion=GPS_IMU
LOCATION,1790414199625,29.6443300,52.4702083,150.000,true,3.06,16.752,source=fused:fused;speedReason=OK;derived=30.00;locationGapMs=1001;callbackGapMs=1001;fusion=GPS_IMU
LOCATION,1790414200626,29.6442700,52.4702533,151.000,true,3.04,17.128,source=fused:fused;speedReason=OK;derived=29.16;locationGapMs=1001;callbackGapMs=1001;fusion=GPS_IMU
LOCATION,1790414201625,29.6442050,52.4703050,145.000,true,3.02,17.517,source=fused:fused;speedReason=OK;derived=29.16;locationGapMs=998;callbackGapMs=998;fusion=GPS_IMU
LOCATION,1790414202623,29.6441417,52.4703633,141.000,true,3.02,17.891,source=fused:fused;speedReason=OK;derived=31.65;locationGapMs=999;callbackGapMs=999;fusion=GPS_IMU
LOCATION,1790414203687,29.6440800,52.4704100,148.000,true,3.00,18.211,source=fused:fused;speedReason=OK;derived=31.65;locationGapMs=1063;callbackGapMs=1063;fusion=GPS_IMU
LOCATION,1790414204629,29.6440150,52.4704550,149.000,true,3.00,18.418,source=fused:fused;speedReason=OK;derived=32.18;locationGapMs=942;callbackGapMs=942;fusion=GPS_IMU
LOCATION,1790414205624,29.6439483,52.4705033,150.000,true,3.00,18.655,source=fused:fused;speedReason=OK;derived=31.62;locationGapMs=996;callbackGapMs=996;fusion=GPS_IMU
LOCATION,1790414206622,29.6438883,52.4705667,145.000,true,3.00,18.879,source=fused:fused;speedReason=OK;derived=32.18;locationGapMs=998;callbackGapMs=998;fusion=GPS_IMU
LOCATION,1790414207622,29.6438150,52.4706217,150.000,true,3.00,19.210,source=fused:fused;speedReason=OK;derived=32.65;locationGapMs=1000;callbackGapMs=1000;fusion=GPS_IMU
LOCATION,1790414208616,29.6437383,52.4706717,152.000,true,3.02,19.538,source=fused:fused;speedReason=OK;derived=34.97;locationGapMs=994;callbackGapMs=994;fusion=GPS_IMU
LOCATION,1790414209683,29.6436600,52.4707200,154.000,true,3.03,19.892,source=fused:fused;speedReason=OK;derived=34.97;locationGapMs=1066;callbackGapMs=1066;fusion=GPS_IMU
LOCATION,1790414210617,29.6435800,52.4707700,155.000,true,3.03,20.201,source=fused:fused;speedReason=OK;derived=35.43;locationGapMs=936;callbackGapMs=936;fusion=GPS_IMU
LOCATION,1790414211616,29.6434917,52.4708133,159.000,true,3.03,20.424,source=fused:fused;speedReason=OK;derived=38.41;locationGapMs=998;callbackGapMs=998;fusion=GPS_IMU
LOCATION,1790414212619,29.6434033,52.4708583,159.000,true,3.03,20.758,source=fused:fused;speedReason=OK;derived=38.49;locationGapMs=1003;callbackGapMs=1003;fusion=GPS_IMU
LOCATION,1790414213614,29.6433150,52.4709050,155.000,true,3.04,21.015,source=fused:fused;speedReason=OK;derived=38.49;locationGapMs=996;callbackGapMs=996;fusion=GPS_IMU
LOCATION,1790414214617,29.6432333,52.4709633,149.000,true,3.04,21.393,source=fused:fused;speedReason=OK;derived=38.49;locationGapMs=1002;callbackGapMs=1002;fusion=GPS_IMU
LOCATION,1790414215671,29.6431533,52.4710217,147.000,true,3.06,21.836,source=fused:fused;speedReason=OK;derived=38.34;locationGapMs=1054;callbackGapMs=1054;fusion=GPS_IMU
LOCATION,1790414216618,29.6430783,52.4710950,144.000,true,3.08,22.168,source=fused:fused;speedReason=OK;derived=38.34;locationGapMs=948;callbackGapMs=948;fusion=GPS_IMU
LOCATION,1790414217616,29.6429983,52.4711717,144.000,true,3.08,22.458,source=fused:fused;speedReason=OK;derived=41.51;locationGapMs=997;callbackGapMs=997;fusion=GPS_IMU
LOCATION,1790414218624,29.6429117,52.4712500,144.000,true,3.10,22.731,source=fused:fused;speedReason=OK;derived=41.77;locationGapMs=1008;callbackGapMs=1008;fusion=GPS_IMU
LOCATION,1790414219619,29.6428283,52.4713300,142.000,true,3.12,22.988,source=fused:fused;speedReason=OK;derived=43.68;locationGapMs=994;callbackGapMs=994;fusion=GPS_IMU
LOCATION,1790414220622,29.6427433,52.4713983,144.000,true,3.14,23.258,source=fused:fused;speedReason=OK;derived=43.68;locationGapMs=1004;callbackGapMs=1004;fusion=GPS_IMU
LOCATION,1790414221684,29.6426650,52.4714717,144.000,true,3.16,23.607,source=fused:fused;speedReason=OK;derived=41.28;locationGapMs=1060;callbackGapMs=1060;fusion=GPS_IMU
LOCATION,1790414222616,29.6425867,52.4715450,143.000,true,3.16,23.886,source=fused:fused;speedReason=OK;derived=41.28;locationGapMs=935;callbackGapMs=935;fusion=GPS_IMU
LOCATION,1790414223614,29.6425200,52.4716300,137.000,true,3.15,24.200,source=fused:fused;speedReason=OK;derived=40.03;locationGapMs=995;callbackGapMs=995;fusion=GPS_IMU
LOCATION,1790414224640,29.6424533,52.4717083,136.000,true,3.14,24.470,source=fused:fused;speedReason=OK;derived=40.03;locationGapMs=1030;callbackGapMs=1030;fusion=GPS_IMU
LOCATION,1790414225621,29.6423850,52.4717867,135.000,true,3.12,24.700,source=fused:fused;speedReason=OK;derived=39.42;locationGapMs=979;callbackGapMs=979;fusion=GPS_IMU
LOCATION,1790414226618,29.6423217,52.4718633,137.000,true,3.12,24.895,source=fused:fused;speedReason=OK;derived=37.01;locationGapMs=1000;callbackGapMs=1000;fusion=GPS_IMU
LOCATION,1790414227682,29.6422633,52.4719350,137.000,true,3.10,25.053,source=fused:fused;speedReason=OK;derived=36.76;locationGapMs=1060;callbackGapMs=1060;fusion=GPS_IMU
LOCATION,1790414228623,29.6422067,52.4719950,141.000,true,3.10,25.197,source=fused:fused;speedReason=OK;derived=32.64;locationGapMs=943;callbackGapMs=943;fusion=GPS_IMU
LOCATION,1790414229626,29.6421550,52.4720467,141.000,true,3.10,25.280,source=fused:fused;speedReason=OK;derived=32.24;locationGapMs=1002;callbackGapMs=1002;fusion=GPS_IMU
LOCATION,1790414230610,29.6421017,52.4720967,141.000,true,3.10,25.315,source=fused:fused;speedReason=OK;derived=28.00;locationGapMs=982;callbackGapMs=982;fusion=GPS_IMU
LOCATION,1790414231631,29.6420483,52.4721483,137.000,true,3.10,25.349,source=fused:fused;speedReason=OK;derived=27.34;locationGapMs=1023;callbackGapMs=1023;fusion=GPS_IMU
LOCATION,1790414232616,29.6420100,52.4722000,139.000,true,3.10,25.383,source=fused:fused;speedReason=OK;derived=27.26;locationGapMs=985;callbackGapMs=985;fusion=GPS_IMU
LOCATION,1790414233696,29.6419667,52.4722433,142.000,true,3.10,25.364,source=fused:fused;speedReason=OK;derived=23.99;locationGapMs=1079;callbackGapMs=1079;fusion=GPS_IMU
LOCATION,1790414234633,29.6419317,52.4722800,140.000,true,3.10,25.346,source=fused:fused;speedReason=OK;derived=21.26;locationGapMs=935;callbackGapMs=935;fusion=GPS_IMU
LOCATION,1790414235627,29.6419033,52.4723033,142.000,true,3.10,25.298,source=fused:fused;speedReason=OK;derived=20.26;locationGapMs=997;callbackGapMs=997;fusion=GPS_IMU
LOCATION,1790414236626,29.6418900,52.4723233,139.000,true,3.10,25.191,source=fused:fused;speedReason=OK;derived=13.98;locationGapMs=1000;callbackGapMs=1000;fusion=GPS_IMU
LOCATION,1790414237638,29.6418767,52.4723500,136.000,true,3.10,24.989,source=fused:fused;speedReason=OK;derived=10.65;locationGapMs=1006;callbackGapMs=1006;fusion=GPS_IMU
LOCATION,1790414238628,29.6418483,52.4723817,138.000,true,3.10,24.811,source=fused:fused;speedReason=OK;derived=10.65;locationGapMs=994;callbackGapMs=994;fusion=GPS_IMU
LOCATION,1790414239696,29.6418100,52.4724200,139.000,true,3.10,24.722,source=fused:fused;speedReason=OK;derived=15.92;locationGapMs=1067;callbackGapMs=1067;fusion=GPS_IMU
LOCATION,1790414240630,29.6417717,52.4724617,135.000,true,3.10,24.665,source=fused:fused;speedReason=OK;derived=19.02;locationGapMs=936;callbackGapMs=936;fusion=GPS_IMU
LOCATION,1790414241625,29.6417250,52.4724967,141.000,true,3.10,24.631,source=fused:fused;speedReason=OK;derived=22.41;locationGapMs=994;callbackGapMs=994;fusion=GPS_IMU
LOCATION,1790414242629,29.6416750,52.4725300,144.000,true,3.10,24.598,source=fused:fused;speedReason=OK;derived=22.53;locationGapMs=1002;callbackGapMs=1002;fusion=GPS_IMU
LOCATION,1790414243630,29.6416300,52.4725667,143.000,true,3.12,24.573,source=fused:fused;speedReason=OK;derived=22.41;locationGapMs=1005;callbackGapMs=1005;fusion=GPS_IMU
LOCATION,1790414244630,29.6415850,52.4726117,137.000,true,3.13,24.548,source=fused:fused;speedReason=OK;derived=23.04;locationGapMs=998;callbackGapMs=998;fusion=GPS_IMU
LOCATION,1790414245698,29.6415400,52.4726517,138.000,true,3.16,24.530,source=fused:fused;speedReason=OK;derived=21.94;locationGapMs=1070;callbackGapMs=1070;fusion=GPS_IMU
LOCATION,1790414246629,29.6414833,52.4726967,141.000,true,3.17,24.511,source=fused:fused;speedReason=OK;derived=23.89;locationGapMs=930;callbackGapMs=930;fusion=GPS_IMU
LOCATION,1790414247629,29.6414150,52.4727533,141.000,true,3.22,24.532,source=fused:fused;speedReason=OK;derived=29.60;locationGapMs=1000;callbackGapMs=1000;fusion=GPS_IMU
LOCATION,1790414248634,29.6413550,52.4727967,144.000,true,3.23,24.569,source=fused:fused;speedReason=OK;derived=29.60;locationGapMs=1005;callbackGapMs=1005;fusion=GPS_IMU
LOCATION,1790414249633,29.6412833,52.4728450,147.000,true,3.26,24.641,source=fused:fused;speedReason=OK;derived=33.23;locationGapMs=999;callbackGapMs=999;fusion=GPS_IMU
LOCATION,1790414250634,29.6412150,52.4728933,146.000,true,3.27,24.703,source=fused:fused;speedReason=OK;derived=31.97;locationGapMs=1002;callbackGapMs=1002;fusion=GPS_IMU
LOCATION,1790414251607,29.6411417,52.4729500,144.000,true,3.28,24.743,source=fused:fused;speedReason=OK;derived=33.23;locationGapMs=974;callbackGapMs=974;fusion=GPS_IMU
LOCATION,1790414252636,29.6410600,52.4730150,146.000,true,3.30,24.777,source=fused:fused;speedReason=OK;derived=36.24;locationGapMs=1026;callbackGapMs=1026;fusion=GPS_IMU
LOCATION,1790414253629,29.6409683,52.4730933,144.000,true,3.30,24.874,source=fused:fused;speedReason=OK;derived=38.70;locationGapMs=994;callbackGapMs=994;fusion=GPS_IMU
LOCATION,1790414254625,29.6408700,52.4731717,144.000,true,3.28,25.052,source=fused:fused;speedReason=OK;derived=45.93;locationGapMs=996;callbackGapMs=996;fusion=GPS_IMU
LOCATION,1790414255628,29.6407783,52.4732500,143.000,true,3.27,25.232,source=fused:fused;speedReason=OK;derived=45.93;locationGapMs=1000;callbackGapMs=1000;fusion=GPS_IMU
LOCATION,1790414256631,29.6406900,52.4733267,143.000,true,3.24,25.425,source=fused:fused;speedReason=OK;derived=45.65;locationGapMs=1006;callbackGapMs=1006;fusion=GPS_IMU
LOCATION,1790414257684,29.6406067,52.4733983,141.000,true,3.23,25.627,source=fused:fused;speedReason=OK;derived=43.97;locationGapMs=1052;callbackGapMs=1052;fusion=GPS_IMU
LOCATION,1790414258629,29.6405283,52.4734683,142.000,true,3.20,25.803,source=fused:fused;speedReason=OK;derived=41.99;locationGapMs=945;callbackGapMs=945;fusion=GPS_IMU
LOCATION,1790414259635,29.6404450,52.4735367,143.000,true,3.17,25.960,source=fused:fused;speedReason=OK;derived=40.87;locationGapMs=1001;callbackGapMs=1001;fusion=GPS_IMU
LOCATION,1790414260630,29.6403600,52.4736067,143.000,true,3.14,26.086,source=fused:fused;speedReason=OK;derived=41.83;locationGapMs=999;callbackGapMs=999;fusion=GPS_IMU
LOCATION,1790414261633,29.6402817,52.4736617,146.000,true,3.12,26.200,source=fused:fused;speedReason=OK;derived=40.87;locationGapMs=1004;callbackGapMs=1004;fusion=GPS_IMU
LOCATION,1790414262629,29.6402050,52.4737267,142.000,true,3.12,26.298,source=fused:fused;speedReason=OK;derived=38.20;locationGapMs=997;callbackGapMs=997;fusion=GPS_IMU
LOCATION,1790414263691,29.6401317,52.4737933,140.000,true,3.10,26.387,source=fused:fused;speedReason=OK;derived=36.51;locationGapMs=1059;callbackGapMs=1059;fusion=GPS_IMU
LOCATION,1790414264628,29.6400550,52.4738617,140.000,true,3.10,26.511,source=fused:fused;speedReason=OK;derived=38.20;locationGapMs=940;callbackGapMs=940;fusion=GPS_IMU
LOCATION,1790414265629,29.6399817,52.4739350,138.000,true,3.10,26.666,source=fused:fused;speedReason=OK;derived=38.80;locationGapMs=1001;callbackGapMs=1001;fusion=GPS_IMU
LOCATION,1790414266625,29.6399083,52.4740000,138.000,true,3.10,26.819,source=fused:fused;speedReason=OK;derived=38.80;locationGapMs=995;callbackGapMs=995;fusion=GPS_IMU
LOCATION,1790414267630,29.6398367,52.4740683,139.000,true,3.10,26.948,source=fused:fused;speedReason=OK;derived=37.22;locationGapMs=1004;callbackGapMs=1004;fusion=GPS_IMU
LOCATION,1790414268633,29.6397600,52.4741367,139.000,true,3.10,27.063,source=fused:fused;speedReason=OK;derived=37.22;locationGapMs=1004;callbackGapMs=1004;fusion=GPS_IMU
LOCATION,1790414269709,29.6396800,52.4742050,139.000,true,3.10,27.156,source=fused:fused;speedReason=OK;derived=37.08;locationGapMs=1074;callbackGapMs=1074;fusion=GPS_IMU
LOCATION,1790414270632,29.6395983,52.4742883,138.000,true,3.12,27.259,source=fused:fused;speedReason=OK;derived=38.64;locationGapMs=926;callbackGapMs=926;fusion=GPS_IMU
LOCATION,1790414271627,29.6395100,52.4743750,140.000,true,3.13,27.400,source=fused:fused;speedReason=OK;derived=46.66;locationGapMs=995;callbackGapMs=995;fusion=GPS_IMU
LOCATION,1790414272633,29.6394217,52.4744683,139.000,true,3.15,27.560,source=fused:fused;speedReason=OK;derived=47.15;locationGapMs=1000;callbackGapMs=1000;fusion=GPS_IMU
LOCATION,1790414273634,29.6393333,52.4745500,141.000,true,3.20,27.707,source=fused:fused;speedReason=OK;derived=46.66;locationGapMs=1007;callbackGapMs=1007;fusion=GPS_IMU
LOCATION,1790414274624,29.6392483,52.4746250,141.000,true,3.22,27.865,source=fused:fused;speedReason=OK;derived=45.02;locationGapMs=990;callbackGapMs=990;fusion=GPS_IMU
LOCATION,1790414275697,29.6391583,52.4747033,142.000,true,3.26,27.985,source=fused:fused;speedReason=OK;derived=43.26;locationGapMs=1072;callbackGapMs=1072;fusion=GPS_IMU
LOCATION,1790414276629,29.6390700,52.4747733,142.000,true,3.28,28.100,source=fused:fused;speedReason=OK;derived=43.26;locationGapMs=931;callbackGapMs=931;fusion=GPS_IMU
LOCATION,1790414277624,29.6389800,52.4748600,141.000,true,3.28,28.238,source=fused:fused;speedReason=OK;derived=46.04;locationGapMs=996;callbackGapMs=996;fusion=GPS_IMU
LOCATION,1790414278628,29.6388800,52.4749383,145.000,true,3.30,28.387,source=fused:fused;speedReason=OK;derived=47.13;locationGapMs=1004;callbackGapMs=1004;fusion=GPS_IMU
LOCATION,1790414279629,29.6387800,52.4750167,144.000,true,3.28,28.546,source=fused:fused;speedReason=OK;derived=48.15;locationGapMs=1003;callbackGapMs=1003;fusion=GPS_IMU
LOCATION,1790414280626,29.6386750,52.4751000,144.000,true,3.28,28.696,source=fused:fused;speedReason=OK;derived=48.22;locationGapMs=995;callbackGapMs=995;fusion=GPS_IMU
LOCATION,1790414281696,29.6385700,52.4751867,145.000,true,3.28,28.882,source=fused:fused;speedReason=OK;derived=48.22;locationGapMs=1072;callbackGapMs=1072;fusion=GPS_IMU
LOCATION,1790414282631,29.6384683,52.4752750,144.000,true,3.26,29.104,source=fused:fused;speedReason=OK;derived=51.23;locationGapMs=931;callbackGapMs=931;fusion=GPS_IMU
LOCATION,1790414283631,29.6383600,52.4753583,146.000,true,3.24,29.345,source=fused:fused;speedReason=OK;derived=52.01;locationGapMs=1001;callbackGapMs=1001;fusion=GPS_IMU
LOCATION,1790414284609,29.6382583,52.4754450,143.000,true,3.23,29.666,source=fused:fused;speedReason=OK;derived=52.01;locationGapMs=980;callbackGapMs=980;fusion=GPS_IMU
LOCATION,1790414285624,29.6381583,52.4755350,142.000,true,3.22,29.981,source=fused:fused;speedReason=OK;derived=51.63;locationGapMs=1015;callbackGapMs=1015;fusion=GPS_IMU
LOCATION,1790414286627,29.6380667,52.4756233,140.000,true,3.18,30.217,source=fused:fused;speedReason=OK;derived=50.01;locationGapMs=1002;callbackGapMs=1002;fusion=GPS_IMU
LOCATION,1790414287696,29.6379783,52.4757117,140.000,true,3.12,30.409,source=fused:fused;speedReason=OK;derived=47.69;locationGapMs=1070;callbackGapMs=1070;fusion=GPS_IMU
LOCATION,1790414288625,29.6378933,52.4757983,139.000,true,3.10,30.613,source=fused:fused;speedReason=OK;derived=47.69;locationGapMs=926;callbackGapMs=926;fusion=GPS_IMU
LOCATION,1790414289627,29.6378033,52.4758833,139.000,true,3.04,30.809,source=fused:fused;speedReason=OK;derived=46.33;locationGapMs=1005;callbackGapMs=1005;fusion=GPS_IMU
LOCATION,1790414290631,29.6377083,52.4759667,142.000,true,3.02,30.954,source=fused:fused;speedReason=OK;derived=47.63;locationGapMs=1003;callbackGapMs=1003;fusion=GPS_IMU
LOCATION,1790414291630,29.6376117,52.4760433,145.000,true,3.00,31.160,source=fused:fused;speedReason=OK;derived=46.94;locationGapMs=999;callbackGapMs=999;fusion=GPS_IMU
LOCATION,1790414292626,29.6375150,52.4761200,144.000,true,3.00,31.367,source=fused:fused;speedReason=OK;derived=47.13;locationGapMs=996;callbackGapMs=996;fusion=GPS_IMU
LOCATION,1790414293696,29.6374217,52.4762017,144.000,true,3.00,31.590,source=fused:fused;speedReason=OK;derived=46.94;locationGapMs=1070;callbackGapMs=1070;fusion=GPS_IMU
LOCATION,1790414294631,29.6373333,52.4762717,146.000,true,3.00,31.775,source=fused:fused;speedReason=OK;derived=45.78;locationGapMs=937;callbackGapMs=937;fusion=GPS_IMU
LOCATION,1790414295618,29.6372417,52.4763400,146.000,true,3.00,31.929,source=fused:fused;speedReason=OK;derived=44.24;locationGapMs=986;callbackGapMs=986;fusion=GPS_IMU
LOCATION,1790414296633,29.6371617,52.4764100,142.000,true,3.00,32.064,source=fused:fused;speedReason=OK;derived=44.24;locationGapMs=1011;callbackGapMs=1011;fusion=GPS_IMU
LOCATION,1790414297618,29.6370900,52.4764717,143.000,true,3.00,32.133,source=fused:fused;speedReason=OK;derived=39.74;locationGapMs=989;callbackGapMs=989;fusion=GPS_IMU
LOCATION,1790414298618,29.6370267,52.4765367,142.000,true,3.00,32.171,source=fused:fused;speedReason=OK;derived=36.19;locationGapMs=1000;callbackGapMs=1000;fusion=GPS_IMU
LOCATION,1790414299698,29.6369667,52.4765900,143.000,true,3.00,32.178,source=fused:fused;speedReason=OK;derived=33.93;locationGapMs=1079;callbackGapMs=1079;fusion=GPS_IMU
LOCATION,1790414300627,29.6369150,52.4766400,139.000,true,3.00,32.144,source=fused:fused;speedReason=OK;derived=29.07;locationGapMs=929;callbackGapMs=929;fusion=GPS_IMU
LOCATION,1790414301625,29.6368650,52.4766933,139.000,true,2.98,32.064,source=fused:fused;speedReason=OK;derived=28.09;locationGapMs=999;callbackGapMs=999;fusion=GPS_IMU
LOCATION,1790414302632,29.6368183,52.4767483,136.000,true,2.96,31.995,source=fused:fused;speedReason=OK;derived=27.29;locationGapMs=1005;callbackGapMs=1005;fusion=GPS_IMU
LOCATION,1790414303616,29.6367700,52.4767933,143.000,true,2.94,31.907,source=fused:fused;speedReason=OK;derived=26.60;locationGapMs=987;callbackGapMs=987;fusion=GPS_IMU
LOCATION,1790414304625,29.6367150,52.4768417,142.000,true,2.93,31.822,source=fused:fused;speedReason=OK;derived=26.60;locationGapMs=1006;callbackGapMs=1006;fusion=GPS_IMU
LOCATION,1790414305704,29.6366633,52.4769000,135.000,true,2.90,31.788,source=fused:fused;speedReason=OK;derived=26.94;locationGapMs=1075;callbackGapMs=1075;fusion=GPS_IMU
LOCATION,1790414306629,29.6366150,52.4769483,137.000,true,2.92,31.760,source=fused:fused;speedReason=OK;derived=27.52;locationGapMs=930;callbackGapMs=930;fusion=GPS_IMU
LOCATION,1790414307626,29.6365650,52.4769933,139.000,true,2.95,31.724,source=fused:fused;speedReason=OK;derived=26.94;locationGapMs=998;callbackGapMs=998;fusion=GPS_IMU
LOCATION,1790414308617,29.6365100,52.4770450,141.000,true,2.98,31.685,source=fused:fused;speedReason=OK;derived=27.52;locationGapMs=991;callbackGapMs=991;fusion=GPS_IMU
LOCATION,1790414309625,29.6364517,52.4770950,143.000,true,3.03,31.657,source=fused:fused;speedReason=OK;derived=28.66;locationGapMs=1005;callbackGapMs=1005;fusion=GPS_IMU
LOCATION,1790414310627,29.6363883,52.4771400,146.000,true,3.08,31.640,source=fused:fused;speedReason=OK;derived=28.93;locationGapMs=1004;callbackGapMs=1004;fusion=GPS_IMU
LOCATION,1790414311693,29.6363300,52.4771867,147.000,true,3.18,31.623,source=fused:fused;speedReason=OK;derived=28.93;locationGapMs=1066;callbackGapMs=1066;fusion=GPS_IMU
LOCATION,1790414312626,29.6362650,52.4772300,146.000,true,3.22,31.611,source=fused:fused;speedReason=OK;derived=29.65;locationGapMs=934;callbackGapMs=934;fusion=GPS_IMU
LOCATION,1790414313635,29.6362050,52.4772717,148.000,true,3.26,31.579,source=fused:fused;speedReason=OK;derived=27.84;locationGapMs=1006;callbackGapMs=1006;fusion=GPS_IMU
LOCATION,1790414314627,29.6361450,52.4773017,152.000,true,3.28,31.540,source=fused:fused;speedReason=OK;derived=27.84;locationGapMs=995;callbackGapMs=995;fusion=GPS_IMU
LOCATION,1790414315628,29.6360833,52.4773567,150.000,true,3.30,31.511,source=fused:fused;speedReason=OK;derived=27.84;locationGapMs=1001;callbackGapMs=1001;fusion=GPS_IMU
LOCATION,1790414316629,29.6360133,52.4774083,147.000,true,3.30,31.488,source=fused:fused;speedReason=OK;derived=31.18;locationGapMs=1001;callbackGapMs=1001;fusion=GPS_IMU
LOCATION,1790414317697,29.6359450,52.4774533,152.000,true,3.30,31.473,source=fused:fused;speedReason=OK;derived=31.18;locationGapMs=1068;callbackGapMs=1068;fusion=GPS_IMU
LOCATION,1790414318631,29.6358833,52.4775117,145.000,true,3.30,31.468,source=fused:fused;speedReason=OK;derived=33.19;locationGapMs=933;callbackGapMs=933;fusion=GPS_IMU
LOCATION,1790414319630,29.6358117,52.4775633,148.000,true,3.30,31.463,source=fused:fused;speedReason=OK;derived=33.76;locationGapMs=1000;callbackGapMs=1000;fusion=GPS_IMU
LOCATION,1790414320624,29.6357467,52.4776133,147.000,true,3.30,31.459,source=fused:fused;speedReason=OK;derived=33.76;locationGapMs=993;callbackGapMs=993;fusion=GPS_IMU
LOCATION,1790414321630,29.6356850,52.4776617,148.000,true,3.32,31.455,source=fused:fused;speedReason=OK;derived=31.47;locationGapMs=1007;callbackGapMs=1007;fusion=GPS_IMU
LOCATION,1790414322629,29.6356183,52.4777250,145.000,true,3.34,31.451,source=fused:fused;speedReason=OK;derived=31.47;locationGapMs=998;callbackGapMs=998;fusion=GPS_IMU
LOCATION,1790414323688,29.6355450,52.4777900,143.000,true,3.37,31.461,source=fused:fused;speedReason=OK;derived=34.64;locationGapMs=1059;callbackGapMs=1059;fusion=GPS_IMU
LOCATION,1790414324629,29.6354817,52.4778467,141.000,true,3.42,31.473,source=fused:fused;speedReason=OK;derived=34.64;locationGapMs=942;callbackGapMs=942;fusion=GPS_IMU
LOCATION,1790414325634,29.6354117,52.4779033,144.000,true,3.48,31.472,source=fused:fused;speedReason=OK;derived=34.13;locationGapMs=1002;callbackGapMs=1002;fusion=GPS_IMU
LOCATION,1790414326639,29.6353483,52.4779650,142.000,true,3.52,31.471,source=fused:fused;speedReason=OK;derived=34.05;locationGapMs=1006;callbackGapMs=1006;fusion=GPS_IMU
LOCATION,1790414327628,29.6352933,52.4780383,138.000,true,3.55,31.474,source=fused:fused;speedReason=OK;derived=33.99;locationGapMs=991;callbackGapMs=991;fusion=GPS_IMU
LOCATION,1790414328625,29.6352417,52.4780983,137.000,true,3.62,31.478,source=fused:fused;speedReason=OK;derived=33.01;locationGapMs=997;callbackGapMs=997;fusion=GPS_IMU
LOCATION,1790414329700,29.6351917,52.4781433,139.000,true,3.63,31.467,source=fused:fused;speedReason=OK;derived=29.44;locationGapMs=1069;callbackGapMs=1069;fusion=GPS_IMU
LOCATION,1790414330628,29.6351433,52.4781717,148.000,true,3.65,31.428,source=fused:fused;speedReason=OK;derived=23.74;locationGapMs=934;callbackGapMs=934;fusion=GPS_IMU
LOCATION,1790414331627,29.6350983,52.4782050,145.000,true,3.65,31.383,source=fused:fused;speedReason=OK;derived=23.24;locationGapMs=998;callbackGapMs=998;fusion=GPS_IMU
LOCATION,1790414332626,29.6350517,52.4782400,141.000,true,3.65,31.304,source=fused:fused;speedReason=OK;derived=22.24;locationGapMs=1000;callbackGapMs=1000;fusion=GPS_IMU
LOCATION,1790414333634,29.6350083,52.4782850,136.000,true,3.62,31.233,source=fused:fused;speedReason=OK;derived=22.24;locationGapMs=1008;callbackGapMs=1008;fusion=GPS_IMU
LOCATION,1790414334628,29.6349767,52.4783217,132.000,true,3.60,31.159,source=fused:fused;speedReason=OK;derived=22.24;locationGapMs=994;callbackGapMs=994;fusion=GPS_IMU
LOCATION,1790414335706,29.6349383,52.4783600,140.000,true,3.58,31.108,source=fused:fused;speedReason=OK;derived=18.89;locationGapMs=1076;callbackGapMs=1076;fusion=GPS_IMU
LOCATION,1790414336628,29.6348783,52.4783950,144.000,true,3.57,31.026,source=fused:fused;speedReason=OK;derived=18.89;locationGapMs=922;callbackGapMs=922;fusion=GPS_IMU
LOCATION,1790414337626,29.6348217,52.4784350,148.000,true,3.55,30.968,source=fused:fused;speedReason=OK;derived=26.54;locationGapMs=1000;callbackGapMs=1000;fusion=GPS_IMU
LOCATION,1790414338627,29.6347583,52.4784750,150.000,true,3.53,30.943,source=fused:fused;speedReason=OK;derived=28.83;locationGapMs=1002;callbackGapMs=1002;fusion=GPS_IMU
LOCATION,1790414339633,29.6346900,52.4785200,149.000,true,3.50,30.939,source=fused:fused;speedReason=OK;derived=28.83;locationGapMs=1004;callbackGapMs=1004;fusion=GPS_IMU
LOCATION,1790414340628,29.6346200,52.4785850,141.000,true,3.50,30.952,source=fused:fused;speedReason=OK;derived=31.32;locationGapMs=996;callbackGapMs=996;fusion=GPS_IMU
LOCATION,1790414341689,29.6345400,52.4786467,145.000,true,3.50,30.998,source=fused:fused;speedReason=OK;derived=36.11;locationGapMs=1061;callbackGapMs=1061;fusion=GPS_IMU
LOCATION,1790414342628,29.6344617,52.4787067,145.000,true,3.52,31.071,source=fused:fused;speedReason=OK;derived=36.28;locationGapMs=939;callbackGapMs=939;fusion=GPS_IMU
LOCATION,1790414343626,29.6343817,52.4787783,142.000,true,3.52,31.150,source=fused:fused;speedReason=OK;derived=40.04;locationGapMs=998;callbackGapMs=998;fusion=GPS_IMU
LOCATION,1790414344631,29.6343017,52.4788417,145.000,true,3.52,31.217,source=fused:fused;speedReason=OK;derived=40.04;locationGapMs=1004;callbackGapMs=1004;fusion=GPS_IMU
LOCATION,1790414345626,29.6342167,52.4789033,146.000,true,3.52,31.290,source=fused:fused;speedReason=OK;derived=40.31;locationGapMs=996;callbackGapMs=996;fusion=GPS_IMU
LOCATION,1790414346625,29.6341283,52.4789733,144.000,true,3.52,31.337,source=fused:fused;speedReason=OK;derived=40.31;locationGapMs=1000;callbackGapMs=1000;fusion=GPS_IMU
LOCATION,1790414347698,29.6340417,52.4790417,142.000,true,3.53,31.404,source=fused:fused;speedReason=OK;derived=40.31;locationGapMs=1071;callbackGapMs=1071;fusion=GPS_IMU
LOCATION,1790414348625,29.6339650,52.4790983,143.000,true,3.54,31.476,source=fused:fused;speedReason=OK;derived=39.24;locationGapMs=928;callbackGapMs=928;fusion=GPS_IMU
LOCATION,1790414349624,29.6338867,52.4791683,142.000,true,3.55,31.543,source=fused:fused;speedReason=OK;derived=39.24;locationGapMs=998;callbackGapMs=998;fusion=GPS_IMU
LOCATION,1790414350626,29.6337983,52.4792367,143.000,true,3.57,31.610,source=fused:fused;speedReason=OK;derived=39.73;locationGapMs=1003;callbackGapMs=1003;fusion=GPS_IMU
LOCATION,1790414351630,29.6337000,52.4793100,146.000,true,3.60,31.705,source=fused:fused;speedReason=OK;derived=42.45;locationGapMs=1004;callbackGapMs=1004;fusion=GPS_IMU
LOCATION,1790414352629,29.6336067,52.4793800,146.000,true,3.60,31.787,source=fused:fused;speedReason=OK;derived=44.65;locationGapMs=997;callbackGapMs=997;fusion=GPS_IMU
LOCATION,1790414353680,29.6335067,52.4794517,145.000,true,3.60,31.888,source=fused:fused;speedReason=OK;derived=44.67;locationGapMs=1054;callbackGapMs=1054;fusion=GPS_IMU
LOCATION,1790414354623,29.6334067,52.4795233,146.000,true,3.58,32.001,source=fused:fused;speedReason=OK;derived=44.67;locationGapMs=942;callbackGapMs=942;fusion=GPS_IMU
LOCATION,1790414355625,29.6333083,52.4796083,144.000,true,3.57,32.084,source=fused:fused;speedReason=OK;derived=49.09;locationGapMs=1002;callbackGapMs=1002;fusion=GPS_IMU
LOCATION,1790414356627,29.6332133,52.4796917,145.000,true,3.54,32.187,source=fused:fused;speedReason=OK;derived=49.09;locationGapMs=1001;callbackGapMs=1001;fusion=GPS_IMU
LOCATION,1790414357633,29.6331317,52.4797600,143.000,true,3.54,32.286,source=fused:fused;speedReason=OK;derived=47.73;locationGapMs=1006;callbackGapMs=1006;fusion=GPS_IMU
LOCATION,1790414358630,29.6330517,52.4798233,144.000,true,3.54,32.359,source=fused:fused;speedReason=OK;derived=40.10;locationGapMs=997;callbackGapMs=997;fusion=GPS_IMU
LOCATION,1790414359697,29.6329783,52.4798883,143.000,true,3.56,32.398,source=fused:fused;speedReason=OK;derived=38.93;locationGapMs=1066;callbackGapMs=1066;fusion=GPS_IMU
LOCATION,1790414360650,29.6329200,52.4799667,142.000,true,3.58,32.436,source=fused:fused;speedReason=OK;derived=37.58;locationGapMs=955;callbackGapMs=955;fusion=GPS_IMU
LOCATION,1790414361630,29.6328517,52.4800367,144.000,true,3.57,32.449,source=fused:fused;speedReason=OK;derived=37.41;locationGapMs=978;callbackGapMs=978;fusion=GPS_IMU
LOCATION,1790414362637,29.6327883,52.4800950,142.000,true,3.58,32.457,source=fused:fused;speedReason=OK;derived=37.41;locationGapMs=1008;callbackGapMs=1008;fusion=GPS_IMU
LOCATION,1790414363625,29.6327367,52.4801550,138.000,true,3.58,32.461,source=fused:fused;speedReason=OK;derived=32.19;locationGapMs=990;callbackGapMs=990;fusion=GPS_IMU
LOCATION,1790414364630,29.6327017,52.4802033,136.000,true,3.58,32.456,source=fused:fused;speedReason=OK;derived=29.65;locationGapMs=1003;callbackGapMs=1003;fusion=GPS_IMU
LOCATION,1790414365704,29.6326700,52.4802333,139.000,true,3.60,32.439,source=fused:fused;speedReason=OK;derived=21.81;locationGapMs=1073;callbackGapMs=1073;fusion=GPS_IMU
LOCATION,1790414366635,29.6326433,52.4802733,133.000,true,3.66,32.421,source=fused:fused;speedReason=OK;derived=18.85;locationGapMs=931;callbackGapMs=931;fusion=GPS_IMU
LOCATION,1790414367632,29.6326383,52.4803050,127.000,true,3.68,32.399,source=fused:fused;speedReason=OK;derived=15.30;locationGapMs=999;callbackGapMs=999;fusion=GPS_IMU
LOCATION,1790414368633,29.6326200,52.4803317,128.000,true,3.75,32.370,source=fused:fused;speedReason=OK;derived=11.83;locationGapMs=1000;callbackGapMs=1000;fusion=GPS_IMU
LOCATION,1790414369639,29.6326183,52.4803250,131.000,true,3.86,32.320,source=fused:fused;speedReason=OK;derived=11.24;locationGapMs=1005;callbackGapMs=1005;fusion=GPS_IMU
LOCATION,1790414370632,29.6326433,52.4803283,106.000,true,3.87,32.215,source=fused:fused;speedReason=OK;derived=10.09;locationGapMs=995;callbackGapMs=995;fusion=GPS_IMU
LOCATION,1790414371705,29.6326450,52.4803567,99.000,true,3.90,32.121,source=fused:fused;speedReason=OK;derived=9.25;locationGapMs=1073;callbackGapMs=1073;fusion=GPS_IMU
LOCATION,1790414372635,29.6326683,52.4803550,103.000,true,3.90,32.012,source=fused:fused;speedReason=OK;derived=10.03;locationGapMs=929;callbackGapMs=929;fusion=GPS_IMU
LOCATION,1790414373633,29.6326833,52.4803617,107.000,true,3.88,31.890,source=fused:fused;speedReason=OK;derived=9.25;locationGapMs=998;callbackGapMs=998;fusion=GPS_IMU
LOCATION,1790414374626,29.6327033,52.4803467,107.000,true,3.87,31.774,source=fused:fused;speedReason=OK;derived=9.60;locationGapMs=994;callbackGapMs=994;fusion=GPS_IMU
LOCATION,1790414375612,29.6327217,52.4803383,107.000,true,3.82,31.522,source=fused:fused;speedReason=OK;derived=8.01;locationGapMs=987;callbackGapMs=987;fusion=GPS_IMU
LOCATION,1790414376631,29.6327250,52.4803267,107.000,true,3.76,0.000,source=fused:fused;speedReason=OK;derived=8.01;locationGapMs=1018;callbackGapMs=1018;fusion=GPS_IMU
LOCATION,1790414377701,29.6327283,52.4803233,107.000,true,3.75,0.000,source=fused:fused;speedReason=OK;derived=4.18;locationGapMs=1067;callbackGapMs=1067;fusion=GPS_IMU
LOCATION,1790414378625,29.6327283,52.4803233,107.000,true,3.73,0.000,source=fused:fused;speedReason=OK;derived=1.66;locationGapMs=927;callbackGapMs=927;fusion=GPS_IMU
LOCATION,1790414379636,29.6327283,52.4803233,107.000,true,3.70,0.000,source=fused:fused;speedReason=OK;derived=0.00;locationGapMs=1009;callbackGapMs=1009;fusion=GPS_IMU
LOCATION,1790414380602,29.6327283,52.4803233,107.000,true,3.67,0.000,source=fused:fused;speedReason=OK;derived=0.00;locationGapMs=968;callbackGapMs=968;fusion=GPS_IMU
LOCATION,1790414381624,29.6327283,52.4803233,107.000,true,3.65,0.000,source=fused:fused;speedReason=OK;derived=0.00;locationGapMs=1021;callbackGapMs=1021;fusion=GPS_IMU
LOCATION,1790414382617,29.6327283,52.4803233,,false,3.62,0.000,source=fused:fused;speedReason=OK;derived=0.00;locationGapMs=998;callbackGapMs=998;fusion=GPS_IMU
LOCATION,1790414383679,29.6327283,52.4803233,,false,3.62,0.000,source=fused:fused;speedReason=OK;derived=0.00;locationGapMs=1062;callbackGapMs=1062;fusion=GPS_IMU
LOCATION,1790414384617,29.6327283,52.4803233,,false,3.60,0.000,source=fused:fused;speedReason=OK;derived=0.00;locationGapMs=938;callbackGapMs=938;fusion=GPS_IMU
LOCATION,1790414385620,29.6327283,52.4803233,,false,3.60,0.000,source=fused:fused;speedReason=OK;derived=0.00;locationGapMs=1003;callbackGapMs=1003;fusion=GPS_IMU
LOCATION,1790414386601,29.6327283,52.4803233,,false,3.60,0.000,source=fused:fused;speedReason=OK;derived=0.00;locationGapMs=981;callbackGapMs=981;fusion=GPS_IMU
LOCATION_ONLY,1790414387182,29.6327283,52.4803233,,false,7.29,0.000,source=fused:fused;speedReason=NO_SPEED;derived=0.00;locationGapMs=581;callbackGapMs=581;fusion=GPS_IMU
LOCATION,1790414387614,29.6327283,52.4803233,,false,6.76,0.000,source=fused:fused;speedReason=OK;derived=0.00;locationGapMs=432;callbackGapMs=432;fusion=GPS_IMU
LOCATION,1790414388621,29.6327283,52.4803233,,false,7.29,0.000,source=fused:fused;speedReason=OK;derived=0.00;locationGapMs=1007;callbackGapMs=1007;fusion=GPS_IMU
LOCATION,1790414389614,29.6327150,52.4802967,,false,6.75,0.000,source=fused:fused;speedReason=OK;derived=0.00;locationGapMs=993;callbackGapMs=993;fusion=GPS_IMU
LOCATION,1790414390611,29.6326967,52.4802983,154.000,true,6.73,0.068,source=fused:fused;speedReason=OK;derived=7.37;locationGapMs=994;callbackGapMs=994;fusion=GPS_IMU
LOCATION,1790414391638,29.6326817,52.4803067,149.000,true,7.22,0.938,source=fused:fused;speedReason=OK;derived=7.37;locationGapMs=1024;callbackGapMs=1024;fusion=GPS_IMU
LOCATION,1790414392624,29.6326667,52.4803150,149.000,true,3.48,1.760,source=fused:fused;speedReason=OK;derived=6.73;locationGapMs=988;callbackGapMs=988;fusion=GPS_IMU
LOCATION,1790414393641,29.6326483,52.4803167,161.000,true,3.42,2.389,source=fused:fused;speedReason=OK;derived=6.73;locationGapMs=1013;callbackGapMs=1013;fusion=GPS_IMU
LOCATION,1790414394693,29.6326450,52.4803133,161.000,true,3.38,2.927,source=fused:fused;speedReason=OK;derived=6.73;locationGapMs=1051;callbackGapMs=1051;fusion=GPS_IMU
LOCATION,1790414395622,29.6326450,52.4803083,161.000,true,3.32,3.082,source=fused:fused;speedReason=OK;derived=1.86;locationGapMs=935;callbackGapMs=935;fusion=GPS_IMU
LOCATION,1790414396635,29.6326467,52.4803100,161.000,true,3.30,0.000,source=fused:fused;speedReason=OK;derived=1.69;locationGapMs=1013;callbackGapMs=1013;fusion=GPS_IMU
LOCATION,1790414397619,29.6326500,52.4803117,161.000,true,3.30,0.000,source=fused:fused;speedReason=OK;derived=1.47;locationGapMs=984;callbackGapMs=984;fusion=GPS_IMU
LOCATION_ONLY,1790414398280,29.6326500,52.4803117,161.000,true,7.47,0.000,source=fused:fused;speedReason=NO_SPEED;derived=0.89;locationGapMs=656;callbackGapMs=656;fusion=GPS_IMU
LOCATION,1790414399629,29.6326283,52.4803233,147.000,true,6.86,0.000,source=fused:fused;speedReason=OK;derived=1.47;locationGapMs=1353;callbackGapMs=1353;fusion=GPS_IMU
LOCATION,1790414400642,29.6326117,52.4803350,146.000,true,7.45,0.885,source=fused:fused;speedReason=OK;derived=7.06;locationGapMs=1012;callbackGapMs=1012;fusion=GPS_IMU
LOCATION,1790414401628,29.6325933,52.4803483,148.000,true,7.43,1.743,source=fused:fused;speedReason=OK;derived=7.69;locationGapMs=985;callbackGapMs=985;fusion=GPS_IMU
LOCATION,1790414402636,29.6325767,52.4803633,150.000,true,7.42,2.388,source=fused:fused;speedReason=OK;derived=8.38;locationGapMs=1007;callbackGapMs=1007;fusion=GPS_IMU
LOCATION,1790414403625,29.6325617,52.4803817,146.000,true,3.18,3.025,source=fused:fused;speedReason=OK;derived=8.82;locationGapMs=992;callbackGapMs=992;fusion=GPS_IMU
LOCATION,1790414404624,29.6325467,52.4803817,159.000,true,3.17,3.379,source=fused:fused;speedReason=OK;derived=8.38;locationGapMs=999;callbackGapMs=999;fusion=GPS_IMU
LOCATION,1790414405689,29.6325250,52.4803950,146.000,true,3.15,3.722,source=fused:fused;speedReason=OK;derived=8.84;locationGapMs=1065;callbackGapMs=1065;fusion=GPS_IMU
LOCATION,1790414406632,29.6325000,52.4804083,156.000,true,3.12,4.017,source=fused:fused;speedReason=OK;derived=9.22;locationGapMs=942;callbackGapMs=942;fusion=GPS_IMU
LOCATION,1790414407624,29.6324783,52.4804317,140.000,true,3.12,4.315,source=fused:fused;speedReason=OK;derived=11.68;locationGapMs=994;callbackGapMs=994;fusion=GPS_IMU
LOCATION,1790414408628,29.6324683,52.4804483,139.000,true,3.12,4.614,source=fused:fused;speedReason=OK;derived=11.68;locationGapMs=1003;callbackGapMs=1003;fusion=GPS_IMU
LOCATION,1790414409613,29.6324633,52.4804500,130.000,true,3.13,4.895,source=fused:fused;speedReason=OK;derived=7.01;locationGapMs=986;callbackGapMs=986;fusion=GPS_IMU
LOCATION,1790414410626,29.6324567,52.4804550,133.000,true,3.16,4.992,source=fused:fused;speedReason=OK;derived=3.12;locationGapMs=1012;callbackGapMs=1012;fusion=GPS_IMU
LOCATION,1790414411681,29.6324567,52.4804600,133.000,true,3.17,5.057,source=fused:fused;speedReason=OK;derived=2.11;locationGapMs=1056;callbackGapMs=1056;fusion=GPS_IMU
LOCATION,1790414412629,29.6324500,52.4804633,133.000,true,3.20,5.051,source=fused:fused;speedReason=OK;derived=3.07;locationGapMs=948;callbackGapMs=948;fusion=GPS_IMU
LOCATION,1790414413614,29.6324433,52.4804683,133.000,true,3.20,5.007,source=fused:fused;speedReason=OK;derived=3.07;locationGapMs=985;callbackGapMs=985;fusion=GPS_IMU
LOCATION,1790414414617,29.6324400,52.4804667,133.000,true,3.20,4.970,source=fused:fused;speedReason=OK;derived=3.07;locationGapMs=1003;callbackGapMs=1003;fusion=GPS_IMU
LOCATION_ONLY,1790414415092,29.6324400,52.4804667,133.000,true,6.24,0.000,source=fused:fused;speedReason=NO_SPEED;derived=1.43;locationGapMs=474;callbackGapMs=474;fusion=GPS_IMU
LOCATION,1790414415609,29.6324383,52.4804567,133.000,true,5.80,0.000,source=fused:fused;speedReason=OK;derived=1.43;locationGapMs=518;callbackGapMs=518;fusion=GPS_IMU
LOCATION,1790414416620,29.6324367,52.4804517,133.000,true,5.80,0.000,source=fused:fused;speedReason=OK;derived=1.84;locationGapMs=1011;callbackGapMs=1011;fusion=GPS_IMU
LOCATION,1790414417665,29.6324367,52.4804517,133.000,true,5.80,0.000,source=fused:fused;speedReason=OK;derived=1.84;locationGapMs=1041;callbackGapMs=1041;fusion=GPS_IMU
LOCATION,1790414418627,29.6324367,52.4804517,,false,6.24,0.000,source=fused:fused;speedReason=OK;derived=0.00;locationGapMs=969;callbackGapMs=969;fusion=GPS_IMU
LOCATION,1790414419624,29.6324367,52.4804517,,false,6.24,0.000,source=fused:fused;speedReason=OK;derived=0.00;locationGapMs=997;callbackGapMs=997;fusion=GPS_IMU
LOCATION,1790414420621,29.6324367,52.4804517,,false,3.20,0.000,source=fused:fused;speedReason=OK;derived=0.00;locationGapMs=997;callbackGapMs=997;fusion=GPS_IMU
LOCATION,1790414421619,29.6324367,52.4804517,,false,3.20,0.000,source=fused:fused;speedReason=OK;derived=0.00;locationGapMs=998;callbackGapMs=998;fusion=GPS_IMU
LOCATION,1790414422622,29.6324367,52.4804517,,false,3.22,0.000,source=fused:fused;speedReason=OK;derived=0.00;locationGapMs=1003;callbackGapMs=1003;fusion=GPS_IMU
LOCATION,1790414423679,29.6324367,52.4804517,,false,3.23,0.000,source=fused:fused;speedReason=OK;derived=0.00;locationGapMs=1057;callbackGapMs=1057;fusion=GPS_IMU
LOCATION,1790414424630,29.6324367,52.4804517,,false,3.26,0.000,source=fused:fused;speedReason=OK;derived=0.00;locationGapMs=951;callbackGapMs=951;fusion=GPS_IMU
LOCATION,1790414425624,29.6324367,52.4804517,,false,3.28,0.000,source=fused:fused;speedReason=OK;derived=0.00;locationGapMs=994;callbackGapMs=994;fusion=GPS_IMU
LOCATION,1790414426618,29.6324367,52.4804517,,false,3.28,0.000,source=fused:fused;speedReason=OK;derived=0.00;locationGapMs=994;callbackGapMs=994;fusion=GPS_IMU
LOCATION,1790414427617,29.6324367,52.4804517,,false,3.30,0.000,source=fused:fused;speedReason=OK;derived=0.00;locationGapMs=999;callbackGapMs=999;fusion=GPS_IMU
LOCATION,1790414428630,29.6324367,52.4804517,,false,3.32,0.000,source=fused:fused;speedReason=OK;derived=0.00;locationGapMs=1013;callbackGapMs=1013;fusion=GPS_IMU
LOCATION,1790414429692,29.6324367,52.4804517,,false,3.33,0.000,source=fused:fused;speedReason=OK;derived=0.00;locationGapMs=1062;callbackGapMs=1062;fusion=GPS_IMU
LOCATION,1790414430628,29.6324367,52.4804517,,false,3.35,0.000,source=fused:fused;speedReason=OK;derived=0.00;locationGapMs=936;callbackGapMs=936;fusion=GPS_IMU
LOCATION,1790414431614,29.6324367,52.4804517,,false,3.37,0.000,source=fused:fused;speedReason=OK;derived=0.00;locationGapMs=986;callbackGapMs=986;fusion=GPS_IMU
LOCATION,1790414432613,29.6324367,52.4804517,,false,3.38,0.000,source=fused:fused;speedReason=OK;derived=0.00;locationGapMs=998;callbackGapMs=998;fusion=GPS_IMU
LOCATION,1790414433628,29.6324367,52.4804517,,false,3.40,0.000,source=fused:fused;speedReason=OK;derived=0.00;locationGapMs=1016;callbackGapMs=1016;fusion=GPS_IMU
LOCATION,1790414434627,29.6324367,52.4804517,,false,3.40,0.000,source=fused:fused;speedReason=OK;derived=0.00;locationGapMs=999;callbackGapMs=999;fusion=GPS_IMU
LOCATION,1790414435687,29.6324367,52.4804517,,false,3.40,0.000,source=fused:fused;speedReason=OK;derived=0.00;locationGapMs=1060;callbackGapMs=1060;fusion=GPS_IMU
LOCATION,1790414436629,29.6324367,52.4804517,,false,3.40,0.000,source=fused:fused;speedReason=OK;derived=0.00;locationGapMs=942;callbackGapMs=942;fusion=GPS_IMU
LOCATION,1790414437631,29.6324367,52.4804517,,false,3.40,0.000,source=fused:fused;speedReason=OK;derived=0.00;locationGapMs=1001;callbackGapMs=1001;fusion=GPS_IMU
LOCATION,1790414438617,29.6324367,52.4804517,,false,3.40,0.000,source=fused:fused;speedReason=OK;derived=0.00;locationGapMs=987;callbackGapMs=987;fusion=GPS_IMU
LOCATION,1790414439615,29.6324367,52.4804517,,false,3.38,0.000,source=fused:fused;speedReason=OK;derived=0.00;locationGapMs=998;callbackGapMs=998;fusion=GPS_IMU
LOCATION,1790414440634,29.6324367,52.4804517,,false,3.36,0.000,source=fused:fused;speedReason=OK;derived=0.00;locationGapMs=1019;callbackGapMs=1019;fusion=GPS_IMU
LOCATION,1790414441633,29.6324367,52.4804517,,false,3.34,0.000,source=fused:fused;speedReason=OK;derived=0.00;locationGapMs=999;callbackGapMs=999;fusion=GPS_IMU
LOCATION,1790414442633,29.6324367,52.4804517,,false,3.33,0.000,source=fused:fused;speedReason=OK;derived=0.00;locationGapMs=995;callbackGapMs=995;fusion=GPS_IMU
LOCATION,1790414443632,29.6324367,52.4804517,,false,3.30,0.000,source=fused:fused;speedReason=OK;derived=0.00;locationGapMs=1004;callbackGapMs=1004;fusion=GPS_IMU
LOCATION,1790414444629,29.6324367,52.4804517,,false,3.30,0.000,source=fused:fused;speedReason=OK;derived=0.00;locationGapMs=997;callbackGapMs=997;fusion=GPS_IMU
LOCATION,1790414445628,29.6324367,52.4804517,,false,3.30,0.000,source=fused:fused;speedReason=OK;derived=0.00;locationGapMs=999;callbackGapMs=999;fusion=GPS_IMU
LOCATION,1790414446688,29.6324367,52.4804517,,false,3.30,0.000,source=fused:fused;speedReason=OK;derived=0.00;locationGapMs=1060;callbackGapMs=1060;fusion=GPS_IMU
LOCATION,1790414447626,29.6324367,52.4804517,,false,3.30,0.000,source=fused:fused;speedReason=OK;derived=0.00;locationGapMs=938;callbackGapMs=938;fusion=GPS_IMU
LOCATION,1790414448627,29.6324367,52.4804517,,false,3.30,0.000,source=fused:fused;speedReason=OK;derived=0.00;locationGapMs=1000;callbackGapMs=1000;fusion=GPS_IMU
LOCATION,1790414449628,29.6324367,52.4804517,,false,3.30,0.000,source=fused:fused;speedReason=OK;derived=0.00;locationGapMs=1002;callbackGapMs=1002;fusion=GPS_IMU
LOCATION,1790414450614,29.6324367,52.4804517,,false,3.30,0.000,source=fused:fused;speedReason=OK;derived=0.00;locationGapMs=986;callbackGapMs=986;fusion=GPS_IMU
LOCATION,1790414451623,29.6324367,52.4804517,,false,3.30,0.000,source=fused:fused;speedReason=OK;derived=0.00;locationGapMs=1009;callbackGapMs=1009;fusion=GPS_IMU
LOCATION,1790414452622,29.6324367,52.4804517,,false,3.30,0.000,source=fused:fused;speedReason=OK;derived=0.00;locationGapMs=999;callbackGapMs=999;fusion=GPS_IMU
LOCATION,1790414453639,29.6324367,52.4804517,,false,3.30,0.000,source=fused:fused;speedReason=OK;derived=0.00;locationGapMs=1016;callbackGapMs=1016;fusion=GPS_IMU
LOCATION,1790414454629,29.6324367,52.4804517,,false,3.30,0.000,source=fused:fused;speedReason=OK;derived=0.00;locationGapMs=991;callbackGapMs=991;fusion=GPS_IMU
LOCATION,1790414455627,29.6324367,52.4804517,,false,3.30,0.000,source=fused:fused;speedReason=OK;derived=0.00;locationGapMs=998;callbackGapMs=998;fusion=GPS_IMU
LOCATION,1790414456629,29.6324367,52.4804517,,false,3.30,0.000,source=fused:fused;speedReason=OK;derived=0.00;locationGapMs=1002;callbackGapMs=1002;fusion=GPS_IMU
LOCATION,1790414457688,29.6324367,52.4804517,,false,3.30,0.000,source=fused:fused;speedReason=OK;derived=0.00;locationGapMs=1059;callbackGapMs=1059;fusion=GPS_IMU
LOCATION,1790414458607,29.6324367,52.4804517,,false,3.30,0.000,source=fused:fused;speedReason=OK;derived=0.00;locationGapMs=919;callbackGapMs=919;fusion=GPS_IMU
LOCATION,1790414459617,29.6324367,52.4804517,,false,3.30,0.000,source=fused:fused;speedReason=OK;derived=0.00;locationGapMs=1010;callbackGapMs=1010;fusion=GPS_IMU
LOCATION,1790414460629,29.6324367,52.4804517,,false,3.30,0.000,source=fused:fused;speedReason=OK;derived=0.00;locationGapMs=1012;callbackGapMs=1012;fusion=GPS_IMU
LOCATION,1790414461631,29.6324367,52.4804517,,false,2.95,0.000,source=fused:fused;speedReason=OK;derived=0.00;locationGapMs=1002;callbackGapMs=1002;fusion=GPS_IMU
LOCATION,1790414462635,29.6324367,52.4804517,,false,2.63,0.000,source=fused:fused;speedReason=OK;derived=0.00;locationGapMs=1004;callbackGapMs=1004;fusion=GPS_IMU
LOCATION,1790414463629,29.6324367,52.4804517,,false,2.16,0.000,source=fused:fused;speedReason=OK;derived=0.00;locationGapMs=994;callbackGapMs=994;fusion=GPS_IMU
LOCATION,1790414464650,29.6324367,52.4804517,,false,1.86,0.000,source=fused:fused;speedReason=OK;derived=0.00;locationGapMs=1021;callbackGapMs=1021;fusion=GPS_IMU
LOCATION,1790414465629,29.6324367,52.4804517,,false,1.88,0.000,source=fused:fused;speedReason=OK;derived=0.00;locationGapMs=979;callbackGapMs=979;fusion=GPS_IMU
LOCATION,1790414466628,29.6324367,52.4804517,,false,1.80,0.000,source=fused:fused;speedReason=OK;derived=0.00;locationGapMs=999;callbackGapMs=999;fusion=GPS_IMU
LOCATION,1790414467636,29.6324367,52.4804517,,false,1.88,0.000,source=fused:fused;speedReason=OK;derived=0.00;locationGapMs=1008;callbackGapMs=1008;fusion=GPS_IMU
LOCATION,1790414468688,29.6324367,52.4804517,,false,2.16,0.000,source=fused:fused;speedReason=OK;derived=0.00;locationGapMs=1052;callbackGapMs=1052;fusion=GPS_IMU
LOCATION,1790414469627,29.6324367,52.4804517,,false,2.23,0.000,source=fused:fused;speedReason=OK;derived=0.00;locationGapMs=939;callbackGapMs=939;fusion=GPS_IMU
LOCATION,1790414470628,29.6324367,52.4804517,,false,2.46,0.000,source=fused:fused;speedReason=OK;derived=0.00;locationGapMs=1001;callbackGapMs=1001;fusion=GPS_IMU
LOCATION,1790414471622,29.6324367,52.4804517,,false,2.52,0.000,source=fused:fused;speedReason=OK;derived=0.00;locationGapMs=994;callbackGapMs=994;fusion=GPS_IMU
LOCATION,1790414472625,29.6324150,52.4804917,,false,2.63,0.000,source=fused:fused;speedReason=OK;derived=0.00;locationGapMs=1003;callbackGapMs=1003;fusion=GPS_IMU
LOCATION,1790414473630,29.6324167,52.4804833,,false,4.81,0.000,source=fused:fused;speedReason=OK;derived=2.99;locationGapMs=1005;callbackGapMs=1005;fusion=GPS_IMU
LOCATION,1790414474676,29.6324133,52.4804767,,false,5.24,0.000,source=fused:fused;speedReason=OK;derived=2.99;locationGapMs=1046;callbackGapMs=1046;fusion=GPS_IMU
LOCATION,1790414475629,29.6324117,52.4804733,,false,4.92,0.000,source=fused:fused;speedReason=OK;derived=2.55;locationGapMs=953;callbackGapMs=953;fusion=GPS_IMU
LOCATION,1790414476629,29.6324083,52.4804700,,false,5.34,0.000,source=fused:fused;speedReason=OK;derived=1.78;locationGapMs=1000;callbackGapMs=1000;fusion=GPS_IMU
LOCATION,1790414477611,29.6324083,52.4804700,,false,5.02,0.000,source=fused:fused;speedReason=OK;derived=1.41;locationGapMs=982;callbackGapMs=982;fusion=GPS_IMU
LOCATION,1790414478625,29.6324083,52.4804700,,false,3.03,0.000,source=fused:fused;speedReason=OK;derived=0.00;locationGapMs=1014;callbackGapMs=1014;fusion=GPS_IMU
LOCATION,1790414479630,29.6324083,52.4804700,,false,3.08,0.000,source=fused:fused;speedReason=OK;derived=0.00;locationGapMs=1005;callbackGapMs=1005;fusion=GPS_IMU
LOCATION,1790414480697,29.6324083,52.4804700,,false,3.18,0.000,source=fused:fused;speedReason=OK;derived=0.00;locationGapMs=1067;callbackGapMs=1067;fusion=GPS_IMU
LOCATION,1790414481632,29.6324083,52.4804700,,false,3.20,0.000,source=fused:fused;speedReason=OK;derived=0.00;locationGapMs=935;callbackGapMs=935;fusion=GPS_IMU
LOCATION,1790414482634,29.6324083,52.4804700,,false,3.26,0.000,source=fused:fused;speedReason=OK;derived=0.00;locationGapMs=1002;callbackGapMs=1002;fusion=GPS_IMU
LOCATION,1790414483629,29.6324083,52.4804700,,false,3.30,0.000,source=fused:fused;speedReason=OK;derived=0.00;locationGapMs=995;callbackGapMs=995;fusion=GPS_IMU
LOCATION,1790414484625,29.6324083,52.4804700,,false,3.32,0.000,source=fused:fused;speedReason=OK;derived=0.00;locationGapMs=996;callbackGapMs=996;fusion=GPS_IMU
LOCATION,1790414485612,29.6324083,52.4804700,,false,3.35,0.000,source=fused:fused;speedReason=OK;derived=0.00;locationGapMs=987;callbackGapMs=987;fusion=GPS_IMU
LOCATION_ONLY,1790414486378,29.6324083,52.4804700,,false,8.37,0.000,source=fused:fused;speedReason=NO_SPEED;derived=0.00;locationGapMs=766;callbackGapMs=766;fusion=GPS_IMU
LOCATION,1790414487630,29.6324083,52.4804700,,false,7.69,0.000,source=fused:fused;speedReason=OK;derived=0.00;locationGapMs=1252;callbackGapMs=1252;fusion=GPS_IMU
LOCATION,1790414488627,29.6324083,52.4804700,,false,7.72,0.000,source=fused:fused;speedReason=OK;derived=0.00;locationGapMs=997;callbackGapMs=997;fusion=GPS_IMU
LOCATION,1790414489635,29.6324083,52.4804700,,false,8.47,0.000,source=fused:fused;speedReason=OK;derived=0.00;locationGapMs=1008;callbackGapMs=1008;fusion=GPS_IMU
LOCATION,1790414490628,29.6324083,52.4804700,,false,8.52,0.000,source=fused:fused;speedReason=OK;derived=0.00;locationGapMs=993;callbackGapMs=993;fusion=GPS_IMU
LOCATION,1790414491611,29.6324083,52.4804700,,false,3.58,0.000,source=fused:fused;speedReason=OK;derived=0.00;locationGapMs=983;callbackGapMs=983;fusion=GPS_IMU
LOCATION,1790414492626,29.6324083,52.4804700,,false,3.65,0.000,source=fused:fused;speedReason=OK;derived=0.00;locationGapMs=1015;callbackGapMs=1015;fusion=GPS_IMU
LOCATION,1790414493616,29.6324083,52.4804700,,false,6.00,0.000,source=fused:fused;speedReason=OK;derived=0.00;locationGapMs=990;callbackGapMs=990;fusion=GPS_IMU
LOCATION,1790414494627,29.6324083,52.4804700,,false,6.06,0.000,source=fused:fused;speedReason=OK;derived=0.00;locationGapMs=1011;callbackGapMs=1011;fusion=GPS_IMU
LOCATION,1790414495625,29.6324083,52.4804700,,false,6.10,0.000,source=fused:fused;speedReason=OK;derived=0.00;locationGapMs=998;callbackGapMs=998;fusion=GPS_IMU
LOCATION,1790414496674,29.6324083,52.4804700,,false,6.53,0.000,source=fused:fused;speedReason=OK;derived=0.00;locationGapMs=1049;callbackGapMs=1049;fusion=GPS_IMU
LOCATION,1790414497609,29.6324083,52.4804700,,false,6.17,0.000,source=fused:fused;speedReason=OK;derived=0.00;locationGapMs=935;callbackGapMs=935;fusion=GPS_IMU
LOCATION,1790414498624,29.6324083,52.4804700,,false,3.96,0.000,source=fused:fused;speedReason=OK;derived=0.00;locationGapMs=1015;callbackGapMs=1015;fusion=GPS_IMU
LOCATION,1790414499648,29.6324083,52.4804700,,false,3.97,0.000,source=fused:fused;speedReason=OK;derived=0.00;locationGapMs=1024;callbackGapMs=1024;fusion=GPS_IMU
LOCATION,1790414500636,29.6324083,52.4804700,,false,4.00,0.000,source=fused:fused;speedReason=OK;derived=0.00;locationGapMs=988;callbackGapMs=988;fusion=GPS_IMU
LOCATION,1790414501623,29.6324083,52.4804700,,false,4.00,0.000,source=fused:fused;speedReason=OK;derived=0.00;locationGapMs=987;callbackGapMs=987;fusion=GPS_IMU
LOCATION,1790414502623,29.6324083,52.4804700,,false,4.00,0.000,source=fused:fused;speedReason=OK;derived=0.00;locationGapMs=1000;callbackGapMs=1000;fusion=GPS_IMU
LOCATION,1790414503628,29.6324083,52.4804700,,false,4.00,0.000,source=fused:fused;speedReason=OK;derived=0.00;locationGapMs=1005;callbackGapMs=1005;fusion=GPS_IMU
LOCATION,1790414504620,29.6324083,52.4804700,,false,4.00,0.000,source=fused:fused;speedReason=OK;derived=0.00;locationGapMs=992;callbackGapMs=992;fusion=GPS_IMU
LOCATION,1790414505619,29.6324083,52.4804700,,false,4.00,0.000,source=fused:fused;speedReason=OK;derived=0.00;locationGapMs=999;callbackGapMs=999;fusion=GPS_IMU
LOCATION,1790414506617,29.6324083,52.4804700,,false,4.02,0.000,source=fused:fused;speedReason=OK;derived=0.00;locationGapMs=998;callbackGapMs=998;fusion=GPS_IMU
LOCATION,1790414507667,29.6324083,52.4804700,,false,4.03,0.000,source=fused:fused;speedReason=OK;derived=0.00;locationGapMs=1050;callbackGapMs=1050;fusion=GPS_IMU
LOCATION,1790414508623,29.6324083,52.4804700,,false,4.07,0.000,source=fused:fused;speedReason=OK;derived=0.00;locationGapMs=956;callbackGapMs=956;fusion=GPS_IMU
LOCATION,1790414509627,29.6324083,52.4804700,,false,4.12,0.000,source=fused:fused;speedReason=OK;derived=0.00;locationGapMs=1004;callbackGapMs=1004;fusion=GPS_IMU
LOCATION,1790414510623,29.6324083,52.4804700,,false,4.18,0.000,source=fused:fused;speedReason=OK;derived=0.00;locationGapMs=996;callbackGapMs=996;fusion=GPS_IMU
LOCATION,1790414511622,29.6324083,52.4804700,,false,4.22,0.000,source=fused:fused;speedReason=OK;derived=0.00;locationGapMs=999;callbackGapMs=999;fusion=GPS_IMU
LOCATION,1790414512629,29.6324083,52.4804700,,false,4.28,0.000,source=fused:fused;speedReason=OK;derived=0.00;locationGapMs=1007;callbackGapMs=1007;fusion=GPS_IMU
LOCATION,1790414513696,29.6324083,52.4804700,,false,4.32,0.000,source=fused:fused;speedReason=OK;derived=0.00;locationGapMs=1067;callbackGapMs=1067;fusion=GPS_IMU
LOCATION,1790414514631,29.6324083,52.4804700,,false,4.36,0.000,source=fused:fused;speedReason=OK;derived=0.00;locationGapMs=935;callbackGapMs=935;fusion=GPS_IMU
LOCATION,1790414515621,29.6324083,52.4804700,,false,4.35,0.000,source=fused:fused;speedReason=OK;derived=0.00;locationGapMs=990;callbackGapMs=990;fusion=GPS_IMU
LOCATION,1790414516621,29.6324083,52.4804700,,false,4.37,0.000,source=fused:fused;speedReason=OK;derived=0.00;locationGapMs=1000;callbackGapMs=1000;fusion=GPS_IMU
LOCATION,1790414517613,29.6324083,52.4804700,,false,4.38,0.000,source=fused:fused;speedReason=OK;derived=0.00;locationGapMs=992;callbackGapMs=992;fusion=GPS_IMU
LOCATION,1790414518623,29.6324083,52.4804700,,false,4.37,0.000,source=fused:fused;speedReason=OK;derived=0.00;locationGapMs=1010;callbackGapMs=1010;fusion=GPS_IMU
LOCATION,1790414519709,29.6324083,52.4804700,,false,4.35,0.000,source=fused:fused;speedReason=OK;derived=0.00;locationGapMs=1086;callbackGapMs=1086;fusion=GPS_IMU
LOCATION,1790414520630,29.6324083,52.4804700,,false,4.34,0.000,source=fused:fused;speedReason=OK;derived=0.00;locationGapMs=921;callbackGapMs=921;fusion=GPS_IMU
LOCATION,1790414521625,29.6324083,52.4804700,,false,4.32,0.000,source=fused:fused;speedReason=OK;derived=0.00;locationGapMs=995;callbackGapMs=995;fusion=GPS_IMU
LOCATION,1790414522631,29.6324083,52.4804700,,false,4.28,0.000,source=fused:fused;speedReason=OK;derived=0.00;locationGapMs=1006;callbackGapMs=1006;fusion=GPS_IMU
LOCATION,1790414523626,29.6324083,52.4804700,,false,4.26,0.000,source=fused:fused;speedReason=OK;derived=0.00;locationGapMs=995;callbackGapMs=995;fusion=GPS_IMU
LOCATION,1790414524625,29.6324083,52.4804700,,false,4.24,0.000,source=fused:fused;speedReason=OK;derived=0.00;locationGapMs=999;callbackGapMs=999;fusion=GPS_IMU
LOCATION,1790414525699,29.6324083,52.4804700,,false,4.20,0.000,source=fused:fused;speedReason=OK;derived=0.00;locationGapMs=1074;callbackGapMs=1074;fusion=GPS_IMU
LOCATION,1790414526648,29.6324083,52.4804700,,false,4.16,0.000,source=fused:fused;speedReason=OK;derived=0.00;locationGapMs=949;callbackGapMs=949;fusion=GPS_IMU
LOCATION_ONLY,1790414527518,29.6324083,52.4804700,,false,8.38,0.000,source=fused:fused;speedReason=NO_SPEED;derived=0.00;locationGapMs=870;callbackGapMs=870;fusion=GPS_IMU
LOCATION,1790414528627,29.6324083,52.4804700,,false,8.35,0.000,source=fused:fused;speedReason=OK;derived=0.00;locationGapMs=1109;callbackGapMs=1109;fusion=GPS_IMU
LOCATION,1790414529628,29.6324083,52.4804700,,false,8.31,0.000,source=fused:fused;speedReason=OK;derived=0.00;locationGapMs=1001;callbackGapMs=1001;fusion=GPS_IMU
LOCATION,1790414530613,29.6324083,52.4804700,,false,7.70,0.000,source=fused:fused;speedReason=OK;derived=0.00;locationGapMs=985;callbackGapMs=985;fusion=GPS_IMU
LOCATION,1790414531692,29.6324083,52.4804700,,false,7.81,0.000,source=fused:fused;speedReason=OK;derived=0.00;locationGapMs=1079;callbackGapMs=1079;fusion=GPS_IMU
LOCATION,1790414532617,29.6324083,52.4804700,,false,2.88,0.000,source=fused:fused;speedReason=OK;derived=0.00;locationGapMs=925;callbackGapMs=925;fusion=GPS_IMU
LOCATION,1790414533616,29.6324083,52.4804700,,false,2.65,0.000,source=fused:fused;speedReason=OK;derived=0.00;locationGapMs=999;callbackGapMs=999;fusion=GPS_IMU
LOCATION,1790414534612,29.6324083,52.4804700,,false,2.25,0.000,source=fused:fused;speedReason=OK;derived=0.00;locationGapMs=996;callbackGapMs=996;fusion=GPS_IMU
LOCATION,1790414535622,29.6324083,52.4804700,,false,1.48,0.000,source=fused:fused;speedReason=OK;derived=0.00;locationGapMs=1010;callbackGapMs=1010;fusion=GPS_IMU
LOCATION,1790414536615,29.6324200,52.4804967,,false,1.58,0.000,source=fused:fused;speedReason=OK;derived=0.00;locationGapMs=993;callbackGapMs=993;fusion=GPS_IMU
LOCATION,1790414537625,29.6324217,52.4804883,,false,1.88,0.000,source=fused:fused;speedReason=OK;derived=2.98;locationGapMs=1010;callbackGapMs=1010;fusion=GPS_IMU
LOCATION,1790414538622,29.6324250,52.4804800,,false,2.06,0.000,source=fused:fused;speedReason=OK;derived=3.19;locationGapMs=997;callbackGapMs=997;fusion=GPS_IMU
LOCATION,1790414539626,29.6324217,52.4804733,,false,2.20,0.000,source=fused:fused;speedReason=OK;derived=2.98;locationGapMs=1004;callbackGapMs=1004;fusion=GPS_IMU
LOCATION,1790414540624,29.6324217,52.4804733,,false,2.32,0.000,source=fused:fused;speedReason=OK;derived=2.67;locationGapMs=998;callbackGapMs=998;fusion=GPS_IMU
LOCATION,1790414541629,29.6324217,52.4804733,,false,2.42,0.000,source=fused:fused;speedReason=OK;derived=0.00;locationGapMs=1005;callbackGapMs=1005;fusion=GPS_IMU
LOCATION,1790414542612,29.6324217,52.4804733,,false,2.47,0.000,source=fused:fused;speedReason=OK;derived=0.00;locationGapMs=983;callbackGapMs=983;fusion=GPS_IMU
LOCATION,1790414543634,29.6323850,52.4804783,176.000,true,2.58,0.000,source=fused:fused;speedReason=OK;derived=0.00;locationGapMs=1017;callbackGapMs=1017;fusion=GPS_IMU
LOCATION,1790414544640,29.6323483,52.4804817,172.000,true,2.60,1.290,source=fused:fused;speedReason=OK;derived=14.50;locationGapMs=1009;callbackGapMs=1009;fusion=GPS_IMU
LOCATION,1790414545630,29.6323067,52.4804900,173.000,true,2.68,2.516,source=fused:fused;speedReason=OK;derived=14.56;locationGapMs=988;callbackGapMs=988;fusion=GPS_IMU
LOCATION,1790414546624,29.6322683,52.4805000,167.000,true,2.68,3.557,source=fused:fused;speedReason=OK;derived=15.81;locationGapMs=994;callbackGapMs=994;fusion=GPS_IMU
LOCATION,1790414547631,29.6322283,52.4805133,163.000,true,2.72,4.557,source=fused:fused;speedReason=OK;derived=16.51;locationGapMs=1007;callbackGapMs=1007;fusion=GPS_IMU
LOCATION,1790414548696,29.6321950,52.4805250,163.000,true,2.73,5.046,source=fused:fused;speedReason=OK;derived=15.81;locationGapMs=1063;callbackGapMs=1063;fusion=GPS_IMU
LOCATION,1790414549625,29.6321650,52.4805200,189.000,true,2.75,5.352,source=fused:fused;speedReason=OK;derived=13.08;locationGapMs=929;callbackGapMs=929;fusion=GPS_IMU
LOCATION,1790414550619,29.6321317,52.4805117,195.000,true,2.78,5.605,source=fused:fused;speedReason=OK;derived=13.08;locationGapMs=997;callbackGapMs=997;fusion=GPS_IMU
LOCATION,1790414551626,29.6320850,52.4804983,194.000,true,2.84,5.917,source=fused:fused;speedReason=OK;derived=13.64;locationGapMs=1006;callbackGapMs=1006;fusion=GPS_IMU
LOCATION,1790414552615,29.6320317,52.4804700,204.000,true,2.87,6.413,source=fused:fused;speedReason=OK;derived=19.10;locationGapMs=990;callbackGapMs=990;fusion=GPS_IMU
LOCATION,1790414553620,29.6319700,52.4804417,203.000,true,2.90,7.122,source=fused:fused;speedReason=OK;derived=23.68;locationGapMs=1005;callbackGapMs=1005;fusion=GPS_IMU
LOCATION,1790414554629,29.6319150,52.4804083,207.000,true,2.96,7.771,source=fused:fused;speedReason=OK;derived=24.65;locationGapMs=1008;callbackGapMs=1008;fusion=GPS_IMU
LOCATION,1790414555631,29.6318550,52.4803750,205.000,true,3.00,8.457,source=fused:fused;speedReason=OK;derived=26.39;locationGapMs=1002;callbackGapMs=1002;fusion=GPS_IMU
LOCATION,1790414556620,29.6317950,52.4803500,201.000,true,3.02,9.061,source=fused:fused;speedReason=OK;derived=25.74;locationGapMs=990;callbackGapMs=990;fusion=GPS_IMU
LOCATION,1790414557624,29.6317267,52.4803233,201.000,true,3.06,9.662,source=fused:fused;speedReason=OK;derived=26.56;locationGapMs=1001;callbackGapMs=1001;fusion=GPS_IMU
LOCATION,1790414558622,29.6316550,52.4803067,195.000,true,3.08,10.293,source=fused:fused;speedReason=OK;derived=28.77;locationGapMs=1001;callbackGapMs=1001;fusion=GPS_IMU
LOCATION,1790414559700,29.6315817,52.4803083,187.000,true,3.10,10.803,source=fused:fused;speedReason=OK;derived=28.77;locationGapMs=1071;callbackGapMs=1071;fusion=GPS_IMU
LOCATION,1790414560620,29.6315167,52.4803017,183.000,true,3.13,11.359,source=fused:fused;speedReason=OK;derived=28.12;locationGapMs=926;callbackGapMs=926;fusion=GPS_IMU
LOCATION,1790414561630,29.6314617,52.4803050,177.000,true,5.86,11.746,source=fused:fused;speedReason=OK;derived=27.32;locationGapMs=1010;callbackGapMs=1010;fusion=GPS_IMU
LOCATION,1790414562629,29.6314133,52.4803150,178.000,true,5.88,11.930,source=fused:fused;speedReason=OK;derived=21.76;locationGapMs=998;callbackGapMs=998;fusion=GPS_IMU
LOCATION,1790414563628,29.6313733,52.4803433,165.000,true,5.90,12.050,source=fused:fused;speedReason=OK;derived=19.67;locationGapMs=1000;callbackGapMs=1000;fusion=GPS_IMU
LOCATION,1790414564634,29.6313317,52.4803833,149.000,true,5.90,12.162,source=fused:fused;speedReason=OK;derived=19.67;locationGapMs=1005;callbackGapMs=1005;fusion=GPS_IMU
LOCATION,1790414565690,29.6313117,52.4804300,132.000,true,5.90,12.250,source=fused:fused;speedReason=OK;derived=18.76;locationGapMs=1055;callbackGapMs=1055;fusion=GPS_IMU
LOCATION,1790414566629,29.6313017,52.4804600,125.000,true,3.20,12.271,source=fused:fused;speedReason=OK;derived=17.19;locationGapMs=938;callbackGapMs=938;fusion=GPS_IMU
LOCATION,1790414567634,29.6312983,52.4804883,101.000,true,3.20,12.197,source=fused:fused;speedReason=OK;derived=11.93;locationGapMs=1007;callbackGapMs=1007;fusion=GPS_IMU
LOCATION,1790414568631,29.6312950,52.4805133,102.000,true,3.20,12.073,source=fused:fused;speedReason=OK;derived=9.89;locationGapMs=996;callbackGapMs=996;fusion=GPS_IMU
LOCATION,1790414569631,29.6312783,52.4805400,102.000,true,3.20,11.904,source=fused:fused;speedReason=OK;derived=9.89;locationGapMs=1001;callbackGapMs=1001;fusion=GPS_IMU
LOCATION,1790414570632,29.6312600,52.4805600,102.000,true,3.20,11.707,source=fused:fused;speedReason=OK;derived=10.09;locationGapMs=1001;callbackGapMs=1001;fusion=GPS_IMU
LOCATION,1790414571644,29.6312483,52.4805783,102.000,true,3.18,11.500,source=fused:fused;speedReason=OK;derived=10.09;locationGapMs=1013;callbackGapMs=1013;fusion=GPS_IMU
LOCATION,1790414572633,29.6312433,52.4805783,102.000,true,3.18,0.000,source=fused:fused;speedReason=OK;derived=7.80;locationGapMs=988;callbackGapMs=988;fusion=GPS_IMU
LOCATION,1790414573645,29.6312383,52.4805817,102.000,true,3.18,0.000,source=fused:fused;speedReason=OK;derived=2.29;locationGapMs=1014;callbackGapMs=1014;fusion=GPS_IMU
LOCATION,1790414574629,29.6312383,52.4805817,102.000,true,3.20,0.000,source=fused:fused;speedReason=OK;derived=2.02;locationGapMs=982;callbackGapMs=982;fusion=GPS_IMU
LOCATION,1790414575621,29.6312267,52.4806033,102.000,true,3.20,0.000,source=fused:fused;speedReason=OK;derived=2.29;locationGapMs=993;callbackGapMs=993;fusion=GPS_IMU
LOCATION,1790414576687,29.6312267,52.4806100,,false,3.22,0.000,source=fused:fused;speedReason=OK;derived=2.18;locationGapMs=1070;callbackGapMs=1070;fusion=GPS_IMU
LOCATION,1790414577625,29.6312283,52.4806150,,false,3.22,0.000,source=fused:fused;speedReason=OK;derived=2.18;locationGapMs=938;callbackGapMs=938;fusion=GPS_IMU
LOCATION,1790414578612,29.6312283,52.4806117,,false,3.22,0.000,source=fused:fused;speedReason=OK;derived=1.98;locationGapMs=987;callbackGapMs=987;fusion=GPS_IMU
LOCATION,1790414579617,29.6312283,52.4806117,,false,3.23,0.000,source=fused:fused;speedReason=OK;derived=1.17;locationGapMs=1004;callbackGapMs=1004;fusion=GPS_IMU
LOCATION,1790414580625,29.6312283,52.4806117,,false,3.24,0.000,source=fused:fused;speedReason=OK;derived=0.00;locationGapMs=1009;callbackGapMs=1009;fusion=GPS_IMU
LOCATION,1790414581616,29.6312283,52.4806117,,false,3.25,0.000,source=fused:fused;speedReason=OK;derived=0.00;locationGapMs=991;callbackGapMs=991;fusion=GPS_IMU
LOCATION,1790414582684,29.6312283,52.4806117,,false,3.27,0.000,source=fused:fused;speedReason=OK;derived=0.00;locationGapMs=1068;callbackGapMs=1068;fusion=GPS_IMU
LOCATION,1790414583617,29.6312283,52.4806117,,false,3.28,0.000,source=fused:fused;speedReason=OK;derived=0.00;locationGapMs=933;callbackGapMs=933;fusion=GPS_IMU
LOCATION,1790414584609,29.6312283,52.4806117,,false,3.30,0.000,source=fused:fused;speedReason=OK;derived=0.00;locationGapMs=992;callbackGapMs=992;fusion=GPS_IMU
LOCATION,1790414585628,29.6312283,52.4806117,,false,3.30,0.000,source=fused:fused;speedReason=OK;derived=0.00;locationGapMs=1018;callbackGapMs=1018;fusion=GPS_IMU
LOCATION,1790414586619,29.6312067,52.4806467,,false,3.30,0.000,source=fused:fused;speedReason=OK;derived=0.00;locationGapMs=992;callbackGapMs=992;fusion=GPS_IMU
LOCATION,1790414587628,29.6311933,52.4806750,125.000,true,3.28,0.046,source=fused:fused;speedReason=OK;derived=11.18;locationGapMs=1004;callbackGapMs=1004;fusion=GPS_IMU
LOCATION,1790414588634,29.6311817,52.4807000,120.000,true,3.26,0.774,source=fused:fused;speedReason=OK;derived=11.18;locationGapMs=1007;callbackGapMs=1007;fusion=GPS_IMU
LOCATION,1790414589626,29.6311800,52.4807283,104.000,true,3.24,1.442,source=fused:fused;speedReason=OK;derived=9.96;locationGapMs=993;callbackGapMs=993;fusion=GPS_IMU
LOCATION,1790414590624,29.6311833,52.4807533,87.000,true,3.23,2.087,source=fused:fused;speedReason=OK;derived=9.80;locationGapMs=998;callbackGapMs=998;fusion=GPS_IMU
LOCATION,1790414591622,29.6311733,52.4807867,87.000,true,3.18,2.624,source=fused:fused;speedReason=OK;derived=9.96;locationGapMs=997;callbackGapMs=997;fusion=GPS_IMU
LOCATION,1790414592625,29.6311633,52.4808017,87.000,true,3.17,3.035,source=fused:fused;speedReason=OK;derived=8.83;locationGapMs=1002;callbackGapMs=1002;fusion=GPS_IMU
LOCATION,1790414593700,29.6311583,52.4808083,87.000,true,3.15,3.156,source=fused:fused;speedReason=OK;derived=6.56;locationGapMs=1073;callbackGapMs=1073;fusion=GPS_IMU
LOCATION,1790414594634,29.6311600,52.4808083,87.000,true,3.13,0.000,source=fused:fused;speedReason=OK;derived=2.84;locationGapMs=936;callbackGapMs=936;fusion=GPS_IMU
LOCATION,1790414595625,29.6311617,52.4808067,87.000,true,3.10,0.000,source=fused:fused;speedReason=OK;derived=0.89;locationGapMs=992;callbackGapMs=992;fusion=GPS_IMU
LOCATION,1790414596621,29.6311617,52.4808067,87.000,true,3.12,0.000,source=fused:fused;speedReason=OK;derived=0.72;locationGapMs=996;callbackGapMs=996;fusion=GPS_IMU
LOCATION,1790414597628,29.6311617,52.4808067,87.000,true,3.13,0.000,source=fused:fused;speedReason=OK;derived=0.00;locationGapMs=1003;callbackGapMs=1003;fusion=GPS_IMU
LOCATION,1790414598625,29.6311617,52.4808067,87.000,true,3.18,0.000,source=fused:fused;speedReason=OK;derived=0.00;locationGapMs=1002;callbackGapMs=1002;fusion=GPS_IMU
LOCATION,1790414599685,29.6311617,52.4808067,,false,3.20,0.000,source=fused:fused;speedReason=OK;derived=0.00;locationGapMs=1063;callbackGapMs=1063;fusion=GPS_IMU
LOCATION,1790414600611,29.6311433,52.4808367,,false,3.25,0.000,source=fused:fused;speedReason=OK;derived=0.00;locationGapMs=926;callbackGapMs=926;fusion=GPS_IMU
LOCATION_ONLY,1790414601476,29.6311433,52.4808367,,false,8.77,0.000,source=fused:fused;speedReason=NO_SPEED;derived=0.00;locationGapMs=865;callbackGapMs=865;fusion=GPS_IMU
LOCATION,1790414602625,29.6311333,52.4808717,96.000,true,8.06,0.033,source=fused:fused;speedReason=OK;derived=11.21;locationGapMs=1145;callbackGapMs=1145;fusion=GPS_IMU
LOCATION,1790414603632,29.6311267,52.4808917,108.000,true,8.11,0.671,source=fused:fused;speedReason=OK;derived=7.40;locationGapMs=1007;callbackGapMs=1007;fusion=GPS_IMU
LOCATION,1790414604630,29.6311200,52.4809050,118.000,true,8.94,1.136,source=fused:fused;speedReason=OK;derived=7.40;locationGapMs=998;callbackGapMs=998;fusion=GPS_IMU
LOCATION,1790414605626,29.6311150,52.4809183,131.000,true,8.96,1.465,source=fused:fused;speedReason=OK;derived=5.36;locationGapMs=997;callbackGapMs=997;fusion=GPS_IMU
LOCATION,1790414606615,29.6311150,52.4809350,131.000,true,3.48,1.806,source=fused:fused;speedReason=OK;derived=5.36;locationGapMs=990;callbackGapMs=990;fusion=GPS_IMU
LOCATION,1790414607578,29.6311117,52.4809483,131.000,true,3.47,2.009,source=fused:fused;speedReason=OK;derived=5.06;locationGapMs=964;callbackGapMs=964;fusion=GPS_IMU
LOCATION,1790414608614,29.6311083,52.4809583,131.000,true,3.47,0.000,source=fused:fused;speedReason=OK;derived=5.00;locationGapMs=1034;callbackGapMs=1034;fusion=GPS_IMU
LOCATION,1790414609613,29.6311217,52.4809717,131.000,true,3.45,0.000,source=fused:fused;speedReason=OK;derived=5.00;locationGapMs=999;callbackGapMs=999;fusion=GPS_IMU
LOCATION_ONLY,1790414610300,29.6311217,52.4809717,131.000,true,8.04,0.000,source=fused:fused;speedReason=NO_SPEED;derived=3.62;locationGapMs=689;callbackGapMs=689;fusion=GPS_IMU
LOCATION,1790414611598,29.6311383,52.4810083,70.000,true,8.02,0.042,source=fused:fused;speedReason=OK;derived=7.11;locationGapMs=1298;callbackGapMs=1298;fusion=GPS_IMU
LOCATION,1790414612584,29.6311450,52.4810300,74.000,true,7.34,0.554,source=fused:fused;speedReason=OK;derived=8.14;locationGapMs=986;callbackGapMs=986;fusion=GPS_IMU
LOCATION,1790414613601,29.6311500,52.4810517,74.000,true,7.97,1.123,source=fused:fused;speedReason=OK;derived=8.14;locationGapMs=1016;callbackGapMs=1016;fusion=GPS_IMU
LOCATION,1790414614615,29.6311483,52.4810833,91.000,true,7.95,1.454,source=fused:fused;speedReason=OK;derived=8.14;locationGapMs=1014;callbackGapMs=1014;fusion=GPS_IMU
LOCATION,1790414615613,29.6311383,52.4811150,108.000,true,3.32,1.745,source=fused:fused;speedReason=OK;derived=10.89;locationGapMs=998;callbackGapMs=998;fusion=GPS_IMU
LOCATION,1790414616608,29.6311233,52.4811483,115.000,true,3.30,2.231,source=fused:fused;speedReason=OK;derived=11.77;locationGapMs=994;callbackGapMs=994;fusion=GPS_IMU
LOCATION,1790414617617,29.6311133,52.4811767,103.000,true,3.30,2.565,source=fused:fused;speedReason=OK;derived=11.77;locationGapMs=1006;callbackGapMs=1006;fusion=GPS_IMU
LOCATION,1790414618619,29.6311050,52.4812083,99.000,true,3.32,2.825,source=fused:fused;speedReason=OK;derived=11.46;locationGapMs=1004;callbackGapMs=1004;fusion=GPS_IMU
LOCATION,1790414619625,29.6310817,52.4812467,119.000,true,3.34,3.146,source=fused:fused;speedReason=OK;derived=11.46;locationGapMs=1005;callbackGapMs=1005;fusion=GPS_IMU
LOCATION,1790414620629,29.6310650,52.4812833,121.000,true,3.36,3.644,source=fused:fused;speedReason=OK;derived=14.32;locationGapMs=1005;callbackGapMs=1005;fusion=GPS_IMU
LOCATION,1790414621618,29.6310500,52.4813083,127.000,true,3.38,4.057,source=fused:fused;speedReason=OK;derived=14.32;locationGapMs=989;callbackGapMs=989;fusion=GPS_IMU
LOCATION,1790414622627,29.6310267,52.4813350,126.000,true,3.40,4.451,source=fused:fused;speedReason=OK;derived=13.05;locationGapMs=1008;callbackGapMs=1008;fusion=GPS_IMU
LOCATION,1790414623633,29.6309983,52.4813567,132.000,true,3.40,4.654,source=fused:fused;speedReason=OK;derived=13.05;locationGapMs=1004;callbackGapMs=1004;fusion=GPS_IMU
LOCATION,1790414624605,29.6309633,52.4813750,143.000,true,3.40,4.836,source=fused:fused;speedReason=OK;derived=13.57;locationGapMs=974;callbackGapMs=974;fusion=GPS_IMU
LOCATION,1790414625617,29.6309333,52.4813950,136.000,true,3.42,4.955,source=fused:fused;speedReason=OK;derived=13.66;locationGapMs=1014;callbackGapMs=1014;fusion=GPS_IMU
LOCATION,1790414626675,29.6308967,52.4814333,129.000,true,3.46,5.060,source=fused:fused;speedReason=OK;derived=15.76;locationGapMs=1054;callbackGapMs=1054;fusion=GPS_IMU
LOCATION,1790414627634,29.6308533,52.4814817,132.000,true,3.50,5.279,source=fused:fused;speedReason=OK;derived=18.77;locationGapMs=962;callbackGapMs=962;fusion=GPS_IMU
LOCATION,1790414628618,29.6308150,52.4815083,142.000,true,3.53,5.602,source=fused:fused;speedReason=OK;derived=18.77;locationGapMs=985;callbackGapMs=985;fusion=GPS_IMU
LOCATION,1790414629618,29.6307867,52.4815333,140.000,true,3.64,5.841,source=fused:fused;speedReason=OK;derived=18.15;locationGapMs=999;callbackGapMs=999;fusion=GPS_IMU
LOCATION,1790414630622,29.6307483,52.4815617,142.000,true,3.70,6.138,source=fused:fused;speedReason=OK;derived=18.15;locationGapMs=1004;callbackGapMs=1004;fusion=GPS_IMU
LOCATION,1790414631619,29.6306983,52.4816100,141.000,true,3.72,6.513,source=fused:fused;speedReason=OK;derived=18.17;locationGapMs=996;callbackGapMs=996;fusion=GPS_IMU
LOCATION,1790414632685,29.6306500,52.4816617,141.000,true,3.75,6.872,source=fused:fused;speedReason=OK;derived=24.73;locationGapMs=1067;callbackGapMs=1067;fusion=GPS_IMU
LOCATION,1790414633621,29.6305950,52.4817200,135.000,true,3.80,7.354,source=fused:fused;speedReason=OK;derived=26.21;locationGapMs=936;callbackGapMs=936;fusion=GPS_IMU
LOCATION,1790414634614,29.6305367,52.4817933,135.000,true,3.78,7.922,source=fused:fused;speedReason=OK;derived=31.96;locationGapMs=994;callbackGapMs=994;fusion=GPS_IMU
LOCATION,1790414635602,29.6304850,52.4818567,134.000,true,3.77,8.624,source=fused:fused;speedReason=OK;derived=31.96;locationGapMs=987;callbackGapMs=987;fusion=GPS_IMU
LOCATION,1790414636612,29.6304367,52.4819167,131.000,true,3.75,9.272,source=fused:fused;speedReason=OK;derived=30.63;locationGapMs=1010;callbackGapMs=1010;fusion=GPS_IMU
LOCATION,1790414637615,29.6303933,52.4819667,135.000,true,3.73,9.830,source=fused:fused;speedReason=OK;derived=28.16;locationGapMs=1003;callbackGapMs=1003;fusion=GPS_IMU
LOCATION,1790414638674,29.6303533,52.4820067,139.000,true,3.72,10.201,source=fused:fused;speedReason=OK;derived=24.50;locationGapMs=1056;callbackGapMs=1056;fusion=GPS_IMU
LOCATION,1790414639615,29.6303100,52.4820483,146.000,true,3.70,10.544,source=fused:fused;speedReason=OK;derived=23.87;locationGapMs=945;callbackGapMs=945;fusion=GPS_IMU
LOCATION,1790414640613,29.6302583,52.4820933,149.000,true,3.70,10.845,source=fused:fused;speedReason=OK;derived=23.87;locationGapMs=997;callbackGapMs=997;fusion=GPS_IMU
LOCATION,1790414641618,29.6301967,52.4821367,151.000,true,3.72,11.156,source=fused:fused;speedReason=OK;derived=26.00;locationGapMs=1004;callbackGapMs=1004;fusion=GPS_IMU
LOCATION,1790414642615,29.6301367,52.4821817,156.000,true,3.72,11.563,source=fused:fused;speedReason=OK;derived=28.71;locationGapMs=997;callbackGapMs=997;fusion=GPS_IMU
LOCATION,1790414643621,29.6300683,52.4822233,155.000,true,3.72,11.969,source=fused:fused;speedReason=OK;derived=28.75;locationGapMs=1007;callbackGapMs=1007;fusion=GPS_IMU
LOCATION,1790414644616,29.6300150,52.4822667,154.000,true,3.70,12.446,source=fused:fused;speedReason=OK;derived=28.71;locationGapMs=996;callbackGapMs=996;fusion=GPS_IMU
LOCATION,1790414645619,29.6299633,52.4822933,150.000,true,3.68,12.820,source=fused:fused;speedReason=OK;derived=26.21;locationGapMs=1001;callbackGapMs=1001;fusion=GPS_IMU
LOCATION,1790414646614,29.6299150,52.4823183,151.000,true,3.67,13.050,source=fused:fused;speedReason=OK;derived=22.60;locationGapMs=997;callbackGapMs=997;fusion=GPS_IMU
LOCATION,1790414647615,29.6298517,52.4823500,152.000,true,3.62,13.229,source=fused:fused;speedReason=OK;derived=22.60;locationGapMs=999;callbackGapMs=999;fusion=GPS_IMU
LOCATION,1790414648625,29.6298017,52.4823800,148.000,true,3.60,13.443,source=fused:fused;speedReason=OK;derived=22.26;locationGapMs=1012;callbackGapMs=1012;fusion=GPS_IMU
LOCATION,1790414649685,29.6297417,52.4824183,147.000,true,3.60,13.689,source=fused:fused;speedReason=OK;derived=25.91;locationGapMs=1058;callbackGapMs=1058;fusion=GPS_IMU
LOCATION,1790414650622,29.6296833,52.4824583,147.000,true,3.60,13.901,source=fused:fused;speedReason=OK;derived=25.91;locationGapMs=938;callbackGapMs=938;fusion=GPS_IMU
LOCATION,1790414651621,29.6296333,52.4824967,149.000,true,3.60,14.060,source=fused:fused;speedReason=OK;derived=25.91;locationGapMs=1001;callbackGapMs=1001;fusion=GPS_IMU
LOCATION,1790414652621,29.6295817,52.4825133,164.000,true,3.60,14.194,source=fused:fused;speedReason=OK;derived=24.00;locationGapMs=996;callbackGapMs=996;fusion=GPS_IMU
LOCATION,1790414653628,29.6295283,52.4825383,159.000,true,3.60,14.264,source=fused:fused;speedReason=OK;derived=22.91;locationGapMs=1005;callbackGapMs=1005;fusion=GPS_IMU
LOCATION,1790414654605,29.6294667,52.4825533,167.000,true,3.60,14.324,source=fused:fused;speedReason=OK;derived=22.91;locationGapMs=982;callbackGapMs=982;fusion=GPS_IMU
LOCATION,1790414655691,29.6294200,52.4825583,175.000,true,3.60,14.377,source=fused:fused;speedReason=OK;derived=22.91;locationGapMs=1085;callbackGapMs=1085;fusion=GPS_IMU
LOCATION,1790414656618,29.6293817,52.4825617,179.000,true,3.62,14.398,source=fused:fused;speedReason=OK;derived=17.25;locationGapMs=927;callbackGapMs=927;fusion=GPS_IMU
LOCATION,1790414657632,29.6293300,52.4825717,180.000,true,3.64,14.418,source=fused:fused;speedReason=OK;derived=17.25;locationGapMs=1013;callbackGapMs=1013;fusion=GPS_IMU
LOCATION,1790414658617,29.6292833,52.4825883,170.000,true,3.65,14.433,source=fused:fused;speedReason=OK;derived=19.79;locationGapMs=986;callbackGapMs=986;fusion=GPS_IMU
LOCATION,1790414659620,29.6292383,52.4825967,170.000,true,3.68,14.462,source=fused:fused;speedReason=OK;derived=19.79;locationGapMs=1003;callbackGapMs=1003;fusion=GPS_IMU
LOCATION,1790414660621,29.6291933,52.4826217,159.000,true,3.68,14.497,source=fused:fused;speedReason=OK;derived=19.79;locationGapMs=1002;callbackGapMs=1002;fusion=GPS_IMU
LOCATION,1790414661665,29.6291433,52.4826583,152.000,true,3.70,14.551,source=fused:fused;speedReason=OK;derived=19.92;locationGapMs=1044;callbackGapMs=1044;fusion=GPS_IMU
LOCATION,1790414662620,29.6290900,52.4826850,153.000,true,3.70,14.624,source=fused:fused;speedReason=OK;derived=22.69;locationGapMs=955;callbackGapMs=955;fusion=GPS_IMU
LOCATION,1790414663630,29.6290367,52.4827083,154.000,true,3.72,14.712,source=fused:fused;speedReason=OK;derived=22.69;locationGapMs=1008;callbackGapMs=1008;fusion=GPS_IMU
LOCATION,1790414664621,29.6289767,52.4827283,158.000,true,3.73,14.799,source=fused:fused;speedReason=OK;derived=24.31;locationGapMs=992;callbackGapMs=992;fusion=GPS_IMU
LOCATION,1790414665626,29.6289250,52.4827633,151.000,true,3.78,14.888,source=fused:fused;speedReason=OK;derived=23.87;locationGapMs=1004;callbackGapMs=1004;fusion=GPS_IMU
LOCATION,1790414666634,29.6288833,52.4828067,145.000,true,3.82,14.980,source=fused:fused;speedReason=OK;derived=23.87;locationGapMs=1008;callbackGapMs=1008;fusion=GPS_IMU
LOCATION,1790414667678,29.6288167,52.4828350,142.000,true,3.86,15.058,source=fused:fused;speedReason=OK;derived=23.87;locationGapMs=1046;callbackGapMs=1046;fusion=GPS_IMU
LOCATION,1790414668630,29.6287667,52.4828767,140.000,true,3.85,15.202,source=fused:fused;speedReason=OK;derived=26.10;locationGapMs=946;callbackGapMs=946;fusion=GPS_IMU
LOCATION,1790414669633,29.6287117,52.4829167,142.000,true,3.86,15.330,source=fused:fused;speedReason=OK;derived=26.10;locationGapMs=1007;callbackGapMs=1007;fusion=GPS_IMU
LOCATION,1790414670628,29.6286483,52.4829567,143.000,true,3.86,15.421,source=fused:fused;speedReason=OK;derived=26.10;locationGapMs=996;callbackGapMs=996;fusion=GPS_IMU
LOCATION,1790414671627,29.6285950,52.4829900,139.000,true,3.85,15.578,source=fused:fused;speedReason=OK;derived=25.82;locationGapMs=998;callbackGapMs=998;fusion=GPS_IMU
LOCATION,1790414672625,29.6285400,52.4830233,144.000,true,3.83,15.692,source=fused:fused;speedReason=OK;derived=24.88;locationGapMs=998;callbackGapMs=998;fusion=GPS_IMU
LOCATION,1790414673696,29.6284883,52.4830633,143.000,true,3.84,15.802,source=fused:fused;speedReason=OK;derived=24.28;locationGapMs=1069;callbackGapMs=1069;fusion=GPS_IMU
LOCATION,1790414674611,29.6284483,52.4831150,135.000,true,3.85,15.936,source=fused:fused;speedReason=OK;derived=24.88;locationGapMs=919;callbackGapMs=919;fusion=GPS_IMU
LOCATION,1790414675626,29.6283967,52.4831583,141.000,true,3.86,16.044,source=fused:fused;speedReason=OK;derived=25.18;locationGapMs=1014;callbackGapMs=1014;fusion=GPS_IMU
LOCATION,1790414676627,29.6283467,52.4832000,139.000,true,3.87,16.144,source=fused:fused;speedReason=OK;derived=25.18;locationGapMs=1000;callbackGapMs=1000;fusion=GPS_IMU
LOCATION,1790414677625,29.6282867,52.4832183,150.000,true,3.88,16.260,source=fused:fused;speedReason=OK;derived=24.80;locationGapMs=999;callbackGapMs=999;fusion=GPS_IMU
LOCATION,1790414678624,29.6282267,52.4832500,152.000,true,3.90,16.393,source=fused:fused;speedReason=OK;derived=24.80;locationGapMs=998;callbackGapMs=998;fusion=GPS_IMU
LOCATION,1790414679622,29.6281617,52.4832733,150.000,true,3.90,16.564,source=fused:fused;speedReason=OK;derived=26.42;locationGapMs=999;callbackGapMs=999;fusion=GPS_IMU
LOCATION,1790414680630,29.6280950,52.4832950,152.000,true,3.88,16.762,source=fused:fused;speedReason=OK;derived=27.21;locationGapMs=1007;callbackGapMs=1007;fusion=GPS_IMU
LOCATION,1790414681627,29.6280267,52.4833267,151.000,true,3.85,16.934,source=fused:fused;speedReason=OK;derived=27.48;locationGapMs=997;callbackGapMs=997;fusion=GPS_IMU
LOCATION,1790414682631,29.6279550,52.4833700,148.000,true,3.80,17.156,source=fused:fused;speedReason=OK;derived=29.50;locationGapMs=1004;callbackGapMs=1004;fusion=GPS_IMU
LOCATION,1790414683625,29.6278883,52.4834067,152.000,true,3.74,17.371,source=fused:fused;speedReason=OK;derived=29.68;locationGapMs=995;callbackGapMs=995;fusion=GPS_IMU
LOCATION,1790414684703,29.6278333,52.4834483,153.000,true,3.68,17.543,source=fused:fused;speedReason=OK;derived=29.68;locationGapMs=1072;callbackGapMs=1072;fusion=GPS_IMU
LOCATION,1790414685649,29.6277717,52.4834817,153.000,true,3.62,17.726,source=fused:fused;speedReason=OK;derived=28.57;locationGapMs=952;callbackGapMs=952;fusion=GPS_IMU
LOCATION,1790414686637,29.6277100,52.4835200,150.000,true,3.60,17.922,source=fused:fused;speedReason=OK;derived=28.35;locationGapMs=988;callbackGapMs=988;fusion=GPS_IMU
LOCATION,1790414687624,29.6276533,52.4835650,151.000,true,4.88,18.220,source=fused:fused;speedReason=OK;derived=28.35;locationGapMs=987;callbackGapMs=987;fusion=GPS_IMU
LOCATION,1790414688622,29.6276050,52.4836000,151.000,true,6.17,18.412,source=fused:fused;speedReason=OK;derived=27.90;locationGapMs=998;callbackGapMs=998;fusion=GPS_IMU
LOCATION,1790414689624,29.6275633,52.4836283,151.000,true,7.47,18.470,source=fused:fused;speedReason=OK;derived=22.86;locationGapMs=1002;callbackGapMs=1002;fusion=GPS_IMU
LOCATION,1790414690701,29.6275300,52.4836567,150.000,true,8.77,18.461,source=fused:fused;speedReason=OK;derived=19.31;locationGapMs=1077;callbackGapMs=1077;fusion=GPS_IMU
LOCATION,1790414691632,29.6275000,52.4836800,150.000,true,11.40,18.408,source=fused:fused;speedReason=OK;derived=15.51;locationGapMs=933;callbackGapMs=933;fusion=GPS_IMU
LOCATION,1790414692635,29.6274667,52.4836983,150.000,true,11.40,18.333,source=fused:fused;speedReason=OK;derived=15.39;locationGapMs=999;callbackGapMs=999;fusion=GPS_IMU
LOCATION,1790414693628,29.6274367,52.4837217,151.000,true,11.40,18.260,source=fused:fused;speedReason=OK;derived=14.76;locationGapMs=995;callbackGapMs=995;fusion=GPS_IMU
LOCATION,1790414694638,29.6273950,52.4837467,150.000,true,11.40,18.119,source=fused:fused;speedReason=OK;derived=14.76;locationGapMs=1009;callbackGapMs=1009;fusion=GPS_IMU
LOCATION,1790414695630,29.6273450,52.4837733,150.000,true,11.40,18.209,source=fused:fused;speedReason=OK;derived=18.62;locationGapMs=994;callbackGapMs=994;fusion=GPS_IMU
LOCATION,1790414696696,29.6272917,52.4838050,149.000,true,11.40,18.290,source=fused:fused;speedReason=OK;derived=22.14;locationGapMs=1064;callbackGapMs=1064;fusion=GPS_IMU
LOCATION,1790414697630,29.6272283,52.4838350,148.000,true,11.40,18.391,source=fused:fused;speedReason=OK;derived=22.53;locationGapMs=935;callbackGapMs=935;fusion=GPS_IMU
LOCATION,1790414698628,29.6271633,52.4838717,147.000,true,11.40,18.551,source=fused:fused;speedReason=OK;derived=29.01;locationGapMs=997;callbackGapMs=997;fusion=GPS_IMU
LOCATION,1790414699630,29.6271017,52.4839117,148.000,true,11.40,18.698,source=fused:fused;speedReason=OK;derived=29.01;locationGapMs=1002;callbackGapMs=1002;fusion=GPS_IMU
LOCATION,1790414700633,29.6270367,52.4839483,148.000,true,11.40,18.904,source=fused:fused;speedReason=OK;derived=28.85;locationGapMs=1002;callbackGapMs=1002;fusion=GPS_IMU
LOCATION,1790414701623,29.6269717,52.4839933,149.000,true,11.40,19.120,source=fused:fused;speedReason=OK;derived=28.85;locationGapMs=992;callbackGapMs=992;fusion=GPS_IMU
LOCATION,1790414702695,29.6269050,52.4840350,148.000,true,11.40,19.311,source=fused:fused;speedReason=OK;derived=28.85;locationGapMs=1069;callbackGapMs=1069;fusion=GPS_IMU
LOCATION,1790414703626,29.6268383,52.4840733,148.000,true,11.40,19.498,source=fused:fused;speedReason=OK;derived=30.56;locationGapMs=933;callbackGapMs=933;fusion=GPS_IMU
LOCATION,1790414704628,29.6267800,52.4841200,149.000,true,11.40,19.654,source=fused:fused;speedReason=OK;derived=28.37;locationGapMs=1002;callbackGapMs=1002;fusion=GPS_IMU
LOCATION,1790414705629,29.6267183,52.4841600,149.000,true,11.40,19.783,source=fused:fused;speedReason=OK;derived=28.34;locationGapMs=1002;callbackGapMs=1002;fusion=GPS_IMU
LOCATION,1790414706627,29.6266550,52.4842033,149.000,true,11.40,19.925,source=fused:fused;speedReason=OK;derived=28.34;locationGapMs=997;callbackGapMs=997;fusion=GPS_IMU
LOCATION,1790414707628,29.6265950,52.4842517,150.000,true,11.40,20.047,source=fused:fused;speedReason=OK;derived=29.26;locationGapMs=1001;callbackGapMs=1001;fusion=GPS_IMU
LOCATION,1790414708697,29.6265333,52.4842983,151.000,true,11.40,20.181,source=fused:fused;speedReason=OK;derived=29.26;locationGapMs=1068;callbackGapMs=1068;fusion=GPS_IMU
LOCATION,1790414709629,29.6264767,52.4843367,151.000,true,11.40,20.291,source=fused:fused;speedReason=OK;derived=28.11;locationGapMs=934;callbackGapMs=934;fusion=GPS_IMU
LOCATION,1790414710619,29.6264283,52.4843650,153.000,true,11.40,20.342,source=fused:fused;speedReason=OK;derived=27.62;locationGapMs=991;callbackGapMs=991;fusion=GPS_IMU
LOCATION,1790414711643,29.6263850,52.4843833,162.000,true,11.40,20.324,source=fused:fused;speedReason=OK;derived=21.89;locationGapMs=1022;callbackGapMs=1022;fusion=GPS_IMU
LOCATION,1790414712629,29.6263500,52.4843967,170.000,true,11.42,20.257,source=fused:fused;speedReason=OK;derived=18.02;locationGapMs=986;callbackGapMs=986;fusion=GPS_IMU
LOCATION,1790414713620,29.6263200,52.4844133,165.000,true,11.47,20.162,source=fused:fused;speedReason=OK;derived=14.94;locationGapMs=992;callbackGapMs=992;fusion=GPS_IMU
LOCATION,1790414714690,29.6263017,52.4844317,158.000,true,11.55,20.057,source=fused:fused;speedReason=OK;derived=13.40;locationGapMs=1070;callbackGapMs=1070;fusion=GPS_IMU
LOCATION,1790414715628,29.6262867,52.4844417,158.000,true,11.74,19.933,source=fused:fused;speedReason=OK;derived=9.08;locationGapMs=938;callbackGapMs=938;fusion=GPS_IMU
LOCATION,1790414716626,29.6262883,52.4844433,158.000,true,11.83,19.760,source=fused:fused;speedReason=OK;derived=7.38;locationGapMs=996;callbackGapMs=996;fusion=GPS_IMU
LOCATION,1790414717629,29.6262867,52.4844450,158.000,true,12.03,0.000,source=fused:fused;speedReason=OK;derived=0.87;locationGapMs=1005;callbackGapMs=1005;fusion=GPS_IMU
LOCATION_ONLY,1790414718610,29.6262867,52.4844450,158.000,true,15.71,0.000,source=fused:fused;speedReason=NO_SPEED;derived=0.85;locationGapMs=982;callbackGapMs=982;fusion=GPS_IMU
LOCATION,1790414718622,29.6262850,52.4844450,158.000,true,15.34,0.000,source=fused:fused;speedReason=OK;derived=;locationGapMs=13;callbackGapMs=13;fusion=GPS_IMU
LOCATION,1790414719623,29.6262850,52.4844450,158.000,true,15.62,0.000,source=fused:fused;speedReason=OK;derived=0.00;locationGapMs=998;callbackGapMs=998;fusion=GPS_IMU
LOCATION,1790414720695,29.6262850,52.4844450,158.000,true,15.98,0.000,source=fused:fused;speedReason=OK;derived=0.00;locationGapMs=1071;callbackGapMs=1071;fusion=GPS_IMU
LOCATION,1790414721631,29.6262850,52.4844450,158.000,true,17.09,0.000,source=fused:fused;speedReason=OK;derived=0.00;locationGapMs=934;callbackGapMs=934;fusion=GPS_IMU
LOCATION,1790414722626,29.6262850,52.4844450,158.000,true,16.96,0.000,source=fused:fused;speedReason=OK;derived=0.00;locationGapMs=1000;callbackGapMs=1000;fusion=GPS_IMU
LOCATION,1790414723622,29.6262850,52.4844450,,false,14.24,0.000,source=fused:fused;speedReason=OK;derived=0.00;locationGapMs=999;callbackGapMs=999;fusion=GPS_IMU
LOCATION,1790414724612,29.6262850,52.4844450,,false,13.82,0.000,source=fused:fused;speedReason=OK;derived=0.00;locationGapMs=990;callbackGapMs=990;fusion=GPS_IMU
LOCATION,1790414725626,29.6262850,52.4844450,,false,13.30,0.000,source=fused:fused;speedReason=OK;derived=0.00;locationGapMs=1014;callbackGapMs=1014;fusion=GPS_IMU
LOCATION,1790414726677,29.6262850,52.4844450,,false,13.03,0.000,source=fused:fused;speedReason=OK;derived=0.00;locationGapMs=1051;callbackGapMs=1051;fusion=GPS_IMU
LOCATION,1790414727627,29.6262850,52.4844450,,false,11.70,0.000,source=fused:fused;speedReason=OK;derived=0.00;locationGapMs=950;callbackGapMs=950;fusion=GPS_IMU
LOCATION,1790414728614,29.6262850,52.4844450,,false,11.70,0.000,source=fused:fused;speedReason=OK;derived=0.00;locationGapMs=987;callbackGapMs=987;fusion=GPS_IMU
LOCATION,1790414729625,29.6262850,52.4844450,,false,11.70,0.000,source=fused:fused;speedReason=OK;derived=0.00;locationGapMs=1011;callbackGapMs=1011;fusion=GPS_IMU
LOCATION,1790414730625,29.6262850,52.4844450,,false,11.70,0.000,source=fused:fused;speedReason=OK;derived=0.00;locationGapMs=1000;callbackGapMs=1000;fusion=GPS_IMU
LOCATION,1790414731624,29.6262850,52.4844450,,false,11.70,0.000,source=fused:fused;speedReason=OK;derived=0.00;locationGapMs=999;callbackGapMs=999;fusion=GPS_IMU
LOCATION,1790414732625,29.6262850,52.4844450,,false,11.70,0.000,source=fused:fused;speedReason=OK;derived=0.00;locationGapMs=1001;callbackGapMs=1001;fusion=GPS_IMU
LOCATION,1790414733621,29.6262850,52.4844450,,false,11.70,0.000,source=fused:fused;speedReason=OK;derived=0.00;locationGapMs=996;callbackGapMs=996;fusion=GPS_IMU
LOCATION,1790414734624,29.6262850,52.4844450,,false,11.70,0.000,source=fused:fused;speedReason=OK;derived=0.00;locationGapMs=1003;callbackGapMs=1003;fusion=GPS_IMU
LOCATION,1790414735624,29.6262850,52.4844450,,false,11.70,0.000,source=fused:fused;speedReason=OK;derived=0.00;locationGapMs=1000;callbackGapMs=1000;fusion=GPS_IMU
LOCATION,1790414736621,29.6262850,52.4844450,,false,11.70,0.000,source=fused:fused;speedReason=OK;derived=0.00;locationGapMs=997;callbackGapMs=997;fusion=GPS_IMU
LOCATION,1790414737684,29.6262850,52.4844450,,false,11.70,0.000,source=fused:fused;speedReason=OK;derived=0.00;locationGapMs=1063;callbackGapMs=1063;fusion=GPS_IMU
LOCATION,1790414738622,29.6262850,52.4844450,,false,11.70,0.000,source=fused:fused;speedReason=OK;derived=0.00;locationGapMs=938;callbackGapMs=938;fusion=GPS_IMU
LOCATION,1790414739626,29.6262850,52.4844450,,false,11.70,0.000,source=fused:fused;speedReason=OK;derived=0.00;locationGapMs=1004;callbackGapMs=1004;fusion=GPS_IMU
LOCATION,1790414740609,29.6262850,52.4844450,,false,11.70,0.000,source=fused:fused;speedReason=OK;derived=0.00;locationGapMs=983;callbackGapMs=983;fusion=GPS_IMU
LOCATION,1790414741620,29.6262850,52.4844450,,false,11.70,0.000,source=fused:fused;speedReason=OK;derived=0.00;locationGapMs=1011;callbackGapMs=1011;fusion=GPS_IMU
LOCATION,1790414742618,29.6262850,52.4844450,,false,11.70,0.000,source=fused:fused;speedReason=OK;derived=0.00;locationGapMs=998;callbackGapMs=998;fusion=GPS_IMU
LOCATION,1790414743681,29.6262850,52.4844450,,false,11.70,0.000,source=fused:fused;speedReason=OK;derived=0.00;locationGapMs=1063;callbackGapMs=1063;fusion=GPS_IMU
LOCATION,1790414744609,29.6262850,52.4844450,,false,11.72,0.000,source=fused:fused;speedReason=OK;derived=0.00;locationGapMs=928;callbackGapMs=928;fusion=GPS_IMU
LOCATION_ONLY,1790414745445,29.6262850,52.4844450,,false,17.09,0.000,source=fused:fused;speedReason=NO_SPEED;derived=0.00;locationGapMs=836;callbackGapMs=836;fusion=GPS_IMU
LOCATION,1790414746613,29.6262850,52.4844450,,false,16.36,0.000,source=fused:fused;speedReason=OK;derived=0.00;locationGapMs=1168;callbackGapMs=1168;fusion=GPS_IMU
LOCATION,1790414747629,29.6262850,52.4844450,,false,17.17,0.000,source=fused:fused;speedReason=OK;derived=0.00;locationGapMs=1016;callbackGapMs=1016;fusion=GPS_IMU
LOCATION,1790414748608,29.6262850,52.4844450,,false,16.40,0.000,source=fused:fused;speedReason=OK;derived=0.00;locationGapMs=979;callbackGapMs=979;fusion=GPS_IMU
LOCATION,1790414749680,29.6262850,52.4844450,,false,17.20,0.000,source=fused:fused;speedReason=OK;derived=0.00;locationGapMs=1072;callbackGapMs=1072;fusion=GPS_IMU
LOCATION,1790414750613,29.6262850,52.4844450,,false,11.90,0.000,source=fused:fused;speedReason=OK;derived=0.00;locationGapMs=933;callbackGapMs=933;fusion=GPS_IMU
LOCATION,1790414751610,29.6262850,52.4844450,,false,11.98,0.000,source=fused:fused;speedReason=OK;derived=0.00;locationGapMs=997;callbackGapMs=997;fusion=GPS_IMU
LOCATION,1790414752623,29.6262850,52.4844450,,false,11.90,0.000,source=fused:fused;speedReason=OK;derived=0.00;locationGapMs=1013;callbackGapMs=1013;fusion=GPS_IMU
LOCATION,1790414753628,29.6262850,52.4844450,,false,11.82,0.000,source=fused:fused;speedReason=OK;derived=0.00;locationGapMs=1005;callbackGapMs=1005;fusion=GPS_IMU
LOCATION,1790414754608,29.6262850,52.4844450,,false,11.77,0.000,source=fused:fused;speedReason=OK;derived=0.00;locationGapMs=980;callbackGapMs=980;fusion=GPS_IMU
LOCATION,1790414755608,29.6262850,52.4844450,,false,10.04,0.000,source=fused:fused;speedReason=OK;derived=0.00;locationGapMs=1000;callbackGapMs=1000;fusion=GPS_IMU
LOCATION,1790414756621,29.6262850,52.4844450,,false,8.32,0.000,source=fused:fused;speedReason=OK;derived=0.00;locationGapMs=1013;callbackGapMs=1013;fusion=GPS_IMU
LOCATION,1790414757614,29.6262850,52.4844450,,false,7.55,0.000,source=fused:fused;speedReason=OK;derived=0.00;locationGapMs=993;callbackGapMs=993;fusion=GPS_IMU
LOCATION,1790414758621,29.6262850,52.4844450,,false,6.27,0.000,source=fused:fused;speedReason=OK;derived=0.00;locationGapMs=1007;callbackGapMs=1007;fusion=GPS_IMU
LOCATION,1790414759620,29.6262850,52.4844450,,false,4.94,0.000,source=fused:fused;speedReason=OK;derived=0.00;locationGapMs=999;callbackGapMs=999;fusion=GPS_IMU
LOCATION,1790414760682,29.6262850,52.4844450,,false,4.97,0.000,source=fused:fused;speedReason=OK;derived=0.00;locationGapMs=1062;callbackGapMs=1062;fusion=GPS_IMU
LOCATION,1790414761621,29.6262850,52.4844450,,false,4.99,0.000,source=fused:fused;speedReason=OK;derived=0.00;locationGapMs=939;callbackGapMs=939;fusion=GPS_IMU
LOCATION,1790414762622,29.6262850,52.4844450,,false,5.01,0.000,source=fused:fused;speedReason=OK;derived=0.00;locationGapMs=1001;callbackGapMs=1001;fusion=GPS_IMU
LOCATION,1790414763622,29.6262850,52.4844450,,false,4.84,0.000,source=fused:fused;speedReason=OK;derived=0.00;locationGapMs=1000;callbackGapMs=1000;fusion=GPS_IMU
LOCATION,1790414764620,29.6262850,52.4844450,,false,3.80,0.000,source=fused:fused;speedReason=OK;derived=0.00;locationGapMs=998;callbackGapMs=998;fusion=GPS_IMU
LOCATION,1790414765608,29.6262850,52.4844450,,false,3.80,0.000,source=fused:fused;speedReason=OK;derived=0.00;locationGapMs=988;callbackGapMs=988;fusion=GPS_IMU
LOCATION,1790414766694,29.6262850,52.4844450,,false,3.80,0.000,source=fused:fused;speedReason=OK;derived=0.00;locationGapMs=1086;callbackGapMs=1086;fusion=GPS_IMU
LOCATION,1790414767626,29.6262850,52.4844450,,false,3.80,0.000,source=fused:fused;speedReason=OK;derived=0.00;locationGapMs=932;callbackGapMs=932;fusion=GPS_IMU
LOCATION,1790414768583,29.6262850,52.4844450,,false,3.80,0.000,source=fused:fused;speedReason=OK;derived=0.00;locationGapMs=957;callbackGapMs=957;fusion=GPS_IMU
LOCATION,1790414769608,29.6262850,52.4844450,,false,3.80,0.000,source=fused:fused;speedReason=OK;derived=0.00;locationGapMs=1025;callbackGapMs=1025;fusion=GPS_IMU
LOCATION,1790414770604,29.6262850,52.4844450,,false,3.80,0.000,source=fused:fused;speedReason=OK;derived=0.00;locationGapMs=996;callbackGapMs=996;fusion=GPS_IMU
LOCATION,1790414771612,29.6262850,52.4844450,,false,3.80,0.000,source=fused:fused;speedReason=OK;derived=0.00;locationGapMs=1008;callbackGapMs=1008;fusion=GPS_IMU
LOCATION,1790414772675,29.6262850,52.4844450,,false,3.80,0.000,source=fused:fused;speedReason=OK;derived=0.00;locationGapMs=1063;callbackGapMs=1063;fusion=GPS_IMU
LOCATION,1790414773601,29.6262850,52.4844450,,false,3.80,0.000,source=fused:fused;speedReason=OK;derived=0.00;locationGapMs=926;callbackGapMs=926;fusion=GPS_IMU
LOCATION,1790414774620,29.6262850,52.4844450,,false,3.80,0.000,source=fused:fused;speedReason=OK;derived=0.00;locationGapMs=1019;callbackGapMs=1019;fusion=GPS_IMU
LOCATION,1790414775614,29.6262850,52.4844450,,false,3.80,0.000,source=fused:fused;speedReason=OK;derived=0.00;locationGapMs=994;callbackGapMs=994;fusion=GPS_IMU
LOCATION,1790414776620,29.6262850,52.4844450,,false,3.82,0.000,source=fused:fused;speedReason=OK;derived=0.00;locationGapMs=1006;callbackGapMs=1006;fusion=GPS_IMU
LOCATION,1790414777612,29.6262850,52.4844450,,false,3.83,0.000,source=fused:fused;speedReason=OK;derived=0.00;locationGapMs=992;callbackGapMs=992;fusion=GPS_IMU
LOCATION,1790414778596,29.6262850,52.4844450,,false,3.85,0.000,source=fused:fused;speedReason=OK;derived=0.00;locationGapMs=984;callbackGapMs=984;fusion=GPS_IMU
LOCATION,1790414779626,29.6262850,52.4844450,,false,3.88,0.000,source=fused:fused;speedReason=OK;derived=0.00;locationGapMs=1030;callbackGapMs=1030;fusion=GPS_IMU
LOCATION,1790414780623,29.6262850,52.4844450,,false,3.88,0.000,source=fused:fused;speedReason=OK;derived=0.00;locationGapMs=997;callbackGapMs=997;fusion=GPS_IMU
LOCATION,1790414781606,29.6262850,52.4844450,,false,3.87,0.000,source=fused:fused;speedReason=OK;derived=0.00;locationGapMs=983;callbackGapMs=983;fusion=GPS_IMU
LOCATION,1790414782617,29.6262850,52.4844450,,false,5.96,0.000,source=fused:fused;speedReason=OK;derived=0.00;locationGapMs=1011;callbackGapMs=1011;fusion=GPS_IMU
LOCATION,1790414783622,29.6262850,52.4844450,,false,8.00,0.000,source=fused:fused;speedReason=OK;derived=0.00;locationGapMs=1005;callbackGapMs=1005;fusion=GPS_IMU
LOCATION,1790414784605,29.6262850,52.4844450,,false,8.95,0.000,source=fused:fused;speedReason=OK;derived=0.00;locationGapMs=983;callbackGapMs=983;fusion=GPS_IMU
LOCATION,1790414785606,29.6262850,52.4844450,,false,8.90,0.000,source=fused:fused;speedReason=OK;derived=0.00;locationGapMs=1001;callbackGapMs=1001;fusion=GPS_IMU
LOCATION,1790414786567,29.6262850,52.4844450,,false,3.60,0.000,source=legacy:gps;speedReason=OK;derived=0.00;locationGapMs=962;callbackGapMs=962;fusion=GPS_IMU
LOCATION_ONLY,1790414786735,29.6263214,52.4843444,,false,42.17,0.000,source=legacy:network;speedReason=NO_SPEED;derived=;locationGapMs=168;callbackGapMs=168;fusion=GPS_IMU
LOCATION,1790414787572,29.6262850,52.4844450,,false,3.60,0.000,source=legacy:gps;speedReason=OK;derived=;locationGapMs=836;callbackGapMs=836;fusion=GPS_IMU
LOCATION_ONLY,1790414787735,29.6263214,52.4843444,,false,49.18,0.000,source=legacy:network;speedReason=NO_SPEED;derived=;locationGapMs=164;callbackGapMs=164;fusion=GPS_IMU
LOCATION,1790414788569,29.6262850,52.4844450,,false,3.60,0.000,source=legacy:gps;speedReason=OK;derived=;locationGapMs=833;callbackGapMs=833;fusion=GPS_IMU
LOCATION,1790414789561,29.6262850,52.4844450,,false,3.50,0.000,source=legacy:gps;speedReason=OK;derived=0.00;locationGapMs=992;callbackGapMs=992;fusion=GPS_IMU
LOCATION_ONLY,1790414790565,29.6262850,52.4844450,,false,3.50,0.000,source=legacy:gps;speedReason=POOR_SPEED_ACCURACY;derived=0.00;locationGapMs=1005;callbackGapMs=1005;fusion=GPS_IMU
LOCATION_ONLY,1790414791588,29.6262850,52.4844450,,false,3.60,0.000,source=legacy:gps;speedReason=POOR_SPEED_ACCURACY;derived=0.00;locationGapMs=1023;callbackGapMs=1023;fusion=GPS_IMU
LOCATION_ONLY,1790414792414,29.6262850,52.4844450,,false,8.93,0.000,source=fused:fused;speedReason=NO_SPEED;derived=0.00;locationGapMs=825;callbackGapMs=825;fusion=GPS_IMU
LOCATION_ONLY,1790414792560,29.6263767,52.4845017,,false,3.80,0.000,source=legacy:gps;speedReason=POOR_SPEED_ACCURACY;derived=;locationGapMs=146;callbackGapMs=146;fusion=GPS_IMU
LOCATION,1790414793590,29.6263583,52.4845833,,false,3.50,0.000,source=legacy:gps;speedReason=OK;derived=28.54;locationGapMs=1030;callbackGapMs=1030;fusion=GPS_IMU
LOCATION,1790414794587,29.6263617,52.4845650,,false,3.30,0.000,source=legacy:gps;speedReason=OK;derived=28.54;locationGapMs=998;callbackGapMs=998;fusion=GPS_IMU
LOCATION,1790414795577,29.6263600,52.4845517,,false,3.20,0.000,source=legacy:gps;speedReason=OK;derived=6.54;locationGapMs=989;callbackGapMs=989;fusion=GPS_IMU
LOCATION,1790414796575,29.6263600,52.4845500,,false,3.20,0.000,source=legacy:gps;speedReason=OK;derived=4.75;locationGapMs=998;callbackGapMs=998;fusion=GPS_IMU
LOCATION,1790414797566,29.6263600,52.4845500,,false,3.30,0.000,source=legacy:gps;speedReason=OK;derived=0.58;locationGapMs=990;callbackGapMs=990;fusion=GPS_IMU
LOCATION_ONLY,1790414798478,29.6263911,52.4844355,,false,66.57,0.000,source=legacy:network;speedReason=NO_SPEED;derived=;locationGapMs=913;callbackGapMs=913;fusion=GPS_IMU
LOCATION,1790414798568,29.6263600,52.4845500,,false,3.40,0.000,source=legacy:gps;speedReason=OK;derived=;locationGapMs=91;callbackGapMs=91;fusion=GPS_IMU
LOCATION_ONLY,1790414799112,29.6263600,52.4845500,,false,6.38,0.000,source=fused:fused;speedReason=NO_SPEED;derived=0.00;locationGapMs=542;callbackGapMs=542;fusion=GPS_IMU
LOCATION,1790414799596,29.6263600,52.4845500,,false,3.50,0.000,source=legacy:gps;speedReason=OK;derived=0.00;locationGapMs=485;callbackGapMs=485;fusion=GPS_IMU
LOCATION,1790414800586,29.6263600,52.4845500,,false,3.60,0.000,source=legacy:gps;speedReason=OK;derived=0.00;locationGapMs=989;callbackGapMs=989;fusion=GPS_IMU
LOCATION,1790414801586,29.6263600,52.4845500,,false,3.60,0.000,source=legacy:gps;speedReason=OK;derived=0.00;locationGapMs=1001;callbackGapMs=1001;fusion=GPS_IMU
LOCATION,1790414802583,29.6263600,52.4845500,,false,3.70,0.000,source=legacy:gps;speedReason=OK;derived=0.00;locationGapMs=998;callbackGapMs=998;fusion=GPS_IMU
LOCATION,1790414803603,29.6263600,52.4845500,,false,3.70,0.000,source=legacy:gps;speedReason=OK;derived=0.00;locationGapMs=1019;callbackGapMs=1019;fusion=GPS_IMU
LOCATION,1790414804584,29.6263600,52.4845500,,false,3.70,0.000,source=legacy:gps;speedReason=OK;derived=0.00;locationGapMs=981;callbackGapMs=981;fusion=GPS_IMU
LOCATION,1790414805588,29.6263600,52.4845500,,false,3.70,0.000,source=legacy:gps;speedReason=OK;derived=0.00;locationGapMs=1004;callbackGapMs=1004;fusion=GPS_IMU
LOCATION,1790414806600,29.6263600,52.4845500,,false,3.70,0.000,source=legacy:gps;speedReason=OK;derived=0.00;locationGapMs=1012;callbackGapMs=1012;fusion=GPS_IMU
LOCATION,1790414807607,29.6263600,52.4845500,,false,3.80,0.000,source=legacy:gps;speedReason=OK;derived=0.00;locationGapMs=1007;callbackGapMs=1007;fusion=GPS_IMU
LOCATION,1790414808613,29.6263600,52.4845500,,false,3.90,0.000,source=legacy:gps;speedReason=OK;derived=0.00;locationGapMs=1006;callbackGapMs=1006;fusion=GPS_IMU
LOCATION,1790414809606,29.6263600,52.4845500,,false,4.00,0.000,source=legacy:gps;speedReason=OK;derived=0.00;locationGapMs=993;callbackGapMs=993;fusion=GPS_IMU
LOCATION,1790414810612,29.6263600,52.4845500,,false,4.00,0.000,source=legacy:gps;speedReason=OK;derived=0.00;locationGapMs=1006;callbackGapMs=1006;fusion=GPS_IMU
LOCATION,1790414811602,29.6263600,52.4845500,,false,4.00,0.000,source=legacy:gps;speedReason=OK;derived=0.00;locationGapMs=990;callbackGapMs=990;fusion=GPS_IMU
LOCATION,1790414812595,29.6263600,52.4845500,,false,4.00,0.000,source=legacy:gps;speedReason=OK;derived=0.00;locationGapMs=993;callbackGapMs=993;fusion=GPS_IMU
LOCATION,1790414813613,29.6263600,52.4845500,,false,3.90,0.000,source=legacy:gps;speedReason=OK;derived=0.00;locationGapMs=1018;callbackGapMs=1018;fusion=GPS_IMU
LOCATION,1790414814607,29.6264000,52.4845617,,false,3.90,0.000,source=legacy:gps;speedReason=OK;derived=0.00;locationGapMs=994;callbackGapMs=994;fusion=GPS_IMU
LOCATION,1790414815669,29.6264083,52.4845600,,false,4.00,0.000,source=legacy:gps;speedReason=OK;derived=3.18;locationGapMs=1062;callbackGapMs=1062;fusion=GPS_IMU
LOCATION,1790414816595,29.6264083,52.4845583,,false,4.00,0.000,source=legacy:gps;speedReason=OK;derived=3.18;locationGapMs=926;callbackGapMs=926;fusion=GPS_IMU
LOCATION,1790414817602,29.6264100,52.4845333,,false,3.90,0.000,source=legacy:gps;speedReason=OK;derived=3.18;locationGapMs=1007;callbackGapMs=1007;fusion=GPS_IMU
LOCATION,1790414818590,29.6264100,52.4845333,,false,4.00,0.000,source=legacy:gps;speedReason=OK;derived=0.63;locationGapMs=988;callbackGapMs=988;fusion=GPS_IMU
LOCATION,1790414819597,29.6264100,52.4845333,,false,4.10,0.000,source=legacy:gps;speedReason=OK;derived=0.00;locationGapMs=1007;callbackGapMs=1007;fusion=GPS_IMU
LOCATION,1790414820606,29.6264100,52.4845333,,false,4.20,0.000,source=legacy:gps;speedReason=OK;derived=0.00;locationGapMs=1009;callbackGapMs=1009;fusion=GPS_IMU
LOCATION,1790414821589,29.6264100,52.4845333,,false,4.30,0.000,source=legacy:gps;speedReason=OK;derived=0.00;locationGapMs=983;callbackGapMs=983;fusion=GPS_IMU
LOCATION,1790414822584,29.6264367,52.4846150,,false,4.30,0.000,source=legacy:gps;speedReason=OK;derived=0.00;locationGapMs=995;callbackGapMs=995;fusion=GPS_IMU
LOCATION,1790414823610,29.6264283,52.4846367,,false,4.20,0.376,source=legacy:gps;speedReason=OK;derived=8.04;locationGapMs=1026;callbackGapMs=1026;fusion=GPS_IMU
LOCATION,1790414824606,29.6264533,52.4846667,71.140,true,4.30,0.728,source=legacy:gps;speedReason=OK;derived=14.63;locationGapMs=988;callbackGapMs=988;fusion=GPS_IMU
LOCATION,1790414825608,29.6264517,52.4846733,73.530,true,4.20,1.793,source=legacy:gps;speedReason=OK;derived=8.04;locationGapMs=1005;callbackGapMs=1005;fusion=GPS_IMU
LOCATION,1790414826595,29.6264483,52.4846650,73.530,true,4.10,1.956,source=legacy:gps;speedReason=OK;derived=3.23;locationGapMs=989;callbackGapMs=989;fusion=GPS_IMU
LOCATION,1790414827604,29.6264567,52.4846667,73.530,true,4.00,3.241,source=legacy:gps;speedReason=OK;derived=3.23;locationGapMs=1007;callbackGapMs=1007;fusion=GPS_IMU
LOCATION_ONLY,1790414827728,29.6262731,52.4842278,73.530,true,38.71,3.295,source=legacy:network;speedReason=NO_SPEED;derived=;locationGapMs=126;callbackGapMs=126;fusion=GPS_IMU
LOCATION,1790414828610,29.6264517,52.4846500,73.530,true,3.90,3.632,source=legacy:gps;speedReason=OK;derived=186.26;locationGapMs=878;callbackGapMs=878;fusion=GPS_IMU
LOCATION,1790414829609,29.6264567,52.4846517,73.530,true,3.90,0.000,source=legacy:gps;speedReason=OK;derived=186.26;locationGapMs=1001;callbackGapMs=1001;fusion=GPS_IMU
LOCATION,1790414830607,29.6264633,52.4846533,73.530,true,3.90,0.000,source=legacy:gps;speedReason=OK;derived=2.73;locationGapMs=999;callbackGapMs=999;fusion=GPS_IMU
LOCATION,1790414831647,29.6264633,52.4846533,73.530,true,3.90,0.000,source=legacy:gps;speedReason=OK;derived=2.08;locationGapMs=1041;callbackGapMs=1041;fusion=GPS_IMU
LOCATION,1790414832597,29.6264633,52.4846533,73.530,true,3.90,0.000,source=legacy:gps;speedReason=OK;derived=0.00;locationGapMs=949;callbackGapMs=949;fusion=GPS_IMU
LOCATION,1790414833606,29.6264633,52.4846533,73.530,true,3.90,0.000,source=legacy:gps;speedReason=OK;derived=0.00;locationGapMs=1006;callbackGapMs=1006;fusion=GPS_IMU
LOCATION,1790414834595,29.6264633,52.4846533,,false,4.00,0.000,source=legacy:gps;speedReason=OK;derived=0.00;locationGapMs=996;callbackGapMs=996;fusion=GPS_IMU
LOCATION,1790414835604,29.6264633,52.4847250,,false,4.00,0.000,source=legacy:gps;speedReason=OK;derived=0.00;locationGapMs=1009;callbackGapMs=1009;fusion=GPS_IMU
LOCATION,1790414836603,29.6264617,52.4847483,,false,4.00,0.481,source=legacy:gps;speedReason=OK;derived=8.18;locationGapMs=998;callbackGapMs=998;fusion=GPS_IMU
LOCATION,1790414837594,29.6264233,52.4847483,,false,4.00,0.893,source=legacy:gps;speedReason=OK;derived=15.42;locationGapMs=992;callbackGapMs=992;fusion=GPS_IMU
LOCATION,1790414838599,29.6263900,52.4847517,,false,4.00,1.235,source=legacy:gps;speedReason=OK;derived=13.29;locationGapMs=1005;callbackGapMs=1005;fusion=GPS_IMU
LOCATION,1790414839596,29.6263850,52.4847750,73.530,true,4.10,1.534,source=legacy:gps;speedReason=OK;derived=13.29;locationGapMs=992;callbackGapMs=992;fusion=GPS_IMU
LOCATION,1790414840592,29.6263967,52.4848067,104.320,true,4.20,7.868,source=legacy:gps;speedReason=OK;derived=12.02;locationGapMs=997;callbackGapMs=997;fusion=GPS_IMU
LOCATION,1790414841603,29.6263933,52.4848383,103.640,true,4.30,9.974,source=legacy:gps;speedReason=OK;derived=10.99;locationGapMs=1012;callbackGapMs=1012;fusion=GPS_IMU
LOCATION_ONLY,1790414842522,29.6259735,52.4848797,103.640,true,36.96,12.708,source=legacy:network;speedReason=NO_SPEED;derived=12.02;locationGapMs=921;callbackGapMs=921;fusion=GPS_IMU
LOCATION,1790414842657,29.6263267,52.4848967,114.590,true,4.00,10.917,source=legacy:gps;speedReason=OK;derived=;locationGapMs=135;callbackGapMs=135;fusion=GPS_IMU
LOCATION,1790414843570,29.6262367,52.4849467,124.250,true,4.00,12.175,source=legacy:gps;speedReason=OK;derived=43.73;locationGapMs=913;callbackGapMs=913;fusion=GPS_IMU
LOCATION,1790414844575,29.6261667,52.4849617,129.070,true,4.00,13.537,source=legacy:gps;speedReason=OK;derived=43.73;locationGapMs=1004;callbackGapMs=1004;fusion=GPS_IMU
LOCATION,1790414845575,29.6260483,52.4849733,148.150,true,4.00,14.765,source=legacy:gps;speedReason=OK;derived=43.73;locationGapMs=1000;callbackGapMs=1000;fusion=GPS_IMU
LOCATION,1790414846615,29.6259183,52.4850083,157.160,true,3.90,13.060,source=legacy:gps;speedReason=OK;derived=47.40;locationGapMs=1037;callbackGapMs=1037;fusion=GPS_IMU
LOCATION,1790414847597,29.6257817,52.4850050,164.750,true,3.50,13.781,source=legacy:gps;speedReason=OK;derived=51.39;locationGapMs=983;callbackGapMs=983;fusion=GPS_IMU
LOCATION,1790414848613,29.6256950,52.4849967,168.160,true,3.20,13.621,source=legacy:gps;speedReason=OK;derived=51.39;locationGapMs=1011;callbackGapMs=1011;fusion=GPS_IMU
LOCATION_ONLY,1790414849404,29.6254438,52.4850036,178.619,true,30.47,15.525,source=legacy:network;speedReason=NO_SPEED;derived=55.49;locationGapMs=796;callbackGapMs=796;fusion=GPS_IMU
LOCATION,1790414849613,29.6255983,52.4849867,176.340,true,2.90,17.324,source=legacy:gps;speedReason=OK;derived=;locationGapMs=209;callbackGapMs=209;fusion=GPS_IMU
LOCATION,1790414850621,29.6255083,52.4849417,198.340,true,2.70,19.213,source=legacy:gps;speedReason=OK;derived=38.96;locationGapMs=1006;callbackGapMs=1006;fusion=GPS_IMU
LOCATION,1790414851617,29.6254550,52.4848750,221.150,true,2.50,21.096,source=legacy:gps;speedReason=OK;derived=38.96;locationGapMs=998;callbackGapMs=998;fusion=GPS_IMU
LOCATION,1790414852604,29.6254033,52.4848017,225.090,true,2.30,22.782,source=legacy:gps;speedReason=OK;derived=33.24;locationGapMs=988;callbackGapMs=988;fusion=GPS_IMU
LOCATION,1790414853606,29.6253500,52.4847383,226.580,true,2.20,25.185,source=legacy:gps;speedReason=OK;derived=31.58;locationGapMs=999;callbackGapMs=999;fusion=GPS_IMU
LOCATION,1790414854687,29.6252950,52.4846667,227.400,true,2.10,27.569,source=legacy:gps;speedReason=OK;derived=30.91;locationGapMs=1076;callbackGapMs=1076;fusion=GPS_IMU
LOCATION,1790414855595,29.6252367,52.4845900,228.190,true,2.10,29.136,source=legacy:gps;speedReason=OK;derived=30.91;locationGapMs=918;callbackGapMs=918;fusion=GPS_IMU
LOCATION,1790414856643,29.6251733,52.4845233,224.520,true,2.00,30.696,source=legacy:gps;speedReason=OK;derived=32.95;locationGapMs=1042;callbackGapMs=1042;fusion=GPS_IMU
LOCATION,1790414857580,29.6251117,52.4844617,223.820,true,1.90,31.747,source=legacy:gps;speedReason=OK;derived=34.69;locationGapMs=942;callbackGapMs=942;fusion=GPS_IMU
LOCATION,1790414858611,29.6250550,52.4844033,225.410,true,1.90,31.898,source=legacy:gps;speedReason=OK;derived=32.95;locationGapMs=1028;callbackGapMs=1028;fusion=GPS_IMU
LOCATION,1790414859572,29.6250050,52.4843533,225.540,true,1.90,31.322,source=legacy:gps;speedReason=OK;derived=29.58;locationGapMs=965;callbackGapMs=965;fusion=GPS_IMU
LOCATION,1790414860609,29.6249600,52.4843017,227.190,true,1.90,29.630,source=legacy:gps;speedReason=OK;derived=27.46;locationGapMs=1034;callbackGapMs=1034;fusion=GPS_IMU
LOCATION,1790414861617,29.6249150,52.4842483,223.290,true,1.90,28.313,source=legacy:gps;speedReason=OK;derived=25.75;locationGapMs=1004;callbackGapMs=1004;fusion=GPS_IMU
LOCATION,1790414862618,29.6248667,52.4841950,223.270,true,1.90,27.897,source=legacy:gps;speedReason=OK;derived=25.75;locationGapMs=1005;callbackGapMs=1005;fusion=GPS_IMU
LOCATION,1790414863616,29.6248167,52.4841400,226.710,true,1.90,27.856,source=legacy:gps;speedReason=OK;derived=26.66;locationGapMs=998;callbackGapMs=998;fusion=GPS_IMU
LOCATION,1790414864620,29.6247667,52.4840783,227.700,true,1.90,28.970,source=legacy:gps;speedReason=OK;derived=27.73;locationGapMs=1004;callbackGapMs=1004;fusion=GPS_IMU
LOCATION,1790414865675,29.6247167,52.4840117,227.560,true,1.90,29.871,source=legacy:gps;speedReason=OK;derived=29.09;locationGapMs=1053;callbackGapMs=1053;fusion=GPS_IMU
LOCATION,1790414866625,29.6246617,52.4839450,226.350,true,1.90,30.312,source=legacy:gps;speedReason=OK;derived=29.21;locationGapMs=947;callbackGapMs=947;fusion=GPS_IMU
LOCATION,1790414867608,29.6246050,52.4838783,225.990,true,1.90,31.570,source=legacy:gps;speedReason=OK;derived=33.02;locationGapMs=982;callbackGapMs=982;fusion=GPS_IMU
LOCATION,1790414868624,29.6245500,52.4838117,225.750,true,1.80,32.214,source=legacy:gps;speedReason=OK;derived=33.02;locationGapMs=1021;callbackGapMs=1021;fusion=GPS_IMU
LOCATION,1790414869616,29.6244967,52.4837467,227.570,true,1.80,32.522,source=legacy:gps;speedReason=OK;derived=31.34;locationGapMs=992;callbackGapMs=992;fusion=GPS_IMU
LOCATION_ONLY,1790414870037,29.6247753,52.4840317,227.570,true,60.00,32.973,source=legacy:network;speedReason=NO_SPEED;derived=;locationGapMs=423;callbackGapMs=423;fusion=GPS_IMU
LOCATION,1790414870631,29.6244467,52.4836750,227.390,true,1.80,32.287,source=legacy:gps;speedReason=OK;derived=;locationGapMs=590;callbackGapMs=590;fusion=GPS_IMU
LOCATION,1790414871674,29.6243917,52.4836100,227.230,true,1.90,32.042,source=legacy:gps;speedReason=OK;derived=31.31;locationGapMs=1047;callbackGapMs=1047;fusion=GPS_IMU
LOCATION,1790414872607,29.6243383,52.4835450,222.940,true,1.90,31.623,source=legacy:gps;speedReason=OK;derived=31.34;locationGapMs=930;callbackGapMs=930;fusion=GPS_IMU
LOCATION,1790414873624,29.6242833,52.4834850,223.050,true,2.00,30.879,source=legacy:gps;speedReason=OK;derived=30.13;locationGapMs=1018;callbackGapMs=1018;fusion=GPS_IMU
LOCATION,1790414874616,29.6242300,52.4834233,226.730,true,2.10,30.915,source=legacy:gps;speedReason=OK;derived=30.53;locationGapMs=991;callbackGapMs=991;fusion=GPS_IMU
LOCATION,1790414875611,29.6241817,52.4833650,225.880,true,2.20,30.565,source=legacy:gps;speedReason=OK;derived=29.78;locationGapMs=993;callbackGapMs=993;fusion=GPS_IMU
LOCATION,1790414876615,29.6241333,52.4833117,226.120,true,2.30,29.902,source=legacy:gps;speedReason=OK;derived=28.23;locationGapMs=1008;callbackGapMs=1008;fusion=GPS_IMU
LOCATION,1790414877682,29.6240850,52.4832633,226.950,true,2.30,28.902,source=legacy:gps;speedReason=OK;derived=26.58;locationGapMs=1066;callbackGapMs=1066;fusion=GPS_IMU
LOCATION,1790414878618,29.6240350,52.4832117,223.890,true,2.20,27.676,source=legacy:gps;speedReason=OK;derived=26.58;locationGapMs=936;callbackGapMs=936;fusion=GPS_IMU
LOCATION,1790414879619,29.6239817,52.4831533,226.060,true,2.10,27.045,source=legacy:gps;speedReason=OK;derived=28.72;locationGapMs=1001;callbackGapMs=1001;fusion=GPS_IMU
LOCATION,1790414880615,29.6239333,52.4830983,225.690,true,2.10,26.572,source=legacy:gps;speedReason=OK;derived=28.72;locationGapMs=996;callbackGapMs=996;fusion=GPS_IMU
LOCATION,1790414881612,29.6238883,52.4830350,223.490,true,2.20,26.186,source=legacy:gps;speedReason=OK;derived=28.52;locationGapMs=998;callbackGapMs=998;fusion=GPS_IMU
LOCATION,1790414882610,29.6238450,52.4829533,227.640,true,2.10,26.733,source=legacy:gps;speedReason=OK;derived=28.52;locationGapMs=996;callbackGapMs=996;fusion=GPS_IMU
LOCATION,1790414883685,29.6237967,52.4828850,228.240,true,2.10,28.163,source=legacy:gps;speedReason=OK;derived=28.52;locationGapMs=1077;callbackGapMs=1077;fusion=GPS_IMU
LOCATION,1790414884622,29.6237500,52.4828133,228.950,true,2.00,29.246,source=legacy:gps;speedReason=OK;derived=33.26;locationGapMs=937;callbackGapMs=937;fusion=GPS_IMU
LOCATION,1790414885623,29.6237050,52.4827417,228.990,true,2.00,29.834,source=legacy:gps;speedReason=OK;derived=30.74;locationGapMs=1001;callbackGapMs=1001;fusion=GPS_IMU
LOCATION,1790414886628,29.6236600,52.4826733,226.880,true,2.00,29.898,source=legacy:gps;speedReason=OK;derived=30.74;locationGapMs=1001;callbackGapMs=1001;fusion=GPS_IMU
LOCATION,1790414887623,29.6236200,52.4826100,226.180,true,2.00,28.793,source=legacy:gps;speedReason=OK;derived=29.80;locationGapMs=997;callbackGapMs=997;fusion=GPS_IMU
LOCATION,1790414888609,29.6235767,52.4825600,226.730,true,1.90,27.729,source=legacy:gps;speedReason=OK;derived=27.33;locationGapMs=983;callbackGapMs=983;fusion=GPS_IMU
LOCATION,1790414889632,29.6235383,52.4825167,225.480,true,1.90,25.140,source=legacy:gps;speedReason=OK;derived=24.98;locationGapMs=1022;callbackGapMs=1022;fusion=GPS_IMU
LOCATION,1790414890577,29.6235033,52.4824850,223.860,true,1.90,21.806,source=legacy:gps;speedReason=OK;derived=21.04;locationGapMs=953;callbackGapMs=953;fusion=GPS_IMU
LOCATION,1790414891606,29.6234800,52.4824650,228.420,true,1.80,19.045,source=legacy:gps;speedReason=OK;derived=18.68;locationGapMs=1028;callbackGapMs=1028;fusion=GPS_IMU
LOCATION,1790414892612,29.6234700,52.4824417,242.890,true,1.70,15.047,source=legacy:gps;speedReason=OK;derived=11.32;locationGapMs=1004;callbackGapMs=1004;fusion=GPS_IMU
LOCATION,1790414893618,29.6234667,52.4824283,242.890,true,1.70,10.326,source=legacy:gps;speedReason=OK;derived=9.03;locationGapMs=1006;callbackGapMs=1006;fusion=GPS_IMU
LOCATION,1790414894615,29.6234650,52.4824167,242.890,true,1.60,5.592,source=legacy:gps;speedReason=OK;derived=4.81;locationGapMs=999;callbackGapMs=999;fusion=GPS_IMU
LOCATION,1790414895614,29.6234650,52.4824050,295.470,true,1.60,3.673,source=legacy:gps;speedReason=OK;derived=4.13;locationGapMs=997;callbackGapMs=997;fusion=GPS_IMU
LOCATION,1790414896661,29.6234717,52.4823817,303.810,true,1.60,4.575,source=legacy:gps;speedReason=OK;derived=4.13;locationGapMs=1049;callbackGapMs=1049;fusion=GPS_IMU
LOCATION,1790414897602,29.6234933,52.4823483,312.710,true,1.70,8.251,source=legacy:gps;speedReason=OK;derived=8.16;locationGapMs=942;callbackGapMs=942;fusion=GPS_IMU
LOCATION,1790414898578,29.6235200,52.4823133,315.210,true,1.70,12.312,source=legacy:gps;speedReason=OK;derived=15.38;locationGapMs=976;callbackGapMs=976;fusion=GPS_IMU
LOCATION,1790414899593,29.6235467,52.4822767,312.270,true,1.80,14.069,source=legacy:gps;speedReason=OK;derived=16.37;locationGapMs=1016;callbackGapMs=1016;fusion=GPS_IMU
LOCATION,1790414900591,29.6235683,52.4822433,309.390,true,1.80,14.508,source=legacy:gps;speedReason=OK;derived=16.37;locationGapMs=997;callbackGapMs=997;fusion=GPS_IMU
LOCATION,1790414901588,29.6235867,52.4822200,304.770,true,1.80,14.040,source=legacy:gps;speedReason=OK;derived=14.53;locationGapMs=996;callbackGapMs=996;fusion=GPS_IMU
LOCATION,1790414902588,29.6236000,52.4822000,306.720,true,1.80,12.874,source=legacy:gps;speedReason=OK;derived=10.98;locationGapMs=1001;callbackGapMs=1001;fusion=GPS_IMU
LOCATION,1790414903585,29.6236133,52.4821850,309.510,true,1.80,11.030,source=legacy:gps;speedReason=OK;derived=8.76;locationGapMs=997;callbackGapMs=997;fusion=GPS_IMU
LOCATION,1790414904615,29.6236300,52.4821683,314.700,true,1.80,9.694,source=legacy:gps;speedReason=OK;derived=8.60;locationGapMs=1027;callbackGapMs=1027;fusion=GPS_IMU
LOCATION,1790414905629,29.6236533,52.4821400,309.000,true,3.00,10.539,source=fused:fused;speedReason=OK;derived=8.60;locationGapMs=1016;callbackGapMs=1016;fusion=GPS_IMU
LOCATION,1790414906622,29.6236817,52.4821050,310.000,true,2.99,11.751,source=fused:fused;speedReason=OK;derived=13.35;locationGapMs=994;callbackGapMs=994;fusion=GPS_IMU
LOCATION,1790414907622,29.6237167,52.4820600,312.000,true,2.97,14.674,source=fused:fused;speedReason=OK;derived=16.75;locationGapMs=998;callbackGapMs=998;fusion=GPS_IMU
LOCATION,1790414908593,29.6237567,52.4820133,316.000,true,2.94,18.114,source=fused:fused;speedReason=OK;derived=21.05;locationGapMs=972;callbackGapMs=972;fusion=GPS_IMU
LOCATION,1790414909632,29.6238000,52.4819700,316.000,true,2.90,20.336,source=fused:fused;speedReason=OK;derived=22.13;locationGapMs=1037;callbackGapMs=1037;fusion=GPS_IMU
LOCATION,1790414910624,29.6238433,52.4819267,318.000,true,1.67,22.152,source=fused:fused;speedReason=OK;derived=23.13;locationGapMs=992;callbackGapMs=992;fusion=GPS_IMU
LOCATION,1790414911629,29.6238850,52.4818883,317.000,true,1.62,23.049,source=fused:fused;speedReason=OK;derived=22.13;locationGapMs=1005;callbackGapMs=1005;fusion=GPS_IMU
LOCATION,1790414912719,29.6239167,52.4818567,318.000,true,1.58,21.163,source=fused:fused;speedReason=OK;derived=21.25;locationGapMs=1087;callbackGapMs=1087;fusion=GPS_IMU
LOCATION,1790414913639,29.6239383,52.4818333,313.000,true,1.56,18.290,source=fused:fused;speedReason=OK;derived=15.43;locationGapMs=924;callbackGapMs=924;fusion=GPS_IMU
LOCATION,1790414914621,29.6239533,52.4818183,315.000,true,1.57,14.402,source=fused:fused;speedReason=OK;derived=12.84;locationGapMs=983;callbackGapMs=983;fusion=GPS_IMU
LOCATION,1790414915632,29.6239650,52.4818067,314.000,true,1.56,10.810,source=fused:fused;speedReason=OK;derived=8.09;locationGapMs=1011;callbackGapMs=1011;fusion=GPS_IMU
LOCATION,1790414916629,29.6239750,52.4817983,322.000,true,1.56,8.413,source=fused:fused;speedReason=OK;derived=6.11;locationGapMs=996;callbackGapMs=996;fusion=GPS_IMU
LOCATION,1790414917621,29.6239900,52.4817833,317.000,true,1.57,7.348,source=fused:fused;speedReason=OK;derived=6.11;locationGapMs=993;callbackGapMs=993;fusion=GPS_IMU
LOCATION,1790414918630,29.6240050,52.4817667,312.000,true,1.60,7.900,source=fused:fused;speedReason=OK;derived=8.00;locationGapMs=1008;callbackGapMs=1008;fusion=GPS_IMU
LOCATION,1790414919622,29.6240200,52.4817467,314.000,true,1.60,7.830,source=fused:fused;speedReason=OK;derived=8.26;locationGapMs=993;callbackGapMs=993;fusion=GPS_IMU
LOCATION,1790414920630,29.6240400,52.4817250,317.000,true,1.60,9.018,source=fused:fused;speedReason=OK;derived=9.25;locationGapMs=1008;callbackGapMs=1008;fusion=GPS_IMU
LOCATION,1790414921633,29.6240567,52.4817033,314.000,true,1.60,9.490,source=fused:fused;speedReason=OK;derived=10.07;locationGapMs=1001;callbackGapMs=1001;fusion=GPS_IMU
LOCATION,1790414922633,29.6240683,52.4816850,316.000,true,1.60,8.697,source=fused:fused;speedReason=OK;derived=10.07;locationGapMs=1001;callbackGapMs=1001;fusion=GPS_IMU
LOCATION,1790414923693,29.6240833,52.4816633,316.000,true,1.60,8.267,source=fused:fused;speedReason=OK;derived=9.10;locationGapMs=1060;callbackGapMs=1060;fusion=GPS_IMU
LOCATION,1790414924617,29.6241050,52.4816367,316.000,true,1.60,9.198,source=fused:fused;speedReason=OK;derived=9.10;locationGapMs=926;callbackGapMs=926;fusion=GPS_IMU
LOCATION,1790414925614,29.6241350,52.4816000,316.000,true,1.60,12.151,source=fused:fused;speedReason=OK;derived=13.70;locationGapMs=995;callbackGapMs=995;fusion=GPS_IMU
LOCATION,1790414926639,29.6241717,52.4815550,316.000,true,4.51,16.554,source=fused:fused;speedReason=OK;derived=17.61;locationGapMs=1025;callbackGapMs=1025;fusion=GPS_IMU
LOCATION,1790414927635,29.6242100,52.4815133,317.000,true,4.51,19.188,source=fused:fused;speedReason=OK;derived=20.94;locationGapMs=994;callbackGapMs=994;fusion=GPS_IMU
LOCATION,1790414928595,29.6242467,52.4814717,315.000,true,4.08,20.474,source=fused:fused;speedReason=OK;derived=21.22;locationGapMs=963;callbackGapMs=963;fusion=GPS_IMU
LOCATION,1790414929610,29.6242783,52.4814350,314.000,true,4.07,19.973,source=fused:fused;speedReason=OK;derived=21.22;locationGapMs=1014;callbackGapMs=1014;fusion=GPS_IMU
LOCATION,1790414930642,29.6243017,52.4814067,316.000,true,4.47,18.366,source=fused:fused;speedReason=OK;derived=17.72;locationGapMs=1031;callbackGapMs=1031;fusion=GPS_IMU
LOCATION,1790414931624,29.6243200,52.4813867,315.000,true,1.52,14.132,source=fused:fused;speedReason=OK;derived=13.18;locationGapMs=983;callbackGapMs=983;fusion=GPS_IMU
LOCATION,1790414932618,29.6243350,52.4813667,313.000,true,1.52,11.873,source=fused:fused;speedReason=OK;derived=10.27;locationGapMs=994;callbackGapMs=994;fusion=GPS_IMU
LOCATION,1790414933621,29.6243483,52.4813533,318.000,true,2.23,9.897,source=fused:fused;speedReason=OK;derived=9.25;locationGapMs=1003;callbackGapMs=1003;fusion=GPS_IMU
LOCATION,1790414934666,29.6243617,52.4813417,315.000,true,2.23,8.517,source=fused:fused;speedReason=OK;derived=7.05;locationGapMs=1045;callbackGapMs=1045;fusion=GPS_IMU
LOCATION,1790414935636,29.6243733,52.4813300,312.000,true,2.23,7.652,source=fused:fused;speedReason=OK;derived=6.42;locationGapMs=966;callbackGapMs=966;fusion=GPS_IMU
LOCATION,1790414936631,29.6243867,52.4813150,314.000,true,2.23,7.040,source=fused:fused;speedReason=OK;derived=6.42;locationGapMs=998;callbackGapMs=998;fusion=GPS_IMU
LOCATION,1790414937636,29.6244050,52.4812933,313.000,true,2.23,7.896,source=fused:fused;speedReason=OK;derived=7.49;locationGapMs=1005;callbackGapMs=1005;fusion=GPS_IMU
LOCATION,1790414938634,29.6244283,52.4812667,315.000,true,1.50,10.702,source=fused:fused;speedReason=OK;derived=10.46;locationGapMs=999;callbackGapMs=999;fusion=GPS_IMU
LOCATION,1790414939626,29.6244533,52.4812367,314.000,true,1.50,12.532,source=fused:fused;speedReason=OK;derived=13.15;locationGapMs=992;callbackGapMs=992;fusion=GPS_IMU
LOCATION,1790414940624,29.6244800,52.4812067,315.000,true,1.50,13.611,source=fused:fused;speedReason=OK;derived=14.57;locationGapMs=998;callbackGapMs=998;fusion=GPS_IMU
LOCATION,1790414941622,29.6245067,52.4811767,316.000,true,1.50,14.346,source=fused:fused;speedReason=OK;derived=14.96;locationGapMs=997;callbackGapMs=997;fusion=GPS_IMU
LOCATION,1790414942630,29.6245333,52.4811450,314.000,true,1.50,14.803,source=fused:fused;speedReason=OK;derived=14.98;locationGapMs=1009;callbackGapMs=1009;fusion=GPS_IMU
LOCATION,1790414943635,29.6245600,52.4811167,317.000,true,2.91,15.143,source=fused:fused;speedReason=OK;derived=14.98;locationGapMs=1005;callbackGapMs=1005;fusion=GPS_IMU
LOCATION,1790414944629,29.6245833,52.4810917,316.000,true,3.13,14.420,source=fused:fused;speedReason=OK;derived=14.45;locationGapMs=993;callbackGapMs=993;fusion=GPS_IMU
LOCATION,1790414945694,29.6246033,52.4810700,318.000,true,3.11,13.103,source=fused:fused;speedReason=OK;derived=12.83;locationGapMs=1064;callbackGapMs=1064;fusion=GPS_IMU
LOCATION,1790414946643,29.6246183,52.4810567,335.000,true,3.10,11.324,source=fused:fused;speedReason=OK;derived=10.34;locationGapMs=949;callbackGapMs=949;fusion=GPS_IMU
LOCATION,1790414947628,29.6246333,52.4810450,322.000,true,3.10,10.346,source=fused:fused;speedReason=OK;derived=7.98;locationGapMs=986;callbackGapMs=986;fusion=GPS_IMU
LOCATION,1790414948632,29.6246567,52.4810250,324.000,true,1.45,10.524,source=fused:fused;speedReason=OK;derived=7.98;locationGapMs=1005;callbackGapMs=1005;fusion=GPS_IMU
LOCATION,1790414949629,29.6246917,52.4809933,321.000,true,1.46,13.213,source=fused:fused;speedReason=OK;derived=11.60;locationGapMs=997;callbackGapMs=997;fusion=GPS_IMU
LOCATION,1790414950645,29.6247317,52.4809583,318.000,true,1.47,17.211,source=fused:fused;speedReason=OK;derived=17.86;locationGapMs=1015;callbackGapMs=1015;fusion=GPS_IMU
LOCATION,1790414951696,29.6247683,52.4809217,317.000,true,1.48,18.742,source=fused:fused;speedReason=OK;derived=18.45;locationGapMs=1051;callbackGapMs=1051;fusion=GPS_IMU
LOCATION,1790414952624,29.6248017,52.4808850,315.000,true,1.52,18.941,source=fused:fused;speedReason=OK;derived=19.80;locationGapMs=929;callbackGapMs=929;fusion=GPS_IMU
LOCATION,1790414953655,29.6248333,52.4808500,313.000,true,1.54,18.503,source=fused:fused;speedReason=OK;derived=18.45;locationGapMs=1029;callbackGapMs=1029;fusion=GPS_IMU
LOCATION,1790414954601,29.6248633,52.4808150,313.000,true,1.55,17.785,source=fused:fused;speedReason=OK;derived=18.01;locationGapMs=949;callbackGapMs=949;fusion=GPS_IMU
LOCATION_ONLY,1790414955470,29.6248633,52.4808150,313.000,true,7.12,17.683,source=fused:fused;speedReason=NO_SPEED;derived=17.05;locationGapMs=867;callbackGapMs=867;fusion=GPS_IMU
LOCATION,1790414956597,29.6249133,52.4807550,310.000,true,6.32,16.303,source=fused:fused;speedReason=OK;derived=18.01;locationGapMs=1129;callbackGapMs=1129;fusion=GPS_IMU
LOCATION,1790414957701,29.6249367,52.4807283,315.000,true,7.10,14.429,source=fused:fused;speedReason=OK;derived=11.95;locationGapMs=1103;callbackGapMs=1103;fusion=GPS_IMU
LOCATION,1790414958634,29.6249617,52.4807017,313.000,true,6.30,13.710,source=fused:fused;speedReason=OK;derived=14.58;locationGapMs=934;callbackGapMs=934;fusion=GPS_IMU
LOCATION,1790414959625,29.6249867,52.4806700,313.000,true,7.07,13.623,source=fused:fused;speedReason=OK;derived=14.58;locationGapMs=990;callbackGapMs=990;fusion=GPS_IMU
LOCATION,1790414960620,29.6250167,52.4806333,314.000,true,1.50,15.535,source=fused:fused;speedReason=OK;derived=15.04;locationGapMs=995;callbackGapMs=995;fusion=GPS_IMU
LOCATION,1790414961639,29.6250467,52.4805967,313.000,true,1.50,16.758,source=fused:fused;speedReason=OK;derived=17.17;locationGapMs=1019;callbackGapMs=1019;fusion=GPS_IMU
LOCATION,1790414962635,29.6250767,52.4805567,313.000,true,1.50,17.626,source=fused:fused;speedReason=OK;derived=17.61;locationGapMs=995;callbackGapMs=995;fusion=GPS_IMU
LOCATION,1790414963710,29.6251067,52.4805183,313.000,true,1.50,18.084,source=fused:fused;speedReason=OK;derived=17.17;locationGapMs=1078;callbackGapMs=1078;fusion=GPS_IMU
LOCATION,1790414964641,29.6251350,52.4804783,315.000,true,1.50,17.546,source=fused:fused;speedReason=OK;derived=18.47;locationGapMs=929;callbackGapMs=929;fusion=GPS_IMU
LOCATION,1790414965618,29.6251650,52.4804433,313.000,true,1.50,17.143,source=fused:fused;speedReason=OK;derived=17.48;locationGapMs=978;callbackGapMs=978;fusion=GPS_IMU
LOCATION,1790414966631,29.6251917,52.4804083,315.000,true,1.50,16.778,source=fused:fused;speedReason=OK;derived=17.48;locationGapMs=1005;callbackGapMs=1005;fusion=GPS_IMU
LOCATION,1790414967628,29.6252217,52.4803783,317.000,true,1.50,16.500,source=fused:fused;speedReason=OK;derived=16.12;locationGapMs=1004;callbackGapMs=1004;fusion=GPS_IMU
LOCATION,1790414968627,29.6252500,52.4803450,315.000,true,1.50,16.038,source=fused:fused;speedReason=OK;derived=16.12;locationGapMs=999;callbackGapMs=999;fusion=GPS_IMU
LOCATION,1790414969641,29.6252767,52.4803117,312.000,true,1.48,15.884,source=fused:fused;speedReason=OK;derived=15.83;locationGapMs=1013;callbackGapMs=1013;fusion=GPS_IMU
LOCATION,1790414970625,29.6253033,52.4802800,315.000,true,1.46,15.805,source=fused:fused;speedReason=OK;derived=15.59;locationGapMs=983;callbackGapMs=983;fusion=GPS_IMU
LOCATION,1790414971636,29.6253300,52.4802500,313.000,true,1.44,15.397,source=fused:fused;speedReason=OK;derived=15.56;locationGapMs=1010;callbackGapMs=1010;fusion=GPS_IMU
LOCATION,1790414972626,29.6253550,52.4802217,318.000,true,1.45,15.082,source=fused:fused;speedReason=OK;derived=14.78;locationGapMs=990;callbackGapMs=990;fusion=GPS_IMU
LOCATION,1790414973627,29.6253833,52.4801933,318.000,true,1.45,14.724,source=fused:fused;speedReason=OK;derived=14.78;locationGapMs=1005;callbackGapMs=1005;fusion=GPS_IMU
LOCATION,1790414974621,29.6254117,52.4801650,318.000,true,1.45,14.615,source=fused:fused;speedReason=OK;derived=14.94;locationGapMs=992;callbackGapMs=992;fusion=GPS_IMU
LOCATION,1790414975609,29.6254417,52.4801317,315.000,true,1.47,15.399,source=fused:fused;speedReason=OK;derived=15.15;locationGapMs=990;callbackGapMs=990;fusion=GPS_IMU
LOCATION,1790414976632,29.6254700,52.4800967,316.000,true,1.50,16.286,source=fused:fused;speedReason=OK;derived=16.27;locationGapMs=1022;callbackGapMs=1022;fusion=GPS_IMU
LOCATION,1790414977638,29.6255017,52.4800617,317.000,true,1.50,16.711,source=fused:fused;speedReason=OK;derived=16.84;locationGapMs=996;callbackGapMs=996;fusion=GPS_IMU
LOCATION,1790414978624,29.6255317,52.4800283,317.000,true,1.50,16.613,source=fused:fused;speedReason=OK;derived=16.77;locationGapMs=996;callbackGapMs=996;fusion=GPS_IMU
LOCATION,1790414979631,29.6255617,52.4799933,313.000,true,1.50,16.522,source=fused:fused;speedReason=OK;derived=17.01;locationGapMs=1005;callbackGapMs=1005;fusion=GPS_IMU
LOCATION,1790414980674,29.6255917,52.4799617,318.000,true,1.50,16.567,source=fused:fused;speedReason=OK;derived=16.77;locationGapMs=1044;callbackGapMs=1044;fusion=GPS_IMU
LOCATION,1790414981634,29.6256233,52.4799250,313.000,true,1.50,16.919,source=fused:fused;speedReason=OK;derived=17.01;locationGapMs=961;callbackGapMs=961;fusion=GPS_IMU
LOCATION,1790414982648,29.6256550,52.4798883,314.000,true,1.50,17.461,source=fused:fused;speedReason=OK;derived=17.94;locationGapMs=1003;callbackGapMs=1003;fusion=GPS_IMU
LOCATION,1790414983622,29.6256850,52.4798450,312.000,true,1.50,17.880,source=fused:fused;speedReason=OK;derived=18.69;locationGapMs=985;callbackGapMs=985;fusion=GPS_IMU
LOCATION,1790414984633,29.6257183,52.4798067,314.000,true,1.50,18.687,source=fused:fused;speedReason=OK;derived=18.61;locationGapMs=1012;callbackGapMs=1012;fusion=GPS_IMU
LOCATION,1790414985632,29.6257517,52.4797683,315.000,true,1.52,18.939,source=fused:fused;speedReason=OK;derived=18.95;locationGapMs=997;callbackGapMs=997;fusion=GPS_IMU
LOCATION,1790414986717,29.6257833,52.4797300,314.000,true,1.52,18.591,source=fused:fused;speedReason=OK;derived=18.61;locationGapMs=1087;callbackGapMs=1087;fusion=GPS_IMU
LOCATION,1790414987635,29.6258100,52.4796967,313.000,true,1.52,18.388,source=fused:fused;speedReason=OK;derived=17.18;locationGapMs=917;callbackGapMs=917;fusion=GPS_IMU
LOCATION_ONLY,1790414988606,29.6258100,52.4796967,313.000,true,7.78,18.290,source=fused:fused;speedReason=NO_SPEED;derived=16.90;locationGapMs=965;callbackGapMs=965;fusion=GPS_IMU
LOCATION,1790414989631,29.6258583,52.4796367,311.000,true,6.88,16.285,source=fused:fused;speedReason=OK;derived=17.18;locationGapMs=1032;callbackGapMs=1032;fusion=GPS_IMU
LOCATION,1790414990637,29.6258850,52.4796083,315.000,true,7.76,15.314,source=fused:fused;speedReason=OK;derived=14.46;locationGapMs=1006;callbackGapMs=1006;fusion=GPS_IMU
LOCATION,1790414991635,29.6259100,52.4795800,314.000,true,7.76,14.946,source=fused:fused;speedReason=OK;derived=14.46;locationGapMs=999;callbackGapMs=999;fusion=GPS_IMU
LOCATION,1790414992639,29.6259350,52.4795517,311.000,true,7.76,14.363,source=fused:fused;speedReason=OK;derived=14.05;locationGapMs=1003;callbackGapMs=1003;fusion=GPS_IMU
LOCATION,1790414993650,29.6259567,52.4795250,315.000,true,1.50,14.016,source=fused:fused;speedReason=OK;derived=13.99;locationGapMs=1000;callbackGapMs=1000;fusion=GPS_IMU
LOCATION,1790414994628,29.6259783,52.4795000,313.000,true,1.50,12.937,source=fused:fused;speedReason=OK;derived=12.71;locationGapMs=988;callbackGapMs=988;fusion=GPS_IMU
LOCATION,1790414995621,29.6260017,52.4794733,314.000,true,1.50,12.467,source=fused:fused;speedReason=OK;derived=12.71;locationGapMs=994;callbackGapMs=994;fusion=GPS_IMU
LOCATION,1790414996629,29.6260267,52.4794417,313.000,true,1.50,12.798,source=fused:fused;speedReason=OK;derived=13.26;locationGapMs=1007;callbackGapMs=1007;fusion=GPS_IMU
LOCATION,1790414997633,29.6260583,52.4794017,315.000,true,1.50,15.011,source=fused:fused;speedReason=OK;derived=14.76;locationGapMs=1005;callbackGapMs=1005;fusion=GPS_IMU
LOCATION,1790414998615,29.6260950,52.4793600,315.000,true,1.50,17.793,source=fused:fused;speedReason=OK;derived=18.71;locationGapMs=980;callbackGapMs=980;fusion=GPS_IMU
LOCATION,1790414999636,29.6261300,52.4793233,317.000,true,1.50,19.006,source=fused:fused;speedReason=OK;derived=18.71;locationGapMs=1017;callbackGapMs=1017;fusion=GPS_IMU
LOCATION,1790415000650,29.6261617,52.4792933,318.000,true,1.50,18.372,source=fused:fused;speedReason=OK;derived=18.63;locationGapMs=1019;callbackGapMs=1019;fusion=GPS_IMU
LOCATION,1790415001637,29.6261900,52.4792633,318.000,true,1.50,17.274,source=fused:fused;speedReason=OK;derived=16.11;locationGapMs=986;callbackGapMs=986;fusion=GPS_IMU
LOCATION,1790415002612,29.6262133,52.4792433,316.000,true,1.50,16.027,source=fused:fused;speedReason=OK;derived=15.61;locationGapMs=977;callbackGapMs=977;fusion=GPS_IMU
LOCATION,1790415003643,29.6262267,52.4792333,316.000,true,1.50,12.431,source=fused:fused;speedReason=OK;derived=11.90;locationGapMs=1029;callbackGapMs=1029;fusion=GPS_IMU
LOCATION,1790415004612,29.6262317,52.4792300,316.000,true,1.50,7.056,source=fused:fused;speedReason=OK;derived=6.20;locationGapMs=973;callbackGapMs=973;fusion=GPS_IMU
LOCATION,1790415005627,29.6262350,52.4792300,316.000,true,1.50,0.000,source=fused:fused;speedReason=OK;derived=2.37;locationGapMs=1005;callbackGapMs=1005;fusion=GPS_IMU
LOCATION,1790415006588,29.6262350,52.4792300,316.000,true,1.50,0.000,source=fused:fused;speedReason=OK;derived=1.31;locationGapMs=969;callbackGapMs=969;fusion=GPS_IMU
LOCATION,1790415007594,29.6262350,52.4792300,316.000,true,1.50,0.000,source=fused:fused;speedReason=OK;derived=0.00;locationGapMs=1007;callbackGapMs=1007;fusion=GPS_IMU
LOCATION,1790415008629,29.6262350,52.4792300,316.000,true,1.50,0.000,source=fused:fused;speedReason=OK;derived=0.00;locationGapMs=1033;callbackGapMs=1033;fusion=GPS_IMU
LOCATION_ONLY,1790415009353,29.6262350,52.4792300,316.000,true,6.08,0.000,source=fused:fused;speedReason=NO_SPEED;derived=0.00;locationGapMs=726;callbackGapMs=726;fusion=GPS_IMU
LOCATION,1790415010594,29.6262350,52.4792300,316.000,true,5.41,0.000,source=fused:fused;speedReason=OK;derived=0.00;locationGapMs=1239;callbackGapMs=1239;fusion=GPS_IMU
LOCATION,1790415011620,29.6262350,52.4792300,,false,6.05,0.000,source=fused:fused;speedReason=OK;derived=0.00;locationGapMs=1030;callbackGapMs=1030;fusion=GPS_IMU
LOCATION,1790415012629,29.6262350,52.4792300,,false,6.03,0.000,source=fused:fused;speedReason=OK;derived=0.00;locationGapMs=1008;callbackGapMs=1008;fusion=GPS_IMU
LOCATION,1790415013650,29.6262350,52.4792300,,false,6.02,0.000,source=fused:fused;speedReason=OK;derived=0.00;locationGapMs=1022;callbackGapMs=1022;fusion=GPS_IMU
LOCATION,1790415014621,29.6262350,52.4792300,,false,1.42,0.000,source=fused:fused;speedReason=OK;derived=0.00;locationGapMs=971;callbackGapMs=971;fusion=GPS_IMU
LOCATION,1790415015613,29.6262350,52.4792300,,false,1.40,0.000,source=fused:fused;speedReason=OK;derived=0.00;locationGapMs=992;callbackGapMs=992;fusion=GPS_IMU
LOCATION,1790415016625,29.6262350,52.4792300,,false,4.28,0.000,source=fused:fused;speedReason=OK;derived=0.00;locationGapMs=1012;callbackGapMs=1012;fusion=GPS_IMU
LOCATION,1790415017631,29.6262350,52.4792300,,false,4.28,0.000,source=fused:fused;speedReason=OK;derived=0.00;locationGapMs=1006;callbackGapMs=1006;fusion=GPS_IMU
LOCATION,1790415018636,29.6262767,52.4792150,316.000,true,3.87,0.000,source=fused:fused;speedReason=OK;derived=0.00;locationGapMs=992;callbackGapMs=992;fusion=GPS_IMU
LOCATION,1790415019621,29.6262867,52.4792050,316.000,true,4.28,2.424,source=fused:fused;speedReason=OK;derived=5.33;locationGapMs=995;callbackGapMs=995;fusion=GPS_IMU
LOCATION,1790415020599,29.6262917,52.4792000,316.000,true,3.87,3.096,source=fused:fused;speedReason=OK;derived=5.33;locationGapMs=980;callbackGapMs=980;fusion=GPS_IMU
LOCATION,1790415021596,29.6262933,52.4791933,316.000,true,1.40,0.000,source=fused:fused;speedReason=OK;derived=2.70;locationGapMs=996;callbackGapMs=996;fusion=GPS_IMU
LOCATION,1790415022581,29.6262967,52.4791867,316.000,true,1.42,0.000,source=fused:fused;speedReason=OK;derived=2.70;locationGapMs=985;callbackGapMs=985;fusion=GPS_IMU
LOCATION,1790415023643,29.6262967,52.4791867,316.000,true,3.20,0.000,source=fused:fused;speedReason=OK;derived=2.43;locationGapMs=1053;callbackGapMs=1053;fusion=GPS_IMU
LOCATION,1790415024695,29.6263117,52.4791633,313.000,true,3.22,0.140,source=fused:fused;speedReason=OK;derived=2.71;locationGapMs=1060;callbackGapMs=1060;fusion=GPS_IMU
LOCATION,1790415025648,29.6263217,52.4791500,312.000,true,3.24,2.664,source=fused:fused;speedReason=OK;derived=6.43;locationGapMs=951;callbackGapMs=951;fusion=GPS_IMU
LOCATION,1790415026633,29.6263350,52.4791333,313.000,true,3.25,3.752,source=fused:fused;speedReason=OK;derived=7.99;locationGapMs=986;callbackGapMs=986;fusion=GPS_IMU
LOCATION,1790415027627,29.6263467,52.4791183,310.000,true,3.25,4.237,source=fused:fused;speedReason=OK;derived=7.05;locationGapMs=994;callbackGapMs=994;fusion=GPS_IMU
LOCATION,1790415028625,29.6263550,52.4791067,310.000,true,1.50,4.589,source=fused:fused;speedReason=OK;derived=7.05;locationGapMs=999;callbackGapMs=999;fusion=GPS_IMU
LOCATION,1790415029622,29.6263633,52.4790950,308.000,true,1.50,4.762,source=fused:fused;speedReason=OK;derived=5.32;locationGapMs=988;callbackGapMs=988;fusion=GPS_IMU
LOCATION,1790415030678,29.6263733,52.4790800,316.000,true,1.50,4.852,source=fused:fused;speedReason=OK;derived=5.32;locationGapMs=1065;callbackGapMs=1065;fusion=GPS_IMU
LOCATION,1790415031611,29.6263867,52.4790633,315.000,true,1.50,4.939,source=fused:fused;speedReason=OK;derived=6.18;locationGapMs=934;callbackGapMs=934;fusion=GPS_IMU
LOCATION,1790415032601,29.6264017,52.4790517,315.000,true,1.52,5.004,source=fused:fused;speedReason=OK;derived=7.30;locationGapMs=990;callbackGapMs=990;fusion=GPS_IMU
LOCATION,1790415033626,29.6264133,52.4790467,315.000,true,1.54,5.013,source=fused:fused;speedReason=OK;derived=7.30;locationGapMs=1023;callbackGapMs=1023;fusion=GPS_IMU
LOCATION,1790415034658,29.6264200,52.4790483,315.000,true,1.56,4.988,source=fused:fused;speedReason=OK;derived=4.84;locationGapMs=1020;callbackGapMs=1020;fusion=GPS_IMU
LOCATION,1790415035625,29.6264183,52.4790483,315.000,true,1.58,0.000,source=fused:fused;speedReason=OK;derived=2.68;locationGapMs=980;callbackGapMs=980;fusion=GPS_IMU
LOCATION,1790415036682,29.6264200,52.4790450,315.000,true,1.60,0.000,source=fused:fused;speedReason=OK;derived=1.26;locationGapMs=1057;callbackGapMs=1057;fusion=GPS_IMU
LOCATION,1790415037625,29.6264200,52.4790450,315.000,true,1.60,0.000,source=fused:fused;speedReason=OK;derived=0.69;locationGapMs=942;callbackGapMs=942;fusion=GPS_IMU
LOCATION,1790415038631,29.6264200,52.4790450,315.000,true,1.60,0.000,source=fused:fused;speedReason=OK;derived=0.00;locationGapMs=1006;callbackGapMs=1006;fusion=GPS_IMU
LOCATION,1790415039637,29.6264467,52.4790133,316.000,true,1.60,0.000,source=fused:fused;speedReason=OK;derived=0.00;locationGapMs=1006;callbackGapMs=1006;fusion=GPS_IMU
LOCATION,1790415040624,29.6264583,52.4789967,317.000,true,1.60,1.806,source=fused:fused;speedReason=OK;derived=7.56;locationGapMs=980;callbackGapMs=980;fusion=GPS_IMU
LOCATION,1790415041630,29.6264700,52.4789767,316.000,true,1.60,3.180,source=fused:fused;speedReason=OK;derived=8.28;locationGapMs=1013;callbackGapMs=1013;fusion=GPS_IMU
LOCATION,1790415042636,29.6264817,52.4789617,321.000,true,1.60,4.016,source=fused:fused;speedReason=OK;derived=7.56;locationGapMs=1004;callbackGapMs=1004;fusion=GPS_IMU
LOCATION,1790415043630,29.6264933,52.4789467,323.000,true,1.60,4.650,source=fused:fused;speedReason=OK;derived=7.01;locationGapMs=997;callbackGapMs=997;fusion=GPS_IMU
LOCATION,1790415044636,29.6265067,52.4789350,323.000,true,1.58,4.888,source=fused:fused;speedReason=OK;derived=6.98;locationGapMs=1005;callbackGapMs=1005;fusion=GPS_IMU
LOCATION,1790415045639,29.6265150,52.4789283,323.000,true,1.56,4.895,source=fused:fused;speedReason=OK;derived=6.69;locationGapMs=994;callbackGapMs=994;fusion=GPS_IMU
LOCATION,1790415046646,29.6265200,52.4789250,323.000,true,1.54,0.000,source=fused:fused;speedReason=OK;derived=4.08;locationGapMs=1016;callbackGapMs=1016;fusion=GPS_IMU
LOCATION,1790415047622,29.6265250,52.4789200,323.000,true,1.52,0.000,source=fused:fused;speedReason=OK;derived=2.71;locationGapMs=976;callbackGapMs=976;fusion=GPS_IMU
LOCATION,1790415048621,29.6265250,52.4789200,323.000,true,1.48,0.000,source=fused:fused;speedReason=OK;derived=2.27;locationGapMs=1001;callbackGapMs=1001;fusion=GPS_IMU
LOCATION,1790415049639,29.6265250,52.4789200,323.000,true,1.54,0.000,source=fused:fused;speedReason=OK;derived=0.00;locationGapMs=1015;callbackGapMs=1015;fusion=GPS_IMU
LOCATION,1790415050688,29.6265250,52.4789200,323.000,true,1.52,0.000,source=fused:fused;speedReason=OK;derived=0.00;locationGapMs=1039;callbackGapMs=1039;fusion=GPS_IMU
LOCATION,1790415051629,29.6265250,52.4789200,,false,1.50,0.000,source=fused:fused;speedReason=OK;derived=0.00;locationGapMs=956;callbackGapMs=956;fusion=GPS_IMU
LOCATION,1790415052629,29.6265250,52.4789200,,false,1.51,0.000,source=fused:fused;speedReason=OK;derived=0.00;locationGapMs=1000;callbackGapMs=1000;fusion=GPS_IMU
LOCATION,1790415053624,29.6265250,52.4789200,,false,1.51,0.000,source=fused:fused;speedReason=OK;derived=0.00;locationGapMs=995;callbackGapMs=995;fusion=GPS_IMU
LOCATION,1790415054621,29.6265250,52.4789200,,false,1.40,0.000,source=fused:fused;speedReason=OK;derived=0.00;locationGapMs=997;callbackGapMs=997;fusion=GPS_IMU
LOCATION_ONLY,1790415055490,29.6265250,52.4789200,,false,7.01,0.000,source=fused:fused;speedReason=NO_SPEED;derived=0.00;locationGapMs=869;callbackGapMs=869;fusion=GPS_IMU
LOCATION,1790415056732,29.6266267,52.4787967,314.000,true,7.05,0.000,source=fused:fused;speedReason=OK;derived=0.00;locationGapMs=1223;callbackGapMs=1223;fusion=GPS_IMU
LOCATION,1790415057656,29.6266583,52.4787550,311.000,true,6.26,5.630,source=fused:fused;speedReason=OK;derived=20.58;locationGapMs=935;callbackGapMs=935;fusion=GPS_IMU
LOCATION,1790415058632,29.6266900,52.4787100,311.000,true,7.08,9.395,source=fused:fused;speedReason=OK;derived=20.59;locationGapMs=979;callbackGapMs=979;fusion=GPS_IMU
LOCATION,1790415059637,29.6267267,52.4786650,314.000,true,7.10,11.594,source=fused:fused;speedReason=OK;derived=20.59;locationGapMs=1006;callbackGapMs=1006;fusion=GPS_IMU
LOCATION,1790415060636,29.6267700,52.4786117,314.000,true,1.50,12.949,source=fused:fused;speedReason=OK;derived=21.33;locationGapMs=998;callbackGapMs=998;fusion=GPS_IMU
LOCATION,1790415061634,29.6268200,52.4785500,314.000,true,1.50,14.019,source=fused:fused;speedReason=OK;derived=25.43;locationGapMs=998;callbackGapMs=998;fusion=GPS_IMU
LOCATION,1790415062630,29.6268783,52.4784767,315.000,true,1.52,15.726,source=fused:fused;speedReason=OK;derived=29.40;locationGapMs=988;callbackGapMs=988;fusion=GPS_IMU
LOCATION,1790415063629,29.6269500,52.4783967,317.000,true,1.52,18.049,source=fused:fused;speedReason=OK;derived=34.98;locationGapMs=1007;callbackGapMs=1007;fusion=GPS_IMU
LOCATION,1790415064625,29.6270267,52.4783117,319.000,true,1.52,21.698,source=fused:fused;speedReason=OK;derived=39.68;locationGapMs=997;callbackGapMs=997;fusion=GPS_IMU
LOCATION,1790415065632,29.6271083,52.4782267,318.000,true,1.52,24.023,source=fused:fused;speedReason=OK;derived=42.73;locationGapMs=1007;callbackGapMs=1007;fusion=GPS_IMU
LOCATION,1790415066638,29.6271883,52.4781417,318.000,true,1.52,25.539,source=fused:fused;speedReason=OK;derived=43.21;locationGapMs=1008;callbackGapMs=1008;fusion=GPS_IMU
LOCATION,1790415067715,29.6272700,52.4780567,319.000,true,1.50,27.626,source=fused:fused;speedReason=OK;derived=43.21;locationGapMs=1062;callbackGapMs=1062;fusion=GPS_IMU
LOCATION,1790415068640,29.6273567,52.4779700,317.000,true,1.48,28.982,source=fused:fused;speedReason=OK;derived=43.21;locationGapMs=936;callbackGapMs=936;fusion=GPS_IMU
LOCATION,1790415069638,29.6274417,52.4778783,316.000,true,1.46,30.581,source=fused:fused;speedReason=OK;derived=46.70;locationGapMs=998;callbackGapMs=998;fusion=GPS_IMU
LOCATION,1790415070640,29.6275233,52.4777900,316.000,true,1.44,31.473,source=fused:fused;speedReason=OK;derived=46.70;locationGapMs=1003;callbackGapMs=1003;fusion=GPS_IMU
LOCATION,1790415071634,29.6275983,52.4777083,316.000,true,1.44,32.304,source=fused:fused;speedReason=OK;derived=44.68;locationGapMs=997;callbackGapMs=997;fusion=GPS_IMU
LOCATION,1790415072636,29.6276683,52.4776367,316.000,true,1.45,32.657,source=fused:fused;speedReason=OK;derived=41.44;locationGapMs=999;callbackGapMs=999;fusion=GPS_IMU
LOCATION,1790415073642,29.6277283,52.4775767,317.000,true,1.45,32.722,source=fused:fused;speedReason=OK;derived=37.50;locationGapMs=996;callbackGapMs=996;fusion=GPS_IMU
LOCATION,1790415074629,29.6277833,52.4775200,316.000,true,1.47,32.539,source=fused:fused;speedReason=OK;derived=31.92;locationGapMs=998;callbackGapMs=998;fusion=GPS_IMU
LOCATION,1790415075638,29.6278417,52.4774617,317.000,true,1.48,32.369,source=fused:fused;speedReason=OK;derived=30.68;locationGapMs=1008;callbackGapMs=1008;fusion=GPS_IMU
LOCATION,1790415076638,29.6279000,52.4773983,316.000,true,1.50,32.318,source=fused:fused;speedReason=OK;derived=30.68;locationGapMs=1000;callbackGapMs=1000;fusion=GPS_IMU
LOCATION,1790415077641,29.6279617,52.4773317,317.000,true,1.50,32.410,source=fused:fused;speedReason=OK;derived=32.09;locationGapMs=1003;callbackGapMs=1003;fusion=GPS_IMU
LOCATION,1790415078723,29.6280267,52.4772667,317.000,true,1.48,32.559,source=fused:fused;speedReason=OK;derived=32.10;locationGapMs=1073;callbackGapMs=1073;fusion=GPS_IMU
LOCATION,1790415079632,29.6280933,52.4772017,318.000,true,1.46,32.665,source=fused:fused;speedReason=OK;derived=33.74;locationGapMs=919;callbackGapMs=919;fusion=GPS_IMU
LOCATION,1790415080623,29.6281550,52.4771383,317.000,true,1.45,32.791,source=fused:fused;speedReason=OK;derived=33.39;locationGapMs=991;callbackGapMs=991;fusion=GPS_IMU
LOCATION,1790415081636,29.6282117,52.4770800,317.000,true,1.42,32.737,source=fused:fused;speedReason=OK;derived=33.39;locationGapMs=1011;callbackGapMs=1011;fusion=GPS_IMU
LOCATION,1790415082635,29.6282600,52.4770217,312.000,true,1.42,32.567,source=fused:fused;speedReason=OK;derived=30.08;locationGapMs=1001;callbackGapMs=1001;fusion=GPS_IMU
LOCATION,1790415083629,29.6283033,52.4769650,312.000,true,1.42,32.221,source=fused:fused;speedReason=OK;derived=27.98;locationGapMs=994;callbackGapMs=994;fusion=GPS_IMU
LOCATION,1790415084715,29.6283483,52.4769050,312.000,true,1.43,31.999,source=fused:fused;speedReason=OK;derived=26.41;locationGapMs=1071;callbackGapMs=1071;fusion=GPS_IMU
LOCATION,1790415085613,29.6283950,52.4768467,311.000,true,1.45,31.772,source=fused:fused;speedReason=OK;derived=26.41;locationGapMs=914;callbackGapMs=914;fusion=GPS_IMU
LOCATION,1790415086637,29.6284400,52.4767867,311.000,true,1.48,31.539,source=fused:fused;speedReason=OK;derived=26.98;locationGapMs=1022;callbackGapMs=1022;fusion=GPS_IMU
LOCATION,1790415087634,29.6284900,52.4767250,313.000,true,1.50,31.326,source=fused:fused;speedReason=OK;derived=29.49;locationGapMs=995;callbackGapMs=995;fusion=GPS_IMU
LOCATION,1790415088638,29.6285433,52.4766617,314.000,true,1.50,31.253,source=fused:fused;speedReason=OK;derived=29.49;locationGapMs=1005;callbackGapMs=1005;fusion=GPS_IMU
LOCATION,1790415089636,29.6286017,52.4765950,314.000,true,1.50,31.289,source=fused:fused;speedReason=OK;derived=30.50;locationGapMs=1000;callbackGapMs=1000;fusion=GPS_IMU
LOCATION,1790415090711,29.6286667,52.4765267,315.000,true,1.50,31.475,source=fused:fused;speedReason=OK;derived=32.92;locationGapMs=1066;callbackGapMs=1066;fusion=GPS_IMU
LOCATION,1790415091619,29.6287350,52.4764533,315.000,true,1.50,31.887,source=fused:fused;speedReason=OK;derived=33.03;locationGapMs=918;callbackGapMs=918;fusion=GPS_IMU
LOCATION,1790415092628,29.6288067,52.4763767,315.000,true,1.50,32.457,source=fused:fused;speedReason=OK;derived=38.90;locationGapMs=1006;callbackGapMs=1006;fusion=GPS_IMU
LOCATION,1790415093619,29.6288817,52.4762950,315.000,true,1.48,33.136,source=fused:fused;speedReason=OK;derived=40.72;locationGapMs=992;callbackGapMs=992;fusion=GPS_IMU
LOCATION,1790415094633,29.6289583,52.4762133,317.000,true,1.47,34.182,source=fused:fused;speedReason=OK;derived=41.16;locationGapMs=1015;callbackGapMs=1015;fusion=GPS_IMU
LOCATION,1790415095635,29.6290350,52.4761367,317.000,true,1.45,35.101,source=fused:fused;speedReason=OK;derived=41.16;locationGapMs=1002;callbackGapMs=1002;fusion=GPS_IMU
LOCATION,1790415096710,29.6291083,52.4760650,318.000,true,1.42,35.693,source=fused:fused;speedReason=OK;derived=40.54;locationGapMs=1065;callbackGapMs=1065;fusion=GPS_IMU
LOCATION,1790415097636,29.6291783,52.4759967,320.000,true,1.40,35.975,source=fused:fused;speedReason=OK;derived=39.26;locationGapMs=935;callbackGapMs=935;fusion=GPS_IMU
LOCATION,1790415098622,29.6292467,52.4759350,320.000,true,1.40,35.969,source=fused:fused;speedReason=OK;derived=36.13;locationGapMs=988;callbackGapMs=988;fusion=GPS_IMU
LOCATION,1790415099628,29.6293150,52.4758817,327.000,true,1.40,35.831,source=fused:fused;speedReason=OK;derived=35.17;locationGapMs=1004;callbackGapMs=1004;fusion=GPS_IMU
LOCATION,1790415100638,29.6293867,52.4758400,334.000,true,1.40,35.733,source=fused:fused;speedReason=OK;derived=32.86;locationGapMs=1011;callbackGapMs=1011;fusion=GPS_IMU
LOCATION,1790415101634,29.6294600,52.4758150,345.000,true,1.42,35.633,source=fused:fused;speedReason=OK;derived=31.74;locationGapMs=995;callbackGapMs=995;fusion=GPS_IMU
LOCATION,1790415102717,29.6295400,52.4758083,356.000,true,1.45,35.554,source=fused:fused;speedReason=OK;derived=30.67;locationGapMs=1070;callbackGapMs=1070;fusion=GPS_IMU
LOCATION,1790415103637,29.6296200,52.4758250,10.000,true,1.52,35.485,source=fused:fused;speedReason=OK;derived=30.67;locationGapMs=933;callbackGapMs=933;fusion=GPS_IMU
LOCATION,1790415104640,29.6297000,52.4758733,27.000,true,1.58,35.410,source=fused:fused;speedReason=OK;derived=34.78;locationGapMs=1003;callbackGapMs=1003;fusion=GPS_IMU
LOCATION,1790415105641,29.6297733,52.4759417,38.000,true,1.64,35.375,source=fused:fused;speedReason=OK;derived=35.98;locationGapMs=1001;callbackGapMs=1001;fusion=GPS_IMU
LOCATION,1790415106634,29.6298250,52.4760300,58.000,true,1.68,35.375,source=fused:fused;speedReason=OK;derived=37.32;locationGapMs=993;callbackGapMs=993;fusion=GPS_IMU
LOCATION,1790415107643,29.6298567,52.4761300,70.000,true,1.70,35.375,source=fused:fused;speedReason=OK;derived=37.32;locationGapMs=1010;callbackGapMs=1010;fusion=GPS_IMU
LOCATION,1790415108708,29.6298700,52.4762350,83.000,true,1.70,35.369,source=fused:fused;speedReason=OK;derived=36.72;locationGapMs=1061;callbackGapMs=1061;fusion=GPS_IMU
LOCATION,1790415109634,29.6298650,52.4763433,94.000,true,1.70,35.363,source=fused:fused;speedReason=OK;derived=36.72;locationGapMs=930;callbackGapMs=930;fusion=GPS_IMU
LOCATION,1790415110637,29.6298383,52.4764533,110.000,true,1.70,35.402,source=fused:fused;speedReason=OK;derived=39.76;locationGapMs=1001;callbackGapMs=1001;fusion=GPS_IMU
LOCATION,1790415111631,29.6297900,52.4765500,123.000,true,1.70,35.450,source=fused:fused;speedReason=OK;derived=39.76;locationGapMs=995;callbackGapMs=995;fusion=GPS_IMU
LOCATION,1790415112621,29.6297233,52.4766283,138.000,true,1.70,35.497,source=fused:fused;speedReason=OK;derived=39.03;locationGapMs=992;callbackGapMs=992;fusion=GPS_IMU
LOCATION,1790415113631,29.6296450,52.4766833,152.000,true,1.68,35.535,source=fused:fused;speedReason=OK;derived=38.43;locationGapMs=1009;callbackGapMs=1009;fusion=GPS_IMU
LOCATION,1790415114692,29.6295600,52.4767167,164.000,true,1.68,35.525,source=fused:fused;speedReason=OK;derived=36.33;locationGapMs=1061;callbackGapMs=1061;fusion=GPS_IMU
LOCATION,1790415115638,29.6294750,52.4767333,169.000,true,1.68,35.506,source=fused:fused;speedReason=OK;derived=36.33;locationGapMs=945;callbackGapMs=945;fusion=GPS_IMU
LOCATION,1790415116641,29.6293883,52.4767217,180.000,true,1.72,35.484,source=fused:fused;speedReason=OK;derived=34.76;locationGapMs=1002;callbackGapMs=1002;fusion=GPS_IMU
LOCATION,1790415117651,29.6293017,52.4766867,193.000,true,1.78,35.461,source=fused:fused;speedReason=OK;derived=36.41;locationGapMs=1000;callbackGapMs=1000;fusion=GPS_IMU
LOCATION,1790415118644,29.6292150,52.4766050,211.000,true,1.88,35.434,source=fused:fused;speedReason=OK;derived=36.65;locationGapMs=1001;callbackGapMs=1001;fusion=GPS_IMU
LOCATION,1790415119641,29.6291267,52.4765000,220.000,true,1.96,35.434,source=fused:fused;speedReason=OK;derived=44.77;locationGapMs=999;callbackGapMs=999;fusion=GPS_IMU
LOCATION,1790415120714,29.6290333,52.4763883,222.000,true,1.97,35.700,source=fused:fused;speedReason=OK;derived=50.38;locationGapMs=1070;callbackGapMs=1070;fusion=GPS_IMU
LOCATION,1790415121634,29.6289400,52.4762833,224.000,true,2.03,35.791,source=fused:fused;speedReason=OK;derived=50.86;locationGapMs=925;callbackGapMs=925;fusion=GPS_IMU
LOCATION,1790415122637,29.6288650,52.4762050,225.000,true,2.10,35.837,source=fused:fused;speedReason=OK;derived=50.38;locationGapMs=1002;callbackGapMs=1002;fusion=GPS_IMU
LOCATION,1790415123637,29.6287433,52.4760517,223.000,true,2.15,35.930,source=fused:fused;speedReason=OK;derived=56.45;locationGapMs=994;callbackGapMs=994;fusion=GPS_IMU
LOCATION,1790415124636,29.6286217,52.4759067,225.000,true,2.17,36.297,source=fused:fused;speedReason=OK;derived=69.72;locationGapMs=1005;callbackGapMs=1005;fusion=GPS_IMU
LOCATION,1790415125636,29.6284983,52.4757567,225.000,true,2.15,37.243,source=fused:fused;speedReason=OK;derived=71.83;locationGapMs=1000;callbackGapMs=1000;fusion=GPS_IMU
LOCATION,1790415126711,29.6283750,52.4756117,225.000,true,2.14,37.946,source=fused:fused;speedReason=OK;derived=69.72;locationGapMs=1072;callbackGapMs=1072;fusion=GPS_IMU
LOCATION,1790415127628,29.6282500,52.4754767,223.000,true,2.08,38.738,source=fused:fused;speedReason=OK;derived=71.83;locationGapMs=920;callbackGapMs=920;fusion=GPS_IMU
LOCATION,1790415128641,29.6281283,52.4753467,223.000,true,1.98,39.800,source=fused:fused;speedReason=OK;derived=65.90;locationGapMs=1008;callbackGapMs=1008;fusion=GPS_IMU
LOCATION,1790415129632,29.6280067,52.4752150,223.000,true,1.88,40.796,source=fused:fused;speedReason=OK;derived=67.07;locationGapMs=996;callbackGapMs=996;fusion=GPS_IMU
LOCATION,1790415130637,29.6278900,52.4750883,221.000,true,1.76,41.395,source=fused:fused;speedReason=OK;derived=65.90;locationGapMs=1004;callbackGapMs=1004;fusion=GPS_IMU
LOCATION,1790415131629,29.6277750,52.4749733,219.000,true,1.75,42.054,source=fused:fused;speedReason=OK;derived=63.93;locationGapMs=993;callbackGapMs=993;fusion=GPS_IMU
LOCATION,1790415132705,29.6276617,52.4748667,217.000,true,1.68,42.698,source=fused:fused;speedReason=OK;derived=61.37;locationGapMs=1077;callbackGapMs=1077;fusion=GPS_IMU
LOCATION,1790415133641,29.6275450,52.4747667,216.000,true,1.66,43.294,source=fused:fused;speedReason=OK;derived=61.37;locationGapMs=931;callbackGapMs=931;fusion=GPS_IMU
LOCATION,1790415134636,29.6274250,52.4746683,213.000,true,1.64,44.103,source=fused:fused;speedReason=OK;derived=58.91;locationGapMs=1000;callbackGapMs=1000;fusion=GPS_IMU
LOCATION,1790415135633,29.6272983,52.4745733,211.000,true,1.62,45.090,source=fused:fused;speedReason=OK;derived=60.68;locationGapMs=996;callbackGapMs=996;fusion=GPS_IMU
LOCATION,1790415136638,29.6271650,52.4744800,208.000,true,1.56,45.999,source=fused:fused;speedReason=OK;derived=60.68;locationGapMs=1005;callbackGapMs=1005;fusion=GPS_IMU
LOCATION,1790415137639,29.6270267,52.4743983,205.000,true,1.55,46.371,source=fused:fused;speedReason=OK;derived=62.04;locationGapMs=1001;callbackGapMs=1001;fusion=GPS_IMU
LOCATION,1790415138715,29.6268867,52.4743233,202.000,true,1.54,46.791,source=fused:fused;speedReason=OK;derived=62.04;locationGapMs=1073;callbackGapMs=1073;fusion=GPS_IMU
LOCATION,1790415139637,29.6267483,52.4742567,200.000,true,1.55,47.093,source=fused:fused;speedReason=OK;derived=62.04;locationGapMs=925;callbackGapMs=925;fusion=GPS_IMU
LOCATION,1790415140631,29.6266117,52.4742000,197.000,true,1.56,47.295,source=fused:fused;speedReason=OK;derived=58.27;locationGapMs=995;callbackGapMs=995;fusion=GPS_IMU
LOCATION,1790415141673,29.6264783,52.4741517,196.000,true,1.58,47.490,source=fused:fused;speedReason=OK;derived=58.27;locationGapMs=1004;callbackGapMs=1004;fusion=GPS_IMU
LOCATION,1790415142621,29.6263550,52.4741117,195.000,true,1.62,47.701,source=fused:fused;speedReason=OK;derived=55.61;locationGapMs=986;callbackGapMs=986;fusion=GPS_IMU
LOCATION,1790415143628,29.6262450,52.4740767,195.000,true,1.65,47.701,source=fused:fused;speedReason=OK;derived=51.87;locationGapMs=1007;callbackGapMs=1007;fusion=GPS_IMU
LOCATION,1790415144710,29.6261450,52.4740433,195.000,true,1.67,47.629,source=fused:fused;speedReason=OK;derived=45.24;locationGapMs=1078;callbackGapMs=1078;fusion=GPS_IMU
LOCATION,1790415145642,29.6260583,52.4740167,193.000,true,1.70,47.328,source=fused:fused;speedReason=OK;derived=38.56;locationGapMs=935;callbackGapMs=935;fusion=GPS_IMU
LOCATION,1790415146630,29.6259767,52.4739883,197.000,true,1.70,47.024,source=fused:fused;speedReason=OK;derived=38.31;locationGapMs=989;callbackGapMs=989;fusion=GPS_IMU
LOCATION,1790415147658,29.6258950,52.4739567,198.000,true,1.70,46.608,source=fused:fused;speedReason=OK;derived=34.48;locationGapMs=998;callbackGapMs=998;fusion=GPS_IMU
LOCATION,1790415148622,29.6258133,52.4739250,198.000,true,1.70,46.345,source=fused:fused;speedReason=OK;derived=34.48;locationGapMs=994;callbackGapMs=994;fusion=GPS_IMU
LOCATION,1790415149618,29.6257317,52.4738950,198.000,true,1.70,46.157,source=fused:fused;speedReason=OK;derived=34.48;locationGapMs=997;callbackGapMs=997;fusion=GPS_IMU
LOCATION,1790415150637,29.6256483,52.4738550,203.000,true,1.72,45.904,source=fused:fused;speedReason=OK;derived=34.63;locationGapMs=1011;callbackGapMs=1011;fusion=GPS_IMU
LOCATION,1790415151641,29.6255667,52.4738033,207.000,true,1.72,45.597,source=fused:fused;speedReason=OK;derived=35.69;locationGapMs=1010;callbackGapMs=1010;fusion=GPS_IMU
LOCATION,1790415152666,29.6254783,52.4737467,211.000,true,1.72,45.465,source=fused:fused;speedReason=OK;derived=36.85;locationGapMs=996;callbackGapMs=996;fusion=GPS_IMU
LOCATION,1790415153625,29.6253967,52.4736850,214.000,true,1.72,45.310,source=fused:fused;speedReason=OK;derived=39.54;locationGapMs=987;callbackGapMs=987;fusion=GPS_IMU
LOCATION,1790415154625,29.6253183,52.4736183,217.000,true,1.72,45.197,source=fused:fused;speedReason=OK;derived=39.54;locationGapMs=999;callbackGapMs=999;fusion=GPS_IMU
LOCATION,1790415155698,29.6252450,52.4735467,220.000,true,1.70,44.925,source=fused:fused;speedReason=OK;derived=39.02;locationGapMs=1068;callbackGapMs=1068;fusion=GPS_IMU
LOCATION,1790415156635,29.6251817,52.4734733,226.000,true,1.67,44.702,source=fused:fused;speedReason=OK;derived=38.09;locationGapMs=944;callbackGapMs=944;fusion=GPS_IMU
LOCATION,1790415157666,29.6251267,52.4734000,230.000,true,1.65,44.412,source=fused:fused;speedReason=OK;derived=36.01;locationGapMs=1003;callbackGapMs=1003;fusion=GPS_IMU
LOCATION,1790415158621,29.6250767,52.4733217,235.000,true,1.63,44.132,source=fused:fused;speedReason=OK;derived=34.36;locationGapMs=984;callbackGapMs=984;fusion=GPS_IMU
LOCATION,1790415159621,29.6250317,52.4732350,240.000,true,1.62,43.682,source=fused:fused;speedReason=OK;derived=34.36;locationGapMs=1000;callbackGapMs=1000;fusion=GPS_IMU
LOCATION,1790415160624,29.6249933,52.4731517,242.000,true,1.60,43.325,source=fused:fused;speedReason=OK;derived=34.36;locationGapMs=1002;callbackGapMs=1002;fusion=GPS_IMU
LOCATION,1790415161668,29.6249633,52.4730767,243.000,true,1.60,42.959,source=fused:fused;speedReason=OK;derived=32.77;locationGapMs=1015;callbackGapMs=1015;fusion=GPS_IMU
LOCATION,1790415162629,29.6249400,52.4730167,243.000,true,1.60,42.682,source=fused:fused;speedReason=OK;derived=28.33;locationGapMs=991;callbackGapMs=991;fusion=GPS_IMU
LOCATION,1790415163623,29.6249250,52.4729750,244.000,true,1.60,42.240,source=fused:fused;speedReason=OK;derived=23.10;locationGapMs=994;callbackGapMs=994;fusion=GPS_IMU
LOCATION,1790415164633,29.6249200,52.4729400,260.000,true,1.62,41.475,source=fused:fused;speedReason=OK;derived=15.82;locationGapMs=1009;callbackGapMs=1009;fusion=GPS_IMU
LOCATION,1790415165661,29.6249217,52.4729167,264.000,true,1.64,40.890,source=fused:fused;speedReason=OK;derived=12.25;locationGapMs=1000;callbackGapMs=1000;fusion=GPS_IMU
LOCATION,1790415166698,29.6249233,52.4729117,264.000,true,1.65,40.258,source=fused:fused;speedReason=OK;derived=8.15;locationGapMs=1061;callbackGapMs=1061;fusion=GPS_IMU
LOCATION,1790415167664,29.6249250,52.4729117,264.000,true,1.68,0.000,source=fused:fused;speedReason=OK;derived=1.75;locationGapMs=945;callbackGapMs=945;fusion=GPS_IMU
LOCATION,1790415168632,29.6249250,52.4729133,264.000,true,1.70,0.000,source=fused:fused;speedReason=OK;derived=0.72;locationGapMs=994;callbackGapMs=994;fusion=GPS_IMU
LOCATION,1790415169648,29.6249250,52.4729133,264.000,true,1.70,0.000,source=fused:fused;speedReason=OK;derived=0.56;locationGapMs=993;callbackGapMs=993;fusion=GPS_IMU
LOCATION,1790415170631,29.6249250,52.4729133,264.000,true,1.70,0.000,source=fused:fused;speedReason=OK;derived=0.00;locationGapMs=1003;callbackGapMs=1003;fusion=GPS_IMU
LOCATION,1790415171651,29.6249250,52.4729133,264.000,true,1.70,0.000,source=fused:fused;speedReason=OK;derived=0.00;locationGapMs=1000;callbackGapMs=1000;fusion=GPS_IMU
LOCATION,1790415172689,29.6249250,52.4729133,264.000,true,1.70,0.000,source=fused:fused;speedReason=OK;derived=0.00;locationGapMs=1055;callbackGapMs=1055;fusion=GPS_IMU
LOCATION,1790415173632,29.6249250,52.4729133,,false,1.68,0.000,source=fused:fused;speedReason=OK;derived=0.00;locationGapMs=953;callbackGapMs=953;fusion=GPS_IMU
LOCATION,1790415174607,29.6249250,52.4729133,,false,1.67,0.000,source=fused:fused;speedReason=OK;derived=0.00;locationGapMs=975;callbackGapMs=975;fusion=GPS_IMU
LOCATION,1790415175627,29.6249250,52.4729133,,false,1.64,0.000,source=fused:fused;speedReason=OK;derived=0.00;locationGapMs=1020;callbackGapMs=1020;fusion=GPS_IMU
LOCATION,1790415176623,29.6249250,52.4729133,,false,1.63,0.000,source=fused:fused;speedReason=OK;derived=0.00;locationGapMs=995;callbackGapMs=995;fusion=GPS_IMU
LOCATION,1790415177627,29.6249250,52.4729133,,false,1.60,0.000,source=fused:fused;speedReason=OK;derived=0.00;locationGapMs=1005;callbackGapMs=1005;fusion=GPS_IMU
LOCATION,1790415178634,29.6249250,52.4729133,,false,1.60,0.000,source=fused:fused;speedReason=OK;derived=0.00;locationGapMs=1007;callbackGapMs=1007;fusion=GPS_IMU
LOCATION,1790415179636,29.6249250,52.4729133,,false,1.60,0.000,source=fused:fused;speedReason=OK;derived=0.00;locationGapMs=1002;callbackGapMs=1002;fusion=GPS_IMU
LOCATION,1790415180634,29.6249250,52.4729133,,false,1.62,0.000,source=fused:fused;speedReason=OK;derived=0.00;locationGapMs=998;callbackGapMs=998;fusion=GPS_IMU
LOCATION,1790415181627,29.6249250,52.4729133,,false,1.62,0.000,source=fused:fused;speedReason=OK;derived=0.00;locationGapMs=993;callbackGapMs=993;fusion=GPS_IMU
LOCATION,1790415182642,29.6249250,52.4729133,,false,1.64,0.000,source=fused:fused;speedReason=OK;derived=0.00;locationGapMs=1015;callbackGapMs=1015;fusion=GPS_IMU
LOCATION,1790415183699,29.6249250,52.4729133,,false,1.66,0.000,source=fused:fused;speedReason=OK;derived=0.00;locationGapMs=1057;callbackGapMs=1057;fusion=GPS_IMU
LOCATION,1790415184634,29.6249250,52.4729133,,false,1.65,0.000,source=fused:fused;speedReason=OK;derived=0.00;locationGapMs=935;callbackGapMs=935;fusion=GPS_IMU
LOCATION,1790415185625,29.6249250,52.4729133,,false,1.65,0.000,source=fused:fused;speedReason=OK;derived=0.00;locationGapMs=991;callbackGapMs=991;fusion=GPS_IMU
LOCATION,1790415186642,29.6249250,52.4729133,,false,1.62,0.000,source=fused:fused;speedReason=OK;derived=0.00;locationGapMs=1017;callbackGapMs=1017;fusion=GPS_IMU
LOCATION,1790415187638,29.6249250,52.4729133,,false,1.62,0.000,source=fused:fused;speedReason=OK;derived=0.00;locationGapMs=996;callbackGapMs=996;fusion=GPS_IMU
LOCATION,1790415188622,29.6249250,52.4729133,,false,1.58,0.000,source=fused:fused;speedReason=OK;derived=0.00;locationGapMs=984;callbackGapMs=984;fusion=GPS_IMU
LOCATION_ONLY,1790415189309,29.6249250,52.4729133,,false,5.95,0.000,source=fused:fused;speedReason=NO_SPEED;derived=0.00;locationGapMs=687;callbackGapMs=687;fusion=GPS_IMU
LOCATION,1790415190638,29.6249250,52.4729133,,false,5.92,0.000,source=fused:fused;speedReason=OK;derived=0.00;locationGapMs=1329;callbackGapMs=1329;fusion=GPS_IMU
LOCATION,1790415191636,29.6249250,52.4729133,,false,5.29,0.000,source=fused:fused;speedReason=OK;derived=0.00;locationGapMs=998;callbackGapMs=998;fusion=GPS_IMU
LOCATION,1790415192632,29.6249250,52.4729133,,false,5.29,0.000,source=fused:fused;speedReason=OK;derived=0.00;locationGapMs=996;callbackGapMs=996;fusion=GPS_IMU
LOCATION,1790415193630,29.6249250,52.4729133,,false,5.90,0.000,source=fused:fused;speedReason=OK;derived=0.00;locationGapMs=998;callbackGapMs=998;fusion=GPS_IMU
LOCATION,1790415194686,29.6249250,52.4729133,,false,1.50,0.000,source=fused:fused;speedReason=OK;derived=0.00;locationGapMs=1056;callbackGapMs=1056;fusion=GPS_IMU
LOCATION,1790415195620,29.6249250,52.4729133,,false,1.50,0.000,source=fused:fused;speedReason=OK;derived=0.00;locationGapMs=934;callbackGapMs=934;fusion=GPS_IMU
LOCATION,1790415196633,29.6249250,52.4729133,,false,1.48,0.000,source=fused:fused;speedReason=OK;derived=0.00;locationGapMs=1013;callbackGapMs=1013;fusion=GPS_IMU
LOCATION,1790415197626,29.6249250,52.4729133,,false,1.47,0.000,source=fused:fused;speedReason=OK;derived=0.00;locationGapMs=993;callbackGapMs=993;fusion=GPS_IMU
LOCATION,1790415198629,29.6249250,52.4729133,,false,1.45,0.000,source=fused:fused;speedReason=OK;derived=0.00;locationGapMs=1003;callbackGapMs=1003;fusion=GPS_IMU
LOCATION,1790415199630,29.6249250,52.4729133,,false,1.42,0.000,source=fused:fused;speedReason=OK;derived=0.00;locationGapMs=1001;callbackGapMs=1001;fusion=GPS_IMU
LOCATION,1790415200687,29.6249250,52.4729133,,false,1.40,0.000,source=fused:fused;speedReason=OK;derived=0.00;locationGapMs=1057;callbackGapMs=1057;fusion=GPS_IMU
LOCATION,1790415201624,29.6249250,52.4729133,,false,1.40,0.000,source=fused:fused;speedReason=OK;derived=0.00;locationGapMs=937;callbackGapMs=937;fusion=GPS_IMU
LOCATION_ONLY,1790415202522,29.6249250,52.4729133,,false,7.24,0.000,source=fused:fused;speedReason=NO_SPEED;derived=0.00;locationGapMs=898;callbackGapMs=898;fusion=GPS_IMU
LOCATION,1790415203643,29.6249250,52.4729133,,false,7.19,0.000,source=fused:fused;speedReason=OK;derived=0.00;locationGapMs=1121;callbackGapMs=1121;fusion=GPS_IMU
LOCATION,1790415204628,29.6249250,52.4729133,,false,6.31,0.000,source=fused:fused;speedReason=OK;derived=0.00;locationGapMs=985;callbackGapMs=985;fusion=GPS_IMU
LOCATION,1790415205632,29.6249250,52.4729133,,false,6.24,0.000,source=fused:fused;speedReason=OK;derived=0.00;locationGapMs=1004;callbackGapMs=1004;fusion=GPS_IMU
LOCATION,1790415206634,29.6249250,52.4729133,,false,6.96,0.000,source=fused:fused;speedReason=OK;derived=0.00;locationGapMs=1002;callbackGapMs=1002;fusion=GPS_IMU
LOCATION,1790415207616,29.6249250,52.4729133,,false,0.96,0.000,source=fused:fused;speedReason=OK;derived=0.00;locationGapMs=982;callbackGapMs=982;fusion=GPS_IMU
LOCATION,1790415208628,29.6249250,52.4729133,,false,0.95,0.000,source=fused:fused;speedReason=OK;derived=0.00;locationGapMs=1012;callbackGapMs=1012;fusion=GPS_IMU
LOCATION_ONLY,1790415209123,29.6249250,52.4729133,,false,4.10,0.000,source=fused:fused;speedReason=NO_SPEED;derived=0.00;locationGapMs=495;callbackGapMs=495;fusion=GPS_IMU
LOCATION,1790415209630,29.6249250,52.4729133,,false,3.64,0.000,source=fused:fused;speedReason=OK;derived=0.00;locationGapMs=507;callbackGapMs=507;fusion=GPS_IMU
LOCATION,1790415210638,29.6249250,52.4729133,,false,4.09,0.000,source=fused:fused;speedReason=OK;derived=0.00;locationGapMs=1008;callbackGapMs=1008;fusion=GPS_IMU
LOCATION,1790415211702,29.6249250,52.4729133,,false,4.09,0.000,source=fused:fused;speedReason=OK;derived=0.00;locationGapMs=1064;callbackGapMs=1064;fusion=GPS_IMU
LOCATION,1790415212631,29.6249250,52.4729133,,false,4.09,0.000,source=fused:fused;speedReason=OK;derived=0.00;locationGapMs=929;callbackGapMs=929;fusion=GPS_IMU
LOCATION,1790415213639,29.6249250,52.4729133,,false,4.09,0.000,source=fused:fused;speedReason=OK;derived=0.00;locationGapMs=1007;callbackGapMs=1007;fusion=GPS_IMU
LOCATION,1790415214625,29.6249250,52.4729133,,false,0.90,0.000,source=fused:fused;speedReason=OK;derived=0.00;locationGapMs=987;callbackGapMs=987;fusion=GPS_IMU
LOCATION,1790415215606,29.6249250,52.4729133,,false,0.90,0.000,source=fused:fused;speedReason=OK;derived=0.00;locationGapMs=981;callbackGapMs=981;fusion=GPS_IMU
LOCATION,1790415216634,29.6249250,52.4729133,,false,1.52,0.000,source=fused:fused;speedReason=OK;derived=0.00;locationGapMs=1028;callbackGapMs=1028;fusion=GPS_IMU
LOCATION,1790415217627,29.6249250,52.4729133,,false,1.52,0.000,source=fused:fused;speedReason=OK;derived=0.00;locationGapMs=993;callbackGapMs=993;fusion=GPS_IMU
LOCATION,1790415218636,29.6249250,52.4729133,,false,1.52,0.000,source=fused:fused;speedReason=OK;derived=0.00;locationGapMs=1009;callbackGapMs=1009;fusion=GPS_IMU
LOCATION,1790415219639,29.6249250,52.4729133,,false,1.63,0.000,source=fused:fused;speedReason=OK;derived=0.00;locationGapMs=1002;callbackGapMs=1002;fusion=GPS_IMU
LOCATION,1790415220635,29.6249250,52.4729133,,false,1.63,0.000,source=fused:fused;speedReason=OK;derived=0.00;locationGapMs=997;callbackGapMs=997;fusion=GPS_IMU
LOCATION,1790415221625,29.6249250,52.4729133,,false,0.90,0.000,source=fused:fused;speedReason=OK;derived=0.00;locationGapMs=990;callbackGapMs=990;fusion=GPS_IMU
LOCATION_ONLY,1790415222402,29.6249250,52.4729133,,false,5.91,0.000,source=fused:fused;speedReason=NO_SPEED;derived=0.00;locationGapMs=777;callbackGapMs=777;fusion=GPS_IMU
LOCATION,1790415223592,29.6249250,52.4729133,,false,5.20,0.000,source=fused:fused;speedReason=OK;derived=0.00;locationGapMs=1190;callbackGapMs=1190;fusion=GPS_IMU
LOCATION,1790415224616,29.6249250,52.4729133,,false,5.20,0.000,source=fused:fused;speedReason=OK;derived=0.00;locationGapMs=1024;callbackGapMs=1024;fusion=GPS_IMU
LOCATION,1790415225631,29.6249250,52.4729133,,false,5.20,0.000,source=fused:fused;speedReason=OK;derived=0.00;locationGapMs=1015;callbackGapMs=1015;fusion=GPS_IMU
LOCATION,1790415226611,29.6249250,52.4729133,,false,5.20,0.000,source=fused:fused;speedReason=OK;derived=0.00;locationGapMs=980;callbackGapMs=980;fusion=GPS_IMU
LOCATION,1790415227622,29.6249250,52.4729133,,false,0.90,0.000,source=fused:fused;speedReason=OK;derived=0.00;locationGapMs=1011;callbackGapMs=1011;fusion=GPS_IMU
LOCATION,1790415228618,29.6249250,52.4729133,,false,0.90,0.000,source=fused:fused;speedReason=OK;derived=0.00;locationGapMs=996;callbackGapMs=996;fusion=GPS_IMU
LOCATION,1790415229633,29.6249250,52.4729133,,false,3.59,0.000,source=fused:fused;speedReason=OK;derived=0.00;locationGapMs=1015;callbackGapMs=1015;fusion=GPS_IMU
LOCATION,1790415230632,29.6249250,52.4729133,,false,3.20,0.000,source=fused:fused;speedReason=OK;derived=0.00;locationGapMs=999;callbackGapMs=999;fusion=GPS_IMU
LOCATION,1790415231637,29.6249250,52.4729133,,false,3.59,0.000,source=fused:fused;speedReason=OK;derived=0.00;locationGapMs=1005;callbackGapMs=1005;fusion=GPS_IMU
LOCATION,1790415232636,29.6249250,52.4729133,,false,3.59,0.000,source=fused:fused;speedReason=OK;derived=0.00;locationGapMs=999;callbackGapMs=999;fusion=GPS_IMU
LOCATION,1790415233692,29.6249250,52.4729133,,false,3.59,0.000,source=fused:fused;speedReason=OK;derived=0.00;locationGapMs=1056;callbackGapMs=1056;fusion=GPS_IMU
LOCATION,1790415234619,29.6249250,52.4729133,,false,0.90,0.000,source=fused:fused;speedReason=OK;derived=0.00;locationGapMs=926;callbackGapMs=926;fusion=GPS_IMU
LOCATION,1790415235627,29.6249250,52.4729133,,false,0.90,0.000,source=fused:fused;speedReason=OK;derived=0.00;locationGapMs=1009;callbackGapMs=1009;fusion=GPS_IMU
LOCATION,1790415236626,29.6249250,52.4729133,,false,0.90,0.000,source=fused:fused;speedReason=OK;derived=0.00;locationGapMs=999;callbackGapMs=999;fusion=GPS_IMU
LOCATION,1790415237623,29.6249250,52.4729133,,false,0.90,0.000,source=fused:fused;speedReason=OK;derived=0.00;locationGapMs=997;callbackGapMs=997;fusion=GPS_IMU
LOCATION,1790415238625,29.6249250,52.4729133,,false,0.90,0.000,source=fused:fused;speedReason=OK;derived=0.00;locationGapMs=1002;callbackGapMs=1002;fusion=GPS_IMU
LOCATION,1790415239636,29.6249250,52.4729133,,false,0.90,0.000,source=fused:fused;speedReason=OK;derived=0.00;locationGapMs=1011;callbackGapMs=1011;fusion=GPS_IMU
LOCATION,1790415240622,29.6249250,52.4729133,,false,0.90,0.000,source=fused:fused;speedReason=OK;derived=0.00;locationGapMs=986;callbackGapMs=986;fusion=GPS_IMU
LOCATION,1790415241618,29.6249250,52.4729133,,false,0.90,0.000,source=fused:fused;speedReason=OK;derived=0.00;locationGapMs=996;callbackGapMs=996;fusion=GPS_IMU
LOCATION_ONLY,1790415242299,29.6249250,52.4729133,,false,5.25,0.000,source=fused:fused;speedReason=NO_SPEED;derived=0.00;locationGapMs=681;callbackGapMs=681;fusion=GPS_IMU
LOCATION,1790415243628,29.6249250,52.4729133,,false,5.25,0.000,source=fused:fused;speedReason=OK;derived=0.00;locationGapMs=1329;callbackGapMs=1329;fusion=GPS_IMU
LOCATION,1790415244622,29.6249250,52.4729133,,false,4.63,0.000,source=fused:fused;speedReason=OK;derived=0.00;locationGapMs=994;callbackGapMs=994;fusion=GPS_IMU
LOCATION,1790415245631,29.6249250,52.4729133,,false,5.25,0.000,source=fused:fused;speedReason=OK;derived=0.00;locationGapMs=1009;callbackGapMs=1009;fusion=GPS_IMU
LOCATION,1790415246635,29.6249250,52.4729133,,false,5.25,0.000,source=fused:fused;speedReason=OK;derived=0.00;locationGapMs=1004;callbackGapMs=1004;fusion=GPS_IMU
LOCATION,1790415247629,29.6249250,52.4729133,,false,0.90,0.000,source=fused:fused;speedReason=OK;derived=0.00;locationGapMs=994;callbackGapMs=994;fusion=GPS_IMU
LOCATION,1790415248631,29.6249250,52.4729133,,false,0.90,0.000,source=fused:fused;speedReason=OK;derived=0.00;locationGapMs=1002;callbackGapMs=1002;fusion=GPS_IMU
LOCATION,1790415249690,29.6249250,52.4729133,,false,2.70,0.000,source=fused:fused;speedReason=OK;derived=0.00;locationGapMs=1059;callbackGapMs=1059;fusion=GPS_IMU
LOCATION,1790415250645,29.6249250,52.4729133,,false,2.70,0.000,source=fused:fused;speedReason=OK;derived=0.00;locationGapMs=955;callbackGapMs=955;fusion=GPS_IMU
LOCATION,1790415251644,29.6249250,52.4729133,,false,2.70,0.000,source=fused:fused;speedReason=OK;derived=0.00;locationGapMs=999;callbackGapMs=999;fusion=GPS_IMU
LOCATION,1790415252633,29.6249250,52.4729133,,false,2.70,0.000,source=fused:fused;speedReason=OK;derived=0.00;locationGapMs=989;callbackGapMs=989;fusion=GPS_IMU
LOCATION,1790415253633,29.6249250,52.4729133,,false,2.70,0.000,source=fused:fused;speedReason=OK;derived=0.00;locationGapMs=1000;callbackGapMs=1000;fusion=GPS_IMU
LOCATION,1790415254632,29.6249250,52.4729133,,false,0.90,0.000,source=fused:fused;speedReason=OK;derived=0.00;locationGapMs=999;callbackGapMs=999;fusion=GPS_IMU
LOCATION,1790415255658,29.6249250,52.4729133,,false,0.90,0.000,source=fused:fused;speedReason=OK;derived=0.00;locationGapMs=1026;callbackGapMs=1026;fusion=GPS_IMU
LOCATION,1790415256637,29.6249250,52.4729133,,false,0.90,0.000,source=fused:fused;speedReason=OK;derived=0.00;locationGapMs=979;callbackGapMs=979;fusion=GPS_IMU
LOCATION,1790415257632,29.6249250,52.4729133,,false,0.90,0.000,source=fused:fused;speedReason=OK;derived=0.00;locationGapMs=995;callbackGapMs=995;fusion=GPS_IMU
LOCATION,1790415258637,29.6249250,52.4729133,,false,0.90,0.000,source=fused:fused;speedReason=OK;derived=0.00;locationGapMs=1005;callbackGapMs=1005;fusion=GPS_IMU
LOCATION,1790415259638,29.6249250,52.4729133,,false,0.90,0.000,source=fused:fused;speedReason=OK;derived=0.00;locationGapMs=1001;callbackGapMs=1001;fusion=GPS_IMU
LOCATION,1790415260631,29.6249250,52.4729133,,false,0.90,0.000,source=fused:fused;speedReason=OK;derived=0.00;locationGapMs=993;callbackGapMs=993;fusion=GPS_IMU
LOCATION,1790415261684,29.6249250,52.4729133,,false,0.90,0.000,source=fused:fused;speedReason=OK;derived=0.00;locationGapMs=1053;callbackGapMs=1053;fusion=GPS_IMU
LOCATION_ONLY,1790415262262,29.6249250,52.4729133,,false,4.93,0.000,source=fused:fused;speedReason=NO_SPEED;derived=0.00;locationGapMs=578;callbackGapMs=578;fusion=GPS_IMU
LOCATION,1790415263643,29.6249250,52.4729133,,false,4.93,0.000,source=fused:fused;speedReason=OK;derived=0.00;locationGapMs=1380;callbackGapMs=1380;fusion=GPS_IMU
LOCATION,1790415264637,29.6249250,52.4729133,,false,4.93,0.000,source=fused:fused;speedReason=OK;derived=0.00;locationGapMs=995;callbackGapMs=995;fusion=GPS_IMU
LOCATION,1790415265642,29.6249250,52.4729133,,false,4.93,0.000,source=fused:fused;speedReason=OK;derived=0.00;locationGapMs=1005;callbackGapMs=1005;fusion=GPS_IMU
LOCATION,1790415266636,29.6249250,52.4729133,,false,4.93,0.000,source=fused:fused;speedReason=OK;derived=0.00;locationGapMs=994;callbackGapMs=994;fusion=GPS_IMU
LOCATION,1790415267628,29.6249250,52.4729133,,false,0.90,0.000,source=fused:fused;speedReason=OK;derived=0.00;locationGapMs=992;callbackGapMs=992;fusion=GPS_IMU
LOCATION,1790415268636,29.6249250,52.4729133,,false,0.90,0.000,source=fused:fused;speedReason=OK;derived=0.00;locationGapMs=1008;callbackGapMs=1008;fusion=GPS_IMU
LOCATION,1790415269641,29.6249250,52.4729133,,false,2.31,0.000,source=fused:fused;speedReason=OK;derived=0.00;locationGapMs=1005;callbackGapMs=1005;fusion=GPS_IMU
LOCATION,1790415270626,29.6249250,52.4729133,,false,2.31,0.000,source=fused:fused;speedReason=OK;derived=0.00;locationGapMs=985;callbackGapMs=985;fusion=GPS_IMU
LOCATION,1790415271631,29.6249250,52.4729133,,false,2.31,0.000,source=fused:fused;speedReason=OK;derived=0.00;locationGapMs=1005;callbackGapMs=1005;fusion=GPS_IMU
LOCATION,1790415272638,29.6249250,52.4729133,,false,2.54,0.000,source=fused:fused;speedReason=OK;derived=0.00;locationGapMs=1007;callbackGapMs=1007;fusion=GPS_IMU
LOCATION,1790415273640,29.6249250,52.4729133,,false,2.54,0.000,source=fused:fused;speedReason=OK;derived=0.00;locationGapMs=1002;callbackGapMs=1002;fusion=GPS_IMU
LOCATION,1790415274627,29.6249250,52.4729133,,false,0.90,0.000,source=fused:fused;speedReason=OK;derived=0.00;locationGapMs=987;callbackGapMs=987;fusion=GPS_IMU
LOCATION,1790415275635,29.6249250,52.4729133,,false,0.90,0.000,source=fused:fused;speedReason=OK;derived=0.00;locationGapMs=1008;callbackGapMs=1008;fusion=GPS_IMU
LOCATION,1790415276576,29.6249250,52.4729133,,false,0.90,0.000,source=fused:fused;speedReason=OK;derived=0.00;locationGapMs=941;callbackGapMs=941;fusion=GPS_IMU
LOCATION,1790415277607,29.6249250,52.4729133,,false,0.90,0.000,source=fused:fused;speedReason=OK;derived=0.00;locationGapMs=1031;callbackGapMs=1031;fusion=GPS_IMU
LOCATION,1790415278611,29.6249250,52.4729133,,false,0.90,0.000,source=fused:fused;speedReason=OK;derived=0.00;locationGapMs=1004;callbackGapMs=1004;fusion=GPS_IMU
LOCATION,1790415279617,29.6249250,52.4729133,,false,0.90,0.000,source=fused:fused;speedReason=OK;derived=0.00;locationGapMs=1006;callbackGapMs=1006;fusion=GPS_IMU
LOCATION,1790415280650,29.6249250,52.4729133,,false,0.92,0.000,source=fused:fused;speedReason=OK;derived=0.00;locationGapMs=1033;callbackGapMs=1033;fusion=GPS_IMU
LOCATION,1790415281627,29.6249250,52.4729133,,false,0.94,0.000,source=fused:fused;speedReason=OK;derived=0.00;locationGapMs=977;callbackGapMs=977;fusion=GPS_IMU
LOCATION_ONLY,1790415282316,29.6249250,52.4729133,,false,5.40,0.000,source=fused:fused;speedReason=NO_SPEED;derived=0.00;locationGapMs=689;callbackGapMs=689;fusion=GPS_IMU
LOCATION,1790415283634,29.6249250,52.4729133,,false,5.40,0.000,source=fused:fused;speedReason=OK;derived=0.00;locationGapMs=1318;callbackGapMs=1318;fusion=GPS_IMU
LOCATION,1790415284597,29.6249250,52.4729133,,false,4.76,0.000,source=fused:fused;speedReason=OK;derived=0.00;locationGapMs=964;callbackGapMs=964;fusion=GPS_IMU
LOCATION,1790415285708,29.6249250,52.4729133,,false,4.76,0.000,source=fused:fused;speedReason=OK;derived=0.00;locationGapMs=1110;callbackGapMs=1110;fusion=GPS_IMU
LOCATION,1790415286633,29.6249250,52.4729133,,false,5.37,0.000,source=fused:fused;speedReason=OK;derived=0.00;locationGapMs=925;callbackGapMs=925;fusion=GPS_IMU
LOCATION,1790415287618,29.6249250,52.4729133,,false,0.90,0.000,source=fused:fused;speedReason=OK;derived=0.00;locationGapMs=985;callbackGapMs=985;fusion=GPS_IMU
LOCATION,1790415288586,29.6249250,52.4729133,,false,0.90,0.000,source=fused:fused;speedReason=OK;derived=0.00;locationGapMs=968;callbackGapMs=968;fusion=GPS_IMU
LOCATION,1790415289625,29.6249250,52.4729133,,false,3.62,0.000,source=fused:fused;speedReason=OK;derived=0.00;locationGapMs=1039;callbackGapMs=1039;fusion=GPS_IMU
LOCATION,1790415290640,29.6249250,52.4729133,,false,3.62,0.000,source=fused:fused;speedReason=OK;derived=0.00;locationGapMs=1015;callbackGapMs=1015;fusion=GPS_IMU
LOCATION,1790415291631,29.6249250,52.4729133,,false,3.23,0.000,source=fused:fused;speedReason=OK;derived=0.00;locationGapMs=991;callbackGapMs=991;fusion=GPS_IMU
LOCATION,1790415292604,29.6249250,52.4729133,,false,3.23,0.000,source=fused:fused;speedReason=OK;derived=0.00;locationGapMs=973;callbackGapMs=973;fusion=GPS_IMU
LOCATION,1790415293664,29.6249250,52.4729133,,false,3.62,0.000,source=fused:fused;speedReason=OK;derived=0.00;locationGapMs=1060;callbackGapMs=1060;fusion=GPS_IMU
LOCATION,1790415294622,29.6249250,52.4729133,,false,0.90,0.000,source=fused:fused;speedReason=OK;derived=0.00;locationGapMs=958;callbackGapMs=958;fusion=GPS_IMU
LOCATION,1790415295612,29.6249250,52.4729133,,false,0.90,0.000,source=fused:fused;speedReason=OK;derived=0.00;locationGapMs=990;callbackGapMs=990;fusion=GPS_IMU
LOCATION,1790415296636,29.6249250,52.4729133,,false,0.90,0.000,source=fused:fused;speedReason=OK;derived=0.00;locationGapMs=1024;callbackGapMs=1024;fusion=GPS_IMU
LOCATION,1790415297640,29.6249250,52.4729133,,false,0.90,0.000,source=fused:fused;speedReason=OK;derived=0.00;locationGapMs=1004;callbackGapMs=1004;fusion=GPS_IMU
LOCATION,1790415298608,29.6249250,52.4729133,,false,0.90,0.000,source=fused:fused;speedReason=OK;derived=0.00;locationGapMs=968;callbackGapMs=968;fusion=GPS_IMU
LOCATION,1790415299639,29.6249250,52.4729133,,false,0.90,0.000,source=fused:fused;speedReason=OK;derived=0.00;locationGapMs=1031;callbackGapMs=1031;fusion=GPS_IMU
LOCATION,1790415300639,29.6249250,52.4729133,,false,0.92,0.000,source=fused:fused;speedReason=OK;derived=0.00;locationGapMs=999;callbackGapMs=999;fusion=GPS_IMU
LOCATION,1790415301615,29.6249250,52.4729133,,false,0.92,0.000,source=fused:fused;speedReason=OK;derived=0.00;locationGapMs=977;callbackGapMs=977;fusion=GPS_IMU
LOCATION_ONLY,1790415302383,29.6249250,52.4729133,,false,5.81,0.000,source=fused:fused;speedReason=NO_SPEED;derived=0.00;locationGapMs=768;callbackGapMs=768;fusion=GPS_IMU
LOCATION,1790415303631,29.6249250,52.4729133,,false,5.81,0.000,source=fused:fused;speedReason=OK;derived=0.00;locationGapMs=1248;callbackGapMs=1248;fusion=GPS_IMU
LOCATION,1790415304693,29.6249250,52.4729133,,false,5.11,0.000,source=fused:fused;speedReason=OK;derived=0.00;locationGapMs=1062;callbackGapMs=1062;fusion=GPS_IMU
LOCATION,1790415305642,29.6249250,52.4729133,,false,5.79,0.000,source=fused:fused;speedReason=OK;derived=0.00;locationGapMs=948;callbackGapMs=948;fusion=GPS_IMU
LOCATION,1790415306637,29.6249250,52.4729133,,false,5.79,0.000,source=fused:fused;speedReason=OK;derived=0.00;locationGapMs=996;callbackGapMs=996;fusion=GPS_IMU
LOCATION,1790415307617,29.6249250,52.4729133,,false,0.90,0.000,source=fused:fused;speedReason=OK;derived=0.00;locationGapMs=980;callbackGapMs=980;fusion=GPS_IMU
LOCATION,1790415308630,29.6249250,52.4729133,,false,0.90,0.000,source=fused:fused;speedReason=OK;derived=0.00;locationGapMs=1013;callbackGapMs=1013;fusion=GPS_IMU
LOCATION,1790415309644,29.6249250,52.4729133,,false,3.60,0.000,source=fused:fused;speedReason=OK;derived=0.00;locationGapMs=1014;callbackGapMs=1014;fusion=GPS_IMU
LOCATION,1790415310698,29.6249250,52.4729133,,false,3.21,0.000,source=fused:fused;speedReason=OK;derived=0.00;locationGapMs=1054;callbackGapMs=1054;fusion=GPS_IMU
LOCATION,1790415311642,29.6249250,52.4729133,,false,3.60,0.000,source=fused:fused;speedReason=OK;derived=0.00;locationGapMs=944;callbackGapMs=944;fusion=GPS_IMU
LOCATION,1790415312636,29.6249250,52.4729133,,false,3.60,0.000,source=fused:fused;speedReason=OK;derived=0.00;locationGapMs=994;callbackGapMs=994;fusion=GPS_IMU
LOCATION,1790415313640,29.6249250,52.4729133,,false,3.60,0.000,source=fused:fused;speedReason=OK;derived=0.00;locationGapMs=1004;callbackGapMs=1004;fusion=GPS_IMU
LOCATION,1790415314628,29.6249250,52.4729133,,false,0.90,0.000,source=fused:fused;speedReason=OK;derived=0.00;locationGapMs=988;callbackGapMs=988;fusion=GPS_IMU
LOCATION,1790415315634,29.6249250,52.4729133,,false,0.90,0.000,source=fused:fused;speedReason=OK;derived=0.00;locationGapMs=1006;callbackGapMs=1006;fusion=GPS_IMU
LOCATION,1790415316699,29.6249250,52.4729133,,false,1.49,0.000,source=fused:fused;speedReason=OK;derived=0.00;locationGapMs=1064;callbackGapMs=1064;fusion=GPS_IMU
LOCATION,1790415317613,29.6249250,52.4729133,,false,1.50,0.000,source=fused:fused;speedReason=OK;derived=0.00;locationGapMs=915;callbackGapMs=915;fusion=GPS_IMU
LOCATION,1790415318638,29.6249250,52.4729133,,false,1.52,0.000,source=fused:fused;speedReason=OK;derived=0.00;locationGapMs=1025;callbackGapMs=1025;fusion=GPS_IMU
LOCATION,1790415319640,29.6249250,52.4729133,,false,1.64,0.000,source=fused:fused;speedReason=OK;derived=0.00;locationGapMs=1002;callbackGapMs=1002;fusion=GPS_IMU
LOCATION,1790415320638,29.6249250,52.4729133,,false,1.65,0.000,source=fused:fused;speedReason=OK;derived=0.00;locationGapMs=998;callbackGapMs=998;fusion=GPS_IMU
LOCATION,1790415321624,29.6249250,52.4729133,,false,0.98,0.000,source=fused:fused;speedReason=OK;derived=0.00;locationGapMs=986;callbackGapMs=986;fusion=GPS_IMU
LOCATION_ONLY,1790415322502,29.6249250,52.4729133,,false,6.29,0.000,source=fused:fused;speedReason=NO_SPEED;derived=0.00;locationGapMs=878;callbackGapMs=878;fusion=GPS_IMU
LOCATION,1790415323642,29.6249250,52.4729133,,false,6.27,0.000,source=fused:fused;speedReason=OK;derived=0.00;locationGapMs=1140;callbackGapMs=1140;fusion=GPS_IMU
LOCATION,1790415324640,29.6249250,52.4729133,,false,5.51,0.000,source=fused:fused;speedReason=OK;derived=0.00;locationGapMs=998;callbackGapMs=998;fusion=GPS_IMU
LOCATION,1790415325638,29.6249250,52.4729133,,false,5.49,0.000,source=fused:fused;speedReason=OK;derived=0.00;locationGapMs=998;callbackGapMs=998;fusion=GPS_IMU
LOCATION,1790415326635,29.6249250,52.4729133,,false,6.22,0.000,source=fused:fused;speedReason=OK;derived=0.00;locationGapMs=997;callbackGapMs=997;fusion=GPS_IMU
LOCATION,1790415327608,29.6249250,52.4729133,,false,0.92,0.000,source=fused:fused;speedReason=OK;derived=0.00;locationGapMs=973;callbackGapMs=973;fusion=GPS_IMU
LOCATION,1790415328627,29.6249250,52.4729133,,false,0.90,0.000,source=fused:fused;speedReason=OK;derived=0.00;locationGapMs=1019;callbackGapMs=1019;fusion=GPS_IMU
LOCATION_ONLY,1790415329144,29.6249250,52.4729133,,false,4.10,0.000,source=fused:fused;speedReason=NO_SPEED;derived=0.00;locationGapMs=517;callbackGapMs=517;fusion=GPS_IMU
LOCATION,1790415329631,29.6249250,52.4729133,,false,3.64,0.000,source=fused:fused;speedReason=OK;derived=0.00;locationGapMs=487;callbackGapMs=487;fusion=GPS_IMU
LOCATION,1790415330643,29.6249250,52.4729133,,false,4.10,0.000,source=fused:fused;speedReason=OK;derived=0.00;locationGapMs=1011;callbackGapMs=1011;fusion=GPS_IMU
LOCATION,1790415331635,29.6249250,52.4729133,,false,4.10,0.000,source=fused:fused;speedReason=OK;derived=0.00;locationGapMs=993;callbackGapMs=993;fusion=GPS_IMU
LOCATION,1790415332634,29.6249250,52.4729133,,false,4.10,0.000,source=fused:fused;speedReason=OK;derived=0.00;locationGapMs=999;callbackGapMs=999;fusion=GPS_IMU
LOCATION,1790415333698,29.6249250,52.4729133,,false,4.10,0.000,source=fused:fused;speedReason=OK;derived=0.00;locationGapMs=1064;callbackGapMs=1064;fusion=GPS_IMU
LOCATION,1790415334623,29.6249250,52.4729133,,false,0.90,0.000,source=fused:fused;speedReason=OK;derived=0.00;locationGapMs=925;callbackGapMs=925;fusion=GPS_IMU
LOCATION,1790415335610,29.6249250,52.4729133,,false,0.90,0.000,source=fused:fused;speedReason=OK;derived=0.00;locationGapMs=987;callbackGapMs=987;fusion=GPS_IMU
LOCATION,1790415336629,29.6249250,52.4729133,,false,1.92,0.000,source=fused:fused;speedReason=OK;derived=0.00;locationGapMs=1019;callbackGapMs=1019;fusion=GPS_IMU
LOCATION,1790415337632,29.6249250,52.4729133,,false,1.92,0.000,source=fused:fused;speedReason=OK;derived=0.00;locationGapMs=1003;callbackGapMs=1003;fusion=GPS_IMU
LOCATION,1790415338637,29.6249250,52.4729133,,false,1.92,0.000,source=fused:fused;speedReason=OK;derived=0.00;locationGapMs=1005;callbackGapMs=1005;fusion=GPS_IMU
LOCATION,1790415339633,29.6249250,52.4729133,,false,2.09,0.000,source=fused:fused;speedReason=OK;derived=0.00;locationGapMs=996;callbackGapMs=996;fusion=GPS_IMU
LOCATION,1790415340632,29.6249250,52.4729133,,false,2.09,0.000,source=fused:fused;speedReason=OK;derived=0.00;locationGapMs=999;callbackGapMs=999;fusion=GPS_IMU
LOCATION,1790415341630,29.6249250,52.4729133,,false,0.90,0.000,source=fused:fused;speedReason=OK;derived=0.00;locationGapMs=998;callbackGapMs=998;fusion=GPS_IMU
LOCATION_ONLY,1790415342445,29.6249250,52.4729133,,false,6.20,0.000,source=fused:fused;speedReason=NO_SPEED;derived=0.00;locationGapMs=815;callbackGapMs=815;fusion=GPS_IMU
LOCATION,1790415343634,29.6249250,52.4729133,,false,6.20,0.000,source=fused:fused;speedReason=OK;derived=0.00;locationGapMs=1189;callbackGapMs=1189;fusion=GPS_IMU
LOCATION,1790415344698,29.6249250,52.4729133,,false,5.44,0.000,source=fused:fused;speedReason=OK;derived=0.00;locationGapMs=1064;callbackGapMs=1064;fusion=GPS_IMU
LOCATION,1790415345627,29.6249250,52.4729133,,false,6.20,0.000,source=fused:fused;speedReason=OK;derived=0.00;locationGapMs=929;callbackGapMs=929;fusion=GPS_IMU
LOCATION,1790415346629,29.6249250,52.4729133,,false,6.20,0.000,source=fused:fused;speedReason=OK;derived=0.00;locationGapMs=1002;callbackGapMs=1002;fusion=GPS_IMU
LOCATION,1790415347584,29.6249250,52.4729133,,false,0.90,0.000,source=fused:fused;speedReason=OK;derived=0.00;locationGapMs=955;callbackGapMs=955;fusion=GPS_IMU
LOCATION,1790415348620,29.6249250,52.4729133,,false,0.90,0.000,source=fused:fused;speedReason=OK;derived=0.00;locationGapMs=1036;callbackGapMs=1036;fusion=GPS_IMU
LOCATION_ONLY,1790415349120,29.6249250,52.4729133,,false,4.04,0.000,source=fused:fused;speedReason=NO_SPEED;derived=0.00;locationGapMs=500;callbackGapMs=500;fusion=GPS_IMU
LOCATION,1790415349631,29.6249250,52.4729133,,false,4.04,0.000,source=fused:fused;speedReason=OK;derived=0.00;locationGapMs=511;callbackGapMs=511;fusion=GPS_IMU
LOCATION,1790415350693,29.6249250,52.4729133,,false,3.59,0.000,source=fused:fused;speedReason=OK;derived=0.00;locationGapMs=1062;callbackGapMs=1062;fusion=GPS_IMU
LOCATION,1790415351634,29.6249250,52.4729133,,false,4.04,0.000,source=fused:fused;speedReason=OK;derived=0.00;locationGapMs=941;callbackGapMs=941;fusion=GPS_IMU
LOCATION,1790415352620,29.6249250,52.4729133,,false,4.04,0.000,source=fused:fused;speedReason=OK;derived=0.00;locationGapMs=986;callbackGapMs=986;fusion=GPS_IMU
LOCATION,1790415353624,29.6249250,52.4729133,,false,4.04,0.000,source=fused:fused;speedReason=OK;derived=0.00;locationGapMs=1004;callbackGapMs=1004;fusion=GPS_IMU
LOCATION,1790415354629,29.6249250,52.4729133,,false,0.90,0.000,source=fused:fused;speedReason=OK;derived=0.00;locationGapMs=1005;callbackGapMs=1005;fusion=GPS_IMU
LOCATION,1790415355627,29.6249250,52.4729133,,false,0.90,0.000,source=fused:fused;speedReason=OK;derived=0.00;locationGapMs=998;callbackGapMs=998;fusion=GPS_IMU
LOCATION,1790415356639,29.6249250,52.4729133,,false,2.03,0.000,source=fused:fused;speedReason=OK;derived=0.00;locationGapMs=1012;callbackGapMs=1012;fusion=GPS_IMU
LOCATION,1790415357629,29.6249250,52.4729133,,false,2.03,0.000,source=fused:fused;speedReason=OK;derived=0.00;locationGapMs=990;callbackGapMs=990;fusion=GPS_IMU
LOCATION,1790415358629,29.6249250,52.4729133,,false,2.03,0.000,source=fused:fused;speedReason=OK;derived=0.00;locationGapMs=1000;callbackGapMs=1000;fusion=GPS_IMU
LOCATION,1790415359623,29.6249250,52.4729133,,false,1.87,0.000,source=fused:fused;speedReason=OK;derived=0.00;locationGapMs=994;callbackGapMs=994;fusion=GPS_IMU
LOCATION,1790415360622,29.6249250,52.4729133,,false,1.87,0.000,source=fused:fused;speedReason=OK;derived=0.00;locationGapMs=999;callbackGapMs=999;fusion=GPS_IMU
LOCATION,1790415361701,29.6249250,52.4729133,,false,0.90,0.000,source=fused:fused;speedReason=OK;derived=0.00;locationGapMs=1079;callbackGapMs=1079;fusion=GPS_IMU
LOCATION_ONLY,1790415362567,29.6249250,52.4729133,,false,6.96,0.000,source=fused:fused;speedReason=NO_SPEED;derived=0.00;locationGapMs=866;callbackGapMs=866;fusion=GPS_IMU
LOCATION,1790415363626,29.6249250,52.4729133,,false,6.09,0.000,source=fused:fused;speedReason=OK;derived=0.00;locationGapMs=1059;callbackGapMs=1059;fusion=GPS_IMU
LOCATION,1790415364633,29.6249250,52.4729133,,false,6.96,0.000,source=fused:fused;speedReason=OK;derived=0.00;locationGapMs=1007;callbackGapMs=1007;fusion=GPS_IMU
LOCATION,1790415365635,29.6249250,52.4729133,,false,6.96,0.000,source=fused:fused;speedReason=OK;derived=0.00;locationGapMs=1002;callbackGapMs=1002;fusion=GPS_IMU
LOCATION,1790415366640,29.6249250,52.4729133,,false,6.96,0.000,source=fused:fused;speedReason=OK;derived=0.00;locationGapMs=1005;callbackGapMs=1005;fusion=GPS_IMU
LOCATION,1790415367637,29.6249250,52.4729133,,false,0.90,0.000,source=fused:fused;speedReason=OK;derived=0.00;locationGapMs=997;callbackGapMs=997;fusion=GPS_IMU
LOCATION,1790415368634,29.6249250,52.4729133,,false,0.90,0.000,source=fused:fused;speedReason=OK;derived=0.00;locationGapMs=997;callbackGapMs=997;fusion=GPS_IMU
LOCATION_ONLY,1790415369272,29.6249250,52.4729133,,false,4.90,0.000,source=fused:fused;speedReason=NO_SPEED;derived=0.00;locationGapMs=638;callbackGapMs=638;fusion=GPS_IMU
LOCATION,1790415370634,29.6249250,52.4729133,,false,4.33,0.000,source=fused:fused;speedReason=OK;derived=0.00;locationGapMs=1362;callbackGapMs=1362;fusion=GPS_IMU
LOCATION,1790415371643,29.6249250,52.4729133,,false,4.90,0.000,source=fused:fused;speedReason=OK;derived=0.00;locationGapMs=1009;callbackGapMs=1009;fusion=GPS_IMU
LOCATION,1790415372637,29.6249250,52.4729133,,false,4.33,0.000,source=fused:fused;speedReason=OK;derived=0.00;locationGapMs=993;callbackGapMs=993;fusion=GPS_IMU
LOCATION,1790415373704,29.6249250,52.4729133,,false,4.90,0.000,source=fused:fused;speedReason=OK;derived=0.00;locationGapMs=1068;callbackGapMs=1068;fusion=GPS_IMU
LOCATION,1790415374631,29.6249250,52.4729133,,false,0.90,0.000,source=fused:fused;speedReason=OK;derived=0.00;locationGapMs=927;callbackGapMs=927;fusion=GPS_IMU
LOCATION,1790415375633,29.6249250,52.4729133,,false,0.90,0.000,source=fused:fused;speedReason=OK;derived=0.00;locationGapMs=1002;callbackGapMs=1002;fusion=GPS_IMU
LOCATION,1790415376645,29.6249250,52.4729133,,false,2.28,0.000,source=fused:fused;speedReason=OK;derived=0.00;locationGapMs=1012;callbackGapMs=1012;fusion=GPS_IMU
LOCATION,1790415377637,29.6249250,52.4729133,,false,2.52,0.000,source=fused:fused;speedReason=OK;derived=0.00;locationGapMs=992;callbackGapMs=992;fusion=GPS_IMU
LOCATION,1790415378614,29.6249250,52.4729133,,false,2.28,0.000,source=fused:fused;speedReason=OK;derived=0.00;locationGapMs=977;callbackGapMs=977;fusion=GPS_IMU
LOCATION,1790415379633,29.6249250,52.4729133,,false,2.52,0.000,source=fused:fused;speedReason=OK;derived=0.00;locationGapMs=1019;callbackGapMs=1019;fusion=GPS_IMU
LOCATION,1790415380635,29.6249250,52.4729133,,false,2.52,0.000,source=fused:fused;speedReason=OK;derived=0.00;locationGapMs=1002;callbackGapMs=1002;fusion=GPS_IMU
LOCATION,1790415381628,29.6249250,52.4729133,,false,0.90,0.000,source=fused:fused;speedReason=OK;derived=0.00;locationGapMs=993;callbackGapMs=993;fusion=GPS_IMU
LOCATION_ONLY,1790415382525,29.6249250,52.4729133,,false,6.74,0.000,source=fused:fused;speedReason=NO_SPEED;derived=0.00;locationGapMs=897;callbackGapMs=897;fusion=GPS_IMU
LOCATION,1790415383629,29.6249250,52.4729133,,false,6.74,0.000,source=fused:fused;speedReason=OK;derived=0.00;locationGapMs=1104;callbackGapMs=1104;fusion=GPS_IMU
LOCATION,1790415384699,29.6249250,52.4729133,,false,6.74,0.000,source=fused:fused;speedReason=OK;derived=0.00;locationGapMs=1070;callbackGapMs=1070;fusion=GPS_IMU
LOCATION,1790415385616,29.6249250,52.4729133,,false,5.90,0.000,source=fused:fused;speedReason=OK;derived=0.00;locationGapMs=917;callbackGapMs=917;fusion=GPS_IMU
LOCATION,1790415386638,29.6249250,52.4729133,,false,6.74,0.000,source=fused:fused;speedReason=OK;derived=0.00;locationGapMs=1022;callbackGapMs=1022;fusion=GPS_IMU
LOCATION,1790415387630,29.6249250,52.4729133,,false,0.90,0.000,source=fused:fused;speedReason=OK;derived=0.00;locationGapMs=992;callbackGapMs=992;fusion=GPS_IMU
LOCATION,1790415388621,29.6249250,52.4729133,,false,0.90,0.000,source=fused:fused;speedReason=OK;derived=0.00;locationGapMs=991;callbackGapMs=991;fusion=GPS_IMU
LOCATION_ONLY,1790415389211,29.6249250,52.4729133,,false,4.58,0.000,source=fused:fused;speedReason=NO_SPEED;derived=0.00;locationGapMs=589;callbackGapMs=589;fusion=GPS_IMU
LOCATION,1790415389625,29.6249250,52.4729133,,false,4.05,0.000,source=fused:fused;speedReason=OK;derived=0.00;locationGapMs=415;callbackGapMs=415;fusion=GPS_IMU
LOCATION,1790415390633,29.6249250,52.4729133,,false,4.58,0.000,source=fused:fused;speedReason=OK;derived=0.00;locationGapMs=1008;callbackGapMs=1008;fusion=GPS_IMU
LOCATION,1790415391625,29.6249250,52.4729133,,false,4.05,0.000,source=fused:fused;speedReason=OK;derived=0.00;locationGapMs=992;callbackGapMs=992;fusion=GPS_IMU
LOCATION,1790415392631,29.6249250,52.4729133,,false,4.58,0.000,source=fused:fused;speedReason=OK;derived=0.00;locationGapMs=1006;callbackGapMs=1006;fusion=GPS_IMU
LOCATION,1790415393639,29.6249250,52.4729133,,false,4.58,0.000,source=fused:fused;speedReason=OK;derived=0.00;locationGapMs=1008;callbackGapMs=1008;fusion=GPS_IMU
LOCATION,1790415394634,29.6249250,52.4729133,,false,0.90,0.000,source=fused:fused;speedReason=OK;derived=0.00;locationGapMs=995;callbackGapMs=995;fusion=GPS_IMU
LOCATION,1790415395624,29.6249250,52.4729133,,false,0.90,0.000,source=fused:fused;speedReason=OK;derived=0.00;locationGapMs=990;callbackGapMs=990;fusion=GPS_IMU
LOCATION,1790415396692,29.6249250,52.4729133,,false,2.15,0.000,source=fused:fused;speedReason=OK;derived=0.00;locationGapMs=1068;callbackGapMs=1068;fusion=GPS_IMU
LOCATION,1790415397637,29.6249250,52.4729133,,false,2.15,0.000,source=fused:fused;speedReason=OK;derived=0.00;locationGapMs=945;callbackGapMs=945;fusion=GPS_IMU
LOCATION,1790415398639,29.6249250,52.4729133,,false,2.15,0.000,source=fused:fused;speedReason=OK;derived=0.00;locationGapMs=1002;callbackGapMs=1002;fusion=GPS_IMU
LOCATION,1790415399633,29.6249250,52.4729133,,false,2.15,0.000,source=fused:fused;speedReason=OK;derived=0.00;locationGapMs=994;callbackGapMs=994;fusion=GPS_IMU
LOCATION,1790415400645,29.6249250,52.4729133,,false,2.15,0.000,source=fused:fused;speedReason=OK;derived=0.00;locationGapMs=1012;callbackGapMs=1012;fusion=GPS_IMU
LOCATION,1790415401631,29.6249250,52.4729133,,false,0.90,0.000,source=fused:fused;speedReason=OK;derived=0.00;locationGapMs=985;callbackGapMs=985;fusion=GPS_IMU
LOCATION_ONLY,1790415402434,29.6249250,52.4729133,,false,6.06,0.000,source=fused:fused;speedReason=NO_SPEED;derived=0.00;locationGapMs=804;callbackGapMs=804;fusion=GPS_IMU
LOCATION,1790415403639,29.6249250,52.4729133,,false,5.32,0.000,source=fused:fused;speedReason=OK;derived=0.00;locationGapMs=1205;callbackGapMs=1205;fusion=GPS_IMU
LOCATION,1790415404646,29.6249250,52.4729133,,false,6.06,0.000,source=fused:fused;speedReason=OK;derived=0.00;locationGapMs=1007;callbackGapMs=1007;fusion=GPS_IMU
LOCATION,1790415405627,29.6249250,52.4729133,,false,5.32,0.000,source=fused:fused;speedReason=OK;derived=0.00;locationGapMs=981;callbackGapMs=981;fusion=GPS_IMU
LOCATION,1790415406627,29.6249250,52.4729133,,false,5.32,0.000,source=fused:fused;speedReason=OK;derived=0.00;locationGapMs=1000;callbackGapMs=1000;fusion=GPS_IMU
LOCATION,1790415407623,29.6249250,52.4729133,,false,0.90,0.000,source=fused:fused;speedReason=OK;derived=0.00;locationGapMs=996;callbackGapMs=996;fusion=GPS_IMU
LOCATION,1790415408709,29.6249250,52.4729133,,false,0.90,0.000,source=fused:fused;speedReason=OK;derived=0.00;locationGapMs=1086;callbackGapMs=1086;fusion=GPS_IMU
LOCATION,1790415409625,29.6249250,52.4729133,,false,2.81,0.000,source=fused:fused;speedReason=OK;derived=0.00;locationGapMs=916;callbackGapMs=916;fusion=GPS_IMU
LOCATION,1790415410639,29.6249250,52.4729133,,false,3.13,0.000,source=fused:fused;speedReason=OK;derived=0.00;locationGapMs=1014;callbackGapMs=1014;fusion=GPS_IMU
LOCATION,1790415411632,29.6249250,52.4729133,,false,3.13,0.000,source=fused:fused;speedReason=OK;derived=0.00;locationGapMs=993;callbackGapMs=993;fusion=GPS_IMU
LOCATION,1790415412635,29.6249250,52.4729133,,false,3.13,0.000,source=fused:fused;speedReason=OK;derived=0.00;locationGapMs=1003;callbackGapMs=1003;fusion=GPS_IMU
LOCATION,1790415413636,29.6249250,52.4729133,,false,2.81,0.000,source=fused:fused;speedReason=OK;derived=0.00;locationGapMs=1001;callbackGapMs=1001;fusion=GPS_IMU
LOCATION,1790415414616,29.6249250,52.4729133,,false,0.90,0.000,source=fused:fused;speedReason=OK;derived=0.00;locationGapMs=980;callbackGapMs=980;fusion=GPS_IMU
LOCATION,1790415415623,29.6249250,52.4729133,,false,0.90,0.000,source=fused:fused;speedReason=OK;derived=0.00;locationGapMs=1007;callbackGapMs=1007;fusion=GPS_IMU
LOCATION,1790415416621,29.6249250,52.4729133,,false,0.92,0.000,source=fused:fused;speedReason=OK;derived=0.00;locationGapMs=998;callbackGapMs=998;fusion=GPS_IMU
LOCATION,1790415417625,29.6249250,52.4729133,,false,0.92,0.000,source=fused:fused;speedReason=OK;derived=0.00;locationGapMs=1004;callbackGapMs=1004;fusion=GPS_IMU
LOCATION,1790415418634,29.6249250,52.4729133,,false,0.93,0.000,source=fused:fused;speedReason=OK;derived=0.00;locationGapMs=1009;callbackGapMs=1009;fusion=GPS_IMU
LOCATION,1790415419686,29.6249250,52.4729133,,false,0.93,0.000,source=fused:fused;speedReason=OK;derived=0.00;locationGapMs=1052;callbackGapMs=1052;fusion=GPS_IMU
LOCATION,1790415420633,29.6249250,52.4729133,,false,0.90,0.000,source=fused:fused;speedReason=OK;derived=0.00;locationGapMs=947;callbackGapMs=947;fusion=GPS_IMU
LOCATION,1790415421619,29.6249250,52.4729133,,false,0.90,0.000,source=fused:fused;speedReason=OK;derived=0.00;locationGapMs=986;callbackGapMs=986;fusion=GPS_IMU
LOCATION_ONLY,1790415422352,29.6249250,52.4729133,,false,5.59,0.000,source=fused:fused;speedReason=NO_SPEED;derived=0.00;locationGapMs=733;callbackGapMs=733;fusion=GPS_IMU
LOCATION,1790415423625,29.6249250,52.4729133,,false,4.92,0.000,source=fused:fused;speedReason=OK;derived=0.00;locationGapMs=1273;callbackGapMs=1273;fusion=GPS_IMU
LOCATION,1790415424626,29.6249250,52.4729133,,false,4.92,0.000,source=fused:fused;speedReason=OK;derived=0.00;locationGapMs=1001;callbackGapMs=1001;fusion=GPS_IMU
LOCATION,1790415425694,29.6249250,52.4729133,,false,5.59,0.000,source=fused:fused;speedReason=OK;derived=0.00;locationGapMs=1068;callbackGapMs=1068;fusion=GPS_IMU
LOCATION,1790415426642,29.6249250,52.4729133,,false,5.59,0.000,source=fused:fused;speedReason=OK;derived=0.00;locationGapMs=948;callbackGapMs=948;fusion=GPS_IMU
LOCATION,1790415427624,29.6249250,52.4729133,,false,0.90,0.000,source=fused:fused;speedReason=OK;derived=0.00;locationGapMs=982;callbackGapMs=982;fusion=GPS_IMU
LOCATION,1790415428620,29.6249250,52.4729133,,false,0.90,0.000,source=fused:fused;speedReason=OK;derived=0.00;locationGapMs=996;callbackGapMs=996;fusion=GPS_IMU
LOCATION,1790415429634,29.6249250,52.4729133,,false,3.21,0.000,source=fused:fused;speedReason=OK;derived=0.00;locationGapMs=1014;callbackGapMs=1014;fusion=GPS_IMU
LOCATION,1790415430627,29.6249250,52.4729133,,false,2.88,0.000,source=fused:fused;speedReason=OK;derived=0.00;locationGapMs=993;callbackGapMs=993;fusion=GPS_IMU
LOCATION,1790415431736,29.6249250,52.4729133,,false,3.21,0.000,source=fused:fused;speedReason=OK;derived=0.00;locationGapMs=1109;callbackGapMs=1109;fusion=GPS_IMU
LOCATION,1790415432630,29.6249250,52.4729133,,false,3.21,0.000,source=fused:fused;speedReason=OK;derived=0.00;locationGapMs=894;callbackGapMs=894;fusion=GPS_IMU
LOCATION,1790415433627,29.6249250,52.4729133,,false,3.21,0.000,source=fused:fused;speedReason=OK;derived=0.00;locationGapMs=997;callbackGapMs=997;fusion=GPS_IMU
LOCATION,1790415434618,29.6249250,52.4729133,,false,0.90,0.000,source=fused:fused;speedReason=OK;derived=0.00;locationGapMs=991;callbackGapMs=991;fusion=GPS_IMU
LOCATION,1790415435629,29.6249250,52.4729133,,false,0.90,0.000,source=fused:fused;speedReason=OK;derived=0.00;locationGapMs=1011;callbackGapMs=1011;fusion=GPS_IMU
LOCATION,1790415436610,29.6249250,52.4729133,,false,0.90,0.000,source=fused:fused;speedReason=OK;derived=0.00;locationGapMs=981;callbackGapMs=981;fusion=GPS_IMU
LOCATION,1790415437703,29.6249250,52.4729133,,false,0.90,0.000,source=fused:fused;speedReason=OK;derived=0.00;locationGapMs=1093;callbackGapMs=1093;fusion=GPS_IMU
LOCATION,1790415438635,29.6249250,52.4729133,,false,0.90,0.000,source=fused:fused;speedReason=OK;derived=0.00;locationGapMs=932;callbackGapMs=932;fusion=GPS_IMU
LOCATION,1790415439633,29.6249250,52.4729133,,false,0.90,0.000,source=fused:fused;speedReason=OK;derived=0.00;locationGapMs=998;callbackGapMs=998;fusion=GPS_IMU
LOCATION,1790415440638,29.6249250,52.4729133,,false,0.90,0.000,source=fused:fused;speedReason=OK;derived=0.00;locationGapMs=1005;callbackGapMs=1005;fusion=GPS_IMU
LOCATION,1790415441628,29.6249250,52.4729133,,false,0.90,0.000,source=fused:fused;speedReason=OK;derived=0.00;locationGapMs=990;callbackGapMs=990;fusion=GPS_IMU
LOCATION_ONLY,1790415442312,29.6249250,52.4729133,,false,5.32,0.000,source=fused:fused;speedReason=NO_SPEED;derived=0.00;locationGapMs=684;callbackGapMs=684;fusion=GPS_IMU
LOCATION,1790415443640,29.6249250,52.4729133,,false,4.69,0.000,source=fused:fused;speedReason=OK;derived=0.00;locationGapMs=1328;callbackGapMs=1328;fusion=GPS_IMU
LOCATION,1790415444623,29.6249250,52.4729133,,false,4.69,0.000,source=fused:fused;speedReason=OK;derived=0.00;locationGapMs=983;callbackGapMs=983;fusion=GPS_IMU
LOCATION,1790415445629,29.6249250,52.4729133,,false,4.69,0.000,source=fused:fused;speedReason=OK;derived=0.00;locationGapMs=1006;callbackGapMs=1006;fusion=GPS_IMU
LOCATION,1790415446599,29.6249250,52.4729133,,false,4.69,0.000,source=fused:fused;speedReason=OK;derived=0.00;locationGapMs=970;callbackGapMs=970;fusion=GPS_IMU
LOCATION,1790415447623,29.6249250,52.4729133,,false,0.90,0.000,source=fused:fused;speedReason=OK;derived=0.00;locationGapMs=1024;callbackGapMs=1024;fusion=GPS_IMU
LOCATION,1790415448583,29.6249250,52.4729133,,false,0.90,0.000,source=fused:fused;speedReason=OK;derived=0.00;locationGapMs=960;callbackGapMs=960;fusion=GPS_IMU
LOCATION,1790415449635,29.6249250,52.4729133,,false,3.28,0.000,source=fused:fused;speedReason=OK;derived=0.00;locationGapMs=1052;callbackGapMs=1052;fusion=GPS_IMU
LOCATION,1790415450636,29.6249250,52.4729133,,false,3.28,0.000,source=fused:fused;speedReason=OK;derived=0.00;locationGapMs=1001;callbackGapMs=1001;fusion=GPS_IMU
LOCATION,1790415451634,29.6249250,52.4729133,,false,3.28,0.000,source=fused:fused;speedReason=OK;derived=0.00;locationGapMs=998;callbackGapMs=998;fusion=GPS_IMU
LOCATION,1790415452631,29.6249250,52.4729133,,false,3.30,0.000,source=fused:fused;speedReason=OK;derived=0.00;locationGapMs=997;callbackGapMs=997;fusion=GPS_IMU
LOCATION,1790415453620,29.6249250,52.4729133,,false,3.30,0.000,source=fused:fused;speedReason=OK;derived=0.00;locationGapMs=989;callbackGapMs=989;fusion=GPS_IMU
LOCATION,1790415454628,29.6249250,52.4729133,,false,0.92,0.000,source=fused:fused;speedReason=OK;derived=0.00;locationGapMs=1008;callbackGapMs=1008;fusion=GPS_IMU
LOCATION,1790415455629,29.6249250,52.4729133,,false,0.92,0.000,source=fused:fused;speedReason=OK;derived=0.00;locationGapMs=1001;callbackGapMs=1001;fusion=GPS_IMU
LOCATION,1790415456631,29.6249250,52.4729133,,false,1.03,0.000,source=fused:fused;speedReason=OK;derived=0.00;locationGapMs=1002;callbackGapMs=1002;fusion=GPS_IMU
LOCATION,1790415457624,29.6249250,52.4729133,,false,1.01,0.000,source=fused:fused;speedReason=OK;derived=0.00;locationGapMs=993;callbackGapMs=993;fusion=GPS_IMU
LOCATION,1790415458633,29.6249250,52.4729133,,false,1.01,0.000,source=fused:fused;speedReason=OK;derived=0.00;locationGapMs=1009;callbackGapMs=1009;fusion=GPS_IMU
LOCATION,1790415459626,29.6249250,52.4729133,,false,1.00,0.000,source=fused:fused;speedReason=OK;derived=0.00;locationGapMs=993;callbackGapMs=993;fusion=GPS_IMU
LOCATION,1790415460634,29.6249250,52.4729133,,false,1.01,0.000,source=fused:fused;speedReason=OK;derived=0.00;locationGapMs=1008;callbackGapMs=1008;fusion=GPS_IMU
LOCATION,1790415461623,29.6249250,52.4729133,,false,0.90,0.000,source=fused:fused;speedReason=OK;derived=0.00;locationGapMs=989;callbackGapMs=989;fusion=GPS_IMU
LOCATION_ONLY,1790415462296,29.6249250,52.4729133,,false,5.24,0.000,source=fused:fused;speedReason=NO_SPEED;derived=0.00;locationGapMs=673;callbackGapMs=673;fusion=GPS_IMU
LOCATION,1790415463624,29.6249250,52.4729133,,false,4.62,0.000,source=fused:fused;speedReason=OK;derived=0.00;locationGapMs=1328;callbackGapMs=1328;fusion=GPS_IMU
LOCATION,1790415464689,29.6249250,52.4729133,,false,5.24,0.000,source=fused:fused;speedReason=OK;derived=0.00;locationGapMs=1065;callbackGapMs=1065;fusion=GPS_IMU
LOCATION,1790415465633,29.6249250,52.4729133,,false,4.62,0.000,source=fused:fused;speedReason=OK;derived=0.00;locationGapMs=944;callbackGapMs=944;fusion=GPS_IMU
LOCATION,1790415466629,29.6249250,52.4729133,,false,5.24,0.000,source=fused:fused;speedReason=OK;derived=0.00;locationGapMs=996;callbackGapMs=996;fusion=GPS_IMU
LOCATION,1790415467621,29.6249250,52.4729133,,false,0.90,0.000,source=fused:fused;speedReason=OK;derived=0.00;locationGapMs=992;callbackGapMs=992;fusion=GPS_IMU
LOCATION,1790415468623,29.6249250,52.4729133,,false,0.90,0.000,source=fused:fused;speedReason=OK;derived=0.00;locationGapMs=1002;callbackGapMs=1002;fusion=GPS_IMU
LOCATION,1790415469634,29.6249250,52.4729133,,false,2.09,0.000,source=fused:fused;speedReason=OK;derived=0.00;locationGapMs=1011;callbackGapMs=1011;fusion=GPS_IMU
LOCATION,1790415470632,29.6249250,52.4729133,,false,2.09,0.000,source=fused:fused;speedReason=OK;derived=0.00;locationGapMs=998;callbackGapMs=998;fusion=GPS_IMU
LOCATION,1790415471635,29.6249250,52.4729133,,false,2.29,0.000,source=fused:fused;speedReason=OK;derived=0.00;locationGapMs=1002;callbackGapMs=1002;fusion=GPS_IMU
LOCATION,1790415472635,29.6249250,52.4729133,,false,2.29,0.000,source=fused:fused;speedReason=OK;derived=0.00;locationGapMs=1001;callbackGapMs=1001;fusion=GPS_IMU
LOCATION,1790415473632,29.6249250,52.4729133,,false,2.29,0.000,source=fused:fused;speedReason=OK;derived=0.00;locationGapMs=997;callbackGapMs=997;fusion=GPS_IMU
LOCATION,1790415474631,29.6249250,52.4729133,,false,0.90,0.000,source=fused:fused;speedReason=OK;derived=0.00;locationGapMs=999;callbackGapMs=999;fusion=GPS_IMU
LOCATION_ONLY,1790415475481,29.6249250,52.4729133,,false,6.46,0.000,source=fused:fused;speedReason=NO_SPEED;derived=0.00;locationGapMs=850;callbackGapMs=850;fusion=GPS_IMU
LOCATION,1790415476635,29.6249250,52.4729133,,false,6.49,0.000,source=fused:fused;speedReason=OK;derived=0.00;locationGapMs=1154;callbackGapMs=1154;fusion=GPS_IMU
LOCATION,1790415477639,29.6249250,52.4729133,,false,6.51,0.000,source=fused:fused;speedReason=OK;derived=0.00;locationGapMs=1004;callbackGapMs=1004;fusion=GPS_IMU
LOCATION,1790415478677,29.6249250,52.4729133,,false,5.71,0.000,source=fused:fused;speedReason=OK;derived=0.00;locationGapMs=1038;callbackGapMs=1038;fusion=GPS_IMU
LOCATION,1790415479648,29.6249250,52.4729133,,false,6.51,0.000,source=fused:fused;speedReason=OK;derived=0.00;locationGapMs=971;callbackGapMs=971;fusion=GPS_IMU
LOCATION,1790415480609,29.6249250,52.4729133,,false,0.95,0.000,source=fused:fused;speedReason=OK;derived=0.00;locationGapMs=961;callbackGapMs=961;fusion=GPS_IMU
LOCATION,1790415481622,29.6249250,52.4729133,,false,0.93,0.000,source=fused:fused;speedReason=OK;derived=0.00;locationGapMs=1013;callbackGapMs=1013;fusion=GPS_IMU
LOCATION_ONLY,1790415482112,29.6249250,52.4729133,,false,4.09,0.000,source=fused:fused;speedReason=NO_SPEED;derived=0.00;locationGapMs=490;callbackGapMs=490;fusion=GPS_IMU
LOCATION,1790415482634,29.6249250,52.4729133,,false,3.63,0.000,source=fused:fused;speedReason=OK;derived=0.00;locationGapMs=522;callbackGapMs=522;fusion=GPS_IMU
LOCATION,1790415483636,29.6249250,52.4729133,,false,4.09,0.000,source=fused:fused;speedReason=OK;derived=0.00;locationGapMs=1002;callbackGapMs=1002;fusion=GPS_IMU
LOCATION,1790415484700,29.6249250,52.4729133,,false,3.66,0.000,source=fused:fused;speedReason=OK;derived=0.00;locationGapMs=1064;callbackGapMs=1064;fusion=GPS_IMU
LOCATION,1790415485634,29.6249250,52.4729133,,false,4.15,0.000,source=fused:fused;speedReason=OK;derived=0.00;locationGapMs=934;callbackGapMs=934;fusion=GPS_IMU
LOCATION,1790415486628,29.6249250,52.4729133,,false,4.20,0.000,source=fused:fused;speedReason=OK;derived=0.00;locationGapMs=994;callbackGapMs=994;fusion=GPS_IMU
LOCATION,1790415487630,29.6249250,52.4729133,,false,1.05,0.000,source=fused:fused;speedReason=OK;derived=0.00;locationGapMs=1002;callbackGapMs=1002;fusion=GPS_IMU
LOCATION,1790415488629,29.6249250,52.4729133,,false,1.08,0.000,source=fused:fused;speedReason=OK;derived=0.00;locationGapMs=999;callbackGapMs=999;fusion=GPS_IMU
LOCATION,1790415489640,29.6249250,52.4729133,,false,1.88,0.000,source=fused:fused;speedReason=OK;derived=0.00;locationGapMs=1011;callbackGapMs=1011;fusion=GPS_IMU
LOCATION,1790415490694,29.6249250,52.4729133,,false,1.80,0.000,source=fused:fused;speedReason=OK;derived=0.00;locationGapMs=1054;callbackGapMs=1054;fusion=GPS_IMU
LOCATION,1790415491639,29.6249250,52.4729133,,false,1.93,0.000,source=fused:fused;speedReason=OK;derived=0.00;locationGapMs=945;callbackGapMs=945;fusion=GPS_IMU
LOCATION,1790415492636,29.6249250,52.4729133,,false,2.00,0.000,source=fused:fused;speedReason=OK;derived=0.00;locationGapMs=997;callbackGapMs=997;fusion=GPS_IMU
LOCATION,1790415493620,29.6249250,52.4729133,,false,1.91,0.000,source=fused:fused;speedReason=OK;derived=0.00;locationGapMs=984;callbackGapMs=984;fusion=GPS_IMU
LOCATION,1790415494627,29.6249250,52.4729133,,false,1.35,0.000,source=fused:fused;speedReason=OK;derived=0.00;locationGapMs=1007;callbackGapMs=1007;fusion=GPS_IMU
LOCATION_ONLY,1790415495372,29.6249250,52.4729133,,false,6.18,0.000,source=fused:fused;speedReason=NO_SPEED;derived=0.00;locationGapMs=745;callbackGapMs=745;fusion=GPS_IMU
LOCATION,1790415496638,29.6249250,52.4729133,,false,5.54,0.000,source=fused:fused;speedReason=OK;derived=0.00;locationGapMs=1266;callbackGapMs=1266;fusion=GPS_IMU
LOCATION,1790415497644,29.6249250,52.4729133,,false,6.19,0.000,source=fused:fused;speedReason=OK;derived=0.00;locationGapMs=1005;callbackGapMs=1005;fusion=GPS_IMU
LOCATION,1790415498637,29.6249250,52.4729133,,false,6.13,0.000,source=fused:fused;speedReason=OK;derived=0.00;locationGapMs=994;callbackGapMs=994;fusion=GPS_IMU
LOCATION,1790415499623,29.6249250,52.4729133,,false,6.08,0.000,source=fused:fused;speedReason=OK;derived=0.00;locationGapMs=986;callbackGapMs=986;fusion=GPS_IMU
LOCATION,1790415500618,29.6249250,52.4729133,,false,1.25,0.000,source=fused:fused;speedReason=OK;derived=0.00;locationGapMs=995;callbackGapMs=995;fusion=GPS_IMU
LOCATION,1790415501692,29.6249250,52.4729133,,false,1.20,0.000,source=fused:fused;speedReason=OK;derived=0.00;locationGapMs=1074;callbackGapMs=1074;fusion=GPS_IMU
LOCATION,1790415502642,29.6249250,52.4729133,,false,2.96,0.000,source=fused:fused;speedReason=OK;derived=0.00;locationGapMs=950;callbackGapMs=950;fusion=GPS_IMU
LOCATION,1790415503647,29.6249250,52.4729133,,false,3.28,0.000,source=fused:fused;speedReason=OK;derived=0.00;locationGapMs=1005;callbackGapMs=1005;fusion=GPS_IMU
LOCATION,1790415504638,29.6249250,52.4729133,,false,3.25,0.000,source=fused:fused;speedReason=OK;derived=0.00;locationGapMs=991;callbackGapMs=991;fusion=GPS_IMU
LOCATION,1790415505628,29.6249250,52.4729133,,false,3.21,0.000,source=fused:fused;speedReason=OK;derived=0.00;locationGapMs=990;callbackGapMs=990;fusion=GPS_IMU
LOCATION,1790415506608,29.6249250,52.4729133,,false,1.20,0.000,source=legacy:gps;speedReason=OK;derived=0.00;locationGapMs=980;callbackGapMs=261;fusion=GPS_IMU
LOCATION,1790415507582,29.6249250,52.4729133,,false,1.40,0.000,source=legacy:gps;speedReason=OK;derived=0.00;locationGapMs=974;callbackGapMs=239;fusion=GPS_IMU
LOCATION_ONLY,1790415508588,29.6249250,52.4729133,,false,6.48,0.000,source=fused:fused;speedReason=NO_SPEED;derived=0.01;locationGapMs=1006;callbackGapMs=1006;fusion=GPS_IMU
LOCATION,1790415508659,29.6249250,52.4729133,,false,1.70,0.000,source=legacy:gps;speedReason=OK;derived=;locationGapMs=72;callbackGapMs=72;fusion=GPS_IMU
LOCATION,1790415509614,29.6249250,52.4729133,,false,1.80,0.000,source=legacy:gps;speedReason=OK;derived=0.00;locationGapMs=954;callbackGapMs=954;fusion=GPS_IMU
LOCATION,1790415510560,29.6249250,52.4729133,,false,1.90,0.000,source=legacy:gps;speedReason=OK;derived=0.00;locationGapMs=946;callbackGapMs=946;fusion=GPS_IMU
LOCATION_ONLY,1790415511573,29.6249250,52.4729133,,false,2.10,0.000,source=legacy:gps;speedReason=POOR_SPEED_ACCURACY;derived=0.00;locationGapMs=1014;callbackGapMs=1014;fusion=GPS_IMU
LOCATION_ONLY,1790415512585,29.6249583,52.4728783,,false,2.50,0.000,source=legacy:gps;speedReason=POOR_SPEED_ACCURACY;derived=0.00;locationGapMs=1011;callbackGapMs=268;fusion=GPS_IMU
LOCATION_ONLY,1790415513664,29.6249517,52.4729150,228.390,true,2.60,0.302,source=legacy:gps;speedReason=POOR_SPEED_ACCURACY;derived=12.53;locationGapMs=1042;callbackGapMs=1042;fusion=GPS_IMU
LOCATION_ONLY,1790415514578,29.6249667,52.4729217,324.030,true,2.50,0.629,source=legacy:gps;speedReason=POOR_SPEED_ACCURACY;derived=12.53;locationGapMs=950;callbackGapMs=950;fusion=GPS_IMU
LOCATION_ONLY,1790415515596,29.6249650,52.4729333,324.030,true,2.40,0.491,source=legacy:gps;speedReason=POOR_SPEED_ACCURACY;derived=6.76;locationGapMs=1016;callbackGapMs=1016;fusion=GPS_IMU
LOCATION,1790415516629,29.6249650,52.4729333,324.030,true,2.40,0.451,source=legacy:gps;speedReason=OK;derived=4.06;locationGapMs=1026;callbackGapMs=1026;fusion=GPS_IMU
LOCATION,1790415517581,29.6249650,52.4729333,324.030,true,2.40,0.000,source=legacy:gps;speedReason=OK;derived=0.00;locationGapMs=959;callbackGapMs=834;fusion=GPS_IMU
LOCATION,1790415518617,29.6249650,52.4729333,324.030,true,2.40,0.000,source=legacy:gps;speedReason=OK;derived=0.00;locationGapMs=1037;callbackGapMs=1037;fusion=GPS_IMU
LOCATION,1790415519762,29.6249650,52.4729333,324.030,true,1.20,0.000,source=legacy:gps;speedReason=OK;derived=0.00;locationGapMs=1143;callbackGapMs=1143;fusion=GPS_IMU
LOCATION,1790415520579,29.6249650,52.4729333,324.030,true,1.10,0.000,source=legacy:gps;speedReason=OK;derived=0.00;locationGapMs=818;callbackGapMs=818;fusion=GPS_IMU
LOCATION,1790415521606,29.6249650,52.4729333,324.030,true,1.00,0.000,source=legacy:gps;speedReason=OK;derived=0.00;locationGapMs=1027;callbackGapMs=1027;fusion=GPS_IMU
LOCATION,1790415522624,29.6249650,52.4729333,324.030,true,1.00,0.000,source=legacy:gps;speedReason=OK;derived=0.00;locationGapMs=1015;callbackGapMs=1015;fusion=GPS_IMU
LOCATION,1790415523612,29.6249650,52.4729333,,false,1.00,0.000,source=legacy:gps;speedReason=OK;derived=0.00;locationGapMs=993;callbackGapMs=993;fusion=GPS_IMU
LOCATION,1790415524618,29.6249650,52.4729333,,false,1.00,0.000,source=legacy:gps;speedReason=OK;derived=0.00;locationGapMs=1007;callbackGapMs=1007;fusion=GPS_IMU
LOCATION,1790415525624,29.6249650,52.4729333,,false,1.00,0.000,source=legacy:gps;speedReason=OK;derived=0.00;locationGapMs=1006;callbackGapMs=1006;fusion=GPS_IMU
LOCATION,1790415526622,29.6249650,52.4729333,,false,1.00,0.000,source=legacy:gps;speedReason=OK;derived=0.00;locationGapMs=998;callbackGapMs=998;fusion=GPS_IMU
LOCATION,1790415527606,29.6249650,52.4729333,,false,1.00,0.000,source=legacy:gps;speedReason=OK;derived=0.00;locationGapMs=983;callbackGapMs=983;fusion=GPS_IMU
LOCATION_ONLY,1790415528347,29.6249650,52.4729333,,false,5.76,0.000,source=fused:fused;speedReason=NO_SPEED;derived=0.00;locationGapMs=742;callbackGapMs=742;fusion=GPS_IMU
LOCATION,1790415528598,29.6249650,52.4729333,,false,1.00,0.000,source=legacy:gps;speedReason=OK;derived=;locationGapMs=251;callbackGapMs=251;fusion=GPS_IMU
LOCATION,1790415529603,29.6249650,52.4729333,,false,1.00,0.000,source=legacy:gps;speedReason=OK;derived=0.00;locationGapMs=1005;callbackGapMs=1005;fusion=GPS_IMU
LOCATION,1790415530604,29.6249650,52.4729333,,false,1.00,0.000,source=legacy:gps;speedReason=OK;derived=0.00;locationGapMs=1002;callbackGapMs=1002;fusion=GPS_IMU
LOCATION,1790415531596,29.6249650,52.4729333,,false,1.00,0.000,source=legacy:gps;speedReason=OK;derived=0.00;locationGapMs=991;callbackGapMs=574;fusion=GPS_IMU
LOCATION,1790415532590,29.6249650,52.4729333,,false,1.00,0.000,source=legacy:gps;speedReason=OK;derived=0.00;locationGapMs=994;callbackGapMs=994;fusion=GPS_IMU
LOCATION,1790415533591,29.6249650,52.4729333,,false,1.20,0.000,source=legacy:gps;speedReason=OK;derived=0.00;locationGapMs=1001;callbackGapMs=1001;fusion=GPS_IMU
LOCATION,1790415534583,29.6249650,52.4729333,,false,1.20,0.000,source=legacy:gps;speedReason=OK;derived=0.00;locationGapMs=992;callbackGapMs=992;fusion=GPS_IMU
LOCATION,1790415535601,29.6249650,52.4729333,,false,1.30,0.000,source=legacy:gps;speedReason=OK;derived=0.00;locationGapMs=1018;callbackGapMs=610;fusion=GPS_IMU
LOCATION,1790415536617,29.6249650,52.4729333,,false,1.40,0.000,source=legacy:gps;speedReason=OK;derived=0.00;locationGapMs=1016;callbackGapMs=1016;fusion=GPS_IMU
LOCATION,1790415537623,29.6249650,52.4729333,,false,1.10,0.000,source=legacy:gps;speedReason=OK;derived=0.00;locationGapMs=1006;callbackGapMs=1006;fusion=GPS_IMU
LOCATION,1790415538613,29.6249650,52.4729333,,false,1.20,0.000,source=legacy:gps;speedReason=OK;derived=0.00;locationGapMs=990;callbackGapMs=990;fusion=GPS_IMU
LOCATION,1790415539620,29.6249650,52.4729333,,false,1.30,0.000,source=legacy:gps;speedReason=OK;derived=0.00;locationGapMs=1007;callbackGapMs=1007;fusion=GPS_IMU
LOCATION,1790415540602,29.6249650,52.4729333,,false,1.40,0.000,source=legacy:gps;speedReason=OK;derived=0.00;locationGapMs=982;callbackGapMs=982;fusion=GPS_IMU
LOCATION_ONLY,1790415541615,29.6249650,52.4729333,,false,7.74,0.000,source=fused:fused;speedReason=NO_SPEED;derived=0.00;locationGapMs=1013;callbackGapMs=1013;fusion=GPS_IMU
LOCATION,1790415541707,29.6249650,52.4729333,,false,1.40,0.000,source=legacy:gps;speedReason=OK;derived=;locationGapMs=92;callbackGapMs=92;fusion=GPS_IMU
LOCATION,1790415542619,29.6249650,52.4729333,,false,1.10,0.000,source=legacy:gps;speedReason=OK;derived=0.00;locationGapMs=912;callbackGapMs=912;fusion=GPS_IMU
LOCATION,1790415543687,29.6249650,52.4729333,,false,1.00,0.000,source=legacy:gps;speedReason=OK;derived=0.00;locationGapMs=1068;callbackGapMs=1068;fusion=GPS_IMU
LOCATION,1790415544618,29.6249650,52.4729333,,false,1.00,0.000,source=legacy:gps;speedReason=OK;derived=0.00;locationGapMs=931;callbackGapMs=931;fusion=GPS_IMU
LOCATION,1790415545620,29.6249650,52.4729333,,false,1.00,0.000,source=legacy:gps;speedReason=OK;derived=0.00;locationGapMs=1001;callbackGapMs=1001;fusion=GPS_IMU
LOCATION,1790415546623,29.6249650,52.4729333,,false,1.00,0.000,source=legacy:gps;speedReason=OK;derived=0.00;locationGapMs=1004;callbackGapMs=1004;fusion=GPS_IMU
LOCATION,1790415547608,29.6249650,52.4729333,,false,1.00,0.000,source=legacy:gps;speedReason=OK;derived=0.00;locationGapMs=985;callbackGapMs=985;fusion=GPS_IMU
LOCATION_ONLY,1790415548194,29.6249650,52.4729333,,false,4.61,0.000,source=fused:fused;speedReason=NO_SPEED;derived=0.00;locationGapMs=586;callbackGapMs=586;fusion=GPS_IMU
LOCATION,1790415548615,29.6249650,52.4729333,,false,1.00,0.000,source=legacy:gps;speedReason=OK;derived=0.02;locationGapMs=421;callbackGapMs=421;fusion=GPS_IMU
LOCATION,1790415549692,29.6249650,52.4729333,,false,1.00,0.000,source=legacy:gps;speedReason=OK;derived=0.02;locationGapMs=1077;callbackGapMs=1077;fusion=GPS_IMU
LOCATION,1790415550623,29.6249650,52.4729333,,false,1.00,0.000,source=legacy:gps;speedReason=OK;derived=0.00;locationGapMs=930;callbackGapMs=930;fusion=GPS_IMU
LOCATION,1790415551613,29.6249650,52.4729333,,false,1.00,0.000,source=legacy:gps;speedReason=OK;derived=0.00;locationGapMs=991;callbackGapMs=991;fusion=GPS_IMU
LOCATION,1790415552621,29.6249650,52.4729333,,false,1.30,0.000,source=legacy:gps;speedReason=OK;derived=0.00;locationGapMs=1007;callbackGapMs=1007;fusion=GPS_IMU
LOCATION,1790415553615,29.6249650,52.4729333,,false,1.40,0.000,source=legacy:gps;speedReason=OK;derived=0.00;locationGapMs=994;callbackGapMs=994;fusion=GPS_IMU
LOCATION,1790415554592,29.6249650,52.4729333,,false,1.50,0.000,source=legacy:gps;speedReason=OK;derived=0.00;locationGapMs=978;callbackGapMs=978;fusion=GPS_IMU
LOCATION_ONLY,1790415554813,29.6248674,52.4726934,,false,68.40,0.000,source=legacy:network;speedReason=NO_SPEED;derived=;locationGapMs=221;callbackGapMs=221;fusion=GPS_IMU
LOCATION,1790415555684,29.6249650,52.4729333,,false,1.60,0.000,source=legacy:gps;speedReason=OK;derived=;locationGapMs=871;callbackGapMs=871;fusion=GPS_IMU
LOCATION,1790415556628,29.6249650,52.4729333,,false,1.70,0.000,source=legacy:gps;speedReason=OK;derived=0.00;locationGapMs=944;callbackGapMs=944;fusion=GPS_IMU
LOCATION,1790415557624,29.6249650,52.4729333,,false,1.70,0.000,source=legacy:gps;speedReason=OK;derived=0.00;locationGapMs=996;callbackGapMs=996;fusion=GPS_IMU
LOCATION,1790415558621,29.6249650,52.4729333,,false,1.10,0.000,source=legacy:gps;speedReason=OK;derived=0.00;locationGapMs=997;callbackGapMs=634;fusion=GPS_IMU
LOCATION,1790415559622,29.6249650,52.4729333,,false,1.00,0.000,source=legacy:gps;speedReason=OK;derived=0.00;locationGapMs=1001;callbackGapMs=1001;fusion=GPS_IMU
LOCATION,1790415560613,29.6249650,52.4729333,,false,1.00,0.000,source=legacy:gps;speedReason=OK;derived=0.00;locationGapMs=991;callbackGapMs=991;fusion=GPS_IMU
LOCATION,1790415561674,29.6249650,52.4729333,,false,1.20,0.000,source=legacy:gps;speedReason=OK;derived=0.00;locationGapMs=1060;callbackGapMs=1060;fusion=GPS_IMU
LOCATION,1790415562627,29.6249650,52.4729333,,false,1.30,0.000,source=legacy:gps;speedReason=OK;derived=0.00;locationGapMs=953;callbackGapMs=953;fusion=GPS_IMU
LOCATION,1790415563615,29.6249650,52.4729333,,false,1.40,0.000,source=legacy:gps;speedReason=OK;derived=0.00;locationGapMs=989;callbackGapMs=989;fusion=GPS_IMU
LOCATION,1790415564621,29.6249650,52.4729333,,false,1.40,0.000,source=legacy:gps;speedReason=OK;derived=0.00;locationGapMs=1005;callbackGapMs=1005;fusion=GPS_IMU
LOCATION,1790415565619,29.6249650,52.4729333,,false,1.50,0.000,source=legacy:gps;speedReason=OK;derived=0.00;locationGapMs=999;callbackGapMs=999;fusion=GPS_IMU
LOCATION,1790415566604,29.6249650,52.4729333,,false,1.50,0.000,source=legacy:gps;speedReason=OK;derived=0.00;locationGapMs=985;callbackGapMs=985;fusion=GPS_IMU
LOCATION,1790415567600,29.6249650,52.4729333,,false,1.60,0.000,source=legacy:gps;speedReason=OK;derived=0.00;locationGapMs=996;callbackGapMs=996;fusion=GPS_IMU
LOCATION_ONLY,1790415567997,29.6248279,52.4726949,,false,77.60,0.000,source=legacy:network;speedReason=NO_SPEED;derived=;locationGapMs=397;callbackGapMs=397;fusion=GPS_IMU
LOCATION,1790415568583,29.6249650,52.4729333,,false,1.60,0.000,source=legacy:gps;speedReason=OK;derived=;locationGapMs=586;callbackGapMs=586;fusion=GPS_IMU
LOCATION,1790415569564,29.6249650,52.4729333,,false,1.70,0.000,source=legacy:gps;speedReason=OK;derived=0.00;locationGapMs=981;callbackGapMs=593;fusion=GPS_IMU
LOCATION,1790415570573,29.6249650,52.4729333,,false,1.70,0.000,source=legacy:gps;speedReason=OK;derived=0.00;locationGapMs=1009;callbackGapMs=1009;fusion=GPS_IMU
LOCATION,1790415571574,29.6249650,52.4729333,,false,1.80,0.000,source=legacy:gps;speedReason=OK;derived=0.00;locationGapMs=1001;callbackGapMs=1001;fusion=GPS_IMU
LOCATION,1790415572693,29.6249650,52.4729333,,false,1.90,0.000,source=legacy:gps;speedReason=OK;derived=0.00;locationGapMs=1119;callbackGapMs=1119;fusion=GPS_IMU
LOCATION_ONLY,1790415573607,29.6249650,52.4729333,,false,2.20,0.000,source=legacy:gps;speedReason=POOR_SPEED_ACCURACY;derived=0.00;locationGapMs=915;callbackGapMs=915;fusion=GPS_IMU
LOCATION_ONLY,1790415574595,29.6249650,52.4729333,,false,2.80,0.000,source=legacy:gps;speedReason=POOR_SPEED_ACCURACY;derived=0.00;locationGapMs=988;callbackGapMs=988;fusion=GPS_IMU
LOCATION,1790415575562,29.6249650,52.4729333,,false,2.80,0.000,source=legacy:gps;speedReason=OK;derived=0.00;locationGapMs=966;callbackGapMs=966;fusion=GPS_IMU
LOCATION_ONLY,1790415576566,29.6249650,52.4729333,,false,2.60,0.000,source=legacy:gps;speedReason=POOR_SPEED_ACCURACY;derived=0.00;locationGapMs=1005;callbackGapMs=1005;fusion=GPS_IMU
LOCATION_ONLY,1790415577564,29.6249650,52.4729333,,false,2.70,0.000,source=legacy:gps;speedReason=POOR_SPEED_ACCURACY;derived=0.00;locationGapMs=997;callbackGapMs=997;fusion=GPS_IMU
LOCATION,1790415578560,29.6249650,52.4729333,,false,2.60,0.000,source=legacy:gps;speedReason=OK;derived=0.00;locationGapMs=997;callbackGapMs=997;fusion=GPS_IMU
LOCATION,1790415579578,29.6249650,52.4729333,,false,2.50,0.000,source=legacy:gps;speedReason=OK;derived=0.00;locationGapMs=1017;callbackGapMs=1017;fusion=GPS_IMU
LOCATION,1790415580559,29.6249650,52.4729333,,false,2.30,0.000,source=legacy:gps;speedReason=OK;derived=0.00;locationGapMs=981;callbackGapMs=981;fusion=GPS_IMU
LOCATION,1790415581567,29.6249650,52.4729333,,false,2.10,0.000,source=legacy:gps;speedReason=OK;derived=0.00;locationGapMs=1008;callbackGapMs=1008;fusion=GPS_IMU
LOCATION,1790415582574,29.6249650,52.4729333,,false,2.10,0.000,source=legacy:gps;speedReason=OK;derived=0.00;locationGapMs=1008;callbackGapMs=1008;fusion=GPS_IMU
LOCATION,1790415583557,29.6249650,52.4729333,,false,2.10,0.000,source=legacy:gps;speedReason=OK;derived=0.00;locationGapMs=982;callbackGapMs=982;fusion=GPS_IMU
LOCATION,1790415584595,29.6249650,52.4729333,,false,2.10,0.000,source=legacy:gps;speedReason=OK;derived=0.00;locationGapMs=1038;callbackGapMs=1038;fusion=GPS_IMU
LOCATION,1790415585572,29.6249650,52.4729333,,false,2.10,0.000,source=legacy:gps;speedReason=OK;derived=0.00;locationGapMs=977;callbackGapMs=977;fusion=GPS_IMU
LOCATION,1790415586561,29.6249650,52.4729333,,false,2.00,0.000,source=legacy:gps;speedReason=OK;derived=0.00;locationGapMs=990;callbackGapMs=990;fusion=GPS_IMU
LOCATION_ONLY,1790415587476,29.6249650,52.4729333,,false,7.84,0.000,source=fused:fused;speedReason=NO_SPEED;derived=0.00;locationGapMs=913;callbackGapMs=913;fusion=GPS_IMU
LOCATION,1790415587592,29.6249650,52.4729333,,false,1.90,0.000,source=legacy:gps;speedReason=OK;derived=;locationGapMs=117;callbackGapMs=117;fusion=GPS_IMU
LOCATION,1790415588581,29.6249650,52.4729333,,false,1.90,0.000,source=legacy:gps;speedReason=OK;derived=0.00;locationGapMs=989;callbackGapMs=989;fusion=GPS_IMU
LOCATION,1790415589599,29.6249650,52.4729333,,false,1.80,0.000,source=legacy:gps;speedReason=OK;derived=0.00;locationGapMs=1017;callbackGapMs=1017;fusion=GPS_IMU
LOCATION,1790415590591,29.6249650,52.4729333,,false,1.90,0.000,source=legacy:gps;speedReason=OK;derived=0.00;locationGapMs=993;callbackGapMs=993;fusion=GPS_IMU
LOCATION,1790415591571,29.6249650,52.4729333,,false,1.90,0.000,source=legacy:gps;speedReason=OK;derived=0.00;locationGapMs=981;callbackGapMs=981;fusion=GPS_IMU
LOCATION,1790415592557,29.6249650,52.4729333,,false,1.90,0.000,source=legacy:gps;speedReason=OK;derived=0.00;locationGapMs=985;callbackGapMs=985;fusion=GPS_IMU
LOCATION,1790415593602,29.6249650,52.4729333,,false,1.90,0.000,source=legacy:gps;speedReason=OK;derived=0.00;locationGapMs=1044;callbackGapMs=1044;fusion=GPS_IMU
LOCATION,1790415594606,29.6249650,52.4729333,,false,1.90,0.000,source=legacy:gps;speedReason=OK;derived=0.00;locationGapMs=1005;callbackGapMs=677;fusion=GPS_IMU
LOCATION,1790415595603,29.6249650,52.4729333,,false,1.90,0.000,source=legacy:gps;speedReason=OK;derived=0.00;locationGapMs=998;callbackGapMs=998;fusion=GPS_IMU
LOCATION,1790415596585,29.6249650,52.4729333,,false,1.90,0.000,source=legacy:gps;speedReason=OK;derived=0.00;locationGapMs=981;callbackGapMs=662;fusion=GPS_IMU
LOCATION,1790415597568,29.6249650,52.4729333,,false,1.90,0.000,source=legacy:gps;speedReason=OK;derived=0.00;locationGapMs=984;callbackGapMs=984;fusion=GPS_IMU
LOCATION,1790415598559,29.6249650,52.4729333,,false,1.90,0.000,source=legacy:gps;speedReason=OK;derived=0.00;locationGapMs=990;callbackGapMs=990;fusion=GPS_IMU
LOCATION,1790415599576,29.6249650,52.4729333,,false,1.80,0.000,source=legacy:gps;speedReason=OK;derived=0.00;locationGapMs=1018;callbackGapMs=1018;fusion=GPS_IMU
LOCATION,1790415600590,29.6249650,52.4729333,,false,1.90,0.000,source=legacy:gps;speedReason=OK;derived=0.00;locationGapMs=1013;callbackGapMs=1013;fusion=GPS_IMU
LOCATION,1790415601570,29.6249650,52.4729333,,false,1.80,0.000,source=legacy:gps;speedReason=OK;derived=0.00;locationGapMs=980;callbackGapMs=980;fusion=GPS_IMU
LOCATION,1790415602639,29.6249650,52.4729333,,false,1.80,0.000,source=legacy:gps;speedReason=OK;derived=0.00;locationGapMs=1070;callbackGapMs=1070;fusion=GPS_IMU
LOCATION,1790415603596,29.6249650,52.4729333,,false,1.80,0.000,source=legacy:gps;speedReason=OK;derived=0.00;locationGapMs=956;callbackGapMs=956;fusion=GPS_IMU
LOCATION,1790415604595,29.6249650,52.4729333,,false,1.80,0.000,source=legacy:gps;speedReason=OK;derived=0.00;locationGapMs=999;callbackGapMs=999;fusion=GPS_IMU
LOCATION,1790415605591,29.6249650,52.4729333,,false,1.80,0.000,source=legacy:gps;speedReason=OK;derived=0.00;locationGapMs=996;callbackGapMs=996;fusion=GPS_IMU
LOCATION,1790415606580,29.6249650,52.4729333,,false,1.80,0.000,source=legacy:gps;speedReason=OK;derived=0.00;locationGapMs=989;callbackGapMs=989;fusion=GPS_IMU
LOCATION,1790415607568,29.6249650,52.4729333,,false,1.80,0.000,source=legacy:gps;speedReason=OK;derived=0.00;locationGapMs=988;callbackGapMs=988;fusion=GPS_IMU
LOCATION,1790415608600,29.6249650,52.4729333,,false,1.70,0.000,source=legacy:gps;speedReason=OK;derived=0.00;locationGapMs=1032;callbackGapMs=1032;fusion=GPS_IMU
LOCATION,1790415609601,29.6249650,52.4729333,,false,1.70,0.000,source=legacy:gps;speedReason=OK;derived=0.00;locationGapMs=1001;callbackGapMs=1001;fusion=GPS_IMU
LOCATION,1790415610587,29.6249650,52.4729333,,false,1.70,0.000,source=legacy:gps;speedReason=OK;derived=0.00;locationGapMs=986;callbackGapMs=986;fusion=GPS_IMU
LOCATION,1790415611602,29.6249650,52.4729333,,false,1.60,0.000,source=legacy:gps;speedReason=OK;derived=0.00;locationGapMs=1015;callbackGapMs=1015;fusion=GPS_IMU
LOCATION,1790415612597,29.6249650,52.4729333,,false,1.60,0.000,source=legacy:gps;speedReason=OK;derived=0.00;locationGapMs=995;callbackGapMs=995;fusion=GPS_IMU
LOCATION,1790415613598,29.6249650,52.4729333,,false,1.60,0.000,source=legacy:gps;speedReason=OK;derived=0.00;locationGapMs=1001;callbackGapMs=1001;fusion=GPS_IMU
LOCATION_ONLY,1790415613773,29.6248662,52.4726943,,false,77.60,0.000,source=legacy:network;speedReason=NO_SPEED;derived=;locationGapMs=175;callbackGapMs=175;fusion=GPS_IMU
LOCATION,1790415614605,29.6249650,52.4729333,,false,1.60,0.000,source=legacy:gps;speedReason=OK;derived=;locationGapMs=832;callbackGapMs=832;fusion=GPS_IMU
LOCATION,1790415615590,29.6249650,52.4729333,,false,1.60,0.000,source=legacy:gps;speedReason=OK;derived=0.00;locationGapMs=985;callbackGapMs=985;fusion=GPS_IMU
LOCATION,1790415616601,29.6249650,52.4729333,,false,1.60,0.000,source=legacy:gps;speedReason=OK;derived=0.00;locationGapMs=1011;callbackGapMs=1011;fusion=GPS_IMU
LOCATION,1790415617611,29.6249650,52.4729333,,false,1.60,0.000,source=legacy:gps;speedReason=OK;derived=0.00;locationGapMs=1010;callbackGapMs=1010;fusion=GPS_IMU
LOCATION,1790415618602,29.6249650,52.4729333,,false,1.60,0.000,source=legacy:gps;speedReason=OK;derived=0.00;locationGapMs=991;callbackGapMs=991;fusion=GPS_IMU
LOCATION,1790415619602,29.6249650,52.4729333,,false,1.60,0.000,source=legacy:gps;speedReason=OK;derived=0.00;locationGapMs=1000;callbackGapMs=1000;fusion=GPS_IMU
LOCATION,1790415620643,29.6249650,52.4729333,,false,1.60,0.000,source=legacy:gps;speedReason=OK;derived=0.00;locationGapMs=1041;callbackGapMs=1041;fusion=GPS_IMU
LOCATION,1790415621597,29.6249650,52.4729333,,false,1.60,0.000,source=legacy:gps;speedReason=OK;derived=0.00;locationGapMs=954;callbackGapMs=954;fusion=GPS_IMU
LOCATION,1790415622605,29.6249650,52.4729333,,false,1.60,0.000,source=legacy:gps;speedReason=OK;derived=0.00;locationGapMs=1007;callbackGapMs=1007;fusion=GPS_IMU
LOCATION,1790415623600,29.6249650,52.4729333,,false,1.60,0.000,source=legacy:gps;speedReason=OK;derived=0.00;locationGapMs=996;callbackGapMs=996;fusion=GPS_IMU
LOCATION,1790415624601,29.6249650,52.4729333,,false,1.60,0.000,source=legacy:gps;speedReason=OK;derived=0.00;locationGapMs=1001;callbackGapMs=1001;fusion=GPS_IMU
LOCATION,1790415625595,29.6249650,52.4729333,,false,1.60,0.000,source=legacy:gps;speedReason=OK;derived=0.00;locationGapMs=994;callbackGapMs=994;fusion=GPS_IMU
LOCATION,1790415626597,29.6249650,52.4729333,,false,1.60,0.000,source=legacy:gps;speedReason=OK;derived=0.00;locationGapMs=1002;callbackGapMs=1002;fusion=GPS_IMU
LOCATION_ONLY,1790415627219,29.6249650,52.4729333,,false,5.56,0.000,source=fused:fused;speedReason=NO_SPEED;derived=0.00;locationGapMs=622;callbackGapMs=622;fusion=GPS_IMU
LOCATION,1790415627591,29.6249650,52.4729333,,false,1.60,0.000,source=legacy:gps;speedReason=OK;derived=;locationGapMs=372;callbackGapMs=372;fusion=GPS_IMU
LOCATION,1790415628603,29.6249650,52.4729333,,false,1.50,0.000,source=legacy:gps;speedReason=OK;derived=0.00;locationGapMs=1012;callbackGapMs=1012;fusion=GPS_IMU
LOCATION,1790415629597,29.6249650,52.4729333,,false,1.50,0.000,source=legacy:gps;speedReason=OK;derived=0.00;locationGapMs=994;callbackGapMs=994;fusion=GPS_IMU
LOCATION,1790415630594,29.6249650,52.4729333,,false,1.50,0.000,source=legacy:gps;speedReason=OK;derived=0.00;locationGapMs=996;callbackGapMs=996;fusion=GPS_IMU
LOCATION,1790415631599,29.6249650,52.4729333,,false,1.50,0.000,source=legacy:gps;speedReason=OK;derived=0.00;locationGapMs=1006;callbackGapMs=1006;fusion=GPS_IMU
LOCATION,1790415632594,29.6249650,52.4729333,,false,1.50,0.000,source=legacy:gps;speedReason=OK;derived=0.00;locationGapMs=995;callbackGapMs=995;fusion=GPS_IMU
LOCATION,1790415633607,29.6249650,52.4729333,,false,1.50,0.000,source=legacy:gps;speedReason=OK;derived=0.00;locationGapMs=1013;callbackGapMs=1013;fusion=GPS_IMU
LOCATION_ONLY,1790415634075,29.6248759,52.4727117,,false,77.60,0.000,source=legacy:network;speedReason=NO_SPEED;derived=;locationGapMs=468;callbackGapMs=468;fusion=GPS_IMU
LOCATION,1790415634605,29.6249650,52.4729333,,false,1.50,0.000,source=legacy:gps;speedReason=OK;derived=;locationGapMs=530;callbackGapMs=530;fusion=GPS_IMU
LOCATION,1790415635598,29.6249650,52.4729333,,false,1.50,0.000,source=legacy:gps;speedReason=OK;derived=0.00;locationGapMs=993;callbackGapMs=993;fusion=GPS_IMU
LOCATION,1790415636642,29.6249650,52.4729333,,false,1.50,0.000,source=legacy:gps;speedReason=OK;derived=0.00;locationGapMs=1044;callbackGapMs=1044;fusion=GPS_IMU
LOCATION,1790415637601,29.6249650,52.4729333,,false,1.50,0.000,source=legacy:gps;speedReason=OK;derived=0.00;locationGapMs=959;callbackGapMs=959;fusion=GPS_IMU
LOCATION,1790415638603,29.6249650,52.4729333,,false,1.50,0.000,source=legacy:gps;speedReason=OK;derived=0.00;locationGapMs=1002;callbackGapMs=1002;fusion=GPS_IMU
LOCATION,1790415639604,29.6249650,52.4729333,,false,1.50,0.000,source=legacy:gps;speedReason=OK;derived=0.00;locationGapMs=1001;callbackGapMs=1001;fusion=GPS_IMU
LOCATION,1790415640600,29.6249650,52.4729333,,false,1.50,0.000,source=legacy:gps;speedReason=OK;derived=0.00;locationGapMs=996;callbackGapMs=996;fusion=GPS_IMU
LOCATION,1790415641604,29.6249650,52.4729333,,false,1.50,0.000,source=legacy:gps;speedReason=OK;derived=0.00;locationGapMs=1004;callbackGapMs=873;fusion=GPS_IMU
LOCATION,1790415642600,29.6249650,52.4729333,,false,1.50,0.000,source=legacy:gps;speedReason=OK;derived=0.00;locationGapMs=996;callbackGapMs=996;fusion=GPS_IMU
LOCATION,1790415643597,29.6249650,52.4729333,,false,1.50,0.000,source=legacy:gps;speedReason=OK;derived=0.00;locationGapMs=996;callbackGapMs=996;fusion=GPS_IMU
LOCATION,1790415644597,29.6249650,52.4729333,,false,1.60,0.000,source=legacy:gps;speedReason=OK;derived=0.00;locationGapMs=1002;callbackGapMs=1002;fusion=GPS_IMU
LOCATION,1790415645602,29.6249650,52.4729333,,false,1.60,0.000,source=legacy:gps;speedReason=OK;derived=0.00;locationGapMs=1003;callbackGapMs=1003;fusion=GPS_IMU
LOCATION,1790415646601,29.6249650,52.4729333,,false,1.60,0.000,source=legacy:gps;speedReason=OK;derived=0.00;locationGapMs=1000;callbackGapMs=1000;fusion=GPS_IMU
LOCATION_ONLY,1790415647482,29.6249650,52.4729333,,false,7.22,0.000,source=fused:fused;speedReason=NO_SPEED;derived=0.00;locationGapMs=881;callbackGapMs=881;fusion=GPS_IMU
LOCATION,1790415647646,29.6249650,52.4729333,,false,1.60,0.000,source=legacy:gps;speedReason=OK;derived=;locationGapMs=164;callbackGapMs=164;fusion=GPS_IMU
LOCATION,1790415648601,29.6249650,52.4729333,,false,1.60,0.000,source=legacy:gps;speedReason=OK;derived=0.00;locationGapMs=955;callbackGapMs=955;fusion=GPS_IMU
LOCATION,1790415649596,29.6249650,52.4729333,,false,1.60,0.000,source=legacy:gps;speedReason=OK;derived=0.00;locationGapMs=995;callbackGapMs=995;fusion=GPS_IMU
LOCATION,1790415650597,29.6249650,52.4729333,,false,1.60,0.000,source=legacy:gps;speedReason=OK;derived=0.00;locationGapMs=1001;callbackGapMs=1001;fusion=GPS_IMU
LOCATION,1790415651609,29.6249650,52.4729333,,false,6.45,0.000,source=fused:fused;speedReason=OK;derived=0.00;locationGapMs=1012;callbackGapMs=1012;fusion=GPS_IMU
LOCATION,1790415652605,29.6249650,52.4729333,,false,1.60,0.000,source=fused:fused;speedReason=OK;derived=0.00;locationGapMs=997;callbackGapMs=997;fusion=GPS_IMU
LOCATION,1790415653653,29.6249650,52.4729333,,false,1.60,0.000,source=fused:fused;speedReason=OK;derived=0.00;locationGapMs=1047;callbackGapMs=1047;fusion=GPS_IMU
LOCATION_ONLY,1790415654257,29.6249650,52.4729333,,false,5.49,0.000,source=fused:fused;speedReason=NO_SPEED;derived=0.00;locationGapMs=604;callbackGapMs=604;fusion=GPS_IMU
LOCATION,1790415655611,29.6249650,52.4729333,,false,5.49,0.000,source=fused:fused;speedReason=OK;derived=0.00;locationGapMs=1354;callbackGapMs=1354;fusion=GPS_IMU
LOCATION,1790415656602,29.6249650,52.4729333,,false,4.93,0.000,source=fused:fused;speedReason=OK;derived=0.00;locationGapMs=991;callbackGapMs=991;fusion=GPS_IMU
LOCATION,1790415657612,29.6249650,52.4729333,,false,5.49,0.000,source=fused:fused;speedReason=OK;derived=0.00;locationGapMs=1010;callbackGapMs=1010;fusion=GPS_IMU
LOCATION,1790415658617,29.6249650,52.4729333,,false,4.93,0.000,source=fused:fused;speedReason=OK;derived=0.00;locationGapMs=1005;callbackGapMs=1005;fusion=GPS_IMU
LOCATION,1790415659615,29.6249650,52.4729333,,false,1.60,0.000,source=fused:fused;speedReason=OK;derived=0.00;locationGapMs=998;callbackGapMs=998;fusion=GPS_IMU
LOCATION,1790415660606,29.6249650,52.4729333,,false,1.60,0.000,source=fused:fused;speedReason=OK;derived=0.00;locationGapMs=991;callbackGapMs=991;fusion=GPS_IMU
LOCATION,1790415661615,29.6249650,52.4729333,,false,3.75,0.000,source=fused:fused;speedReason=OK;derived=0.00;locationGapMs=1010;callbackGapMs=1010;fusion=GPS_IMU
LOCATION,1790415662612,29.6249650,52.4729333,,false,3.75,0.000,source=fused:fused;speedReason=OK;derived=0.00;locationGapMs=996;callbackGapMs=996;fusion=GPS_IMU
LOCATION,1790415663614,29.6249650,52.4729333,,false,3.45,0.000,source=fused:fused;speedReason=OK;derived=0.00;locationGapMs=1002;callbackGapMs=1002;fusion=GPS_IMU
LOCATION,1790415664666,29.6249650,52.4729333,,false,3.75,0.000,source=fused:fused;speedReason=OK;derived=0.00;locationGapMs=1053;callbackGapMs=1053;fusion=GPS_IMU
LOCATION,1790415665609,29.6249650,52.4729333,,false,3.75,0.000,source=fused:fused;speedReason=OK;derived=0.00;locationGapMs=942;callbackGapMs=942;fusion=GPS_IMU
LOCATION,1790415666619,29.6249650,52.4729333,,false,1.60,0.000,source=fused:fused;speedReason=OK;derived=0.00;locationGapMs=1010;callbackGapMs=1010;fusion=GPS_IMU
LOCATION,1790415667614,29.6249650,52.4729333,,false,1.60,0.000,source=fused:fused;speedReason=OK;derived=0.00;locationGapMs=995;callbackGapMs=995;fusion=GPS_IMU
LOCATION,1790415668611,29.6249650,52.4729333,,false,2.16,0.000,source=fused:fused;speedReason=OK;derived=0.00;locationGapMs=997;callbackGapMs=997;fusion=GPS_IMU
LOCATION,1790415669615,29.6249650,52.4729333,,false,2.06,0.000,source=fused:fused;speedReason=OK;derived=0.00;locationGapMs=1004;callbackGapMs=1004;fusion=GPS_IMU
LOCATION,1790415670662,29.6249650,52.4729333,,false,2.13,0.000,source=fused:fused;speedReason=OK;derived=0.00;locationGapMs=1047;callbackGapMs=1047;fusion=GPS_IMU
LOCATION,1790415671618,29.6249650,52.4729333,,false,2.11,0.000,source=fused:fused;speedReason=OK;derived=0.00;locationGapMs=956;callbackGapMs=956;fusion=GPS_IMU
LOCATION,1790415672608,29.6249650,52.4729333,,false,2.02,0.000,source=fused:fused;speedReason=OK;derived=0.00;locationGapMs=990;callbackGapMs=990;fusion=GPS_IMU
LOCATION,1790415673611,29.6249650,52.4729333,,false,1.50,0.000,source=fused:fused;speedReason=OK;derived=0.00;locationGapMs=1003;callbackGapMs=1003;fusion=GPS_IMU
LOCATION_ONLY,1790415674459,29.6249650,52.4729333,,false,7.06,0.000,source=fused:fused;speedReason=NO_SPEED;derived=0.00;locationGapMs=848;callbackGapMs=848;fusion=GPS_IMU
LOCATION,1790415675612,29.6249650,52.4729333,,false,6.26,0.000,source=fused:fused;speedReason=OK;derived=0.00;locationGapMs=1153;callbackGapMs=1153;fusion=GPS_IMU
LOCATION,1790415676610,29.6249650,52.4729333,,false,6.26,0.000,source=fused:fused;speedReason=OK;derived=0.00;locationGapMs=998;callbackGapMs=998;fusion=GPS_IMU
LOCATION,1790415677615,29.6249650,52.4729333,,false,7.06,0.000,source=fused:fused;speedReason=OK;derived=0.00;locationGapMs=1005;callbackGapMs=1005;fusion=GPS_IMU
LOCATION,1790415678609,29.6249650,52.4729333,,false,7.06,0.000,source=fused:fused;speedReason=OK;derived=0.00;locationGapMs=994;callbackGapMs=994;fusion=GPS_IMU
LOCATION,1790415679584,29.6249650,52.4729333,,false,1.50,0.000,source=fused:fused;speedReason=OK;derived=0.00;locationGapMs=975;callbackGapMs=975;fusion=GPS_IMU
LOCATION,1790415680609,29.6249650,52.4729333,,false,1.50,0.000,source=fused:fused;speedReason=OK;derived=0.00;locationGapMs=1026;callbackGapMs=1026;fusion=GPS_IMU
LOCATION_ONLY,1790415681237,29.6249650,52.4729333,,false,5.54,0.000,source=fused:fused;speedReason=NO_SPEED;derived=0.00;locationGapMs=627;callbackGapMs=627;fusion=GPS_IMU
LOCATION,1790415682578,29.6249650,52.4729333,,false,4.96,0.000,source=fused:fused;speedReason=OK;derived=0.00;locationGapMs=1341;callbackGapMs=1341;fusion=GPS_IMU
LOCATION,1790415683608,29.6249650,52.4729333,,false,5.54,0.000,source=fused:fused;speedReason=OK;derived=0.00;locationGapMs=1030;callbackGapMs=1030;fusion=GPS_IMU
LOCATION,1790415684613,29.6249650,52.4729333,,false,5.56,0.000,source=fused:fused;speedReason=OK;derived=0.00;locationGapMs=1005;callbackGapMs=1005;fusion=GPS_IMU
LOCATION,1790415685604,29.6249650,52.4729333,,false,4.98,0.000,source=fused:fused;speedReason=OK;derived=0.00;locationGapMs=991;callbackGapMs=991;fusion=GPS_IMU
LOCATION,1790415686587,29.6249650,52.4729333,,false,1.52,0.000,source=fused:fused;speedReason=OK;derived=0.00;locationGapMs=983;callbackGapMs=983;fusion=GPS_IMU
LOCATION,1790415687598,29.6249650,52.4729333,,false,1.52,0.000,source=fused:fused;speedReason=OK;derived=0.00;locationGapMs=1011;callbackGapMs=1011;fusion=GPS_IMU
LOCATION,1790415688600,29.6249650,52.4729333,,false,3.68,0.000,source=fused:fused;speedReason=OK;derived=0.00;locationGapMs=1002;callbackGapMs=1002;fusion=GPS_IMU
LOCATION,1790415689609,29.6249650,52.4729333,,false,3.68,0.000,source=fused:fused;speedReason=OK;derived=0.00;locationGapMs=1010;callbackGapMs=1010;fusion=GPS_IMU
LOCATION,1790415690613,29.6249650,52.4729333,,false,4.02,0.000,source=fused:fused;speedReason=OK;derived=0.00;locationGapMs=1003;callbackGapMs=1003;fusion=GPS_IMU
LOCATION,1790415691611,29.6249650,52.4729333,,false,4.02,0.000,source=fused:fused;speedReason=OK;derived=0.00;locationGapMs=999;callbackGapMs=999;fusion=GPS_IMU
LOCATION,1790415692657,29.6249650,52.4729333,,false,4.02,0.000,source=fused:fused;speedReason=OK;derived=0.00;locationGapMs=1045;callbackGapMs=1045;fusion=GPS_IMU
LOCATION,1790415693599,29.6249650,52.4729333,,false,1.50,0.000,source=fused:fused;speedReason=OK;derived=0.00;locationGapMs=942;callbackGapMs=942;fusion=GPS_IMU
LOCATION,1790415694611,29.6249650,52.4729333,,false,1.50,0.000,source=fused:fused;speedReason=OK;derived=0.00;locationGapMs=1012;callbackGapMs=1012;fusion=GPS_IMU
LOCATION,1790415695609,29.6249650,52.4729333,,false,2.00,0.000,source=fused:fused;speedReason=OK;derived=0.00;locationGapMs=998;callbackGapMs=998;fusion=GPS_IMU
LOCATION,1790415696614,29.6249650,52.4729333,,false,2.02,0.000,source=fused:fused;speedReason=OK;derived=0.00;locationGapMs=1005;callbackGapMs=1005;fusion=GPS_IMU
LOCATION,1790415697611,29.6249650,52.4729333,,false,2.03,0.000,source=fused:fused;speedReason=OK;derived=0.00;locationGapMs=997;callbackGapMs=997;fusion=GPS_IMU
LOCATION,1790415698618,29.6249650,52.4729333,,false,2.13,0.000,source=fused:fused;speedReason=OK;derived=0.00;locationGapMs=1007;callbackGapMs=1007;fusion=GPS_IMU
LOCATION,1790415699610,29.6249650,52.4729333,,false,2.06,0.000,source=fused:fused;speedReason=OK;derived=0.00;locationGapMs=992;callbackGapMs=992;fusion=GPS_IMU
LOCATION,1790415700612,29.6249650,52.4729333,,false,1.60,0.000,source=fused:fused;speedReason=OK;derived=0.00;locationGapMs=1002;callbackGapMs=1002;fusion=GPS_IMU
LOCATION_ONLY,1790415701541,29.6249650,52.4729333,,false,7.70,0.000,source=fused:fused;speedReason=NO_SPEED;derived=0.00;locationGapMs=929;callbackGapMs=929;fusion=GPS_IMU
LOCATION,1790415702612,29.6249650,52.4729333,,false,6.80,0.000,source=fused:fused;speedReason=OK;derived=0.00;locationGapMs=1071;callbackGapMs=1071;fusion=GPS_IMU
LOCATION,1790415703669,29.6249650,52.4729333,,false,7.65,0.000,source=fused:fused;speedReason=OK;derived=0.00;locationGapMs=1057;callbackGapMs=1057;fusion=GPS_IMU
LOCATION,1790415704614,29.6249650,52.4729333,,false,7.64,0.000,source=fused:fused;speedReason=OK;derived=0.00;locationGapMs=945;callbackGapMs=945;fusion=GPS_IMU
LOCATION,1790415705609,29.6249650,52.4729333,,false,6.76,0.000,source=fused:fused;speedReason=OK;derived=0.00;locationGapMs=995;callbackGapMs=995;fusion=GPS_IMU
LOCATION,1790415706606,29.6249650,52.4729333,,false,1.50,0.000,source=fused:fused;speedReason=OK;derived=0.00;locationGapMs=997;callbackGapMs=997;fusion=GPS_IMU
LOCATION,1790415707614,29.6249650,52.4729333,,false,1.50,0.000,source=fused:fused;speedReason=OK;derived=0.00;locationGapMs=1008;callbackGapMs=1008;fusion=GPS_IMU
LOCATION,1790415708612,29.6249650,52.4729333,,false,1.50,0.000,source=fused:fused;speedReason=OK;derived=0.00;locationGapMs=998;callbackGapMs=998;fusion=GPS_IMU
LOCATION,1790415709666,29.6249650,52.4729333,,false,1.50,0.000,source=fused:fused;speedReason=OK;derived=0.00;locationGapMs=1054;callbackGapMs=1054;fusion=GPS_IMU
LOCATION,1790415710612,29.6249650,52.4729333,,false,1.50,0.000,source=fused:fused;speedReason=OK;derived=0.00;locationGapMs=946;callbackGapMs=946;fusion=GPS_IMU
LOCATION,1790415711606,29.6249650,52.4729333,,false,1.50,0.000,source=fused:fused;speedReason=OK;derived=0.00;locationGapMs=994;callbackGapMs=994;fusion=GPS_IMU
LOCATION,1790415712614,29.6249650,52.4729333,,false,1.50,0.000,source=fused:fused;speedReason=OK;derived=0.00;locationGapMs=1008;callbackGapMs=1008;fusion=GPS_IMU
LOCATION,1790415713609,29.6249650,52.4729333,,false,1.50,0.000,source=fused:fused;speedReason=OK;derived=0.00;locationGapMs=996;callbackGapMs=996;fusion=GPS_IMU
LOCATION,1790415714607,29.6249650,52.4729333,,false,1.50,0.000,source=fused:fused;speedReason=OK;derived=0.00;locationGapMs=997;callbackGapMs=997;fusion=GPS_IMU
LOCATION_ONLY,1790415715157,29.6249650,52.4729333,,false,4.99,0.000,source=fused:fused;speedReason=NO_SPEED;derived=0.00;locationGapMs=550;callbackGapMs=550;fusion=GPS_IMU
LOCATION,1790415715655,29.6249650,52.4729333,,false,4.49,0.000,source=fused:fused;speedReason=OK;derived=0.00;locationGapMs=499;callbackGapMs=499;fusion=GPS_IMU
LOCATION,1790415716615,29.6249650,52.4729333,,false,4.99,0.000,source=fused:fused;speedReason=OK;derived=0.00;locationGapMs=959;callbackGapMs=959;fusion=GPS_IMU
LOCATION,1790415717594,29.6249650,52.4729333,,false,4.49,0.000,source=fused:fused;speedReason=OK;derived=0.00;locationGapMs=979;callbackGapMs=979;fusion=GPS_IMU
LOCATION,1790415718612,29.6249650,52.4729333,,false,4.99,0.000,source=fused:fused;speedReason=OK;derived=0.00;locationGapMs=1019;callbackGapMs=1019;fusion=GPS_IMU
LOCATION,1790415719608,29.6249650,52.4729333,,false,4.99,0.000,source=fused:fused;speedReason=OK;derived=0.00;locationGapMs=995;callbackGapMs=995;fusion=GPS_IMU
LOCATION,1790415720614,29.6249650,52.4729333,,false,1.50,0.000,source=fused:fused;speedReason=OK;derived=0.00;locationGapMs=1006;callbackGapMs=1006;fusion=GPS_IMU
LOCATION,1790415721618,29.6249650,52.4729333,,false,1.50,0.000,source=fused:fused;speedReason=OK;derived=0.00;locationGapMs=1004;callbackGapMs=1004;fusion=GPS_IMU
LOCATION,1790415722612,29.6249650,52.4729333,,false,1.50,0.000,source=fused:fused;speedReason=OK;derived=0.00;locationGapMs=994;callbackGapMs=994;fusion=GPS_IMU
LOCATION,1790415723610,29.6249650,52.4729333,,false,1.50,0.000,source=fused:fused;speedReason=OK;derived=0.00;locationGapMs=998;callbackGapMs=998;fusion=GPS_IMU
LOCATION,1790415724610,29.6249650,52.4729333,,false,1.50,0.000,source=fused:fused;speedReason=OK;derived=0.00;locationGapMs=1000;callbackGapMs=1000;fusion=GPS_IMU
LOCATION,1790415725613,29.6249650,52.4729333,,false,1.50,0.000,source=fused:fused;speedReason=OK;derived=0.00;locationGapMs=1003;callbackGapMs=1003;fusion=GPS_IMU
LOCATION,1790415726666,29.6249650,52.4729333,,false,1.50,0.000,source=fused:fused;speedReason=OK;derived=0.00;locationGapMs=1053;callbackGapMs=1053;fusion=GPS_IMU
LOCATION,1790415727619,29.6249650,52.4729333,,false,1.50,0.000,source=fused:fused;speedReason=OK;derived=0.00;locationGapMs=953;callbackGapMs=953;fusion=GPS_IMU
LOCATION_ONLY,1790415728591,29.6249650,52.4729333,,false,7.82,0.000,source=fused:fused;speedReason=NO_SPEED;derived=0.00;locationGapMs=973;callbackGapMs=973;fusion=GPS_IMU
LOCATION,1790415729613,29.6249650,52.4729333,,false,7.82,0.000,source=fused:fused;speedReason=OK;derived=0.00;locationGapMs=1021;callbackGapMs=1021;fusion=GPS_IMU
LOCATION,1790415730609,29.6249650,52.4729333,,false,6.92,0.000,source=fused:fused;speedReason=OK;derived=0.00;locationGapMs=996;callbackGapMs=996;fusion=GPS_IMU
LOCATION,1790415731612,29.6249650,52.4729333,,false,6.92,0.000,source=fused:fused;speedReason=OK;derived=0.00;locationGapMs=1003;callbackGapMs=1003;fusion=GPS_IMU
LOCATION,1790415732606,29.6249650,52.4729333,,false,6.92,0.000,source=fused:fused;speedReason=OK;derived=0.00;locationGapMs=994;callbackGapMs=994;fusion=GPS_IMU
LOCATION,1790415733610,29.6249650,52.4729333,,false,1.50,0.000,source=fused:fused;speedReason=OK;derived=0.00;locationGapMs=1004;callbackGapMs=1004;fusion=GPS_IMU
LOCATION,1790415734607,29.6249650,52.4729333,,false,1.50,0.000,source=fused:fused;speedReason=OK;derived=0.00;locationGapMs=997;callbackGapMs=997;fusion=GPS_IMU
LOCATION_ONLY,1790415735320,29.6249650,52.4729333,,false,6.12,0.000,source=fused:fused;speedReason=NO_SPEED;derived=0.00;locationGapMs=713;callbackGapMs=713;fusion=GPS_IMU
LOCATION,1790415736611,29.6249650,52.4729333,,false,5.46,0.000,source=fused:fused;speedReason=OK;derived=0.00;locationGapMs=1291;callbackGapMs=1291;fusion=GPS_IMU
LOCATION,1790415737660,29.6249650,52.4729333,,false,6.12,0.000,source=fused:fused;speedReason=OK;derived=0.00;locationGapMs=1049;callbackGapMs=1049;fusion=GPS_IMU
LOCATION,1790415738575,29.6249650,52.4729333,,false,5.46,0.000,source=fused:fused;speedReason=OK;derived=0.00;locationGapMs=916;callbackGapMs=916;fusion=GPS_IMU
LOCATION,1790415739579,29.6249650,52.4729333,,false,5.46,0.000,source=fused:fused;speedReason=OK;derived=0.00;locationGapMs=1003;callbackGapMs=1003;fusion=GPS_IMU
LOCATION,1790415740569,29.6249650,52.4729333,,false,1.50,0.000,source=fused:fused;speedReason=OK;derived=0.00;locationGapMs=990;callbackGapMs=990;fusion=GPS_IMU
LOCATION,1790415741608,29.6249650,52.4729333,,false,1.50,0.000,source=fused:fused;speedReason=OK;derived=0.00;locationGapMs=1039;callbackGapMs=1039;fusion=GPS_IMU
LOCATION,1790415742612,29.6249650,52.4729333,,false,1.50,0.000,source=fused:fused;speedReason=OK;derived=0.00;locationGapMs=1004;callbackGapMs=1004;fusion=GPS_IMU
LOCATION,1790415743612,29.6249650,52.4729333,,false,1.50,0.000,source=fused:fused;speedReason=OK;derived=0.00;locationGapMs=1000;callbackGapMs=1000;fusion=GPS_IMU
LOCATION,1790415744611,29.6249650,52.4729333,,false,1.50,0.000,source=fused:fused;speedReason=OK;derived=0.00;locationGapMs=999;callbackGapMs=999;fusion=GPS_IMU
LOCATION,1790415745614,29.6249650,52.4729333,,false,1.50,0.000,source=fused:fused;speedReason=OK;derived=0.00;locationGapMs=1003;callbackGapMs=1003;fusion=GPS_IMU
LOCATION,1790415746597,29.6249650,52.4729333,,false,1.50,0.000,source=fused:fused;speedReason=OK;derived=0.00;locationGapMs=983;callbackGapMs=983;fusion=GPS_IMU
LOCATION,1790415747610,29.6249650,52.4729333,,false,1.50,0.000,source=fused:fused;speedReason=OK;derived=0.00;locationGapMs=1013;callbackGapMs=1013;fusion=GPS_IMU
LOCATION,1790415748667,29.6249650,52.4729333,,false,1.52,0.000,source=fused:fused;speedReason=OK;derived=0.00;locationGapMs=1057;callbackGapMs=1057;fusion=GPS_IMU
LOCATION,1790415749946,29.6249500,52.4729233,236.000,true,1.54,0.000,source=fused:fused;speedReason=OK;derived=0.00;locationGapMs=957;callbackGapMs=957;fusion=GPS_IMU
LOCATION,1790415750616,29.6249383,52.4728933,236.000,true,1.57,3.642,source=fused:fused;speedReason=OK;derived=7.24;locationGapMs=990;callbackGapMs=990;fusion=GPS_IMU
LOCATION,1790415751617,29.6249250,52.4728567,236.000,true,1.62,6.183,source=fused:fused;speedReason=OK;derived=11.57;locationGapMs=996;callbackGapMs=996;fusion=GPS_IMU
LOCATION,1790415752573,29.6249000,52.4728150,234.000,true,1.65,9.325,source=fused:fused;speedReason=OK;derived=13.88;locationGapMs=962;callbackGapMs=962;fusion=GPS_IMU
LOCATION,1790415753883,29.6248650,52.4727650,235.000,true,1.68,13.464,source=fused:fused;speedReason=OK;derived=18.33;locationGapMs=1036;callbackGapMs=1036;fusion=GPS_IMU
LOCATION,1790415754607,29.6248283,52.4727067,234.000,true,1.70,16.281,source=fused:fused;speedReason=OK;derived=21.56;locationGapMs=995;callbackGapMs=995;fusion=GPS_IMU
LOCATION,1790415755613,29.6247850,52.4726483,228.000,true,1.72,19.859,source=fused:fused;speedReason=OK;derived=25.18;locationGapMs=1002;callbackGapMs=1002;fusion=GPS_IMU
LOCATION,1790415756601,29.6247367,52.4725883,228.000,true,1.70,24.004,source=fused:fused;speedReason=OK;derived=26.65;locationGapMs=994;callbackGapMs=994;fusion=GPS_IMU
LOCATION,1790415757888,29.6246900,52.4725283,228.000,true,1.66,25.461,source=fused:fused;speedReason=OK;derived=27.90;locationGapMs=1004;callbackGapMs=1004;fusion=GPS_IMU
LOCATION,1790415758616,29.6246467,52.4724750,227.000,true,1.65,25.710,source=fused:fused;speedReason=OK;derived=27.90;locationGapMs=1010;callbackGapMs=1010;fusion=GPS_IMU
LOCATION,1790415759603,29.6245967,52.4724217,223.000,true,1.63,25.567,source=fused:fused;speedReason=OK;derived=27.65;locationGapMs=986;callbackGapMs=986;fusion=GPS_IMU
LOCATION,1790415760969,29.6245450,52.4723667,222.000,true,1.60,25.149,source=fused:fused;speedReason=OK;derived=26.62;locationGapMs=1058;callbackGapMs=1058;fusion=GPS_IMU
LOCATION,1790415761604,29.6244817,52.4723083,219.000,true,1.60,26.574,source=fused:fused;speedReason=OK;derived=27.65;locationGapMs=944;callbackGapMs=944;fusion=GPS_IMU
LOCATION,1790415762612,29.6244133,52.4722467,218.000,true,3.56,29.919,source=fused:fused;speedReason=OK;derived=34.37;locationGapMs=1007;callbackGapMs=1007;fusion=GPS_IMU
LOCATION,1790415763613,29.6243383,52.4721800,217.000,true,5.52,32.690,source=fused:fused;speedReason=OK;derived=34.49;locationGapMs=1001;callbackGapMs=1001;fusion=GPS_IMU
LOCATION,1790415764887,29.6242600,52.4721083,218.000,true,7.48,35.145,source=fused:fused;speedReason=OK;derived=37.86;locationGapMs=1005;callbackGapMs=1005;fusion=GPS_IMU
LOCATION,1790415765609,29.6241783,52.4720350,218.000,true,8.12,37.867,source=fused:fused;speedReason=OK;derived=39.82;locationGapMs=991;callbackGapMs=991;fusion=GPS_IMU
LOCATION,1790415766906,29.6240967,52.4719600,218.000,true,11.36,39.403,source=fused:fused;speedReason=OK;derived=41.68;locationGapMs=1002;callbackGapMs=1002;fusion=GPS_IMU
LOCATION,1790415767611,29.6240133,52.4718817,218.000,true,11.34,40.798,source=fused:fused;speedReason=OK;derived=41.80;locationGapMs=1001;callbackGapMs=1001;fusion=GPS_IMU
LOCATION,1790415768883,29.6239300,52.4718033,218.000,true,11.33,41.198,source=fused:fused;speedReason=OK;derived=43.00;locationGapMs=998;callbackGapMs=998;fusion=GPS_IMU
LOCATION,1790415769616,29.6238483,52.4717300,218.000,true,11.30,41.150,source=fused:fused;speedReason=OK;derived=43.00;locationGapMs=1007;callbackGapMs=1007;fusion=GPS_IMU
LOCATION,1790415770900,29.6237667,52.4716600,217.000,true,11.30,41.067,source=fused:fused;speedReason=OK;derived=41.14;locationGapMs=992;callbackGapMs=992;fusion=GPS_IMU
LOCATION,1790415771657,29.6236833,52.4715950,214.000,true,11.30,40.926,source=fused:fused;speedReason=OK;derived=41.02;locationGapMs=1046;callbackGapMs=1046;fusion=GPS_IMU
LOCATION,1790415772896,29.6236000,52.4715350,212.000,true,11.30,40.434,source=fused:fused;speedReason=OK;derived=41.00;locationGapMs=958;callbackGapMs=958;fusion=GPS_IMU
LOCATION,1790415773606,29.6235183,52.4714800,210.000,true,11.30,40.061,source=fused:fused;speedReason=OK;derived=38.49;locationGapMs=993;callbackGapMs=993;fusion=GPS_IMU
LOCATION,1790415774900,29.6234433,52.4714317,209.000,true,11.30,39.434,source=fused:fused;speedReason=OK;derived=38.09;locationGapMs=1011;callbackGapMs=1011;fusion=GPS_IMU
LOCATION,1790415775615,29.6233750,52.4713917,207.000,true,11.30,37.793,source=fused:fused;speedReason=OK;derived=33.97;locationGapMs=994;callbackGapMs=994;fusion=GPS_IMU
LOCATION,1790415776881,29.6233150,52.4713600,205.000,true,11.32,36.267,source=fused:fused;speedReason=OK;derived=30.80;locationGapMs=999;callbackGapMs=999;fusion=GPS_IMU
LOCATION,1790415777661,29.6232600,52.4713333,203.000,true,11.33,34.792,source=fused:fused;speedReason=OK;derived=26.40;locationGapMs=1049;callbackGapMs=1049;fusion=GPS_IMU
LOCATION,1790415778899,29.6232017,52.4713083,202.000,true,11.34,33.647,source=fused:fused;speedReason=OK;derived=26.07;locationGapMs=953;callbackGapMs=953;fusion=GPS_IMU
LOCATION,1790415779609,29.6231383,52.4712783,200.000,true,11.33,32.779,source=fused:fused;speedReason=OK;derived=26.07;locationGapMs=997;callbackGapMs=997;fusion=GPS_IMU
LOCATION,1790415780898,29.6230700,52.4712483,199.000,true,11.34,32.324,source=fused:fused;speedReason=OK;derived=27.46;locationGapMs=1002;callbackGapMs=1002;fusion=GPS_IMU
LOCATION,1790415781609,29.6229967,52.4712183,198.000,true,11.32,32.170,source=fused:fused;speedReason=OK;derived=29.13;locationGapMs=999;callbackGapMs=999;fusion=GPS_IMU
LOCATION,1790415782898,29.6229233,52.4711900,197.000,true,11.30,32.029,source=fused:fused;speedReason=OK;derived=30.75;locationGapMs=1005;callbackGapMs=1005;fusion=GPS_IMU
LOCATION,1790415783675,29.6228483,52.4711600,197.000,true,11.30,31.986,source=fused:fused;speedReason=OK;derived=30.75;locationGapMs=1050;callbackGapMs=1050;fusion=GPS_IMU
LOCATION,1790415784884,29.6227733,52.4711283,198.000,true,11.30,31.942,source=fused:fused;speedReason=OK;derived=30.75;locationGapMs=942;callbackGapMs=942;fusion=GPS_IMU
LOCATION,1790415785608,29.6226983,52.4710967,199.000,true,11.30,31.866,source=fused:fused;speedReason=OK;derived=31.83;locationGapMs=1002;callbackGapMs=1002;fusion=GPS_IMU
LOCATION,1790415786874,29.6226267,52.4710633,200.000,true,11.30,31.786,source=fused:fused;speedReason=OK;derived=31.83;locationGapMs=1004;callbackGapMs=1004;fusion=GPS_IMU
LOCATION,1790415787576,29.6225567,52.4710300,200.000,true,11.30,31.696,source=fused:fused;speedReason=OK;derived=31.35;locationGapMs=965;callbackGapMs=965;fusion=GPS_IMU
LOCATION,1790415788995,29.6224850,52.4710000,200.000,true,11.30,31.507,source=fused:fused;speedReason=OK;derived=30.73;locationGapMs=1142;callbackGapMs=1142;fusion=GPS_IMU
LOCATION,1790415789660,29.6224133,52.4709733,199.000,true,11.30,31.323,source=fused:fused;speedReason=OK;derived=31.35;locationGapMs=941;callbackGapMs=941;fusion=GPS_IMU
LOCATION,1790415790606,29.6223450,52.4709467,199.000,true,11.30,31.127,source=fused:fused;speedReason=OK;derived=30.43;locationGapMs=946;callbackGapMs=946;fusion=GPS_IMU
LOCATION,1790415791606,29.6222800,52.4709200,199.000,true,11.30,31.013,source=fused:fused;speedReason=OK;derived=30.43;locationGapMs=1000;callbackGapMs=1000;fusion=GPS_IMU
LOCATION,1790415792611,29.6222200,52.4708983,199.000,true,11.30,30.854,source=fused:fused;speedReason=OK;derived=27.56;locationGapMs=1004;callbackGapMs=1004;fusion=GPS_IMU
LOCATION,1790415793621,29.6221667,52.4708833,199.000,true,11.30,30.655,source=fused:fused;speedReason=OK;derived=25.01;locationGapMs=1007;callbackGapMs=1007;fusion=GPS_IMU
LOCATION,1790415794619,29.6221183,52.4708683,199.000,true,11.30,30.230,source=fused:fused;speedReason=OK;derived=21.75;locationGapMs=998;callbackGapMs=998;fusion=GPS_IMU
LOCATION,1790415795666,29.6220700,52.4708517,198.000,true,11.32,29.486,source=fused:fused;speedReason=OK;derived=20.05;locationGapMs=1051;callbackGapMs=1051;fusion=GPS_IMU
LOCATION,1790415796614,29.6220217,52.4708317,199.000,true,11.32,29.032,source=fused:fused;speedReason=OK;derived=20.05;locationGapMs=946;callbackGapMs=946;fusion=GPS_IMU
LOCATION,1790415797623,29.6219717,52.4708117,199.000,true,11.32,28.530,source=fused:fused;speedReason=OK;derived=21.01;locationGapMs=1006;callbackGapMs=1006;fusion=GPS_IMU
LOCATION,1790415798617,29.6219217,52.4707950,199.000,true,11.32,28.032,source=fused:fused;speedReason=OK;derived=21.01;locationGapMs=998;callbackGapMs=998;fusion=GPS_IMU
LOCATION,1790415799614,29.6218750,52.4707767,198.000,true,11.32,27.396,source=fused:fused;speedReason=OK;derived=20.83;locationGapMs=998;callbackGapMs=998;fusion=GPS_IMU
LOCATION,1790415800619,29.6218283,52.4707633,194.000,true,11.32,26.731,source=fused:fused;speedReason=OK;derived=19.74;locationGapMs=1002;callbackGapMs=1002;fusion=GPS_IMU
LOCATION,1790415801661,29.6217833,52.4707533,189.000,true,11.30,26.298,source=fused:fused;speedReason=OK;derived=19.17;locationGapMs=1044;callbackGapMs=1044;fusion=GPS_IMU
LOCATION,1790415802615,29.6217367,52.4707467,186.000,true,11.32,25.671,source=fused:fused;speedReason=OK;derived=19.17;locationGapMs=954;callbackGapMs=954;fusion=GPS_IMU
LOCATION,1790415803615,29.6216867,52.4707400,184.000,true,11.33,25.131,source=fused:fused;speedReason=OK;derived=19.64;locationGapMs=1000;callbackGapMs=1000;fusion=GPS_IMU
LOCATION,1790415804623,29.6216283,52.4707317,186.000,true,11.34,24.587,source=fused:fused;speedReason=OK;derived=20.09;locationGapMs=1008;callbackGapMs=1008;fusion=GPS_IMU
LOCATION,1790415805611,29.6215650,52.4707167,188.000,true,11.34,24.508,source=fused:fused;speedReason=OK;derived=23.30;locationGapMs=989;callbackGapMs=989;fusion=GPS_IMU
LOCATION,1790415806620,29.6214900,52.4706967,190.000,true,11.34,24.729,source=fused:fused;speedReason=OK;derived=26.08;locationGapMs=1005;callbackGapMs=1005;fusion=GPS_IMU
LOCATION,1790415807660,29.6214100,52.4706750,191.000,true,11.33,25.156,source=fused:fused;speedReason=OK;derived=30.58;locationGapMs=1044;callbackGapMs=1044;fusion=GPS_IMU
LOCATION,1790415808614,29.6213183,52.4706433,194.000,true,11.30,25.586,source=fused:fused;speedReason=OK;derived=31.43;locationGapMs=951;callbackGapMs=951;fusion=GPS_IMU
LOCATION,1790415809616,29.6212183,52.4706017,196.000,true,11.30,26.646,source=fused:fused;speedReason=OK;derived=40.19;locationGapMs=1001;callbackGapMs=1001;fusion=GPS_IMU
LOCATION,1790415810614,29.6211083,52.4705583,198.000,true,11.30,27.612,source=fused:fused;speedReason=OK;derived=42.42;locationGapMs=1002;callbackGapMs=1002;fusion=GPS_IMU
LOCATION,1790415811612,29.6209950,52.4705050,201.000,true,11.30,29.029,source=fused:fused;speedReason=OK;derived=46.34;locationGapMs=998;callbackGapMs=998;fusion=GPS_IMU
LOCATION,1790415812630,29.6208867,52.4704517,202.000,true,11.30,30.344,source=fused:fused;speedReason=OK;derived=46.62;locationGapMs=1009;callbackGapMs=1009;fusion=GPS_IMU
LOCATION,1790415813670,29.6207750,52.4703983,202.000,true,11.30,31.569,source=fused:fused;speedReason=OK;derived=46.62;locationGapMs=1044;callbackGapMs=1044;fusion=GPS_IMU
LOCATION,1790415814624,29.6206583,52.4703433,202.000,true,11.30,32.242,source=fused:fused;speedReason=OK;derived=46.62;locationGapMs=954;callbackGapMs=954;fusion=GPS_IMU
LOCATION,1790415815613,29.6205383,52.4702867,202.000,true,11.30,33.092,source=fused:fused;speedReason=OK;derived=52.16;locationGapMs=993;callbackGapMs=993;fusion=GPS_IMU
LOCATION,1790415816612,29.6204183,52.4702333,202.000,true,11.30,34.109,source=fused:fused;speedReason=OK;derived=52.16;locationGapMs=998;callbackGapMs=998;fusion=GPS_IMU
LOCATION,1790415817619,29.6202950,52.4701700,203.000,true,11.30,35.789,source=fused:fused;speedReason=OK;derived=52.16;locationGapMs=1008;callbackGapMs=1008;fusion=GPS_IMU
LOCATION,1790415818618,29.6201733,52.4701100,203.000,true,11.30,36.607,source=fused:fused;speedReason=OK;derived=53.14;locationGapMs=995;callbackGapMs=995;fusion=GPS_IMU
LOCATION,1790415819675,29.6200500,52.4700500,203.000,true,11.30,37.586,source=fused:fused;speedReason=OK;derived=53.14;locationGapMs=1056;callbackGapMs=1056;fusion=GPS_IMU
LOCATION,1790415820603,29.6199200,52.4699883,203.000,true,11.30,38.787,source=fused:fused;speedReason=OK;derived=53.14;locationGapMs=932;callbackGapMs=932;fusion=GPS_IMU
LOCATION,1790415821658,29.6197867,52.4699233,203.000,true,11.30,39.924,source=fused:fused;speedReason=OK;derived=54.70;locationGapMs=1057;callbackGapMs=1057;fusion=GPS_IMU
LOCATION,1790415822570,29.6196500,52.4698550,203.000,true,11.30,40.661,source=fused:fused;speedReason=OK;derived=60.26;locationGapMs=914;callbackGapMs=914;fusion=GPS_IMU
LOCATION,1790415823618,29.6195100,52.4697917,203.000,true,11.30,41.572,source=fused:fused;speedReason=OK;derived=57.59;locationGapMs=1043;callbackGapMs=1043;fusion=GPS_IMU
LOCATION,1790415824592,29.6193717,52.4697283,203.000,true,11.30,42.440,source=fused:fused;speedReason=OK;derived=60.79;locationGapMs=978;callbackGapMs=978;fusion=GPS_IMU
LOCATION,1790415825614,29.6192350,52.4696667,202.000,true,11.30,43.091,source=fused:fused;speedReason=OK;derived=57.70;locationGapMs=1016;callbackGapMs=1016;fusion=GPS_IMU
LOCATION,1790415826616,29.6191017,52.4696017,202.000,true,11.30,44.205,source=fused:fused;speedReason=OK;derived=57.70;locationGapMs=1006;callbackGapMs=1006;fusion=GPS_IMU
LOCATION,1790415827616,29.6189683,52.4695417,202.000,true,11.30,45.239,source=fused:fused;speedReason=OK;derived=57.47;locationGapMs=1001;callbackGapMs=1001;fusion=GPS_IMU
LOCATION,1790415828612,29.6188283,52.4694767,202.000,true,11.30,46.210,source=fused:fused;speedReason=OK;derived=57.47;locationGapMs=995;callbackGapMs=995;fusion=GPS_IMU
LOCATION,1790415829619,29.6186800,52.4694100,202.000,true,11.30,47.125,source=fused:fused;speedReason=OK;derived=60.59;locationGapMs=1004;callbackGapMs=1004;fusion=GPS_IMU
LOCATION,1790415830668,29.6185283,52.4693400,202.000,true,11.30,48.381,source=fused:fused;speedReason=OK;derived=62.22;locationGapMs=1049;callbackGapMs=1049;fusion=GPS_IMU
LOCATION,1790415831620,29.6183750,52.4692650,202.000,true,11.30,49.690,source=fused:fused;speedReason=OK;derived=63.33;locationGapMs=952;callbackGapMs=952;fusion=GPS_IMU
LOCATION,1790415832614,29.6182200,52.4691833,203.000,true,11.30,50.987,source=fused:fused;speedReason=OK;derived=68.23;locationGapMs=998;callbackGapMs=998;fusion=GPS_IMU
LOCATION,1790415833614,29.6180667,52.4691050,203.000,true,11.30,52.258,source=fused:fused;speedReason=OK;derived=68.23;locationGapMs=998;callbackGapMs=998;fusion=GPS_IMU
LOCATION,1790415834613,29.6179150,52.4690300,203.000,true,11.30,53.204,source=fused:fused;speedReason=OK;derived=67.12;locationGapMs=1000;callbackGapMs=1000;fusion=GPS_IMU
LOCATION,1790415835606,29.6177650,52.4689600,204.000,true,11.30,53.891,source=fused:fused;speedReason=OK;derived=65.94;locationGapMs=991;callbackGapMs=991;fusion=GPS_IMU
LOCATION,1790415836600,29.6176267,52.4688950,204.000,true,11.30,54.384,source=fused:fused;speedReason=OK;derived=65.23;locationGapMs=994;callbackGapMs=994;fusion=GPS_IMU
LOCATION,1790415837618,29.6174917,52.4688300,204.000,true,11.30,54.806,source=fused:fused;speedReason=OK;derived=60.02;locationGapMs=1014;callbackGapMs=1014;fusion=GPS_IMU
LOCATION,1790415838615,29.6173633,52.4687667,204.000,true,11.30,54.859,source=fused:fused;speedReason=OK;derived=57.64;locationGapMs=1002;callbackGapMs=1002;fusion=GPS_IMU
LOCATION,1790415839609,29.6172333,52.4687050,204.000,true,11.30,54.900,source=fused:fused;speedReason=OK;derived=56.50;locationGapMs=994;callbackGapMs=994;fusion=GPS_IMU
LOCATION,1790415840618,29.6171050,52.4686417,203.000,true,11.30,54.954,source=fused:fused;speedReason=OK;derived=55.68;locationGapMs=1005;callbackGapMs=1005;fusion=GPS_IMU
LOCATION,1790415841613,29.6169750,52.4685817,202.000,true,11.30,55.006,source=fused:fused;speedReason=OK;derived=56.10;locationGapMs=997;callbackGapMs=997;fusion=GPS_IMU
LOCATION,1790415842679,29.6168467,52.4685250,200.000,true,11.30,54.976,source=fused:fused;speedReason=OK;derived=55.48;locationGapMs=1061;callbackGapMs=1061;fusion=GPS_IMU
LOCATION,1790415843615,29.6167217,52.4684733,199.000,true,11.30,54.960,source=fused:fused;speedReason=OK;derived=56.10;locationGapMs=945;callbackGapMs=945;fusion=GPS_IMU
LOCATION,1790415844617,29.6165967,52.4684250,197.000,true,11.30,54.837,source=fused:fused;speedReason=OK;derived=52.54;locationGapMs=1002;callbackGapMs=1002;fusion=GPS_IMU
LOCATION,1790415845619,29.6164733,52.4683867,194.000,true,11.30,54.678,source=fused:fused;speedReason=OK;derived=52.54;locationGapMs=998;callbackGapMs=998;fusion=GPS_IMU
LOCATION,1790415846623,29.6163517,52.4683583,190.000,true,11.30,54.379,source=fused:fused;speedReason=OK;derived=51.12;locationGapMs=1003;callbackGapMs=1003;fusion=GPS_IMU
LOCATION,1790415847584,29.6162317,52.4683400,187.000,true,11.30,53.939,source=fused:fused;speedReason=OK;derived=50.01;locationGapMs=966;callbackGapMs=966;fusion=GPS_IMU
LOCATION,1790415848617,29.6161100,52.4683283,185.000,true,11.30,53.531,source=fused:fused;speedReason=OK;derived=49.38;locationGapMs=1029;callbackGapMs=1029;fusion=GPS_IMU
LOCATION,1790415849616,29.6159900,52.4683217,182.000,true,11.30,53.145,source=fused:fused;speedReason=OK;derived=47.89;locationGapMs=1001;callbackGapMs=1001;fusion=GPS_IMU
LOCATION,1790415850609,29.6158667,52.4683217,179.000,true,11.30,52.879,source=fused:fused;speedReason=OK;derived=47.89;locationGapMs=994;callbackGapMs=994;fusion=GPS_IMU
LOCATION,1790415851627,29.6157383,52.4683267,178.000,true,11.30,52.574,source=fused:fused;speedReason=OK;derived=49.50;locationGapMs=1010;callbackGapMs=1010;fusion=GPS_IMU
LOCATION,1790415852609,29.6156017,52.4683300,178.000,true,11.30,52.582,source=fused:fused;speedReason=OK;derived=50.76;locationGapMs=989;callbackGapMs=989;fusion=GPS_IMU
LOCATION,1790415853668,29.6154533,52.4683300,178.000,true,11.30,52.708,source=fused:fused;speedReason=OK;derived=55.13;locationGapMs=1054;callbackGapMs=1054;fusion=GPS_IMU
LOCATION,1790415854614,29.6152933,52.4683283,179.000,true,11.30,53.252,source=fused:fused;speedReason=OK;derived=56.18;locationGapMs=953;callbackGapMs=953;fusion=GPS_IMU
LOCATION,1790415855613,29.6151267,52.4683233,180.000,true,11.30,53.931,source=fused:fused;speedReason=OK;derived=66.57;locationGapMs=999;callbackGapMs=999;fusion=GPS_IMU
LOCATION,1790415856616,29.6149550,52.4683067,182.000,true,11.30,54.848,source=fused:fused;speedReason=OK;derived=67.00;locationGapMs=1000;callbackGapMs=1000;fusion=GPS_IMU
LOCATION,1790415857627,29.6147883,52.4682867,184.000,true,11.32,55.699,source=fused:fused;speedReason=OK;derived=66.75;locationGapMs=1002;callbackGapMs=1002;fusion=GPS_IMU
LOCATION,1790415858613,29.6146217,52.4682650,185.000,true,11.33,56.333,source=fused:fused;speedReason=OK;derived=67.18;locationGapMs=996;callbackGapMs=996;fusion=GPS_IMU
LOCATION,1790415859672,29.6144600,52.4682467,185.000,true,11.36,56.925,source=fused:fused;speedReason=OK;derived=66.75;locationGapMs=1051;callbackGapMs=1051;fusion=GPS_IMU
LOCATION,1790415860614,29.6142967,52.4682300,185.000,true,11.38,57.228,source=fused:fused;speedReason=OK;derived=67.18;locationGapMs=950;callbackGapMs=950;fusion=GPS_IMU
LOCATION,1790415861609,29.6141367,52.4682100,185.000,true,11.37,57.648,source=fused:fused;speedReason=OK;derived=64.42;locationGapMs=997;callbackGapMs=997;fusion=GPS_IMU
LOCATION,1790415862618,29.6139850,52.4681917,184.000,true,11.37,58.007,source=fused:fused;speedReason=OK;derived=64.42;locationGapMs=1005;callbackGapMs=1005;fusion=GPS_IMU
LOCATION,1790415863621,29.6138383,52.4681733,184.000,true,11.34,58.033,source=fused:fused;speedReason=OK;derived=60.57;locationGapMs=1001;callbackGapMs=1001;fusion=GPS_IMU
LOCATION,1790415864612,29.6136933,52.4681550,184.000,true,11.33,58.004,source=fused:fused;speedReason=OK;derived=58.83;locationGapMs=996;callbackGapMs=996;fusion=GPS_IMU
LOCATION,1790415865677,29.6135633,52.4681417,184.000,true,11.30,57.925,source=fused:fused;speedReason=OK;derived=58.45;locationGapMs=1056;callbackGapMs=1056;fusion=GPS_IMU
LOCATION,1790415866611,29.6134483,52.4681300,185.000,true,11.30,57.665,source=fused:fused;speedReason=OK;derived=49.32;locationGapMs=942;callbackGapMs=942;fusion=GPS_IMU
LOCATION,1790415867612,29.6133500,52.4681200,185.000,true,11.32,57.043,source=fused:fused;speedReason=OK;derived=48.91;locationGapMs=1003;callbackGapMs=1003;fusion=GPS_IMU
LOCATION,1790415868607,29.6132650,52.4681117,185.000,true,11.33,56.040,source=fused:fused;speedReason=OK;derived=39.26;locationGapMs=991;callbackGapMs=991;fusion=GPS_IMU
LOCATION,1790415869620,29.6131867,52.4680983,185.000,true,11.36,54.300,source=fused:fused;speedReason=OK;derived=34.35;locationGapMs=1013;callbackGapMs=1013;fusion=GPS_IMU
LOCATION,1790415870617,29.6131150,52.4680883,185.000,true,11.35,52.908,source=fused:fused;speedReason=OK;derived=31.19;locationGapMs=1000;callbackGapMs=1000;fusion=GPS_IMU
LOCATION,1790415871624,29.6130500,52.4680800,185.000,true,11.36,51.686,source=fused:fused;speedReason=OK;derived=28.82;locationGapMs=999;callbackGapMs=999;fusion=GPS_IMU
LOCATION,1790415872620,29.6129883,52.4680700,185.000,true,11.34,50.797,source=fused:fused;speedReason=OK;derived=26.13;locationGapMs=1002;callbackGapMs=1002;fusion=GPS_IMU
LOCATION,1790415873621,29.6129200,52.4680650,185.000,true,11.32,49.309,source=fused:fused;speedReason=OK;derived=26.13;locationGapMs=999;callbackGapMs=999;fusion=GPS_IMU
LOCATION,1790415874610,29.6128433,52.4680550,185.000,true,11.30,48.315,source=fused:fused;speedReason=OK;derived=27.34;locationGapMs=994;callbackGapMs=994;fusion=GPS_IMU
LOCATION,1790415875624,29.6127667,52.4680467,185.000,true,11.30,47.289,source=fused:fused;speedReason=OK;derived=30.43;locationGapMs=1009;callbackGapMs=1009;fusion=GPS_IMU
LOCATION,1790415876673,29.6126867,52.4680350,185.000,true,11.30,46.361,source=fused:fused;speedReason=OK;derived=30.80;locationGapMs=1045;callbackGapMs=1045;fusion=GPS_IMU
LOCATION,1790415877617,29.6126050,52.4680250,185.000,true,11.30,45.765,source=fused:fused;speedReason=OK;derived=30.80;locationGapMs=951;callbackGapMs=951;fusion=GPS_IMU
LOCATION,1790415878627,29.6125367,52.4680150,186.000,true,11.30,45.067,source=fused:fused;speedReason=OK;derived=30.80;locationGapMs=1008;callbackGapMs=1008;fusion=GPS_IMU
LOCATION,1790415879618,29.6124800,52.4680067,186.000,true,11.30,43.874,source=fused:fused;speedReason=OK;derived=27.26;locationGapMs=994;callbackGapMs=994;fusion=GPS_IMU
LOCATION,1790415880619,29.6124300,52.4680000,186.000,true,11.30,42.254,source=fused:fused;speedReason=OK;derived=22.95;locationGapMs=1000;callbackGapMs=1000;fusion=GPS_IMU
LOCATION,1790415881626,29.6123867,52.4679950,186.000,true,11.30,40.865,source=fused:fused;speedReason=OK;derived=20.09;locationGapMs=1003;callbackGapMs=1003;fusion=GPS_IMU
LOCATION,1790415882622,29.6123433,52.4679883,186.000,true,11.32,39.730,source=fused:fused;speedReason=OK;derived=17.60;locationGapMs=993;callbackGapMs=993;fusion=GPS_IMU
LOCATION,1790415883613,29.6123000,52.4679800,186.000,true,11.33,38.648,source=fused:fused;speedReason=OK;derived=17.54;locationGapMs=999;callbackGapMs=999;fusion=GPS_IMU
LOCATION,1790415884626,29.6122517,52.4679750,186.000,true,11.33,37.471,source=fused:fused;speedReason=OK;derived=17.60;locationGapMs=1006;callbackGapMs=1006;fusion=GPS_IMU
LOCATION,1790415885618,29.6122000,52.4679683,186.000,true,11.34,36.455,source=fused:fused;speedReason=OK;derived=19.24;locationGapMs=999;callbackGapMs=999;fusion=GPS_IMU
LOCATION,1790415886617,29.6121500,52.4679617,186.000,true,11.35,35.499,source=fused:fused;speedReason=OK;derived=20.10;locationGapMs=999;callbackGapMs=999;fusion=GPS_IMU
LOCATION,1790415887681,29.6121067,52.4679533,186.000,true,11.36,34.726,source=fused:fused;speedReason=OK;derived=20.10;locationGapMs=1051;callbackGapMs=1051;fusion=GPS_IMU
LOCATION,1790415888631,29.6120667,52.4679433,186.000,true,11.37,34.058,source=fused:fused;speedReason=OK;derived=17.07;locationGapMs=957;callbackGapMs=957;fusion=GPS_IMU
LOCATION,1790415889617,29.6120283,52.4679350,187.000,true,11.37,33.421,source=fused:fused;speedReason=OK;derived=16.67;locationGapMs=992;callbackGapMs=992;fusion=GPS_IMU
LOCATION,1790415890618,29.6119900,52.4679283,187.000,true,11.38,32.692,source=fused:fused;speedReason=OK;derived=15.72;locationGapMs=998;callbackGapMs=998;fusion=GPS_IMU
LOCATION,1790415891610,29.6119483,52.4679217,186.000,true,11.40,32.119,source=fused:fused;speedReason=OK;derived=15.72;locationGapMs=996;callbackGapMs=996;fusion=GPS_IMU
LOCATION,1790415892623,29.6119050,52.4679167,184.000,true,11.40,31.617,source=fused:fused;speedReason=OK;derived=16.87;locationGapMs=1012;callbackGapMs=1012;fusion=GPS_IMU
LOCATION,1790415893682,29.6118583,52.4679150,181.000,true,11.40,30.574,source=fused:fused;speedReason=OK;derived=17.16;locationGapMs=1047;callbackGapMs=1047;fusion=GPS_IMU
LOCATION,1790415894614,29.6118117,52.4679167,176.000,true,11.40,30.070,source=fused:fused;speedReason=OK;derived=17.81;locationGapMs=945;callbackGapMs=945;fusion=GPS_IMU
LOCATION,1790415895909,29.6117650,52.4679267,171.000,true,11.38,29.416,source=fused:fused;speedReason=OK;derived=18.92;locationGapMs=1002;callbackGapMs=1002;fusion=GPS_IMU
LOCATION,1790415896620,29.6117183,52.4679450,164.000,true,11.38,28.657,source=fused:fused;speedReason=OK;derived=19.62;locationGapMs=1004;callbackGapMs=1004;fusion=GPS_IMU
LOCATION,1790415897605,29.6116683,52.4679883,156.000,true,11.38,28.525,source=fused:fused;speedReason=OK;derived=19.62;locationGapMs=985;callbackGapMs=985;fusion=GPS_IMU
LOCATION,1790415898614,29.6116167,52.4680300,150.000,true,11.38,28.390,source=fused:fused;speedReason=OK;derived=25.06;locationGapMs=1006;callbackGapMs=1006;fusion=GPS_IMU
LOCATION,1790415899687,29.6115717,52.4680750,144.000,true,11.36,28.277,source=fused:fused;speedReason=OK;derived=25.06;locationGapMs=1063;callbackGapMs=1063;fusion=GPS_IMU
LOCATION,1790415900616,29.6115217,52.4681283,139.000,true,11.36,28.214,source=fused:fused;speedReason=OK;derived=25.06;locationGapMs=942;callbackGapMs=942;fusion=GPS_IMU
LOCATION,1790415901901,29.6114800,52.4681933,134.000,true,11.35,28.187,source=fused:fused;speedReason=OK;derived=28.23;locationGapMs=996;callbackGapMs=996;fusion=GPS_IMU
LOCATION,1790415902604,29.6114450,52.4682550,127.000,true,11.35,28.108,source=fused:fused;speedReason=OK;derived=28.23;locationGapMs=991;callbackGapMs=991;fusion=GPS_IMU
LOCATION,1790415903618,29.6114200,52.4683200,120.000,true,11.33,28.026,source=fused:fused;speedReason=OK;derived=25.88;locationGapMs=1012;callbackGapMs=1012;fusion=GPS_IMU
LOCATION,1790415904615,29.6113967,52.4683883,114.000,true,11.32,27.921,source=fused:fused;speedReason=OK;derived=25.62;locationGapMs=998;callbackGapMs=998;fusion=GPS_IMU
LOCATION,1790415905675,29.6113750,52.4684717,112.000,true,11.32,27.860,source=fused:fused;speedReason=OK;derived=25.62;locationGapMs=1054;callbackGapMs=1054;fusion=GPS_IMU
LOCATION,1790415906905,29.6113517,52.4685717,110.000,true,11.32,27.955,source=fused:fused;speedReason=OK;derived=28.79;locationGapMs=954;callbackGapMs=954;fusion=GPS_IMU
LOCATION,1790415907615,29.6113300,52.4686733,109.000,true,11.32,28.333,source=fused:fused;speedReason=OK;derived=36.73;locationGapMs=993;callbackGapMs=993;fusion=GPS_IMU
LOCATION,1790415908616,29.6113083,52.4687767,108.000,true,11.34,28.650,source=fused:fused;speedReason=OK;derived=37.04;locationGapMs=1001;callbackGapMs=1001;fusion=GPS_IMU
LOCATION,1790415909609,29.6112800,52.4688883,108.000,true,11.35,28.993,source=fused:fused;speedReason=OK;derived=37.04;locationGapMs=993;callbackGapMs=993;fusion=GPS_IMU
LOCATION,1790415910616,29.6112467,52.4690050,108.000,true,11.38,29.912,source=fused:fused;speedReason=OK;derived=40.81;locationGapMs=1004;callbackGapMs=1004;fusion=GPS_IMU
LOCATION,1790415911964,29.6112100,52.4691300,109.000,true,11.38,30.461,source=fused:fused;speedReason=OK;derived=42.64;locationGapMs=1059;callbackGapMs=1059;fusion=GPS_IMU
LOCATION,1790415912611,29.6111733,52.4692617,109.000,true,11.40,31.765,source=fused:fused;speedReason=OK;derived=43.42;locationGapMs=939;callbackGapMs=939;fusion=GPS_IMU
LOCATION,1790415913612,29.6111367,52.4693933,109.000,true,11.38,32.352,source=fused:fused;speedReason=OK;derived=48.06;locationGapMs=1002;callbackGapMs=1002;fusion=GPS_IMU
LOCATION,1790415914615,29.6111017,52.4695300,108.000,true,11.36,33.533,source=fused:fused;speedReason=OK;derived=49.62;locationGapMs=1001;callbackGapMs=1001;fusion=GPS_IMU
LOCATION,1790415915886,29.6110600,52.4696683,108.000,true,11.34,34.302,source=fused:fused;speedReason=OK;derived=49.62;locationGapMs=1004;callbackGapMs=1004;fusion=GPS_IMU
LOCATION,1790415916601,29.6110267,52.4698050,107.000,true,11.33,35.196,source=fused:fused;speedReason=OK;derived=50.14;locationGapMs=987;callbackGapMs=987;fusion=GPS_IMU
LOCATION,1790415917607,29.6109917,52.4699333,107.000,true,11.32,35.719,source=fused:fused;speedReason=OK;derived=50.14;locationGapMs=995;callbackGapMs=995;fusion=GPS_IMU
LOCATION,1790415918608,29.6109567,52.4700583,107.000,true,11.30,36.340,source=fused:fused;speedReason=OK;derived=47.10;locationGapMs=1008;callbackGapMs=1008;fusion=GPS_IMU
LOCATION,1790415919880,29.6109233,52.4701867,107.000,true,11.30,37.273,source=fused:fused;speedReason=OK;derived=46.39;locationGapMs=1007;callbackGapMs=1007;fusion=GPS_IMU
LOCATION,1790415920617,29.6108883,52.4703183,107.000,true,11.30,37.656,source=fused:fused;speedReason=OK;derived=46.39;locationGapMs=1003;callbackGapMs=1003;fusion=GPS_IMU
LOCATION,1790415921900,29.6108483,52.4704533,107.000,true,11.30,37.982,source=fused:fused;speedReason=OK;derived=47.82;locationGapMs=993;callbackGapMs=993;fusion=GPS_IMU
LOCATION,1790415922629,29.6108117,52.4705900,108.000,true,11.30,38.738,source=fused:fused;speedReason=OK;derived=49.56;locationGapMs=1006;callbackGapMs=1006;fusion=GPS_IMU
LOCATION,1790415923897,29.6107750,52.4707217,107.000,true,11.30,39.439,source=fused:fused;speedReason=OK;derived=49.56;locationGapMs=992;callbackGapMs=992;fusion=GPS_IMU
LOCATION,1790415924615,29.6107433,52.4708483,107.000,true,11.30,39.958,source=fused:fused;speedReason=OK;derived=48.59;locationGapMs=1006;callbackGapMs=1006;fusion=GPS_IMU
LOCATION,1790415925905,29.6107133,52.4709650,107.000,true,11.30,40.362,source=fused:fused;speedReason=OK;derived=45.65;locationGapMs=998;callbackGapMs=998;fusion=GPS_IMU
LOCATION,1790415926611,29.6106833,52.4710750,107.000,true,11.30,40.371,source=fused:fused;speedReason=OK;derived=42.50;locationGapMs=999;callbackGapMs=999;fusion=GPS_IMU
LOCATION,1790415927876,29.6106550,52.4711817,107.000,true,11.30,40.277,source=fused:fused;speedReason=OK;derived=40.22;locationGapMs=1001;callbackGapMs=1001;fusion=GPS_IMU
LOCATION,1790415928604,29.6106267,52.4712883,107.000,true,11.30,40.117,source=fused:fused;speedReason=OK;derived=39.44;locationGapMs=985;callbackGapMs=985;fusion=GPS_IMU
LOCATION,1790415929903,29.6105967,52.4713967,107.000,true,11.30,40.042,source=fused:fused;speedReason=OK;derived=39.06;locationGapMs=1015;callbackGapMs=1015;fusion=GPS_IMU
LOCATION,1790415930610,29.6105717,52.4714983,107.000,true,11.30,39.904,source=fused:fused;speedReason=OK;derived=39.06;locationGapMs=998;callbackGapMs=998;fusion=GPS_IMU
LOCATION,1790415931897,29.6105467,52.4715900,107.000,true,11.30,39.409,source=fused:fused;speedReason=OK;derived=36.88;locationGapMs=1002;callbackGapMs=1002;fusion=GPS_IMU
LOCATION,1790415932577,29.6105217,52.4716850,107.000,true,11.30,39.178,source=fused:fused;speedReason=OK;derived=35.81;locationGapMs=966;callbackGapMs=966;fusion=GPS_IMU
LOCATION,1790415933880,29.6104967,52.4717867,107.000,true,11.30,39.021,source=fused:fused;speedReason=OK;derived=35.81;locationGapMs=1023;callbackGapMs=1023;fusion=GPS_IMU
LOCATION,1790415934583,29.6104667,52.4718933,107.000,true,11.30,38.973,source=fused:fused;speedReason=OK;derived=36.01;locationGapMs=982;callbackGapMs=982;fusion=GPS_IMU
LOCATION,1790415935860,29.6104383,52.4720017,107.000,true,11.30,38.928,source=fused:fused;speedReason=OK;derived=39.07;locationGapMs=1010;callbackGapMs=1010;fusion=GPS_IMU
LOCATION,1790415936610,29.6104100,52.4721017,107.000,true,11.30,38.843,source=fused:fused;speedReason=OK;derived=39.07;locationGapMs=1016;callbackGapMs=1016;fusion=GPS_IMU
LOCATION,1790415937905,29.6103817,52.4721967,106.000,true,11.30,38.605,source=fused:fused;speedReason=OK;derived=36.08;locationGapMs=999;callbackGapMs=999;fusion=GPS_IMU
LOCATION,1790415938660,29.6103567,52.4722867,107.000,true,11.30,38.201,source=fused:fused;speedReason=OK;derived=35.03;locationGapMs=1045;callbackGapMs=1045;fusion=GPS_IMU
LOCATION,1790415939613,29.6103333,52.4723750,107.000,true,11.32,37.794,source=fused:fused;speedReason=OK;derived=33.55;locationGapMs=959;callbackGapMs=959;fusion=GPS_IMU
LOCATION,1790415940611,29.6103117,52.4724583,107.000,true,11.34,37.382,source=fused:fused;speedReason=OK;derived=31.51;locationGapMs=998;callbackGapMs=998;fusion=GPS_IMU
LOCATION,1790415941621,29.6102950,52.4725333,107.000,true,11.36,36.598,source=fused:fused;speedReason=OK;derived=30.36;locationGapMs=1009;callbackGapMs=1009;fusion=GPS_IMU
LOCATION,1790415942620,29.6102767,52.4726050,106.000,true,11.38,36.039,source=fused:fused;speedReason=OK;derived=26.75;locationGapMs=997;callbackGapMs=997;fusion=GPS_IMU
LOCATION,1790415943612,29.6102567,52.4726817,106.000,true,11.38,35.383,source=fused:fused;speedReason=OK;derived=26.75;locationGapMs=996;callbackGapMs=996;fusion=GPS_IMU
LOCATION,1790415944670,29.6102317,52.4727683,107.000,true,11.40,35.111,source=fused:fused;speedReason=OK;derived=28.02;locationGapMs=1051;callbackGapMs=1051;fusion=GPS_IMU
LOCATION,1790415945622,29.6102033,52.4728650,106.000,true,11.40,34.978,source=fused:fused;speedReason=OK;derived=30.26;locationGapMs=959;callbackGapMs=959;fusion=GPS_IMU
LOCATION,1790415946609,29.6101750,52.4729667,107.000,true,11.38,34.956,source=fused:fused;speedReason=OK;derived=37.09;locationGapMs=988;callbackGapMs=988;fusion=GPS_IMU
LOCATION,1790415947614,29.6101483,52.4730700,107.000,true,11.37,35.071,source=fused:fused;speedReason=OK;derived=37.45;locationGapMs=1003;callbackGapMs=1003;fusion=GPS_IMU
LOCATION,1790415948622,29.6101200,52.4731767,107.000,true,11.34,35.296,source=fused:fused;speedReason=OK;derived=37.67;locationGapMs=1007;callbackGapMs=1007;fusion=GPS_IMU
LOCATION,1790415949614,29.6100883,52.4732850,107.000,true,11.33,35.802,source=fused:fused;speedReason=OK;derived=38.61;locationGapMs=994;callbackGapMs=994;fusion=GPS_IMU
LOCATION,1790415950677,29.6100567,52.4733967,107.000,true,11.32,36.296,source=fused:fused;speedReason=OK;derived=38.95;locationGapMs=1051;callbackGapMs=1051;fusion=GPS_IMU
LOCATION,1790415951623,29.6100250,52.4735083,107.000,true,11.30,36.513,source=fused:fused;speedReason=OK;derived=40.07;locationGapMs=956;callbackGapMs=956;fusion=GPS_IMU
LOCATION,1790415952624,29.6099933,52.4736250,107.000,true,11.30,37.176,source=fused:fused;speedReason=OK;derived=42.57;locationGapMs=1001;callbackGapMs=1001;fusion=GPS_IMU
LOCATION,1790415953614,29.6099600,52.4737450,107.000,true,11.30,37.458,source=fused:fused;speedReason=OK;derived=42.80;locationGapMs=991;callbackGapMs=991;fusion=GPS_IMU
LOCATION,1790415954614,29.6099267,52.4738683,107.000,true,11.30,38.096,source=fused:fused;speedReason=OK;derived=44.30;locationGapMs=1001;callbackGapMs=1001;fusion=GPS_IMU
LOCATION,1790415955617,29.6098900,52.4739933,107.000,true,11.30,38.743,source=fused:fused;speedReason=OK;derived=44.96;locationGapMs=1002;callbackGapMs=1002;fusion=GPS_IMU
LOCATION,1790415956693,29.6098550,52.4741200,107.000,true,11.30,39.254,source=fused:fused;speedReason=OK;derived=44.96;locationGapMs=1064;callbackGapMs=1064;fusion=GPS_IMU
LOCATION,1790415957592,29.6098167,52.4742433,107.000,true,11.30,39.860,source=fused:fused;speedReason=OK;derived=45.89;locationGapMs=912;callbackGapMs=912;fusion=GPS_IMU
LOCATION,1790415958606,29.6097833,52.4743617,107.000,true,11.30,40.109,source=fused:fused;speedReason=OK;derived=43.55;locationGapMs=1012;callbackGapMs=1012;fusion=GPS_IMU
LOCATION,1790415959614,29.6097500,52.4744733,107.000,true,11.30,40.252,source=fused:fused;speedReason=OK;derived=42.87;locationGapMs=1008;callbackGapMs=1008;fusion=GPS_IMU
LOCATION,1790415960616,29.6097200,52.4745800,107.000,true,11.32,40.206,source=fused:fused;speedReason=OK;derived=40.79;locationGapMs=1004;callbackGapMs=1004;fusion=GPS_IMU
LOCATION,1790415961616,29.6096900,52.4746817,107.000,true,11.33,40.047,source=fused:fused;speedReason=OK;derived=38.93;locationGapMs=998;callbackGapMs=998;fusion=GPS_IMU
LOCATION,1790415962631,29.6096617,52.4747783,107.000,true,11.36,39.787,source=fused:fused;speedReason=OK;derived=37.50;locationGapMs=1008;callbackGapMs=1008;fusion=GPS_IMU
LOCATION,1790415963618,29.6096383,52.4748600,107.000,true,11.38,39.395,source=fused:fused;speedReason=OK;derived=35.25;locationGapMs=994;callbackGapMs=994;fusion=GPS_IMU
LOCATION,1790415964621,29.6096100,52.4749367,111.000,true,11.40,38.488,source=fused:fused;speedReason=OK;derived=30.16;locationGapMs=1004;callbackGapMs=1004;fusion=GPS_IMU
LOCATION,1790415965622,29.6095800,52.4750017,115.000,true,11.40,37.740,source=fused:fused;speedReason=OK;derived=28.92;locationGapMs=1001;callbackGapMs=1001;fusion=GPS_IMU
LOCATION,1790415966606,29.6095583,52.4750533,114.000,true,11.40,36.738,source=fused:fused;speedReason=OK;derived=25.61;locationGapMs=984;callbackGapMs=984;fusion=GPS_IMU
LOCATION,1790415967588,29.6095433,52.4751017,112.000,true,11.40,35.130,source=fused:fused;speedReason=OK;derived=20.29;locationGapMs=983;callbackGapMs=983;fusion=GPS_IMU
LOCATION,1790415968627,29.6095283,52.4751483,110.000,true,11.40,33.505,source=fused:fused;speedReason=OK;derived=18.22;locationGapMs=1032;callbackGapMs=1032;fusion=GPS_IMU
LOCATION,1790415969614,29.6095133,52.4751933,109.000,true,11.40,31.936,source=fused:fused;speedReason=OK;derived=16.91;locationGapMs=993;callbackGapMs=993;fusion=GPS_IMU
LOCATION,1790415970614,29.6094983,52.4752417,109.000,true,11.40,31.042,source=fused:fused;speedReason=OK;derived=16.91;locationGapMs=1000;callbackGapMs=1000;fusion=GPS_IMU
LOCATION,1790415971619,29.6094800,52.4752933,108.000,true,11.38,30.004,source=fused:fused;speedReason=OK;derived=17.91;locationGapMs=1005;callbackGapMs=1005;fusion=GPS_IMU
LOCATION,1790415972611,29.6094650,52.4753450,107.000,true,11.36,29.267,source=fused:fused;speedReason=OK;derived=19.13;locationGapMs=993;callbackGapMs=993;fusion=GPS_IMU
LOCATION,1790415973678,29.6094517,52.4753900,107.000,true,11.36,28.406,source=fused:fused;speedReason=OK;derived=19.13;locationGapMs=1056;callbackGapMs=1056;fusion=GPS_IMU
LOCATION,1790415974605,29.6094400,52.4754317,106.000,true,11.37,27.242,source=fused:fused;speedReason=OK;derived=16.28;locationGapMs=938;callbackGapMs=938;fusion=GPS_IMU
LOCATION,1790415975618,29.6094300,52.4754733,106.000,true,11.36,26.137,source=fused:fused;speedReason=OK;derived=15.69;locationGapMs=1013;callbackGapMs=1013;fusion=GPS_IMU
LOCATION,1790415976613,29.6094183,52.4755183,105.000,true,11.37,25.134,source=fused:fused;speedReason=OK;derived=16.28;locationGapMs=994;callbackGapMs=994;fusion=GPS_IMU
LOCATION,1790415977623,29.6094050,52.4755733,105.000,true,11.38,24.507,source=fused:fused;speedReason=OK;derived=16.47;locationGapMs=1007;callbackGapMs=1007;fusion=GPS_IMU
LOCATION,1790415978613,29.6093883,52.4756350,105.000,true,11.37,24.169,source=fused:fused;speedReason=OK;derived=19.76;locationGapMs=992;callbackGapMs=992;fusion=GPS_IMU
LOCATION,1790415979673,29.6093717,52.4757000,106.000,true,11.34,24.031,source=fused:fused;speedReason=OK;derived=22.45;locationGapMs=1052;callbackGapMs=1052;fusion=GPS_IMU
LOCATION,1790415980620,29.6093550,52.4757667,106.000,true,11.32,24.051,source=fused:fused;speedReason=OK;derived=22.71;locationGapMs=955;callbackGapMs=955;fusion=GPS_IMU
LOCATION,1790415981616,29.6093367,52.4758400,106.000,true,11.30,24.126,source=fused:fused;speedReason=OK;derived=25.33;locationGapMs=997;callbackGapMs=997;fusion=GPS_IMU
LOCATION,1790415982617,29.6093150,52.4759167,107.000,true,11.30,24.371,source=fused:fused;speedReason=OK;derived=26.66;locationGapMs=1002;callbackGapMs=1002;fusion=GPS_IMU
LOCATION,1790415983625,29.6092933,52.4760033,106.000,true,11.30,24.864,source=fused:fused;speedReason=OK;derived=28.06;locationGapMs=1007;callbackGapMs=1007;fusion=GPS_IMU
LOCATION,1790415984629,29.6092700,52.4760983,105.000,true,11.30,25.590,source=fused:fused;speedReason=OK;derived=31.20;locationGapMs=1003;callbackGapMs=1003;fusion=GPS_IMU
LOCATION,1790415985679,29.6092467,52.4762017,104.000,true,11.30,26.520,source=fused:fused;speedReason=OK;derived=34.30;locationGapMs=1042;callbackGapMs=1042;fusion=GPS_IMU
LOCATION,1790415986617,29.6092250,52.4763050,103.000,true,11.30,27.446,source=fused:fused;speedReason=OK;derived=35.73;locationGapMs=948;callbackGapMs=948;fusion=GPS_IMU
LOCATION,1790415987621,29.6092017,52.4764083,103.000,true,11.30,28.293,source=fused:fused;speedReason=OK;derived=37.16;locationGapMs=1001;callbackGapMs=1001;fusion=GPS_IMU
LOCATION,1790415988611,29.6091783,52.4765117,104.000,true,11.30,29.055,source=fused:fused;speedReason=OK;derived=37.51;locationGapMs=993;callbackGapMs=993;fusion=GPS_IMU
LOCATION,1790415989611,29.6091533,52.4766133,105.000,true,11.30,29.776,source=fused:fused;speedReason=OK;derived=37.16;locationGapMs=1000;callbackGapMs=1000;fusion=GPS_IMU
LOCATION,1790415990617,29.6091250,52.4767183,106.000,true,11.30,30.361,source=fused:fused;speedReason=OK;derived=37.51;locationGapMs=1005;callbackGapMs=1005;fusion=GPS_IMU
LOCATION,1790415991674,29.6090967,52.4768233,107.000,true,11.30,31.060,source=fused:fused;speedReason=OK;derived=36.81;locationGapMs=1050;callbackGapMs=1050;fusion=GPS_IMU
LOCATION,1790415992621,29.6090667,52.4769317,107.000,true,11.30,31.723,source=fused:fused;speedReason=OK;derived=38.13;locationGapMs=954;callbackGapMs=954;fusion=GPS_IMU
LOCATION,1790415993620,29.6090367,52.4770450,107.000,true,11.30,32.325,source=fused:fused;speedReason=OK;derived=41.32;locationGapMs=999;callbackGapMs=999;fusion=GPS_IMU
LOCATION,1790415994621,29.6090033,52.4771617,107.000,true,11.30,32.994,source=fused:fused;speedReason=OK;derived=41.56;locationGapMs=1001;callbackGapMs=1001;fusion=GPS_IMU
LOCATION,1790415995622,29.6089700,52.4772850,107.000,true,11.30,34.006,source=fused:fused;speedReason=OK;derived=42.78;locationGapMs=1001;callbackGapMs=1001;fusion=GPS_IMU
LOCATION,1790415996619,29.6089350,52.4774117,107.000,true,11.30,34.692,source=fused:fused;speedReason=OK;derived=44.96;locationGapMs=998;callbackGapMs=998;fusion=GPS_IMU
LOCATION,1790415997669,29.6088983,52.4775400,107.000,true,11.30,35.526,source=fused:fused;speedReason=OK;derived=45.05;locationGapMs=1045;callbackGapMs=1045;fusion=GPS_IMU
LOCATION,1790415998615,29.6088600,52.4776667,108.000,true,11.30,36.146,source=fused:fused;speedReason=OK;derived=46.43;locationGapMs=951;callbackGapMs=951;fusion=GPS_IMU
LOCATION,1790415999606,29.6088233,52.4777967,108.000,true,11.30,37.076,source=fused:fused;speedReason=OK;derived=48.12;locationGapMs=990;callbackGapMs=990;fusion=GPS_IMU
LOCATION,1790416000613,29.6087817,52.4779350,108.000,true,11.30,37.723,source=fused:fused;speedReason=OK;derived=49.16;locationGapMs=1007;callbackGapMs=1007;fusion=GPS_IMU
LOCATION,1790416001619,29.6087367,52.4780867,109.000,true,11.30,38.769,source=fused:fused;speedReason=OK;derived=50.65;locationGapMs=1005;callbackGapMs=1005;fusion=GPS_IMU
LOCATION,1790416002606,29.6086883,52.4782467,109.000,true,11.30,39.999,source=fused:fused;speedReason=OK;derived=55.59;locationGapMs=989;callbackGapMs=989;fusion=GPS_IMU
LOCATION,1790416003619,29.6086350,52.4784133,109.000,true,11.30,41.102,source=fused:fused;speedReason=OK;derived=59.70;locationGapMs=1012;callbackGapMs=1012;fusion=GPS_IMU
LOCATION,1790416004623,29.6085783,52.4785883,110.000,true,11.32,42.387,source=fused:fused;speedReason=OK;derived=61.13;locationGapMs=1004;callbackGapMs=1004;fusion=GPS_IMU
LOCATION,1790416005626,29.6085183,52.4787683,109.000,true,11.34,44.524,source=fused:fused;speedReason=OK;derived=64.82;locationGapMs=1001;callbackGapMs=1001;fusion=GPS_IMU
LOCATION,1790416006615,29.6084650,52.4789483,108.000,true,11.35,45.766,source=fused:fused;speedReason=OK;derived=67.01;locationGapMs=989;callbackGapMs=989;fusion=GPS_IMU
LOCATION,1790416007614,29.6084183,52.4791250,107.000,true,11.38,47.224,source=fused:fused;speedReason=OK;derived=67.01;locationGapMs=1000;callbackGapMs=1000;fusion=GPS_IMU
LOCATION,1790416008665,29.6083750,52.4792883,106.000,true,11.37,48.125,source=fused:fused;speedReason=OK;derived=64.37;locationGapMs=1052;callbackGapMs=1052;fusion=GPS_IMU
LOCATION,1790416009616,29.6083367,52.4794417,105.000,true,11.38,48.637,source=fused:fused;speedReason=OK;derived=58.68;locationGapMs=948;callbackGapMs=948;fusion=GPS_IMU
LOCATION,1790416010610,29.6083000,52.4795917,104.000,true,11.37,49.040,source=fused:fused;speedReason=OK;derived=56.57;locationGapMs=996;callbackGapMs=996;fusion=GPS_IMU
LOCATION,1790416011618,29.6082667,52.4797333,104.000,true,11.34,49.367,source=fused:fused;speedReason=OK;derived=54.54;locationGapMs=1010;callbackGapMs=1010;fusion=GPS_IMU
LOCATION,1790416012620,29.6082333,52.4798683,104.000,true,11.32,49.377,source=fused:fused;speedReason=OK;derived=50.63;locationGapMs=1000;callbackGapMs=1000;fusion=GPS_IMU
LOCATION,1790416013618,29.6082050,52.4799983,104.000,true,11.32,49.253,source=fused:fused;speedReason=OK;derived=48.93;locationGapMs=1000;callbackGapMs=1000;fusion=GPS_IMU
LOCATION,1790416014674,29.6081767,52.4801300,103.000,true,11.30,49.107,source=fused:fused;speedReason=OK;derived=46.72;locationGapMs=1056;callbackGapMs=1056;fusion=GPS_IMU
LOCATION,1790416015619,29.6081467,52.4802667,102.000,true,11.30,49.043,source=fused:fused;speedReason=OK;derived=46.72;locationGapMs=944;callbackGapMs=944;fusion=GPS_IMU
LOCATION,1790416016617,29.6081167,52.4804083,103.000,true,11.30,49.096,source=fused:fused;speedReason=OK;derived=50.86;locationGapMs=999;callbackGapMs=999;fusion=GPS_IMU
LOCATION,1790416017616,29.6080817,52.4805567,104.000,true,11.30,49.390,source=fused:fused;speedReason=OK;derived=52.06;locationGapMs=995;callbackGapMs=995;fusion=GPS_IMU
LOCATION,1790416018601,29.6080417,52.4807083,106.000,true,11.30,49.749,source=fused:fused;speedReason=OK;derived=53.87;locationGapMs=989;callbackGapMs=989;fusion=GPS_IMU
LOCATION,1790416019622,29.6079900,52.4808717,109.000,true,11.30,50.313,source=fused:fused;speedReason=OK;derived=55.84;locationGapMs=1021;callbackGapMs=1021;fusion=GPS_IMU
LOCATION,1790416020685,29.6079283,52.4810433,111.000,true,11.30,51.191,source=fused:fused;speedReason=OK;derived=59.35;locationGapMs=1051;callbackGapMs=1051;fusion=GPS_IMU
LOCATION,1790416021615,29.6078617,52.4812217,112.000,true,11.30,52.028,source=fused:fused;speedReason=OK;derived=61.57;locationGapMs=940;callbackGapMs=940;fusion=GPS_IMU
LOCATION,1790416022622,29.6077917,52.4814150,111.000,true,11.30,52.859,source=fused:fused;speedReason=OK;derived=71.97;locationGapMs=1006;callbackGapMs=1006;fusion=GPS_IMU
LOCATION,1790416023611,29.6077233,52.4816150,110.000,true,11.30,54.066,source=fused:fused;speedReason=OK;derived=72.53;locationGapMs=984;callbackGapMs=984;fusion=GPS_IMU
LOCATION,1790416024574,29.6076583,52.4818150,109.000,true,11.30,55.203,source=fused:fused;speedReason=OK;derived=76.11;locationGapMs=972;callbackGapMs=972;fusion=GPS_IMU
LOCATION,1790416025613,29.6075983,52.4820183,109.000,true,11.30,55.664,source=fused:fused;speedReason=OK;derived=76.11;locationGapMs=1038;callbackGapMs=1038;fusion=GPS_IMU
LOCATION,1790416026666,29.6075400,52.4822250,108.000,true,11.30,56.179,source=fused:fused;speedReason=OK;derived=72.34;locationGapMs=1047;callbackGapMs=1047;fusion=GPS_IMU
LOCATION,1790416027620,29.6074750,52.4824350,109.000,true,11.30,56.780,source=fused:fused;speedReason=OK;derived=72.34;locationGapMs=960;callbackGapMs=960;fusion=GPS_IMU
LOCATION,1790416028620,29.6074033,52.4826500,109.000,true,11.30,57.028,source=fused:fused;speedReason=OK;derived=80.41;locationGapMs=998;callbackGapMs=998;fusion=GPS_IMU
LOCATION,1790416029617,29.6073183,52.4828833,109.000,true,11.32,57.135,source=fused:fused;speedReason=OK;derived=80.92;locationGapMs=997;callbackGapMs=997;fusion=GPS_IMU
LOCATION,1790416030604,29.6072250,52.4831350,109.000,true,11.33,57.294,source=fused:fused;speedReason=OK;derived=88.41;locationGapMs=988;callbackGapMs=988;fusion=GPS_IMU
LOCATION,1790416031614,29.6071600,52.4833867,109.000,true,11.35,57.654,source=fused:fused;speedReason=OK;derived=90.62;locationGapMs=1010;callbackGapMs=1010;fusion=GPS_IMU
LOCATION,1790416032662,29.6070933,52.4836317,109.000,true,11.37,59.040,source=fused:fused;speedReason=OK;derived=90.62;locationGapMs=1043;callbackGapMs=1043;fusion=GPS_IMU
LOCATION,1790416033609,29.6070200,52.4838617,109.000,true,11.38,60.436,source=fused:fused;speedReason=OK;derived=89.68;locationGapMs=952;callbackGapMs=952;fusion=GPS_IMU
LOCATION,1790416034607,29.6069567,52.4840800,109.000,true,11.40,61.588,source=fused:fused;speedReason=OK;derived=85.79;locationGapMs=998;callbackGapMs=998;fusion=GPS_IMU
LOCATION,1790416035612,29.6068983,52.4842850,109.000,true,11.40,62.124,source=fused:fused;speedReason=OK;derived=80.37;locationGapMs=1004;callbackGapMs=1004;fusion=GPS_IMU
LOCATION,1790416036625,29.6068433,52.4844817,109.000,true,11.40,63.084,source=fused:fused;speedReason=OK;derived=74.89;locationGapMs=1009;callbackGapMs=1009;fusion=GPS_IMU
LOCATION,1790416037617,29.6067850,52.4846700,109.000,true,11.38,63.530,source=fused:fused;speedReason=OK;derived=71.37;locationGapMs=998;callbackGapMs=998;fusion=GPS_IMU
LOCATION,1790416038949,29.6067333,52.4848517,108.000,true,11.36,63.957,source=fused:fused;speedReason=OK;derived=69.80;locationGapMs=1049;callbackGapMs=1049;fusion=GPS_IMU
LOCATION,1790416039607,29.6066850,52.4850283,108.000,true,11.35,64.157,source=fused:fused;speedReason=OK;derived=68.65;locationGapMs=940;callbackGapMs=940;fusion=GPS_IMU
LOCATION,1790416040609,29.6066400,52.4851950,108.000,true,11.33,64.163,source=fused:fused;speedReason=OK;derived=63.52;locationGapMs=1002;callbackGapMs=1002;fusion=GPS_IMU
LOCATION,1790416041610,29.6065967,52.4853483,108.000,true,11.32,63.936,source=fused:fused;speedReason=OK;derived=60.72;locationGapMs=998;callbackGapMs=998;fusion=GPS_IMU
LOCATION,1790416042607,29.6065483,52.4854983,109.000,true,11.30,63.605,source=fused:fused;speedReason=OK;derived=56.29;locationGapMs=1000;callbackGapMs=1000;fusion=GPS_IMU
LOCATION,1790416043617,29.6065033,52.4856433,109.000,true,11.30,63.328,source=fused:fused;speedReason=OK;derived=55.76;locationGapMs=1010;callbackGapMs=1010;fusion=GPS_IMU
LOCATION,1790416044901,29.6064600,52.4857833,109.000,true,11.30,62.927,source=fused:fused;speedReason=OK;derived=53.13;locationGapMs=1002;callbackGapMs=1002;fusion=GPS_IMU
LOCATION,1790416045609,29.6064150,52.4859250,109.000,true,11.30,62.171,source=fused:fused;speedReason=OK;derived=53.05;locationGapMs=991;callbackGapMs=991;fusion=GPS_IMU
LOCATION,1790416046612,29.6063733,52.4860717,108.000,true,11.30,61.845,source=fused:fused;speedReason=OK;derived=53.05;locationGapMs=1002;callbackGapMs=1002;fusion=GPS_IMU
LOCATION,1790416047603,29.6063317,52.4862267,107.000,true,11.30,61.370,source=fused:fused;speedReason=OK;derived=53.69;locationGapMs=991;callbackGapMs=991;fusion=GPS_IMU
LOCATION,1790416048592,29.6062867,52.4863883,107.000,true,11.32,61.234,source=fused:fused;speedReason=OK;derived=57.06;locationGapMs=992;callbackGapMs=992;fusion=GPS_IMU
LOCATION,1790416049913,29.6062417,52.4865550,108.000,true,11.34,61.182,source=fused:fused;speedReason=OK;derived=57.06;locationGapMs=1068;callbackGapMs=1068;fusion=GPS_IMU
LOCATION,1790416050606,29.6061917,52.4867250,107.000,true,11.35,61.102,source=fused:fused;speedReason=OK;derived=59.62;locationGapMs=943;callbackGapMs=943;fusion=GPS_IMU
LOCATION,1790416051621,29.6061383,52.4869050,107.000,true,11.37,61.181,source=fused:fused;speedReason=OK;derived=65.24;locationGapMs=1016;callbackGapMs=1016;fusion=GPS_IMU
LOCATION,1790416052610,29.6060867,52.4870933,107.000,true,11.40,61.266,source=fused:fused;speedReason=OK;derived=66.33;locationGapMs=988;callbackGapMs=988;fusion=GPS_IMU
LOCATION,1790416053877,29.6060350,52.4872817,107.000,true,11.40,61.577,source=fused:fused;speedReason=OK;derived=68.18;locationGapMs=1010;callbackGapMs=1010;fusion=GPS_IMU
LOCATION,1790416054607,29.6059867,52.4874633,107.000,true,11.40,61.785,source=fused:fused;speedReason=OK;derived=68.18;locationGapMs=981;callbackGapMs=981;fusion=GPS_IMU
LOCATION,1790416055628,29.6059367,52.4876450,107.000,true,11.40,62.020,source=fused:fused;speedReason=OK;derived=67.48;locationGapMs=1023;callbackGapMs=1023;fusion=GPS_IMU
LOCATION,1790416056616,29.6058883,52.4878233,107.000,true,11.40,62.287,source=fused:fused;speedReason=OK;derived=65.96;locationGapMs=987;callbackGapMs=987;fusion=GPS_IMU
LOCATION,1790416057888,29.6058400,52.4880033,107.000,true,11.42,62.448,source=fused:fused;speedReason=OK;derived=65.53;locationGapMs=1002;callbackGapMs=1002;fusion=GPS_IMU
LOCATION,1790416058625,29.6057900,52.4881850,108.000,true,11.43,62.539,source=fused:fused;speedReason=OK;derived=65.84;locationGapMs=1009;callbackGapMs=1009;fusion=GPS_IMU
LOCATION,1790416059901,29.6057400,52.4883650,107.000,true,11.46,62.721,source=fused:fused;speedReason=OK;derived=65.84;locationGapMs=993;callbackGapMs=993;fusion=GPS_IMU
LOCATION,1790416060676,29.6056900,52.4885483,107.000,true,11.47,62.954,source=fused:fused;speedReason=OK;derived=65.84;locationGapMs=1052;callbackGapMs=1052;fusion=GPS_IMU
LOCATION,1790416061885,29.6056400,52.4887317,107.000,true,11.48,63.304,source=fused:fused;speedReason=OK;derived=66.33;locationGapMs=945;callbackGapMs=945;fusion=GPS_IMU
LOCATION,1790416062920,29.6055867,52.4889150,108.000,true,11.50,63.511,source=fused:fused;speedReason=OK;derived=67.16;locationGapMs=1003;callbackGapMs=1003;fusion=GPS_IMU
LOCATION,1790416064087,29.6055333,52.4890950,108.000,true,11.50,63.664,source=fused:fused;speedReason=OK;derived=67.16;locationGapMs=989;callbackGapMs=989;fusion=GPS_IMU
LOCATION,1790416065221,29.6054817,52.4892733,108.000,true,11.50,63.873,source=fused:fused;speedReason=OK;derived=67.02;locationGapMs=1007;callbackGapMs=1007;fusion=GPS_IMU
LOCATION,1790416065613,29.6054383,52.4894383,108.000,true,11.52,63.933,source=fused:fused;speedReason=OK;derived=65.04;locationGapMs=992;callbackGapMs=992;fusion=GPS_IMU
LOCATION,1790416066935,29.6053917,52.4895983,108.000,true,11.53,63.921,source=fused:fused;speedReason=OK;derived=60.57;locationGapMs=1054;callbackGapMs=1054;fusion=GPS_IMU
LOCATION,1790416068042,29.6053450,52.4897467,109.000,true,11.55,63.439,source=fused:fused;speedReason=OK;derived=57.47;locationGapMs=957;callbackGapMs=957;fusion=GPS_IMU
LOCATION,1790416069181,29.6052967,52.4898917,111.000,true,11.58,62.845,source=fused:fused;speedReason=OK;derived=55.80;locationGapMs=996;callbackGapMs=996;fusion=GPS_IMU
LOCATION,1790416070282,29.6052400,52.4900367,114.000,true,11.60,62.211,source=fused:fused;speedReason=OK;derived=55.62;locationGapMs=996;callbackGapMs=996;fusion=GPS_IMU
LOCATION,1790416070613,29.6051767,52.4901700,116.000,true,11.60,61.921,source=fused:fused;speedReason=OK;derived=54.33;locationGapMs=1008;callbackGapMs=1008;fusion=GPS_IMU
LOCATION,1790416071614,29.6051117,52.4902900,120.000,true,11.58,61.263,source=fused:fused;speedReason=OK;derived=52.48;locationGapMs=1000;callbackGapMs=1000;fusion=GPS_IMU
LOCATION,1790416072616,29.6050400,52.4904100,123.000,true,11.56,60.447,source=fused:fused;speedReason=OK;derived=50.79;locationGapMs=998;callbackGapMs=998;fusion=GPS_IMU
LOCATION,1790416073613,29.6049633,52.4905283,127.000,true,11.52,59.794,source=fused:fused;speedReason=OK;derived=50.79;locationGapMs=999;callbackGapMs=999;fusion=GPS_IMU
LOCATION,1790416074605,29.6048800,52.4906433,129.000,true,11.50,59.406,source=fused:fused;speedReason=OK;derived=51.42;locationGapMs=995;callbackGapMs=995;fusion=GPS_IMU
LOCATION,1790416075610,29.6047950,52.4907583,130.000,true,11.47,58.970,source=fused:fused;speedReason=OK;derived=52.35;locationGapMs=1001;callbackGapMs=1001;fusion=GPS_IMU
LOCATION,1790416076618,29.6047050,52.4908717,131.000,true,11.40,58.501,source=fused:fused;speedReason=OK;derived=52.47;locationGapMs=1011;callbackGapMs=1011;fusion=GPS_IMU
LOCATION,1790416077665,29.6046133,52.4909883,131.000,true,11.36,58.345,source=fused:fused;speedReason=OK;derived=52.47;locationGapMs=1044;callbackGapMs=1044;fusion=GPS_IMU
LOCATION,1790416078611,29.6045200,52.4911100,131.000,true,11.35,58.138,source=fused:fused;speedReason=OK;derived=52.84;locationGapMs=947;callbackGapMs=947;fusion=GPS_IMU
LOCATION,1790416079616,29.6044283,52.4912350,131.000,true,11.32,58.049,source=fused:fused;speedReason=OK;derived=56.46;locationGapMs=1008;callbackGapMs=1008;fusion=GPS_IMU
LOCATION,1790416080625,29.6043383,52.4913600,130.000,true,11.30,57.923,source=fused:fused;speedReason=OK;derived=56.46;locationGapMs=1007;callbackGapMs=1007;fusion=GPS_IMU
LOCATION,1790416081881,29.6042483,52.4914800,130.000,true,11.30,57.748,source=fused:fused;speedReason=OK;derived=56.09;locationGapMs=988;callbackGapMs=988;fusion=GPS_IMU
LOCATION,1790416082615,29.6041550,52.4916017,131.000,true,11.30,57.618,source=fused:fused;speedReason=OK;derived=56.09;locationGapMs=999;callbackGapMs=999;fusion=GPS_IMU
LOCATION,1790416083671,29.6040583,52.4917283,131.000,true,11.30,57.548,source=fused:fused;speedReason=OK;derived=55.81;locationGapMs=1057;callbackGapMs=1057;fusion=GPS_IMU
LOCATION,1790416084609,29.6039583,52.4918567,131.000,true,11.30,57.516,source=fused:fused;speedReason=OK;derived=56.51;locationGapMs=942;callbackGapMs=942;fusion=GPS_IMU
LOCATION,1790416085613,29.6038550,52.4919883,130.000,true,11.30,57.686,source=fused:fused;speedReason=OK;derived=61.44;locationGapMs=1004;callbackGapMs=1004;fusion=GPS_IMU
LOCATION,1790416086885,29.6037567,52.4921200,130.000,true,11.30,57.779,source=fused:fused;speedReason=OK;derived=61.44;locationGapMs=1003;callbackGapMs=1003;fusion=GPS_IMU
LOCATION,1790416087611,29.6036567,52.4922417,130.000,true,11.30,57.972,source=fused:fused;speedReason=OK;derived=60.22;locationGapMs=995;callbackGapMs=995;fusion=GPS_IMU
LOCATION,1790416088606,29.6035617,52.4923700,130.000,true,11.30,58.065,source=fused:fused;speedReason=OK;derived=58.94;locationGapMs=995;callbackGapMs=995;fusion=GPS_IMU
LOCATION,1790416089681,29.6034700,52.4925033,129.000,true,11.32,58.226,source=fused:fused;speedReason=OK;derived=58.55;locationGapMs=1067;callbackGapMs=1067;fusion=GPS_IMU
LOCATION,1790416090616,29.6033800,52.4926350,129.000,true,11.34,58.317,source=fused:fused;speedReason=OK;derived=58.94;locationGapMs=941;callbackGapMs=941;fusion=GPS_IMU
LOCATION,1790416091881,29.6032900,52.4927617,128.000,true,11.35,58.264,source=fused:fused;speedReason=OK;derived=56.82;locationGapMs=1002;callbackGapMs=1002;fusion=GPS_IMU
LOCATION,1790416092612,29.6032017,52.4928833,128.000,true,11.38,58.091,source=fused:fused;speedReason=OK;derived=56.82;locationGapMs=996;callbackGapMs=996;fusion=GPS_IMU
LOCATION,1790416093618,29.6031183,52.4930083,127.000,true,11.40,57.962,source=fused:fused;speedReason=OK;derived=55.36;locationGapMs=1002;callbackGapMs=1002;fusion=GPS_IMU
LOCATION,1790416094610,29.6030350,52.4931333,126.000,true,11.40,57.707,source=fused:fused;speedReason=OK;derived=55.09;locationGapMs=995;callbackGapMs=995;fusion=GPS_IMU
LOCATION,1790416095910,29.6029500,52.4932600,126.000,true,11.40,57.448,source=fused:fused;speedReason=OK;derived=55.09;locationGapMs=1008;callbackGapMs=1008;fusion=GPS_IMU
LOCATION,1790416096615,29.6028683,52.4933850,127.000,true,11.40,57.217,source=fused:fused;speedReason=OK;derived=55.09;locationGapMs=998;callbackGapMs=998;fusion=GPS_IMU
LOCATION,1790416097617,29.6027833,52.4935083,127.000,true,11.40,56.997,source=fused:fused;speedReason=OK;derived=54.71;locationGapMs=1001;callbackGapMs=1001;fusion=GPS_IMU
LOCATION,1790416098618,29.6027000,52.4936267,128.000,true,11.40,56.734,source=fused:fused;speedReason=OK;derived=54.54;locationGapMs=1001;callbackGapMs=1001;fusion=GPS_IMU
LOCATION,1790416099880,29.6026200,52.4937450,128.000,true,11.42,56.321,source=fused:fused;speedReason=OK;derived=52.95;locationGapMs=992;callbackGapMs=992;fusion=GPS_IMU
LOCATION,1790416100609,29.6025400,52.4938617,128.000,true,11.43,56.085,source=fused:fused;speedReason=OK;derived=52.58;locationGapMs=1000;callbackGapMs=1000;fusion=GPS_IMU
LOCATION,1790416101905,29.6024583,52.4939800,128.000,true,11.46,55.889,source=fused:fused;speedReason=OK;derived=52.58;locationGapMs=998;callbackGapMs=998;fusion=GPS_IMU
LOCATION,1790416102620,29.6023783,52.4940967,127.000,true,11.47,55.758,source=fused:fused;speedReason=OK;derived=51.72;locationGapMs=1013;callbackGapMs=1013;fusion=GPS_IMU
LOCATION,1790416103901,29.6023017,52.4942133,126.000,true,11.48,55.599,source=fused:fused;speedReason=OK;derived=51.28;locationGapMs=992;callbackGapMs=992;fusion=GPS_IMU
LOCATION,1790416104608,29.6022283,52.4943300,125.000,true,11.50,55.242,source=fused:fused;speedReason=OK;derived=51.06;locationGapMs=996;callbackGapMs=996;fusion=GPS_IMU
LOCATION,1790416105942,29.6021583,52.4944383,125.000,true,11.52,55.007,source=fused:fused;speedReason=OK;derived=50.34;locationGapMs=1055;callbackGapMs=1055;fusion=GPS_IMU
LOCATION,1790416106610,29.6020950,52.4945383,124.000,true,11.53,54.540,source=fused:fused;speedReason=OK;derived=45.76;locationGapMs=941;callbackGapMs=941;fusion=GPS_IMU
LOCATION,1790416107903,29.6020417,52.4946283,124.000,true,11.55,53.601,source=fused:fused;speedReason=OK;derived=44.53;locationGapMs=1003;callbackGapMs=1003;fusion=GPS_IMU
LOCATION,1790416108613,29.6019950,52.4947100,121.000,true,11.58,52.575,source=fused:fused;speedReason=OK;derived=37.80;locationGapMs=1006;callbackGapMs=1006;fusion=GPS_IMU
LOCATION,1790416109881,29.6019517,52.4947950,119.000,true,11.58,51.369,source=fused:fused;speedReason=OK;derived=34.31;locationGapMs=1000;callbackGapMs=1000;fusion=GPS_IMU
LOCATION,1790416110607,29.6019050,52.4948867,119.000,true,11.57,49.968,source=fused:fused;speedReason=OK;derived=34.31;locationGapMs=994;callbackGapMs=994;fusion=GPS_IMU
LOCATION,1790416111903,29.6018550,52.4949850,120.000,true,11.52,49.113,source=fused:fused;speedReason=OK;derived=37.24;locationGapMs=1000;callbackGapMs=1000;fusion=GPS_IMU
LOCATION,1790416112614,29.6017967,52.4950850,122.000,true,11.48,48.506,source=fused:fused;speedReason=OK;derived=39.66;locationGapMs=1003;callbackGapMs=1003;fusion=GPS_IMU
LOCATION,1790416113902,29.6017367,52.4951917,124.000,true,11.43,48.242,source=fused:fused;speedReason=OK;derived=41.80;locationGapMs=1001;callbackGapMs=1001;fusion=GPS_IMU
LOCATION,1790416114611,29.6016750,52.4952933,125.000,true,11.34,47.859,source=fused:fused;speedReason=OK;derived=43.19;locationGapMs=999;callbackGapMs=999;fusion=GPS_IMU
LOCATION,1790416115884,29.6016167,52.4953883,125.000,true,11.33,47.398,source=fused:fused;speedReason=OK;derived=43.19;locationGapMs=990;callbackGapMs=990;fusion=GPS_IMU
LOCATION,1790416116671,29.6015650,52.4954750,125.000,true,11.30,46.525,source=fused:fused;speedReason=OK;derived=40.89;locationGapMs=1071;callbackGapMs=1071;fusion=GPS_IMU
LOCATION,1790416117884,29.6015133,52.4955617,125.000,true,11.30,46.027,source=fused:fused;speedReason=OK;derived=38.98;locationGapMs=939;callbackGapMs=939;fusion=GPS_IMU
LOCATION,1790416118606,29.6014583,52.4956567,125.000,true,11.30,45.563,source=fused:fused;speedReason=OK;derived=38.98;locationGapMs=995;callbackGapMs=995;fusion=GPS_IMU
LOCATION,1790416119607,29.6014017,52.4957550,124.000,true,11.30,45.313,source=fused:fused;speedReason=OK;derived=39.94;locationGapMs=1002;callbackGapMs=1002;fusion=GPS_IMU
LOCATION,1790416120613,29.6013417,52.4958567,124.000,true,11.30,45.100,source=fused:fused;speedReason=OK;derived=40.97;locationGapMs=1006;callbackGapMs=1006;fusion=GPS_IMU
LOCATION,1790416121617,29.6012800,52.4959600,124.000,true,11.30,44.982,source=fused:fused;speedReason=OK;derived=42.54;locationGapMs=1004;callbackGapMs=1004;fusion=GPS_IMU
LOCATION,1790416122590,29.6012183,52.4960633,124.000,true,11.30,44.934,source=fused:fused;speedReason=OK;derived=43.46;locationGapMs=967;callbackGapMs=967;fusion=GPS_IMU
LOCATION,1790416123616,29.6011550,52.4961700,124.000,true,11.30,44.897,source=fused:fused;speedReason=OK;derived=43.75;locationGapMs=1028;callbackGapMs=1028;fusion=GPS_IMU
LOCATION,1790416124611,29.6010850,52.4962800,125.000,true,11.30,44.938,source=fused:fused;speedReason=OK;derived=45.12;locationGapMs=998;callbackGapMs=998;fusion=GPS_IMU
LOCATION,1790416125579,29.6010167,52.4963983,125.000,true,11.30,44.997,source=fused:fused;speedReason=OK;derived=47.55;locationGapMs=971;callbackGapMs=971;fusion=GPS_IMU
LOCATION,1790416126614,29.6009467,52.4965100,125.000,true,11.30,45.156,source=fused:fused;speedReason=OK;derived=47.55;locationGapMs=1034;callbackGapMs=1034;fusion=GPS_IMU
LOCATION,1790416127627,29.6008850,52.4966150,125.000,true,11.30,45.342,source=fused:fused;speedReason=OK;derived=46.36;locationGapMs=1007;callbackGapMs=1007;fusion=GPS_IMU
LOCATION,1790416128670,29.6008267,52.4967100,125.000,true,11.30,45.196,source=fused:fused;speedReason=OK;derived=43.82;locationGapMs=1043;callbackGapMs=1043;fusion=GPS_IMU
LOCATION,1790416129617,29.6007700,52.4968017,124.000,true,11.30,44.909,source=fused:fused;speedReason=OK;derived=41.15;locationGapMs=952;callbackGapMs=952;fusion=GPS_IMU
LOCATION,1790416130616,29.6007200,52.4968883,123.000,true,11.30,44.544,source=fused:fused;speedReason=OK;derived=38.81;locationGapMs=999;callbackGapMs=999;fusion=GPS_IMU
LOCATION,1790416131621,29.6006717,52.4969767,122.000,true,11.30,43.762,source=fused:fused;speedReason=OK;derived=36.23;locationGapMs=1005;callbackGapMs=1005;fusion=GPS_IMU
LOCATION,1790416132614,29.6006233,52.4970683,121.000,true,11.30,43.052,source=fused:fused;speedReason=OK;derived=36.23;locationGapMs=992;callbackGapMs=992;fusion=GPS_IMU
LOCATION,1790416133619,29.6005717,52.4971650,121.000,true,11.30,42.788,source=fused:fused;speedReason=OK;derived=37.63;locationGapMs=999;callbackGapMs=999;fusion=GPS_IMU
LOCATION,1790416134666,29.6005133,52.4972683,121.000,true,11.30,42.718,source=fused:fused;speedReason=OK;derived=39.55;locationGapMs=1051;callbackGapMs=1051;fusion=GPS_IMU
LOCATION,1790416135614,29.6004533,52.4973733,123.000,true,11.30,42.764,source=fused:fused;speedReason=OK;derived=40.82;locationGapMs=949;callbackGapMs=949;fusion=GPS_IMU
LOCATION,1790416136620,29.6003850,52.4974867,123.000,true,11.30,42.915,source=fused:fused;speedReason=OK;derived=46.10;locationGapMs=1007;callbackGapMs=1007;fusion=GPS_IMU
LOCATION,1790416137616,29.6003167,52.4976050,123.000,true,11.30,43.334,source=fused:fused;speedReason=OK;derived=47.69;locationGapMs=995;callbackGapMs=995;fusion=GPS_IMU
LOCATION,1790416138614,29.6002450,52.4977300,123.000,true,11.30,43.792,source=fused:fused;speedReason=OK;derived=49.69;locationGapMs=998;callbackGapMs=998;fusion=GPS_IMU
LOCATION,1790416139604,29.6001683,52.4978600,123.000,true,11.30,44.515,source=fused:fused;speedReason=OK;derived=52.25;locationGapMs=988;callbackGapMs=988;fusion=GPS_IMU
LOCATION,1790416140668,29.6000917,52.4979983,122.000,true,11.30,45.315,source=fused:fused;speedReason=OK;derived=53.77;locationGapMs=1062;callbackGapMs=1062;fusion=GPS_IMU
LOCATION,1790416141614,29.6000117,52.4981417,122.000,true,11.30,46.067,source=fused:fused;speedReason=OK;derived=55.36;locationGapMs=949;callbackGapMs=949;fusion=GPS_IMU
LOCATION,1790416142626,29.5999300,52.4982950,121.000,true,11.30,46.932,source=fused:fused;speedReason=OK;derived=61.69;locationGapMs=1015;callbackGapMs=1015;fusion=GPS_IMU
LOCATION,1790416143628,29.5998500,52.4984567,120.000,true,11.30,47.724,source=fused:fused;speedReason=OK;derived=62.52;locationGapMs=996;callbackGapMs=996;fusion=GPS_IMU
LOCATION,1790416144623,29.5997717,52.4986217,118.000,true,11.30,48.563,source=fused:fused;speedReason=OK;derived=65.06;locationGapMs=1001;callbackGapMs=1001;fusion=GPS_IMU
LOCATION,1790416145618,29.5996967,52.4987883,117.000,true,11.30,49.362,source=fused:fused;speedReason=OK;derived=65.41;locationGapMs=992;callbackGapMs=992;fusion=GPS_IMU
LOCATION,1790416146658,29.5996283,52.4989500,115.000,true,11.30,50.520,source=fused:fused;speedReason=OK;derived=65.41;locationGapMs=1042;callbackGapMs=1042;fusion=GPS_IMU
LOCATION,1790416147624,29.5995650,52.4991100,114.000,true,11.30,51.055,source=fused:fused;speedReason=OK;derived=63.27;locationGapMs=968;callbackGapMs=968;fusion=GPS_IMU
LOCATION,1790416148597,29.5995100,52.4992567,113.000,true,11.30,51.626,source=fused:fused;speedReason=OK;derived=60.12;locationGapMs=972;callbackGapMs=972;fusion=GPS_IMU
LOCATION,1790416149619,29.5994633,52.4993883,112.000,true,11.32,51.786,source=fused:fused;speedReason=OK;derived=57.27;locationGapMs=1018;callbackGapMs=1018;fusion=GPS_IMU
LOCATION,1790416150616,29.5994250,52.4995033,110.000,true,11.33,51.549,source=fused:fused;speedReason=OK;derived=48.66;locationGapMs=1000;callbackGapMs=1000;fusion=GPS_IMU
LOCATION,1790416151621,29.5993950,52.4996000,109.000,true,11.35,50.800,source=fused:fused;speedReason=OK;derived=42.92;locationGapMs=1004;callbackGapMs=1004;fusion=GPS_IMU
LOCATION,1790416152685,29.5993667,52.4996850,109.000,true,11.38,49.202,source=fused:fused;speedReason=OK;derived=35.64;locationGapMs=1064;callbackGapMs=1064;fusion=GPS_IMU
LOCATION,1790416153613,29.5993400,52.4997683,109.000,true,11.40,48.268,source=fused:fused;speedReason=OK;derived=33.27;locationGapMs=930;callbackGapMs=930;fusion=GPS_IMU
LOCATION,1790416154628,29.5993100,52.4998567,110.000,true,11.40,46.866,source=fused:fused;speedReason=OK;derived=32.81;locationGapMs=1008;callbackGapMs=1008;fusion=GPS_IMU
LOCATION,1790416155614,29.5992800,52.4999500,111.000,true,11.38,45.945,source=fused:fused;speedReason=OK;derived=33.27;locationGapMs=990;callbackGapMs=990;fusion=GPS_IMU
LOCATION,1790416156623,29.5992500,52.5000350,111.000,true,11.36,45.383,source=fused:fused;speedReason=OK;derived=32.81;locationGapMs=1011;callbackGapMs=1011;fusion=GPS_IMU
LOCATION,1790416157621,29.5992233,52.5001150,111.000,true,11.35,44.533,source=fused:fused;speedReason=OK;derived=31.62;locationGapMs=998;callbackGapMs=998;fusion=GPS_IMU
LOCATION,1790416158673,29.5991950,52.5001950,111.000,true,11.32,43.860,source=fused:fused;speedReason=OK;derived=29.92;locationGapMs=1051;callbackGapMs=1051;fusion=GPS_IMU
LOCATION,1790416159615,29.5991667,52.5002767,111.000,true,11.32,43.220,source=fused:fused;speedReason=OK;derived=29.92;locationGapMs=943;callbackGapMs=943;fusion=GPS_IMU
LOCATION,1790416160629,29.5991333,52.5003617,111.000,true,11.30,42.767,source=fused:fused;speedReason=OK;derived=32.31;locationGapMs=1006;callbackGapMs=1006;fusion=GPS_IMU
LOCATION,1790416161615,29.5991000,52.5004467,111.000,true,11.30,41.980,source=fused:fused;speedReason=OK;derived=32.50;locationGapMs=994;callbackGapMs=994;fusion=GPS_IMU
LOCATION,1790416162624,29.5990667,52.5005417,112.000,true,11.30,41.248,source=fused:fused;speedReason=OK;derived=32.68;locationGapMs=1009;callbackGapMs=1009;fusion=GPS_IMU
LOCATION,1790416163617,29.5990317,52.5006450,112.000,true,11.30,41.040,source=fused:fused;speedReason=OK;derived=35.38;locationGapMs=992;callbackGapMs=992;fusion=GPS_IMU
LOCATION,1790416164678,29.5989933,52.5007583,112.000,true,11.30,41.029,source=fused:fused;speedReason=OK;derived=38.95;locationGapMs=1057;callbackGapMs=1057;fusion=GPS_IMU
LOCATION,1790416165618,29.5989517,52.5008783,111.000,true,11.30,41.195,source=fused:fused;speedReason=OK;derived=40.09;locationGapMs=943;callbackGapMs=943;fusion=GPS_IMU
LOCATION,1790416166622,29.5989083,52.5009983,111.000,true,11.30,41.387,source=fused:fused;speedReason=OK;derived=45.11;locationGapMs=1004;callbackGapMs=1004;fusion=GPS_IMU
LOCATION,1790416167615,29.5988683,52.5011150,111.000,true,11.30,41.665,source=fused:fused;speedReason=OK;derived=45.11;locationGapMs=996;callbackGapMs=996;fusion=GPS_IMU
LOCATION,1790416168619,29.5988300,52.5012283,111.000,true,11.30,41.747,source=fused:fused;speedReason=OK;derived=43.89;locationGapMs=1004;callbackGapMs=1004;fusion=GPS_IMU
LOCATION,1790416169615,29.5987933,52.5013450,111.000,true,11.30,41.813,source=fused:fused;speedReason=OK;derived=43.38;locationGapMs=997;callbackGapMs=997;fusion=GPS_IMU
LOCATION,1790416170670,29.5987550,52.5014650,111.000,true,11.30,41.918,source=fused:fused;speedReason=OK;derived=42.27;locationGapMs=1054;callbackGapMs=1054;fusion=GPS_IMU
LOCATION,1790416171593,29.5987150,52.5015900,110.000,true,11.30,42.055,source=fused:fused;speedReason=OK;derived=43.38;locationGapMs=923;callbackGapMs=923;fusion=GPS_IMU
LOCATION,1790416172626,29.5986783,52.5017150,110.000,true,11.30,42.220,source=fused:fused;speedReason=OK;derived=44.73;locationGapMs=1028;callbackGapMs=1028;fusion=GPS_IMU
LOCATION,1790416173910,29.5986417,52.5018317,111.000,true,11.30,42.459,source=fused:fused;speedReason=OK;derived=44.73;locationGapMs=993;callbackGapMs=993;fusion=GPS_IMU
LOCATION,1790416174609,29.5986000,52.5019467,111.000,true,11.30,42.476,source=fused:fused;speedReason=OK;derived=43.64;locationGapMs=995;callbackGapMs=995;fusion=GPS_IMU
LOCATION,1790416175613,29.5985617,52.5020550,112.000,true,11.30,42.458,source=fused:fused;speedReason=OK;derived=43.54;locationGapMs=1004;callbackGapMs=1004;fusion=GPS_IMU
LOCATION,1790416176649,29.5985250,52.5021617,111.000,true,11.30,42.362,source=fused:fused;speedReason=OK;derived=40.58;locationGapMs=1034;callbackGapMs=1034;fusion=GPS_IMU
LOCATION,1790416177610,29.5984933,52.5022650,110.000,true,11.30,42.171,source=fused:fused;speedReason=OK;derived=39.65;locationGapMs=963;callbackGapMs=963;fusion=GPS_IMU
LOCATION,1790416178883,29.5984650,52.5023750,110.000,true,11.30,42.048,source=fused:fused;speedReason=OK;derived=39.65;locationGapMs=1002;callbackGapMs=1002;fusion=GPS_IMU
LOCATION,1790416179611,29.5984317,52.5024817,110.000,true,11.30,41.801,source=fused:fused;speedReason=OK;derived=39.65;locationGapMs=1000;callbackGapMs=1000;fusion=GPS_IMU
LOCATION,1790416180611,29.5983967,52.5025900,110.000,true,11.30,41.726,source=fused:fused;speedReason=OK;derived=39.91;locationGapMs=999;callbackGapMs=999;fusion=GPS_IMU
LOCATION,1790416181609,29.5983600,52.5027000,110.000,true,11.30,41.675,source=fused:fused;speedReason=OK;derived=40.31;locationGapMs=997;callbackGapMs=997;fusion=GPS_IMU
LOCATION,1790416182612,29.5983283,52.5028067,110.000,true,11.30,41.589,source=fused:fused;speedReason=OK;derived=40.31;locationGapMs=1003;callbackGapMs=1003;fusion=GPS_IMU
LOCATION,1790416183903,29.5982983,52.5029067,109.000,true,11.30,41.437,source=fused:fused;speedReason=OK;derived=39.18;locationGapMs=1006;callbackGapMs=1006;fusion=GPS_IMU
LOCATION,1790416184613,29.5982633,52.5030083,109.000,true,11.30,41.169,source=fused:fused;speedReason=OK;derived=38.24;locationGapMs=996;callbackGapMs=996;fusion=GPS_IMU
LOCATION,1790416185614,29.5982300,52.5031133,109.000,true,11.30,41.086,source=fused:fused;speedReason=OK;derived=38.24;locationGapMs=998;callbackGapMs=998;fusion=GPS_IMU
LOCATION,1790416186603,29.5981967,52.5032183,109.000,true,11.30,40.869,source=fused:fused;speedReason=OK;derived=39.03;locationGapMs=992;callbackGapMs=992;fusion=GPS_IMU
LOCATION,1790416187614,29.5981617,52.5033233,109.000,true,11.30,40.716,source=fused:fused;speedReason=OK;derived=39.03;locationGapMs=1011;callbackGapMs=1011;fusion=GPS_IMU
LOCATION,1790416188623,29.5981250,52.5034283,109.000,true,11.30,40.650,source=fused:fused;speedReason=OK;derived=39.27;locationGapMs=1003;callbackGapMs=1003;fusion=GPS_IMU
LOCATION,1790416189880,29.5980850,52.5035400,110.000,true,11.30,40.585,source=fused:fused;speedReason=OK;derived=39.32;locationGapMs=987;callbackGapMs=987;fusion=GPS_IMU
LOCATION,1790416190610,29.5980450,52.5036517,110.000,true,11.30,40.624,source=fused:fused;speedReason=OK;derived=42.10;locationGapMs=1000;callbackGapMs=1000;fusion=GPS_IMU
LOCATION,1790416191612,29.5979983,52.5037700,111.000,true,11.30,40.697,source=fused:fused;speedReason=OK;derived=42.65;locationGapMs=1007;callbackGapMs=1007;fusion=GPS_IMU
LOCATION,1790416192886,29.5979500,52.5039017,111.000,true,11.30,40.954,source=fused:fused;speedReason=OK;derived=44.96;locationGapMs=995;callbackGapMs=995;fusion=GPS_IMU
LOCATION,1790416193624,29.5979000,52.5040400,111.000,true,11.30,41.345,source=fused:fused;speedReason=OK;derived=50.06;locationGapMs=1013;callbackGapMs=1013;fusion=GPS_IMU
LOCATION,1790416194610,29.5978533,52.5041933,110.000,true,11.30,42.239,source=fused:fused;speedReason=OK;derived=51.53;locationGapMs=988;callbackGapMs=988;fusion=GPS_IMU
LOCATION,1790416195900,29.5978083,52.5043550,109.000,true,11.32,43.114,source=fused:fused;speedReason=OK;derived=57.30;locationGapMs=1003;callbackGapMs=1003;fusion=GPS_IMU
LOCATION,1790416196621,29.5977633,52.5045117,109.000,true,11.32,43.589,source=fused:fused;speedReason=OK;derived=57.30;locationGapMs=1009;callbackGapMs=1009;fusion=GPS_IMU
LOCATION,1790416197662,29.5977183,52.5046567,109.000,true,11.32,44.068,source=fused:fused;speedReason=OK;derived=57.01;locationGapMs=1042;callbackGapMs=1042;fusion=GPS_IMU
LOCATION,1790416198901,29.5976750,52.5047950,109.000,true,11.32,44.410,source=fused:fused;speedReason=OK;derived=53.87;locationGapMs=951;callbackGapMs=951;fusion=GPS_IMU
LOCATION,1790416199625,29.5976317,52.5049250,110.000,true,11.32,44.686,source=fused:fused;speedReason=OK;derived=51.50;locationGapMs=1002;callbackGapMs=1002;fusion=GPS_IMU
LOCATION,1790416200885,29.5975900,52.5050500,110.000,true,11.32,44.799,source=fused:fused;speedReason=OK;derived=48.42;locationGapMs=994;callbackGapMs=994;fusion=GPS_IMU
LOCATION,1790416201601,29.5975517,52.5051683,110.000,true,11.30,44.815,source=fused:fused;speedReason=OK;derived=46.94;locationGapMs=994;callbackGapMs=994;fusion=GPS_IMU
LOCATION,1790416202899,29.5975167,52.5052800,109.000,true,11.30,44.662,source=fused:fused;speedReason=OK;derived=44.26;locationGapMs=1006;callbackGapMs=1006;fusion=GPS_IMU
LOCATION,1790416203672,29.5974850,52.5053883,110.000,true,11.30,44.470,source=fused:fused;speedReason=OK;derived=41.14;locationGapMs=1064;callbackGapMs=1064;fusion=GPS_IMU
LOCATION,1790416204904,29.5974517,52.5054867,110.000,true,11.30,43.784,source=fused:fused;speedReason=OK;derived=39.23;locationGapMs=938;callbackGapMs=938;fusion=GPS_IMU
LOCATION,1790416205614,29.5974200,52.5055783,110.000,true,11.30,43.376,source=fused:fused;speedReason=OK;derived=37.44;locationGapMs=1001;callbackGapMs=1001;fusion=GPS_IMU
LOCATION,1790416206902,29.5973900,52.5056667,110.000,true,11.30,42.821,source=fused:fused;speedReason=OK;derived=34.32;locationGapMs=1002;callbackGapMs=1002;fusion=GPS_IMU
LOCATION,1790416207576,29.5973617,52.5057517,111.000,true,11.30,42.227,source=fused:fused;speedReason=OK;derived=33.01;locationGapMs=964;callbackGapMs=964;fusion=GPS_IMU
LOCATION,1790416208881,29.5973317,52.5058300,111.000,true,11.30,41.141,source=fused:fused;speedReason=OK;derived=32.91;locationGapMs=1032;callbackGapMs=1032;fusion=GPS_IMU
LOCATION,1790416209578,29.5973017,52.5059000,112.000,true,11.30,40.091,source=fused:fused;speedReason=OK;derived=28.89;locationGapMs=971;callbackGapMs=971;fusion=GPS_IMU
LOCATION,1790416210860,29.5972767,52.5059683,113.000,true,11.30,39.487,source=fused:fused;speedReason=OK;derived=28.00;locationGapMs=1016;callbackGapMs=1016;fusion=GPS_IMU
LOCATION,1790416211615,29.5972533,52.5060300,115.000,true,11.30,38.967,source=fused:fused;speedReason=OK;derived=25.42;locationGapMs=1009;callbackGapMs=1009;fusion=GPS_IMU
LOCATION,1790416212898,29.5972300,52.5060850,116.000,true,11.30,38.293,source=fused:fused;speedReason=OK;derived=23.25;locationGapMs=1002;callbackGapMs=1002;fusion=GPS_IMU
LOCATION,1790416213610,29.5972083,52.5061350,116.000,true,11.30,37.185,source=fused:fused;speedReason=OK;derived=21.27;locationGapMs=1003;callbackGapMs=1003;fusion=GPS_IMU
LOCATION,1790416214884,29.5971867,52.5061850,116.000,true,11.30,35.522,source=fused:fused;speedReason=OK;derived=19.43;locationGapMs=1001;callbackGapMs=1001;fusion=GPS_IMU
LOCATION,1790416215589,29.5971650,52.5062350,116.000,true,11.30,34.019,source=fused:fused;speedReason=OK;derived=19.43;locationGapMs=979;callbackGapMs=979;fusion=GPS_IMU
LOCATION,1790416216900,29.5971467,52.5062850,116.000,true,11.30,32.951,source=fused:fused;speedReason=OK;derived=19.43;locationGapMs=1020;callbackGapMs=1020;fusion=GPS_IMU
LOCATION,1790416217617,29.5971267,52.5063317,116.000,true,11.32,32.354,source=fused:fused;speedReason=OK;derived=18.53;locationGapMs=1007;callbackGapMs=1007;fusion=GPS_IMU
LOCATION,1790416218882,29.5971033,52.5063800,116.000,true,11.34,31.666,source=fused:fused;speedReason=OK;derived=18.53;locationGapMs=999;callbackGapMs=999;fusion=GPS_IMU
LOCATION,1790416219616,29.5970833,52.5064217,115.000,true,11.35,31.009,source=fused:fused;speedReason=OK;derived=18.01;locationGapMs=999;callbackGapMs=999;fusion=GPS_IMU
LOCATION,1790416220880,29.5970717,52.5064550,115.000,true,11.38,29.622,source=fused:fused;speedReason=OK;derived=16.61;locationGapMs=993;callbackGapMs=993;fusion=GPS_IMU
LOCATION,1790416221614,29.5970617,52.5064783,115.000,true,11.40,28.468,source=fused:fused;speedReason=OK;derived=12.59;locationGapMs=1003;callbackGapMs=1003;fusion=GPS_IMU
LOCATION,1790416222885,29.5970533,52.5065017,114.000,true,11.40,27.312,source=fused:fused;speedReason=OK;derived=9.03;locationGapMs=997;callbackGapMs=997;fusion=GPS_IMU
LOCATION,1790416223613,29.5970450,52.5065233,114.000,true,11.40,26.215,source=fused:fused;speedReason=OK;derived=8.85;locationGapMs=1004;callbackGapMs=1004;fusion=GPS_IMU
LOCATION,1790416224876,29.5970383,52.5065417,114.000,true,11.40,25.304,source=fused:fused;speedReason=OK;derived=8.20;locationGapMs=998;callbackGapMs=998;fusion=GPS_IMU
LOCATION,1790416225672,29.5970317,52.5065583,113.000,true,11.42,24.409,source=fused:fused;speedReason=OK;derived=6.97;locationGapMs=1063;callbackGapMs=1063;fusion=GPS_IMU
LOCATION,1790416226897,29.5970267,52.5065750,113.000,true,11.43,23.541,source=fused:fused;speedReason=OK;derived=6.58;locationGapMs=936;callbackGapMs=936;fusion=GPS_IMU
LOCATION,1790416227615,29.5970200,52.5065933,113.000,true,11.45,22.714,source=fused:fused;speedReason=OK;derived=6.58;locationGapMs=1001;callbackGapMs=1001;fusion=GPS_IMU
LOCATION,1790416228901,29.5970133,52.5066150,113.000,true,11.48,21.801,source=fused:fused;speedReason=OK;derived=6.91;locationGapMs=1002;callbackGapMs=1002;fusion=GPS_IMU
LOCATION,1790416229613,29.5970017,52.5066417,114.000,true,11.50,21.181,source=fused:fused;speedReason=OK;derived=8.01;locationGapMs=999;callbackGapMs=999;fusion=GPS_IMU
LOCATION,1790416230905,29.5969900,52.5066700,116.000,true,11.53,20.820,source=fused:fused;speedReason=OK;derived=10.41;locationGapMs=1003;callbackGapMs=1003;fusion=GPS_IMU
LOCATION,1790416231663,29.5969750,52.5066967,119.000,true,11.56,20.343,source=fused:fused;speedReason=OK;derived=10.59;locationGapMs=1045;callbackGapMs=1045;fusion=GPS_IMU
LOCATION,1790416232882,29.5969567,52.5067217,127.000,true,11.58,19.794,source=fused:fused;speedReason=OK;derived=10.89;locationGapMs=955;callbackGapMs=955;fusion=GPS_IMU
LOCATION,1790416233605,29.5969350,52.5067417,137.000,true,11.63,19.442,source=fused:fused;speedReason=OK;derived=11.22;locationGapMs=991;callbackGapMs=991;fusion=GPS_IMU
LOCATION,1790416234622,29.5969150,52.5067600,146.000,true,11.76,18.923,source=fused:fused;speedReason=OK;derived=11.22;locationGapMs=1018;callbackGapMs=1018;fusion=GPS_IMU
LOCATION,1790416235618,29.5968900,52.5067733,155.000,true,11.88,18.589,source=fused:fused;speedReason=OK;derived=11.06;locationGapMs=995;callbackGapMs=995;fusion=GPS_IMU
LOCATION,1790416236626,29.5968600,52.5067800,167.000,true,11.93,18.026,source=fused:fused;speedReason=OK;derived=11.06;locationGapMs=1003;callbackGapMs=1003;fusion=GPS_IMU
LOCATION,1790416237587,29.5968200,52.5067800,181.000,true,12.03,17.665,source=fused:fused;speedReason=OK;derived=12.16;locationGapMs=967;callbackGapMs=967;fusion=GPS_IMU
LOCATION,1790416238636,29.5967733,52.5067683,192.000,true,12.18,17.628,source=fused:fused;speedReason=OK;derived=16.51;locationGapMs=1041;callbackGapMs=1041;fusion=GPS_IMU
LOCATION,1790416239616,29.5967217,52.5067467,200.000,true,12.20,17.845,source=fused:fused;speedReason=OK;derived=18.33;locationGapMs=986;callbackGapMs=986;fusion=GPS_IMU
LOCATION,1790416240618,29.5966717,52.5067117,207.000,true,12.04,18.203,source=fused:fused;speedReason=OK;derived=22.24;locationGapMs=1002;callbackGapMs=1002;fusion=GPS_IMU
LOCATION,1790416241624,29.5966250,52.5066700,214.000,true,11.88,18.629,source=fused:fused;speedReason=OK;derived=23.34;locationGapMs=1000;callbackGapMs=1000;fusion=GPS_IMU
LOCATION,1790416242618,29.5965767,52.5066133,222.000,true,11.72,18.895,source=fused:fused;speedReason=OK;derived=23.64;locationGapMs=1001;callbackGapMs=1001;fusion=GPS_IMU
LOCATION,1790416243620,29.5965333,52.5065467,230.000,true,11.67,19.553,source=fused:fused;speedReason=OK;derived=27.59;locationGapMs=1001;callbackGapMs=1001;fusion=GPS_IMU
LOCATION,1790416244881,29.5964967,52.5064650,239.000,true,11.53,19.948,source=fused:fused;speedReason=OK;derived=28.94;locationGapMs=987;callbackGapMs=987;fusion=GPS_IMU
LOCATION,1790416245617,29.5964600,52.5063783,243.000,true,11.40,20.439,source=fused:fused;speedReason=OK;derived=32.44;locationGapMs=1011;callbackGapMs=1011;fusion=GPS_IMU
LOCATION,1790416246600,29.5964233,52.5062933,244.000,true,11.40,21.005,source=fused:fused;speedReason=OK;derived=33.23;locationGapMs=983;callbackGapMs=983;fusion=GPS_IMU
LOCATION,1790416247607,29.5963900,52.5062133,244.000,true,11.38,21.607,source=fused:fused;speedReason=OK;derived=33.23;locationGapMs=1007;callbackGapMs=1007;fusion=GPS_IMU
LOCATION,1790416248660,29.5963567,52.5061417,244.000,true,11.37,21.796,source=fused:fused;speedReason=OK;derived=30.69;locationGapMs=1053;callbackGapMs=1053;fusion=GPS_IMU
LOCATION,1790416249609,29.5963267,52.5060733,245.000,true,11.34,21.960,source=fused:fused;speedReason=OK;derived=28.12;locationGapMs=949;callbackGapMs=949;fusion=GPS_IMU
LOCATION,1790416250620,29.5962983,52.5060067,246.000,true,11.34,22.145,source=fused:fused;speedReason=OK;derived=26.86;locationGapMs=1011;callbackGapMs=1011;fusion=GPS_IMU
LOCATION,1790416251608,29.5962667,52.5059367,247.000,true,11.32,22.530,source=fused:fused;speedReason=OK;derived=27.81;locationGapMs=988;callbackGapMs=988;fusion=GPS_IMU
LOCATION,1790416252624,29.5962350,52.5058650,247.000,true,11.32,22.793,source=fused:fused;speedReason=OK;derived=27.61;locationGapMs=1015;callbackGapMs=1015;fusion=GPS_IMU
LOCATION,1790416253617,29.5962033,52.5057883,246.000,true,11.32,22.934,source=fused:fused;speedReason=OK;derived=27.81;locationGapMs=994;callbackGapMs=994;fusion=GPS_IMU
LOCATION,1790416254658,29.5961717,52.5057167,245.000,true,11.32,23.120,source=fused:fused;speedReason=OK;derived=27.61;locationGapMs=1041;callbackGapMs=1041;fusion=GPS_IMU
LOCATION,1790416255617,29.5961450,52.5056483,245.000,true,11.32,23.238,source=fused:fused;speedReason=OK;derived=27.24;locationGapMs=959;callbackGapMs=959;fusion=GPS_IMU
LOCATION,1790416256621,29.5961150,52.5055850,245.000,true,11.30,23.291,source=fused:fused;speedReason=OK;derived=26.87;locationGapMs=1004;callbackGapMs=1004;fusion=GPS_IMU
LOCATION,1790416257618,29.5960900,52.5055183,247.000,true,11.30,23.394,source=fused:fused;speedReason=OK;derived=25.41;locationGapMs=996;callbackGapMs=996;fusion=GPS_IMU
LOCATION,1790416258629,29.5960600,52.5054467,247.000,true,11.30,23.479,source=fused:fused;speedReason=OK;derived=25.41;locationGapMs=1007;callbackGapMs=1007;fusion=GPS_IMU
LOCATION,1790416259615,29.5960333,52.5053683,248.000,true,11.30,23.598,source=fused:fused;speedReason=OK;derived=27.50;locationGapMs=991;callbackGapMs=991;fusion=GPS_IMU
LOCATION,1790416260661,29.5960017,52.5052883,248.000,true,11.30,24.015,source=fused:fused;speedReason=OK;derived=29.27;locationGapMs=1046;callbackGapMs=1046;fusion=GPS_IMU
LOCATION,1790416261623,29.5959717,52.5052050,247.000,true,11.30,24.359,source=fused:fused;speedReason=OK;derived=29.61;locationGapMs=961;callbackGapMs=961;fusion=GPS_IMU
LOCATION,1790416262619,29.5959383,52.5051233,247.000,true,11.30,24.759,source=fused:fused;speedReason=OK;derived=31.58;locationGapMs=996;callbackGapMs=996;fusion=GPS_IMU
LOCATION,1790416263618,29.5959050,52.5050450,245.000,true,11.30,25.067,source=fused:fused;speedReason=OK;derived=31.58;locationGapMs=1000;callbackGapMs=1000;fusion=GPS_IMU
LOCATION,1790416264620,29.5958767,52.5049750,245.000,true,11.30,25.207,source=fused:fused;speedReason=OK;derived=30.37;locationGapMs=1002;callbackGapMs=1002;fusion=GPS_IMU
LOCATION,1790416265616,29.5958550,52.5049117,246.000,true,11.30,25.170,source=fused:fused;speedReason=OK;derived=26.84;locationGapMs=994;callbackGapMs=994;fusion=GPS_IMU
LOCATION,1790416266668,29.5958417,52.5048533,252.000,true,11.30,25.097,source=fused:fused;speedReason=OK;derived=23.86;locationGapMs=1051;callbackGapMs=1051;fusion=GPS_IMU
LOCATION,1790416267614,29.5958383,52.5047967,264.000,true,11.32,24.938,source=fused:fused;speedReason=OK;derived=20.87;locationGapMs=948;callbackGapMs=948;fusion=GPS_IMU
LOCATION,1790416268621,29.5958433,52.5047467,284.000,true,11.35,24.476,source=fused:fused;speedReason=OK;derived=20.03;locationGapMs=1008;callbackGapMs=1008;fusion=GPS_IMU
LOCATION,1790416269621,29.5958667,52.5047117,306.000,true,11.38,24.315,source=fused:fused;speedReason=OK;derived=17.41;locationGapMs=1000;callbackGapMs=1000;fusion=GPS_IMU
LOCATION,1790416270612,29.5959017,52.5046867,326.000,true,11.43,23.847,source=fused:fused;speedReason=OK;derived=16.61;locationGapMs=991;callbackGapMs=991;fusion=GPS_IMU
LOCATION,1790416271609,29.5959367,52.5046667,337.000,true,11.48,23.368,source=fused:fused;speedReason=OK;derived=15.66;locationGapMs=997;callbackGapMs=997;fusion=GPS_IMU
LOCATION,1790416272660,29.5959700,52.5046550,340.000,true,11.58,22.713,source=fused:fused;speedReason=OK;derived=15.66;locationGapMs=1052;callbackGapMs=1052;fusion=GPS_IMU
LOCATION,1790416273613,29.5959983,52.5046467,341.000,true,11.56,22.317,source=fused:fused;speedReason=OK;derived=13.21;locationGapMs=952;callbackGapMs=952;fusion=GPS_IMU
LOCATION,1790416274609,29.5960250,52.5046383,341.000,true,11.53,21.936,source=fused:fused;speedReason=OK;derived=12.25;locationGapMs=996;callbackGapMs=996;fusion=GPS_IMU
LOCATION,1790416275613,29.5960483,52.5046283,338.000,true,11.52,21.208,source=fused:fused;speedReason=OK;derived=11.09;locationGapMs=1003;callbackGapMs=1003;fusion=GPS_IMU
LOCATION,1790416276618,29.5960717,52.5046133,326.000,true,11.46,20.646,source=fused:fused;speedReason=OK;derived=10.64;locationGapMs=1006;callbackGapMs=1006;fusion=GPS_IMU
LOCATION,1790416277615,29.5960933,52.5045933,317.000,true,11.48,20.047,source=fused:fused;speedReason=OK;derived=10.64;locationGapMs=996;callbackGapMs=996;fusion=GPS_IMU
LOCATION,1790416278618,29.5961133,52.5045667,312.000,true,11.50,19.651,source=fused:fused;speedReason=OK;derived=11.13;locationGapMs=1004;callbackGapMs=1004;fusion=GPS_IMU
LOCATION,1790416279607,29.5961300,52.5045417,313.000,true,11.50,19.423,source=fused:fused;speedReason=OK;derived=11.13;locationGapMs=987;callbackGapMs=987;fusion=GPS_IMU
LOCATION,1790416280621,29.5961467,52.5045233,321.000,true,11.54,19.240,source=fused:fused;speedReason=OK;derived=11.12;locationGapMs=1016;callbackGapMs=1016;fusion=GPS_IMU
LOCATION_ONLY,1790416281448,29.5961467,52.5045233,321.000,true,16.96,19.215,source=fused:fused;speedReason=NO_SPEED;derived=9.11;locationGapMs=820;callbackGapMs=820;fusion=GPS_IMU
LOCATION,1790416282620,29.5961600,52.5045117,321.000,true,17.08,18.947,source=fused:fused;speedReason=OK;derived=5.66;locationGapMs=1179;callbackGapMs=1179;fusion=GPS_IMU
LOCATION,1790416283668,29.5961600,52.5045133,321.000,true,16.37,0.000,source=fused:fused;speedReason=OK;derived=0.53;locationGapMs=1049;callbackGapMs=1049;fusion=GPS_IMU
LOCATION,1790416284614,29.5961600,52.5045133,321.000,true,17.28,0.000,source=fused:fused;speedReason=OK;derived=0.53;locationGapMs=945;callbackGapMs=945;fusion=GPS_IMU
LOCATION,1790416285612,29.5961600,52.5045133,321.000,true,16.63,0.000,source=fused:fused;speedReason=OK;derived=0.00;locationGapMs=997;callbackGapMs=997;fusion=GPS_IMU
LOCATION,1790416286603,29.5961600,52.5045133,321.000,true,12.32,0.000,source=fused:fused;speedReason=OK;derived=0.00;locationGapMs=992;callbackGapMs=992;fusion=GPS_IMU
LOCATION,1790416287600,29.5961600,52.5045133,321.000,true,12.63,0.000,source=fused:fused;speedReason=OK;derived=0.00;locationGapMs=997;callbackGapMs=997;fusion=GPS_IMU
LOCATION_ONLY,1790416288172,29.5961600,52.5045133,321.000,true,16.60,0.000,source=fused:fused;speedReason=NO_SPEED;derived=0.00;locationGapMs=572;callbackGapMs=572;fusion=GPS_IMU
LOCATION,1790416288608,29.5961600,52.5045133,321.000,true,15.85,0.000,source=fused:fused;speedReason=OK;derived=0.00;locationGapMs=436;callbackGapMs=436;fusion=GPS_IMU
LOCATION,1790416289610,29.5961600,52.5045133,,false,16.30,0.000,source=fused:fused;speedReason=OK;derived=0.00;locationGapMs=1005;callbackGapMs=1005;fusion=GPS_IMU
LOCATION,1790416290593,29.5961600,52.5045133,,false,15.59,0.000,source=fused:fused;speedReason=OK;derived=0.00;locationGapMs=983;callbackGapMs=983;fusion=GPS_IMU
LOCATION,1790416291593,29.5961600,52.5045133,,false,15.39,0.000,source=fused:fused;speedReason=OK;derived=0.00;locationGapMs=1000;callbackGapMs=1000;fusion=GPS_IMU
LOCATION,1790416292610,29.5961600,52.5045133,,false,15.39,0.000,source=fused:fused;speedReason=OK;derived=0.00;locationGapMs=1017;callbackGapMs=1017;fusion=GPS_IMU
LOCATION,1790416293612,29.5961600,52.5045133,,false,11.30,0.000,source=fused:fused;speedReason=OK;derived=0.00;locationGapMs=1002;callbackGapMs=1002;fusion=GPS_IMU
LOCATION,1790416294666,29.5961600,52.5045133,,false,11.30,0.000,source=fused:fused;speedReason=OK;derived=0.00;locationGapMs=1054;callbackGapMs=1054;fusion=GPS_IMU
LOCATION,1790416295612,29.5961600,52.5045133,,false,12.38,0.000,source=fused:fused;speedReason=OK;derived=0.00;locationGapMs=946;callbackGapMs=946;fusion=GPS_IMU
LOCATION,1790416296611,29.5961600,52.5045133,,false,12.38,0.000,source=fused:fused;speedReason=OK;derived=0.00;locationGapMs=999;callbackGapMs=999;fusion=GPS_IMU
LOCATION,1790416297610,29.5961600,52.5045133,,false,12.38,0.000,source=fused:fused;speedReason=OK;derived=0.00;locationGapMs=999;callbackGapMs=999;fusion=GPS_IMU
LOCATION,1790416298612,29.5961600,52.5045133,,false,12.22,0.000,source=fused:fused;speedReason=OK;derived=0.00;locationGapMs=1001;callbackGapMs=1001;fusion=GPS_IMU
LOCATION,1790416299612,29.5961600,52.5045133,,false,12.22,0.000,source=fused:fused;speedReason=OK;derived=0.00;locationGapMs=1001;callbackGapMs=1001;fusion=GPS_IMU
LOCATION,1790416300613,29.5961600,52.5045133,,false,11.30,0.000,source=fused:fused;speedReason=OK;derived=0.00;locationGapMs=1001;callbackGapMs=1001;fusion=GPS_IMU
LOCATION_ONLY,1790416301295,29.5961600,52.5045133,,false,15.73,0.000,source=fused:fused;speedReason=NO_SPEED;derived=0.00;locationGapMs=682;callbackGapMs=682;fusion=GPS_IMU
LOCATION,1790416302616,29.5961600,52.5045133,,false,15.73,0.000,source=fused:fused;speedReason=OK;derived=0.00;locationGapMs=1321;callbackGapMs=1321;fusion=GPS_IMU
LOCATION,1790416303616,29.5961600,52.5045133,,false,15.75,0.000,source=fused:fused;speedReason=OK;derived=0.00;locationGapMs=1000;callbackGapMs=1000;fusion=GPS_IMU
LOCATION,1790416304605,29.5961600,52.5045133,,false,15.13,0.000,source=fused:fused;speedReason=OK;derived=0.00;locationGapMs=989;callbackGapMs=989;fusion=GPS_IMU
LOCATION,1790416305666,29.5961600,52.5045133,,false,15.78,0.000,source=fused:fused;speedReason=OK;derived=0.00;locationGapMs=1061;callbackGapMs=1061;fusion=GPS_IMU
LOCATION,1790416306612,29.5961600,52.5045133,,false,11.38,0.000,source=fused:fused;speedReason=OK;derived=0.00;locationGapMs=946;callbackGapMs=946;fusion=GPS_IMU
LOCATION,1790416307622,29.5961600,52.5045133,,false,11.40,0.000,source=fused:fused;speedReason=OK;derived=0.00;locationGapMs=1010;callbackGapMs=1010;fusion=GPS_IMU
LOCATION,1790416308608,29.5961600,52.5045133,,false,12.43,0.000,source=fused:fused;speedReason=OK;derived=0.00;locationGapMs=986;callbackGapMs=986;fusion=GPS_IMU
LOCATION,1790416309772,29.5961600,52.5045133,,false,10.90,0.000,source=fused:fused;speedReason=OK;derived=0.00;locationGapMs=1165;callbackGapMs=1165;fusion=GPS_IMU
LOCATION,1790416310574,29.5961600,52.5045133,,false,9.56,0.000,source=fused:fused;speedReason=OK;derived=0.00;locationGapMs=801;callbackGapMs=801;fusion=GPS_IMU
LOCATION,1790416311619,29.5961600,52.5045133,,false,8.18,0.000,source=fused:fused;speedReason=OK;derived=0.00;locationGapMs=1045;callbackGapMs=1045;fusion=GPS_IMU
LOCATION_ONLY,1790416311806,29.5959240,52.5044483,,false,70.45,0.000,source=legacy:network;speedReason=NO_SPEED;derived=;locationGapMs=188;callbackGapMs=188;fusion=GPS_IMU
LOCATION,1790416312563,29.5961600,52.5045133,,false,2.10,0.000,source=legacy:gps;speedReason=OK;derived=;locationGapMs=756;callbackGapMs=756;fusion=GPS_IMU
LOCATION,1790416313595,29.5961600,52.5045133,,false,2.20,0.000,source=legacy:gps;speedReason=OK;derived=0.00;locationGapMs=1032;callbackGapMs=1032;fusion=GPS_IMU
