record_type,wall_time_ms,lat,lon,bearing_deg,bearing_valid,gps_accuracy_m,fused_speed_kmh,details
LOCATION_ONLY,1790456047647,29.6523414,52.5073726,,false,20.00,0.000,source=fused:fused;speedReason=NO_SPEED;derived=;locationGapMs=0;callbackGapMs=-1;fusion=POSITION_OR_SPEED
LOCATION,1790456050095,29.6524267,52.5072517,,false,15.45,1.008,source=fused:fused;speedReason=OK;derived=22.12;locationGapMs=2449;callbackGapMs=2449;fusion=GPS_IMU
LOCATION,1790456051078,29.6521050,52.5074783,,false,13.23,0.000,source=fused:fused;speedReason=OK;derived=153.49;locationGapMs=982;callbackGapMs=982;fusion=GPS_IMU
LOCATION,1790456052081,29.6521583,52.5075450,,false,11.70,0.000,source=fused:fused;speedReason=OK;derived=31.38;locationGapMs=1004;callbackGapMs=1004;fusion=GPS_IMU
LOCATION,1790456053562,29.6521567,52.5075783,,false,8.05,0.000,source=fused:fused;speedReason=OK;derived=31.38;locationGapMs=1481;callbackGapMs=1481;fusion=GPS_IMU
LOCATION_ONLY,1790456054343,29.6522735,52.5075274,90.000,true,14.66,0.756,source=fused:fused;speedReason=NO_SPEED;derived=31.38;locationGapMs=743;callbackGapMs=743;fusion=GPS_IMU
LOCATION,1790456055571,29.6521638,52.5075890,90.000,true,12.98,0.825,source=fused:fused;speedReason=OK;derived=38.54;locationGapMs=1265;callbackGapMs=1265;fusion=GPS_IMU
LOCATION,1790456056572,29.6521661,52.5075931,90.000,true,12.57,0.000,source=fused:fused;speedReason=OK;derived=38.54;locationGapMs=1001;callbackGapMs=1001;fusion=GPS_IMU
LOCATION,1790456057577,29.6521676,52.5075973,90.000,true,12.40,0.000,source=fused:fused;speedReason=OK;derived=1.70;locationGapMs=1002;callbackGapMs=1002;fusion=GPS_IMU
LOCATION,1790456058605,29.6521685,52.5076009,90.000,true,12.45,0.000,source=fused:fused;speedReason=OK;derived=1.58;locationGapMs=1025;callbackGapMs=1025;fusion=GPS_IMU
LOCATION,1790456059640,29.6521707,52.5076038,90.000,true,6.13,0.000,source=fused:fused;speedReason=OK;derived=1.33;locationGapMs=1008;callbackGapMs=1008;fusion=GPS_IMU
LOCATION,1790456060622,29.6521722,52.5076060,90.000,true,5.75,0.000,source=fused:fused;speedReason=OK;derived=1.27;locationGapMs=1010;callbackGapMs=1010;fusion=GPS_IMU
LOCATION,1790456061165,29.6521808,52.5075994,90.000,true,5.55,0.000,source=fused:fused;speedReason=OK;derived=1.33;locationGapMs=543;callbackGapMs=543;fusion=GPS_IMU
LOCATION,1790456062580,29.6521823,52.5076059,,false,5.20,0.000,source=fused:fused;speedReason=OK;derived=1.65;locationGapMs=1421;callbackGapMs=1421;fusion=GPS_IMU
LOCATION,1790456063604,29.6521833,52.5076089,,false,5.04,0.000,source=fused:fused;speedReason=OK;derived=1.65;locationGapMs=1024;callbackGapMs=1024;fusion=GPS_IMU
LOCATION,1790456064573,29.6521829,52.5076111,,false,4.94,0.000,source=fused:fused;speedReason=OK;derived=1.09;locationGapMs=968;callbackGapMs=968;fusion=GPS_IMU
LOCATION,1790456065621,29.6521825,52.5076118,,false,4.76,0.000,source=fused:fused;speedReason=OK;derived=0.81;locationGapMs=1049;callbackGapMs=1049;fusion=GPS_IMU
LOCATION,1790456066565,29.6521825,52.5076127,,false,4.25,0.000,source=fused:fused;speedReason=OK;derived=0.33;locationGapMs=943;callbackGapMs=943;fusion=GPS_IMU
LOCATION,1790456067494,29.6521824,52.5076127,,false,4.01,0.000,source=fused:fused;speedReason=OK;derived=0.28;locationGapMs=929;callbackGapMs=929;fusion=GPS_IMU
LOCATION,1790456068566,29.6521882,52.5076050,,false,3.76,0.000,source=fused:fused;speedReason=OK;derived=0.33;locationGapMs=1072;callbackGapMs=1072;fusion=GPS_IMU
LOCATION,1790456069567,29.6521896,52.5076039,,false,3.63,0.000,source=fused:fused;speedReason=OK;derived=0.68;locationGapMs=1001;callbackGapMs=1001;fusion=GPS_IMU
LOCATION,1790456070564,29.6521904,52.5076041,,false,3.53,0.000,source=fused:fused;speedReason=OK;derived=0.68;locationGapMs=997;callbackGapMs=997;fusion=GPS_IMU
LOCATION,1790456071572,29.6521915,52.5076036,,false,3.47,0.000,source=fused:fused;speedReason=OK;derived=0.47;locationGapMs=1009;callbackGapMs=1009;fusion=GPS_IMU
LOCATION,1790456072583,29.6521914,52.5076034,,false,3.43,0.000,source=fused:fused;speedReason=OK;derived=0.33;locationGapMs=1011;callbackGapMs=1011;fusion=GPS_IMU
LOCATION,1790456073175,29.6521936,52.5076018,,false,3.42,0.000,source=fused:fused;speedReason=OK;derived=0.47;locationGapMs=592;callbackGapMs=592;fusion=GPS_IMU
LOCATION,1790456074151,29.6521992,52.5075974,,false,3.42,0.000,source=fused:fused;speedReason=OK;derived=1.76;locationGapMs=976;callbackGapMs=976;fusion=GPS_IMU
LOCATION,1790456074601,29.6522052,52.5075938,,false,3.41,0.000,source=fused:fused;speedReason=OK;derived=2.78;locationGapMs=450;callbackGapMs=450;fusion=GPS_IMU
LOCATION,1790456075591,29.6522116,52.5075914,,false,3.41,0.000,source=fused:fused;speedReason=OK;derived=2.78;locationGapMs=990;callbackGapMs=990;fusion=GPS_IMU
LOCATION,1790456076585,29.6522164,52.5075901,,false,3.41,0.000,source=fused:fused;speedReason=OK;derived=2.71;locationGapMs=994;callbackGapMs=994;fusion=GPS_IMU
LOCATION,1790456077608,29.6522197,52.5075897,,false,3.39,0.000,source=fused:fused;speedReason=OK;derived=1.98;locationGapMs=1021;callbackGapMs=1021;fusion=GPS_IMU
LOCATION,1790456078588,29.6522233,52.5075884,,false,3.36,0.000,source=fused:fused;speedReason=OK;derived=1.53;locationGapMs=982;callbackGapMs=982;fusion=GPS_IMU
LOCATION,1790456079586,29.6522260,52.5075885,,false,3.29,0.000,source=fused:fused;speedReason=OK;derived=1.30;locationGapMs=998;callbackGapMs=998;fusion=GPS_IMU
LOCATION,1790456080596,29.6522272,52.5075881,,false,3.17,0.000,source=fused:fused;speedReason=OK;derived=1.08;locationGapMs=1009;callbackGapMs=1009;fusion=GPS_IMU
LOCATION,1790456081601,29.6522280,52.5075871,,false,3.09,0.000,source=fused:fused;speedReason=OK;derived=0.49;locationGapMs=1006;callbackGapMs=1006;fusion=GPS_IMU
LOCATION,1790456082612,29.6522296,52.5075836,,false,3.03,0.000,source=fused:fused;speedReason=OK;derived=0.49;locationGapMs=1011;callbackGapMs=1011;fusion=GPS_IMU
LOCATION,1790456083604,29.6522299,52.5075825,,false,3.01,0.000,source=fused:fused;speedReason=OK;derived=0.47;locationGapMs=992;callbackGapMs=992;fusion=GPS_IMU
LOCATION,1790456084596,29.6522289,52.5075797,,false,3.00,0.000,source=fused:fused;speedReason=OK;derived=1.06;locationGapMs=992;callbackGapMs=992;fusion=GPS_IMU
LOCATION,1790456085483,29.6522291,52.5075796,,false,3.00,0.000,source=fused:fused;speedReason=OK;derived=0.40;locationGapMs=886;callbackGapMs=886;fusion=GPS_IMU
LOCATION,1790456086631,29.6522304,52.5075764,,false,3.00,0.000,source=fused:fused;speedReason=OK;derived=1.06;locationGapMs=1149;callbackGapMs=1149;fusion=GPS_IMU
LOCATION,1790456087600,29.6522299,52.5075726,,false,3.00,0.000,source=fused:fused;speedReason=OK;derived=1.07;locationGapMs=969;callbackGapMs=969;fusion=GPS_IMU
LOCATION,1790456088628,29.6522232,52.5075689,,false,3.00,0.000,source=fused:fused;speedReason=OK;derived=1.38;locationGapMs=1028;callbackGapMs=1028;fusion=GPS_IMU
LOCATION,1790456089584,29.6522160,52.5075704,,false,3.08,0.000,source=fused:fused;speedReason=OK;derived=2.89;locationGapMs=956;callbackGapMs=956;fusion=GPS_IMU
LOCATION,1790456090590,29.6522085,52.5075780,,false,3.26,0.000,source=fused:fused;speedReason=OK;derived=3.05;locationGapMs=1006;callbackGapMs=1006;fusion=GPS_IMU
LOCATION,1790456091576,29.6522034,52.5075933,,false,3.36,0.000,source=fused:fused;speedReason=OK;derived=3.97;locationGapMs=986;callbackGapMs=986;fusion=GPS_IMU
LOCATION,1790456092590,29.6522009,52.5076123,,false,3.59,0.000,source=fused:fused;speedReason=OK;derived=5.79;locationGapMs=1014;callbackGapMs=1014;fusion=GPS_IMU
LOCATION,1790456093626,29.6521977,52.5076331,112.390,true,3.77,3.177,source=fused:fused;speedReason=OK;derived=6.60;locationGapMs=1016;callbackGapMs=1016;fusion=GPS_IMU
LOCATION,1790456094307,29.6521932,52.5076424,127.584,true,4.07,4.696,source=fused:fused;speedReason=OK;derived=6.60;locationGapMs=699;callbackGapMs=699;fusion=GPS_IMU
LOCATION,1790456095626,29.6521826,52.5076742,137.856,true,4.30,5.042,source=fused:fused;speedReason=OK;derived=7.25;locationGapMs=1314;callbackGapMs=1314;fusion=GPS_IMU
LOCATION,1790456096628,29.6521686,52.5077043,130.280,true,4.13,5.894,source=fused:fused;speedReason=OK;derived=9.03;locationGapMs=1002;callbackGapMs=1002;fusion=GPS_IMU
LOCATION,1790456097643,29.6521557,52.5077261,130.181,true,3.97,6.762,source=fused:fused;speedReason=OK;derived=9.03;locationGapMs=1017;callbackGapMs=1017;fusion=GPS_IMU
LOCATION,1790456098663,29.6521401,52.5077452,130.530,true,3.78,6.938,source=fused:fused;speedReason=OK;derived=9.02;locationGapMs=1011;callbackGapMs=1011;fusion=GPS_IMU
LOCATION,1790456099631,29.6521217,52.5077604,138.394,true,3.32,7.213,source=fused:fused;speedReason=OK;derived=9.02;locationGapMs=979;callbackGapMs=979;fusion=GPS_IMU
LOCATION,1790456100586,29.6520980,52.5077697,148.942,true,3.27,7.292,source=fused:fused;speedReason=OK;derived=9.25;locationGapMs=956;callbackGapMs=956;fusion=GPS_IMU
LOCATION,1790456101601,29.6520734,52.5077751,157.821,true,3.00,7.407,source=fused:fused;speedReason=OK;derived=9.86;locationGapMs=1014;callbackGapMs=1014;fusion=GPS_IMU
LOCATION,1790456102594,29.6520521,52.5077825,161.644,true,3.00,7.526,source=fused:fused;speedReason=OK;derived=9.86;locationGapMs=993;callbackGapMs=993;fusion=GPS_IMU
LOCATION,1790456103615,29.6520327,52.5077885,165.160,true,3.00,7.534,source=fused:fused;speedReason=OK;derived=8.95;locationGapMs=1023;callbackGapMs=1023;fusion=GPS_IMU
LOCATION,1790456104615,29.6520150,52.5077927,170.984,true,3.00,7.290,source=fused:fused;speedReason=OK;derived=7.84;locationGapMs=977;callbackGapMs=977;fusion=GPS_IMU
LOCATION,1790456105631,29.6519965,52.5077944,179.560,true,3.00,7.038,source=fused:fused;speedReason=OK;derived=7.38;locationGapMs=1037;callbackGapMs=1037;fusion=GPS_IMU
LOCATION,1790456106620,29.6519787,52.5077873,197.208,true,3.00,6.992,source=fused:fused;speedReason=OK;derived=7.38;locationGapMs=987;callbackGapMs=987;fusion=GPS_IMU
LOCATION,1790456107583,29.6519633,52.5077758,216.645,true,3.00,6.724,source=fused:fused;speedReason=OK;derived=7.59;locationGapMs=967;callbackGapMs=967;fusion=GPS_IMU
LOCATION,1790456108599,29.6519518,52.5077586,238.447,true,3.00,6.462,source=fused:fused;speedReason=OK;derived=7.59;locationGapMs=1014;callbackGapMs=1014;fusion=GPS_IMU
LOCATION,1790456109627,29.6519427,52.5077406,251.007,true,3.00,6.888,source=fused:fused;speedReason=OK;derived=7.45;locationGapMs=1005;callbackGapMs=1005;fusion=GPS_IMU
LOCATION,1790456110325,29.6519389,52.5077262,254.870,true,3.03,7.210,source=fused:fused;speedReason=OK;derived=7.27;locationGapMs=721;callbackGapMs=721;fusion=GPS_IMU
LOCATION,1790456111593,29.6519320,52.5076998,260.639,true,3.23,7.322,source=fused:fused;speedReason=OK;derived=7.27;locationGapMs=1269;callbackGapMs=1269;fusion=GPS_IMU
LOCATION,1790456112608,29.6519268,52.5076791,261.003,true,3.59,7.339,source=fused:fused;speedReason=OK;derived=7.41;locationGapMs=1013;callbackGapMs=1013;fusion=GPS_IMU
LOCATION,1790456113592,29.6519232,52.5076566,261.020,true,3.96,7.136,source=fused:fused;speedReason=OK;derived=7.57;locationGapMs=985;callbackGapMs=985;fusion=GPS_IMU
LOCATION,1790456114158,29.6519215,52.5076442,260.105,true,4.27,7.558,source=fused:fused;speedReason=OK;derived=7.73;locationGapMs=566;callbackGapMs=566;fusion=GPS_IMU
LOCATION,1790456114703,29.6519182,52.5076303,257.236,true,4.77,7.572,source=fused:fused;speedReason=OK;derived=8.09;locationGapMs=525;callbackGapMs=525;fusion=GPS_IMU
LOCATION,1790456115357,29.6519153,52.5076150,258.881,true,5.23,7.762,source=fused:fused;speedReason=OK;derived=8.08;locationGapMs=675;callbackGapMs=675;fusion=GPS_IMU
LOCATION,1790456116621,29.6519083,52.5075790,262.173,true,5.72,8.154,source=fused:fused;speedReason=OK;derived=9.56;locationGapMs=1260;callbackGapMs=1260;fusion=GPS_IMU
LOCATION,1790456117586,29.6519055,52.5075510,258.665,true,5.74,8.562,source=fused:fused;speedReason=OK;derived=10.13;locationGapMs=970;callbackGapMs=970;fusion=GPS_IMU
LOCATION,1790456118594,29.6518997,52.5075211,258.210,true,5.92,8.785,source=fused:fused;speedReason=OK;derived=10.20;locationGapMs=1007;callbackGapMs=1007;fusion=GPS_IMU
LOCATION,1790456119583,29.6518886,52.5074915,251.479,true,5.84,9.160,source=fused:fused;speedReason=OK;derived=10.60;locationGapMs=988;callbackGapMs=988;fusion=GPS_IMU
LOCATION,1790456120589,29.6518779,52.5074622,248.922,true,5.74,9.635,source=fused:fused;speedReason=OK;derived=11.08;locationGapMs=999;callbackGapMs=999;fusion=GPS_IMU
LOCATION,1790456121573,29.6518684,52.5074306,248.963,true,5.79,10.080,source=fused:fused;speedReason=OK;derived=11.36;locationGapMs=993;callbackGapMs=993;fusion=GPS_IMU
LOCATION,1790456122583,29.6518644,52.5073958,253.545,true,5.81,10.269,source=fused:fused;speedReason=OK;derived=11.73;locationGapMs=1008;callbackGapMs=1008;fusion=GPS_IMU
LOCATION,1790456123583,29.6518606,52.5073609,257.619,true,5.80,10.516,source=fused:fused;speedReason=OK;derived=12.14;locationGapMs=1000;callbackGapMs=1000;fusion=GPS_IMU
LOCATION,1790456124567,29.6518537,52.5073277,255.429,true,5.89,10.711,source=fused:fused;speedReason=OK;derived=12.14;locationGapMs=984;callbackGapMs=984;fusion=GPS_IMU
LOCATION,1790456125615,29.6518446,52.5072898,257.669,true,5.62,10.912,source=fused:fused;speedReason=OK;derived=12.26;locationGapMs=1028;callbackGapMs=1028;fusion=GPS_IMU
LOCATION,1790456126569,29.6518369,52.5072573,257.626,true,5.27,10.688,source=fused:fused;speedReason=OK;derived=12.09;locationGapMs=975;callbackGapMs=975;fusion=GPS_IMU
LOCATION,1790456127599,29.6518283,52.5072261,252.625,true,4.55,10.945,source=fused:fused;speedReason=OK;derived=12.04;locationGapMs=1028;callbackGapMs=1028;fusion=GPS_IMU
LOCATION,1790456128568,29.6518157,52.5071980,249.052,true,4.29,10.953,source=fused:fused;speedReason=OK;derived=11.35;locationGapMs=970;callbackGapMs=970;fusion=GPS_IMU
LOCATION,1790456129595,29.6518070,52.5071668,249.070,true,3.35,10.742,source=fused:fused;speedReason=OK;derived=11.10;locationGapMs=1028;callbackGapMs=1028;fusion=GPS_IMU
LOCATION,1790456130591,29.6517989,52.5071371,245.766,true,3.29,10.360,source=fused:fused;speedReason=OK;derived=11.10;locationGapMs=995;callbackGapMs=995;fusion=GPS_IMU
LOCATION,1790456131230,29.6517820,52.5071252,236.815,true,3.30,10.236,source=fused:fused;speedReason=OK;derived=11.10;locationGapMs=618;callbackGapMs=618;fusion=GPS_IMU
LOCATION,1790456132573,29.6517678,52.5070817,247.388,true,3.56,10.055,source=fused:fused;speedReason=OK;derived=11.85;locationGapMs=1366;callbackGapMs=1366;fusion=GPS_IMU
LOCATION,1790456133239,29.6517614,52.5070626,249.591,true,4.08,10.152,source=fused:fused;speedReason=OK;derived=11.85;locationGapMs=662;callbackGapMs=662;fusion=GPS_IMU
LOCATION,1790456134589,29.6517735,52.5070153,268.069,true,4.31,10.071,source=fused:fused;speedReason=OK;derived=11.85;locationGapMs=1353;callbackGapMs=1353;fusion=GPS_IMU
LOCATION,1790456135599,29.6517738,52.5069870,269.034,true,4.61,9.943,source=fused:fused;speedReason=OK;derived=10.77;locationGapMs=1009;callbackGapMs=1009;fusion=GPS_IMU
LOCATION,1790456136183,29.6517737,52.5069686,270.119,true,4.74,9.031,source=fused:fused;speedReason=OK;derived=11.04;locationGapMs=581;callbackGapMs=581;fusion=GPS_IMU
LOCATION,1790456137623,29.6517613,52.5069322,246.480,true,4.71,8.715,source=fused:fused;speedReason=OK;derived=9.78;locationGapMs=1424;callbackGapMs=1424;fusion=GPS_IMU
LOCATION,1790456138590,29.6517334,52.5069143,212.697,true,4.52,8.513,source=fused:fused;speedReason=OK;derived=11.04;locationGapMs=987;callbackGapMs=987;fusion=GPS_IMU
LOCATION,1790456139569,29.6516800,52.5069667,177.000,true,4.13,7.408,source=fused:fused;speedReason=OK;derived=12.93;locationGapMs=981;callbackGapMs=981;fusion=GPS_IMU
LOCATION,1790456140573,29.6516450,52.5069783,168.000,true,3.77,8.321,source=fused:fused;speedReason=OK;derived=14.51;locationGapMs=1002;callbackGapMs=1002;fusion=GPS_IMU
LOCATION_ONLY,1790456141059,29.6516450,52.5069783,168.000,true,6.11,8.585,source=fused:fused;speedReason=NO_SPEED;derived=14.51;locationGapMs=484;callbackGapMs=484;fusion=GPS_IMU
LOCATION,1790456141613,29.6516117,52.5069850,168.000,true,6.01,9.651,source=fused:fused;speedReason=OK;derived=14.51;locationGapMs=554;callbackGapMs=554;fusion=GPS_IMU
LOCATION,1790456142585,29.6515817,52.5070000,164.000,true,5.47,10.419,source=fused:fused;speedReason=OK;derived=13.38;locationGapMs=976;callbackGapMs=976;fusion=GPS_IMU
LOCATION,1790456143631,29.6515500,52.5070167,159.000,true,5.24,10.479,source=fused:fused;speedReason=OK;derived=13.64;locationGapMs=1021;callbackGapMs=1021;fusion=GPS_IMU
LOCATION,1790456144593,29.6515167,52.5070317,159.000,true,5.32,11.842,source=fused:fused;speedReason=OK;derived=13.64;locationGapMs=984;callbackGapMs=984;fusion=GPS_IMU
LOCATION,1790456145611,29.6514833,52.5070450,158.000,true,5.37,12.002,source=fused:fused;speedReason=OK;derived=13.86;locationGapMs=1018;callbackGapMs=1018;fusion=GPS_IMU
LOCATION,1790456146607,29.6514533,52.5070600,161.000,true,2.35,11.975,source=fused:fused;speedReason=OK;derived=13.86;locationGapMs=996;callbackGapMs=996;fusion=GPS_IMU
LOCATION,1790456147575,29.6514200,52.5070733,159.000,true,2.38,12.376,source=fused:fused;speedReason=OK;derived=13.86;locationGapMs=970;callbackGapMs=970;fusion=GPS_IMU
LOCATION,1790456148593,29.6513867,52.5070883,159.000,true,2.40,12.414,source=fused:fused;speedReason=OK;derived=14.05;locationGapMs=1016;callbackGapMs=1016;fusion=GPS_IMU
LOCATION,1790456149578,29.6513550,52.5071017,159.000,true,2.42,12.685,source=fused:fused;speedReason=OK;derived=14.05;locationGapMs=978;callbackGapMs=978;fusion=GPS_IMU
LOCATION,1790456150593,29.6513233,52.5071167,160.000,true,2.42,12.901,source=fused:fused;speedReason=OK;derived=13.79;locationGapMs=1021;callbackGapMs=1021;fusion=GPS_IMU
LOCATION,1790456151599,29.6512967,52.5071233,162.000,true,4.35,13.106,source=fused:fused;speedReason=OK;derived=13.41;locationGapMs=1007;callbackGapMs=1007;fusion=GPS_IMU
LOCATION,1790456152611,29.6512667,52.5071300,163.000,true,4.66,13.147,source=fused:fused;speedReason=OK;derived=12.08;locationGapMs=1010;callbackGapMs=1010;fusion=GPS_IMU
LOCATION,1790456153584,29.6512350,52.5071383,166.000,true,4.34,13.104,source=fused:fused;speedReason=OK;derived=12.08;locationGapMs=977;callbackGapMs=977;fusion=GPS_IMU
LOCATION,1790456154564,29.6512033,52.5071467,166.000,true,4.34,13.092,source=fused:fused;speedReason=OK;derived=13.26;locationGapMs=979;callbackGapMs=979;fusion=GPS_IMU
LOCATION,1790456155602,29.6511750,52.5071533,162.000,true,4.34,12.959,source=fused:fused;speedReason=OK;derived=13.26;locationGapMs=1020;callbackGapMs=1020;fusion=GPS_IMU
LOCATION,1790456156594,29.6511433,52.5071617,162.000,true,2.40,12.623,source=fused:fused;speedReason=OK;derived=12.84;locationGapMs=1011;callbackGapMs=1011;fusion=GPS_IMU
LOCATION,1790456157601,29.6511100,52.5071733,161.000,true,2.40,12.615,source=fused:fused;speedReason=OK;derived=12.84;locationGapMs=1005;callbackGapMs=1005;fusion=GPS_IMU
LOCATION,1790456158568,29.6510767,52.5071883,158.000,true,2.40,12.738,source=fused:fused;speedReason=OK;derived=13.82;locationGapMs=970;callbackGapMs=970;fusion=GPS_IMU
LOCATION,1790456159610,29.6510400,52.5072067,156.000,true,2.40,12.920,source=fused:fused;speedReason=OK;derived=14.72;locationGapMs=1040;callbackGapMs=1040;fusion=GPS_IMU
LOCATION,1790456160577,29.6510033,52.5072233,158.000,true,2.42,12.299,source=fused:fused;speedReason=OK;derived=15.37;locationGapMs=966;callbackGapMs=966;fusion=GPS_IMU
LOCATION,1790456161621,29.6509700,52.5072433,155.000,true,4.78,12.738,source=fused:fused;speedReason=OK;derived=15.37;locationGapMs=1039;callbackGapMs=1039;fusion=GPS_IMU
LOCATION,1790456162577,29.6509350,52.5072717,145.000,true,4.46,13.483,source=fused:fused;speedReason=OK;derived=16.30;locationGapMs=961;callbackGapMs=961;fusion=GPS_IMU
LOCATION,1790456163596,29.6508983,52.5073050,140.000,true,4.80,13.176,source=fused:fused;speedReason=OK;derived=17.81;locationGapMs=1022;callbackGapMs=1022;fusion=GPS_IMU
LOCATION,1790456164598,29.6508700,52.5073367,138.000,true,4.47,14.535,source=fused:fused;speedReason=OK;derived=17.81;locationGapMs=1000;callbackGapMs=1000;fusion=GPS_IMU
LOCATION,1790456165607,29.6508450,52.5073750,125.000,true,4.82,14.674,source=fused:fused;speedReason=OK;derived=16.53;locationGapMs=1008;callbackGapMs=1008;fusion=GPS_IMU
LOCATION,1790456166637,29.6508200,52.5074333,117.000,true,2.48,13.021,source=fused:fused;speedReason=OK;derived=16.53;locationGapMs=1009;callbackGapMs=1009;fusion=GPS_IMU
LOCATION,1790456167630,29.6508050,52.5075017,113.000,true,2.50,9.709,source=fused:fused;speedReason=OK;derived=22.44;locationGapMs=1013;callbackGapMs=1013;fusion=GPS_IMU
LOCATION,1790456168625,29.6508317,52.5075783,77.000,true,2.54,14.672,source=fused:fused;speedReason=OK;derived=24.27;locationGapMs=995;callbackGapMs=995;fusion=GPS_IMU
LOCATION,1790456169612,29.6508467,52.5076550,75.000,true,2.55,18.048,source=fused:fused;speedReason=OK;derived=27.76;locationGapMs=987;callbackGapMs=987;fusion=GPS_IMU
LOCATION,1790456170623,29.6508667,52.5077433,76.000,true,2.58,19.897,source=fused:fused;speedReason=OK;derived=28.89;locationGapMs=1007;callbackGapMs=1007;fusion=GPS_IMU
LOCATION_ONLY,1790456171153,29.6508667,52.5077433,76.000,true,5.95,20.661,source=fused:fused;speedReason=NO_SPEED;derived=27.76;locationGapMs=534;callbackGapMs=534;fusion=GPS_IMU
LOCATION,1790456171594,29.6508917,52.5078450,74.000,true,5.49,20.865,source=fused:fused;speedReason=OK;derived=31.57;locationGapMs=444;callbackGapMs=444;fusion=GPS_IMU
LOCATION,1790456172603,29.6509233,52.5079617,73.000,true,5.43,21.685,source=fused:fused;speedReason=OK;derived=42.76;locationGapMs=996;callbackGapMs=996;fusion=GPS_IMU
LOCATION,1790456173635,29.6509533,52.5080733,73.000,true,5.77,30.274,source=fused:fused;speedReason=OK;derived=42.76;locationGapMs=1042;callbackGapMs=1042;fusion=GPS_IMU
LOCATION,1790456174636,29.6509817,52.5081800,73.000,true,5.62,32.904,source=fused:fused;speedReason=OK;derived=39.06;locationGapMs=1000;callbackGapMs=1000;fusion=GPS_IMU
LOCATION,1790456175633,29.6510100,52.5082833,70.000,true,5.47,34.761,source=fused:fused;speedReason=OK;derived=38.88;locationGapMs=998;callbackGapMs=998;fusion=GPS_IMU
LOCATION,1790456176630,29.6510467,52.5083817,58.000,true,1.78,34.872,source=fused:fused;speedReason=OK;derived=37.81;locationGapMs=997;callbackGapMs=997;fusion=GPS_IMU
LOCATION,1790456177656,29.6511000,52.5084700,46.000,true,1.68,34.641,source=fused:fused;speedReason=OK;derived=37.41;locationGapMs=1002;callbackGapMs=1002;fusion=GPS_IMU
LOCATION,1790456178625,29.6511717,52.5085433,33.000,true,1.67,35.058,source=fused:fused;speedReason=OK;derived=37.41;locationGapMs=993;callbackGapMs=993;fusion=GPS_IMU
LOCATION,1790456179685,29.6512517,52.5086000,26.000,true,1.63,36.319,source=fused:fused;speedReason=OK;derived=37.34;locationGapMs=1059;callbackGapMs=1059;fusion=GPS_IMU
LOCATION,1790456180633,29.6513417,52.5086433,21.000,true,1.60,37.051,source=fused:fused;speedReason=OK;derived=38.63;locationGapMs=949;callbackGapMs=949;fusion=GPS_IMU
LOCATION,1790456181636,29.6514350,52.5086817,21.000,true,1.62,37.664,source=fused:fused;speedReason=OK;derived=39.45;locationGapMs=1003;callbackGapMs=1003;fusion=GPS_IMU
LOCATION,1790456182632,29.6515283,52.5087217,22.000,true,1.63,38.390,source=fused:fused;speedReason=OK;derived=39.92;locationGapMs=996;callbackGapMs=996;fusion=GPS_IMU
LOCATION,1790456183644,29.6516183,52.5087667,23.000,true,1.65,38.707,source=fused:fused;speedReason=OK;derived=39.63;locationGapMs=989;callbackGapMs=989;fusion=GPS_IMU
LOCATION,1790456184627,29.6517050,52.5088117,24.000,true,1.68,37.811,source=fused:fused;speedReason=OK;derived=39.63;locationGapMs=1006;callbackGapMs=1006;fusion=GPS_IMU
LOCATION,1790456185705,29.6517867,52.5088533,21.000,true,1.70,36.083,source=fused:fused;speedReason=OK;derived=37.76;locationGapMs=1078;callbackGapMs=1078;fusion=GPS_IMU
LOCATION,1790456186633,29.6518633,52.5088900,25.000,true,1.70,33.140,source=fused:fused;speedReason=OK;derived=35.71;locationGapMs=928;callbackGapMs=928;fusion=GPS_IMU
LOCATION,1790456187625,29.6519283,52.5089283,34.000,true,1.70,30.341,source=fused:fused;speedReason=OK;derived=33.10;locationGapMs=988;callbackGapMs=988;fusion=GPS_IMU
LOCATION,1790456188653,29.6519717,52.5089700,43.000,true,1.68,27.047,source=fused:fused;speedReason=OK;derived=29.53;locationGapMs=1011;callbackGapMs=1011;fusion=GPS_IMU
LOCATION,1790456189630,29.6520033,52.5090183,59.000,true,1.67,25.230,source=fused:fused;speedReason=OK;derived=22.36;locationGapMs=998;callbackGapMs=998;fusion=GPS_IMU
LOCATION,1790456190633,29.6520183,52.5090767,75.000,true,1.65,25.427,source=fused:fused;speedReason=OK;derived=21.20;locationGapMs=1001;callbackGapMs=1001;fusion=GPS_IMU
LOCATION,1790456191701,29.6520133,52.5091400,96.000,true,1.63,24.865,source=fused:fused;speedReason=OK;derived=21.08;locationGapMs=1062;callbackGapMs=1062;fusion=GPS_IMU
LOCATION,1790456192634,29.6519867,52.5092117,112.000,true,1.60,25.158,source=fused:fused;speedReason=OK;derived=21.20;locationGapMs=941;callbackGapMs=941;fusion=GPS_IMU
LOCATION,1790456193664,29.6519417,52.5092933,118.000,true,1.60,26.773,source=fused:fused;speedReason=OK;derived=28.85;locationGapMs=1005;callbackGapMs=1005;fusion=GPS_IMU
LOCATION,1790456194609,29.6518950,52.5093800,119.000,true,1.58,29.912,source=fused:fused;speedReason=OK;derived=33.47;locationGapMs=970;callbackGapMs=970;fusion=GPS_IMU
LOCATION,1790456195610,29.6518450,52.5094767,120.000,true,1.57,32.912,source=fused:fused;speedReason=OK;derived=36.60;locationGapMs=1002;callbackGapMs=1002;fusion=GPS_IMU
LOCATION,1790456196616,29.6517883,52.5095850,121.000,true,1.55,37.443,source=fused:fused;speedReason=OK;derived=39.09;locationGapMs=1005;callbackGapMs=1005;fusion=GPS_IMU
LOCATION,1790456197631,29.6517267,52.5097000,120.000,true,1.52,40.696,source=fused:fused;speedReason=OK;derived=43.79;locationGapMs=1013;callbackGapMs=1013;fusion=GPS_IMU
LOCATION,1790456198634,29.6516683,52.5098117,120.000,true,1.48,42.255,source=fused:fused;speedReason=OK;derived=45.15;locationGapMs=1005;callbackGapMs=1005;fusion=GPS_IMU
LOCATION,1790456199657,29.6516100,52.5099217,120.000,true,1.44,43.927,source=fused:fused;speedReason=OK;derived=45.15;locationGapMs=1003;callbackGapMs=1003;fusion=GPS_IMU
LOCATION,1790456200613,29.6515500,52.5100367,120.000,true,1.43,44.812,source=fused:fused;speedReason=OK;derived=45.15;locationGapMs=977;callbackGapMs=977;fusion=GPS_IMU
LOCATION,1790456201627,29.6514867,52.5101533,120.000,true,1.40,45.437,source=fused:fused;speedReason=OK;derived=47.24;locationGapMs=1013;callbackGapMs=1013;fusion=GPS_IMU
LOCATION,1790456202699,29.6514233,52.5102750,120.000,true,1.40,46.561,source=fused:fused;speedReason=OK;derived=47.24;locationGapMs=1072;callbackGapMs=1072;fusion=GPS_IMU
LOCATION,1790456203636,29.6513583,52.5103983,120.000,true,1.40,47.878,source=fused:fused;speedReason=OK;derived=47.24;locationGapMs=937;callbackGapMs=937;fusion=GPS_IMU
LOCATION,1790456204624,29.6512950,52.5105283,118.000,true,1.40,49.279,source=fused:fused;speedReason=OK;derived=52.51;locationGapMs=988;callbackGapMs=988;fusion=GPS_IMU
LOCATION,1790456205647,29.6512300,52.5106583,119.000,true,1.40,50.304,source=fused:fused;speedReason=OK;derived=52.51;locationGapMs=1012;callbackGapMs=1012;fusion=GPS_IMU
LOCATION,1790456206628,29.6511633,52.5107917,120.000,true,1.40,51.151,source=fused:fused;speedReason=OK;derived=52.51;locationGapMs=992;callbackGapMs=992;fusion=GPS_IMU
LOCATION,1790456207634,29.6510933,52.5109267,121.000,true,1.40,52.340,source=fused:fused;speedReason=OK;derived=54.01;locationGapMs=1005;callbackGapMs=1005;fusion=GPS_IMU
LOCATION,1790456208699,29.6510217,52.5110633,120.000,true,1.40,53.189,source=fused:fused;speedReason=OK;derived=54.01;locationGapMs=1064;callbackGapMs=1064;fusion=GPS_IMU
LOCATION,1790456209624,29.6509517,52.5112000,119.000,true,1.40,53.991,source=fused:fused;speedReason=OK;derived=54.45;locationGapMs=927;callbackGapMs=927;fusion=GPS_IMU
LOCATION,1790456210631,29.6508833,52.5113367,120.000,true,1.40,54.285,source=fused:fused;speedReason=OK;derived=54.64;locationGapMs=1005;callbackGapMs=1005;fusion=GPS_IMU
LOCATION,1790456211648,29.6508150,52.5114733,120.000,true,1.40,54.963,source=fused:fused;speedReason=OK;derived=54.64;locationGapMs=1007;callbackGapMs=1007;fusion=GPS_IMU
LOCATION,1790456212631,29.6507450,52.5116117,120.000,true,1.40,55.586,source=fused:fused;speedReason=OK;derived=54.64;locationGapMs=996;callbackGapMs=996;fusion=GPS_IMU
LOCATION,1790456213631,29.6506733,52.5117517,121.000,true,1.38,55.979,source=fused:fused;speedReason=OK;derived=55.97;locationGapMs=999;callbackGapMs=999;fusion=GPS_IMU
LOCATION,1790456214626,29.6505983,52.5118933,120.000,true,1.37,56.212,source=fused:fused;speedReason=OK;derived=56.62;locationGapMs=995;callbackGapMs=995;fusion=GPS_IMU
LOCATION,1790456215620,29.6505233,52.5120350,120.000,true,1.35,57.252,source=fused:fused;speedReason=OK;derived=58.01;locationGapMs=993;callbackGapMs=993;fusion=GPS_IMU
LOCATION,1790456216612,29.6504483,52.5121783,121.000,true,1.33,57.469,source=fused:fused;speedReason=OK;derived=58.16;locationGapMs=991;callbackGapMs=991;fusion=GPS_IMU
LOCATION,1790456217643,29.6503717,52.5123233,120.000,true,1.30,58.046,source=fused:fused;speedReason=OK;derived=58.16;locationGapMs=1022;callbackGapMs=1022;fusion=GPS_IMU
LOCATION,1790456218635,29.6502950,52.5124733,120.000,true,1.30,59.445,source=fused:fused;speedReason=OK;derived=58.76;locationGapMs=1001;callbackGapMs=1001;fusion=GPS_IMU
LOCATION,1790456219633,29.6502167,52.5126217,120.000,true,1.30,59.946,source=fused:fused;speedReason=OK;derived=60.43;locationGapMs=1000;callbackGapMs=1000;fusion=GPS_IMU
LOCATION,1790456220697,29.6501367,52.5127733,120.000,true,1.30,60.241,source=fused:fused;speedReason=OK;derived=60.43;locationGapMs=1066;callbackGapMs=1066;fusion=GPS_IMU
LOCATION,1790456221939,29.6500583,52.5129267,120.000,true,1.32,60.343,source=fused:fused;speedReason=OK;derived=60.43;locationGapMs=933;callbackGapMs=933;fusion=GPS_IMU
LOCATION,1790456222620,29.6499767,52.5130817,121.000,true,1.33,60.225,source=fused:fused;speedReason=OK;derived=63.91;locationGapMs=987;callbackGapMs=987;fusion=GPS_IMU
LOCATION,1790456223641,29.6498967,52.5132333,122.000,true,1.35,60.752,source=fused:fused;speedReason=OK;derived=63.91;locationGapMs=1012;callbackGapMs=1012;fusion=GPS_IMU
LOCATION,1790456224620,29.6498150,52.5133850,121.000,true,1.38,61.217,source=fused:fused;speedReason=OK;derived=62.81;locationGapMs=989;callbackGapMs=989;fusion=GPS_IMU
LOCATION,1790456225627,29.6497350,52.5135333,121.000,true,1.42,61.267,source=fused:fused;speedReason=OK;derived=61.00;locationGapMs=1007;callbackGapMs=1007;fusion=GPS_IMU
LOCATION,1790456226708,29.6496517,52.5136767,123.000,true,1.45,60.689,source=fused:fused;speedReason=OK;derived=60.33;locationGapMs=1077;callbackGapMs=1077;fusion=GPS_IMU
LOCATION,1790456227636,29.6495650,52.5138117,126.000,true,1.48,60.514,source=fused:fused;speedReason=OK;derived=60.33;locationGapMs=931;callbackGapMs=931;fusion=GPS_IMU
LOCATION,1790456228648,29.6494733,52.5139433,129.000,true,1.48,59.670,source=fused:fused;speedReason=OK;derived=58.50;locationGapMs=1003;callbackGapMs=1003;fusion=GPS_IMU
LOCATION,1790456229636,29.6493767,52.5140717,131.000,true,1.46,59.427,source=fused:fused;speedReason=OK;derived=59.25;locationGapMs=997;callbackGapMs=997;fusion=GPS_IMU
LOCATION,1790456230638,29.6492800,52.5141917,132.000,true,1.44,59.312,source=fused:fused;speedReason=OK;derived=58.50;locationGapMs=1003;callbackGapMs=1003;fusion=GPS_IMU
LOCATION,1790456231634,29.6491850,52.5143067,133.000,true,1.42,58.819,source=fused:fused;speedReason=OK;derived=56.74;locationGapMs=995;callbackGapMs=995;fusion=GPS_IMU
LOCATION,1790456232592,29.6490933,52.5144133,135.000,true,1.42,58.009,source=fused:fused;speedReason=OK;derived=55.45;locationGapMs=958;callbackGapMs=958;fusion=GPS_IMU
LOCATION,1790456233653,29.6490033,52.5145083,137.000,true,1.40,57.296,source=fused:fused;speedReason=OK;derived=54.44;locationGapMs=1050;callbackGapMs=1050;fusion=GPS_IMU
LOCATION,1790456234638,29.6489167,52.5145967,139.000,true,1.40,56.030,source=fused:fused;speedReason=OK;derived=46.52;locationGapMs=996;callbackGapMs=996;fusion=GPS_IMU
LOCATION,1790456235633,29.6488317,52.5146717,144.000,true,1.40,55.124,source=fused:fused;speedReason=OK;derived=46.49;locationGapMs=995;callbackGapMs=995;fusion=GPS_IMU
LOCATION,1790456236643,29.6487433,52.5147317,152.000,true,1.42,54.295,source=fused:fused;speedReason=OK;derived=43.04;locationGapMs=1002;callbackGapMs=1002;fusion=GPS_IMU
LOCATION,1790456237637,29.6486517,52.5147733,161.000,true,1.44,53.461,source=fused:fused;speedReason=OK;derived=40.93;locationGapMs=996;callbackGapMs=996;fusion=GPS_IMU
LOCATION,1790456238705,29.6485617,52.5148000,168.000,true,1.46,52.817,source=fused:fused;speedReason=OK;derived=39.48;locationGapMs=1064;callbackGapMs=1064;fusion=GPS_IMU
LOCATION,1790456239643,29.6484667,52.5148150,175.000,true,1.50,51.956,source=fused:fused;speedReason=OK;derived=39.48;locationGapMs=949;callbackGapMs=949;fusion=GPS_IMU
LOCATION,1790456240635,29.6483717,52.5148200,177.000,true,1.52,50.638,source=fused:fused;speedReason=OK;derived=38.33;locationGapMs=990;callbackGapMs=990;fusion=GPS_IMU
LOCATION,1790456241644,29.6482717,52.5148250,176.000,true,1.53,49.439,source=fused:fused;speedReason=OK;derived=39.78;locationGapMs=1004;callbackGapMs=1004;fusion=GPS_IMU
LOCATION,1790456242647,29.6481700,52.5148350,173.000,true,1.54,48.791,source=fused:fused;speedReason=OK;derived=39.78;locationGapMs=1004;callbackGapMs=1004;fusion=GPS_IMU
LOCATION,1790456243634,29.6480650,52.5148533,169.000,true,1.53,48.540,source=fused:fused;speedReason=OK;derived=40.57;locationGapMs=991;callbackGapMs=991;fusion=GPS_IMU
LOCATION,1790456244708,29.6479550,52.5148817,165.000,true,1.53,48.340,source=fused:fused;speedReason=OK;derived=42.01;locationGapMs=1071;callbackGapMs=1071;fusion=GPS_IMU
LOCATION,1790456245644,29.6478417,52.5149167,165.000,true,1.50,48.174,source=fused:fused;speedReason=OK;derived=42.77;locationGapMs=940;callbackGapMs=940;fusion=GPS_IMU
LOCATION,1790456246648,29.6477217,52.5149517,165.000,true,1.50,48.154,source=fused:fused;speedReason=OK;derived=49.61;locationGapMs=996;callbackGapMs=996;fusion=GPS_IMU
LOCATION,1790456247624,29.6476000,52.5149900,164.000,true,1.50,48.152,source=fused:fused;speedReason=OK;derived=49.82;locationGapMs=984;callbackGapMs=984;fusion=GPS_IMU
LOCATION,1790456248644,29.6474750,52.5150283,164.000,true,1.50,48.307,source=fused:fused;speedReason=OK;derived=50.92;locationGapMs=1014;callbackGapMs=1014;fusion=GPS_IMU
LOCATION,1790456249637,29.6473500,52.5150667,165.000,true,1.48,48.552,source=fused:fused;speedReason=OK;derived=51.18;locationGapMs=1000;callbackGapMs=1000;fusion=GPS_IMU
LOCATION,1790456250719,29.6472217,52.5151033,166.000,true,1.48,48.854,source=fused:fused;speedReason=OK;derived=50.92;locationGapMs=1071;callbackGapMs=1071;fusion=GPS_IMU
LOCATION,1790456251644,29.6470983,52.5151383,166.000,true,1.47,49.175,source=fused:fused;speedReason=OK;derived=51.65;locationGapMs=931;callbackGapMs=931;fusion=GPS_IMU
LOCATION,1790456252651,29.6469800,52.5151700,167.000,true,1.44,49.381,source=fused:fused;speedReason=OK;derived=49.27;locationGapMs=1005;callbackGapMs=1005;fusion=GPS_IMU
LOCATION,1790456253634,29.6468667,52.5151900,174.000,true,1.43,49.264,source=fused:fused;speedReason=OK;derived=48.24;locationGapMs=989;callbackGapMs=989;fusion=GPS_IMU
LOCATION,1790456254651,29.6467567,52.5151883,186.000,true,1.42,49.087,source=fused:fused;speedReason=OK;derived=46.26;locationGapMs=1010;callbackGapMs=1010;fusion=GPS_IMU
LOCATION,1790456255630,29.6466533,52.5151600,198.000,true,1.42,48.924,source=fused:fused;speedReason=OK;derived=43.46;locationGapMs=987;callbackGapMs=987;fusion=GPS_IMU
LOCATION,1790456256715,29.6465550,52.5151100,209.000,true,1.42,48.804,source=fused:fused;speedReason=OK;derived=42.98;locationGapMs=1070;callbackGapMs=1070;fusion=GPS_IMU
LOCATION,1790456257633,29.6464633,52.5150383,216.000,true,1.43,48.649,source=fused:fused;speedReason=OK;derived=42.98;locationGapMs=933;callbackGapMs=933;fusion=GPS_IMU
LOCATION,1790456258635,29.6463783,52.5149533,223.000,true,1.46,48.497,source=fused:fused;speedReason=OK;derived=45.08;locationGapMs=999;callbackGapMs=999;fusion=GPS_IMU
LOCATION,1790456259634,29.6463067,52.5148650,228.000,true,1.47,48.240,source=fused:fused;speedReason=OK;derived=45.08;locationGapMs=1002;callbackGapMs=1002;fusion=GPS_IMU
LOCATION,1790456260642,29.6462433,52.5147667,234.000,true,1.50,47.784,source=fused:fused;speedReason=OK;derived=42.51;locationGapMs=1002;callbackGapMs=1002;fusion=GPS_IMU
LOCATION,1790456261630,29.6461867,52.5146650,239.000,true,1.50,47.449,source=fused:fused;speedReason=OK;derived=42.37;locationGapMs=992;callbackGapMs=992;fusion=GPS_IMU
LOCATION,1790456262721,29.6461417,52.5145550,246.000,true,1.50,47.233,source=fused:fused;speedReason=OK;derived=42.37;locationGapMs=1081;callbackGapMs=1081;fusion=GPS_IMU
LOCATION,1790456263637,29.6461067,52.5144383,253.000,true,1.50,47.026,source=fused:fused;speedReason=OK;derived=42.37;locationGapMs=929;callbackGapMs=929;fusion=GPS_IMU
LOCATION,1790456264632,29.6460783,52.5143117,255.000,true,1.50,46.888,source=fused:fused;speedReason=OK;derived=45.88;locationGapMs=993;callbackGapMs=993;fusion=GPS_IMU
LOCATION,1790456265640,29.6460517,52.5141817,256.000,true,1.50,46.819,source=fused:fused;speedReason=OK;derived=46.30;locationGapMs=1005;callbackGapMs=1005;fusion=GPS_IMU
LOCATION,1790456266588,29.6460283,52.5140483,257.000,true,1.50,46.783,source=fused:fused;speedReason=OK;derived=46.31;locationGapMs=955;callbackGapMs=955;fusion=GPS_IMU
LOCATION,1790456267630,29.6460033,52.5139133,256.000,true,1.50,46.791,source=fused:fused;speedReason=OK;derived=46.43;locationGapMs=1036;callbackGapMs=1036;fusion=GPS_IMU
LOCATION,1790456268717,29.6459750,52.5137750,255.000,true,1.50,46.859,source=fused:fused;speedReason=OK;derived=46.43;locationGapMs=1084;callbackGapMs=1084;fusion=GPS_IMU
LOCATION,1790456269640,29.6459433,52.5136367,254.000,true,1.50,46.937,source=fused:fused;speedReason=OK;derived=46.43;locationGapMs=929;callbackGapMs=929;fusion=GPS_IMU
LOCATION,1790456270651,29.6459083,52.5135000,253.000,true,1.52,47.004,source=fused:fused;speedReason=OK;derived=49.56;locationGapMs=1002;callbackGapMs=1002;fusion=GPS_IMU
LOCATION,1790456271636,29.6458750,52.5133583,253.000,true,1.54,47.095,source=fused:fused;speedReason=OK;derived=51.46;locationGapMs=994;callbackGapMs=994;fusion=GPS_IMU
LOCATION,1790456272640,29.6458383,52.5132150,254.000,true,1.56,47.234,source=fused:fused;speedReason=OK;derived=51.46;locationGapMs=1000;callbackGapMs=1000;fusion=GPS_IMU
LOCATION,1790456273634,29.6457967,52.5130717,251.000,true,1.58,47.395,source=fused:fused;speedReason=OK;derived=52.05;locationGapMs=999;callbackGapMs=999;fusion=GPS_IMU
LOCATION,1790456274716,29.6457533,52.5129350,247.000,true,1.58,47.551,source=fused:fused;speedReason=OK;derived=52.05;locationGapMs=1074;callbackGapMs=1074;fusion=GPS_IMU
LOCATION,1790456275638,29.6457083,52.5128017,246.000,true,1.60,47.688,source=fused:fused;speedReason=OK;derived=52.69;locationGapMs=928;callbackGapMs=928;fusion=GPS_IMU
LOCATION,1790456276633,29.6456533,52.5126700,244.000,true,1.58,47.790,source=fused:fused;speedReason=OK;derived=51.14;locationGapMs=995;callbackGapMs=995;fusion=GPS_IMU
LOCATION,1790456277630,29.6455983,52.5125450,241.000,true,1.57,47.892,source=fused:fused;speedReason=OK;derived=51.14;locationGapMs=997;callbackGapMs=997;fusion=GPS_IMU
LOCATION,1790456278639,29.6455400,52.5124250,240.000,true,1.55,47.974,source=fused:fused;speedReason=OK;derived=48.93;locationGapMs=1008;callbackGapMs=1008;fusion=GPS_IMU
LOCATION,1790456279641,29.6454833,52.5123167,237.000,true,1.50,47.846,source=fused:fused;speedReason=OK;derived=47.48;locationGapMs=1002;callbackGapMs=1002;fusion=GPS_IMU
LOCATION,1790456280709,29.6454200,52.5122200,227.000,true,1.50,47.677,source=fused:fused;speedReason=OK;derived=43.92;locationGapMs=1064;callbackGapMs=1064;fusion=GPS_IMU
LOCATION,1790456281642,29.6453467,52.5121483,215.000,true,1.48,47.463,source=fused:fused;speedReason=OK;derived=41.02;locationGapMs=938;callbackGapMs=938;fusion=GPS_IMU
LOCATION,1790456282636,29.6452600,52.5120983,203.000,true,1.48,47.197,source=fused:fused;speedReason=OK;derived=39.59;locationGapMs=994;callbackGapMs=994;fusion=GPS_IMU
LOCATION,1790456283639,29.6451650,52.5120683,191.000,true,1.48,46.890,source=fused:fused;speedReason=OK;derived=39.25;locationGapMs=1002;callbackGapMs=1002;fusion=GPS_IMU
LOCATION,1790456284635,29.6450650,52.5120533,183.000,true,1.48,46.515,source=fused:fused;speedReason=OK;derived=39.25;locationGapMs=998;callbackGapMs=998;fusion=GPS_IMU
LOCATION,1790456285634,29.6449733,52.5120517,177.000,true,1.50,46.202,source=fused:fused;speedReason=OK;derived=39.25;locationGapMs=998;callbackGapMs=998;fusion=GPS_IMU
LOCATION,1790456286717,29.6448867,52.5120617,172.000,true,1.50,45.905,source=fused:fused;speedReason=OK;derived=36.67;locationGapMs=1075;callbackGapMs=1075;fusion=GPS_IMU
LOCATION,1790456287633,29.6448100,52.5120900,158.000,true,1.50,45.534,source=fused:fused;speedReason=OK;derived=34.80;locationGapMs=924;callbackGapMs=924;fusion=GPS_IMU
LOCATION,1790456288632,29.6447450,52.5121367,142.000,true,1.50,45.133,source=fused:fused;speedReason=OK;derived=32.31;locationGapMs=1000;callbackGapMs=1000;fusion=GPS_IMU
LOCATION,1790456289637,29.6447017,52.5122000,123.000,true,1.52,44.852,source=fused:fused;speedReason=OK;derived=30.62;locationGapMs=1005;callbackGapMs=1005;fusion=GPS_IMU
LOCATION,1790456290634,29.6446783,52.5122717,113.000,true,1.56,44.666,source=fused:fused;speedReason=OK;derived=27.89;locationGapMs=994;callbackGapMs=994;fusion=GPS_IMU
LOCATION,1790456291635,29.6446933,52.5123450,86.000,true,1.62,44.489,source=fused:fused;speedReason=OK;derived=26.84;locationGapMs=1002;callbackGapMs=1002;fusion=GPS_IMU
LOCATION,1790456292713,29.6447433,52.5123983,55.000,true,1.70,44.320,source=fused:fused;speedReason=OK;derived=26.19;locationGapMs=1072;callbackGapMs=1072;fusion=GPS_IMU
LOCATION,1790456293633,29.6448233,52.5124183,20.000,true,1.78,44.124,source=fused:fused;speedReason=OK;derived=26.19;locationGapMs=926;callbackGapMs=926;fusion=GPS_IMU
LOCATION,1790456294641,29.6449217,52.5124017,357.000,true,1.86,43.961,source=fused:fused;speedReason=OK;derived=35.29;locationGapMs=1011;callbackGapMs=1011;fusion=GPS_IMU
LOCATION,1790456295641,29.6450200,52.5123533,340.000,true,1.90,43.760,source=fused:fused;speedReason=OK;derived=39.26;locationGapMs=998;callbackGapMs=998;fusion=GPS_IMU
LOCATION,1790456296641,29.6451067,52.5122983,337.000,true,1.88,43.260,source=fused:fused;speedReason=OK;derived=39.63;locationGapMs=998;callbackGapMs=998;fusion=GPS_IMU
LOCATION,1790456297634,29.6451983,52.5122633,354.000,true,1.87,42.724,source=fused:fused;speedReason=OK;derived=39.63;locationGapMs=995;callbackGapMs=995;fusion=GPS_IMU
LOCATION,1790456298607,29.6452850,52.5122617,5.000,true,1.82,42.570,source=fused:fused;speedReason=OK;derived=38.73;locationGapMs=972;callbackGapMs=972;fusion=GPS_IMU
LOCATION,1790456299616,29.6453683,52.5122867,13.000,true,1.78,42.486,source=fused:fused;speedReason=OK;derived=35.60;locationGapMs=1010;callbackGapMs=1010;fusion=GPS_IMU
LOCATION,1790456300607,29.6454400,52.5123383,26.000,true,1.77,42.424,source=fused:fused;speedReason=OK;derived=34.03;locationGapMs=993;callbackGapMs=993;fusion=GPS_IMU
LOCATION,1790456301637,29.6455000,52.5124300,42.000,true,1.78,42.364,source=fused:fused;speedReason=OK;derived=34.03;locationGapMs=1029;callbackGapMs=1029;fusion=GPS_IMU
LOCATION,1790456302638,29.6455500,52.5125533,55.000,true,1.84,42.319,source=fused:fused;speedReason=OK;derived=38.81;locationGapMs=1000;callbackGapMs=1000;fusion=GPS_IMU
LOCATION,1790456303640,29.6456000,52.5126917,63.000,true,1.88,42.290,source=fused:fused;speedReason=OK;derived=47.39;locationGapMs=997;callbackGapMs=997;fusion=GPS_IMU
LOCATION,1790456304675,29.6456467,52.5128183,67.000,true,1.88,42.494,source=fused:fused;speedReason=OK;derived=47.39;locationGapMs=1039;callbackGapMs=1039;fusion=GPS_IMU
LOCATION,1790456305636,29.6456900,52.5129533,68.000,true,1.82,42.826,source=fused:fused;speedReason=OK;derived=52.06;locationGapMs=963;callbackGapMs=963;fusion=GPS_IMU
LOCATION,1790456306638,29.6457333,52.5130900,69.000,true,1.77,43.180,source=fused:fused;speedReason=OK;derived=50.64;locationGapMs=1001;callbackGapMs=1001;fusion=GPS_IMU
LOCATION,1790456307642,29.6457750,52.5132283,71.000,true,1.62,43.482,source=fused:fused;speedReason=OK;derived=50.80;locationGapMs=1004;callbackGapMs=1004;fusion=GPS_IMU
LOCATION,1790456308644,29.6458117,52.5133717,74.000,true,1.58,43.659,source=fused:fused;speedReason=OK;derived=50.80;locationGapMs=997;callbackGapMs=997;fusion=GPS_IMU
LOCATION,1790456309638,29.6458467,52.5135233,76.000,true,1.58,43.860,source=fused:fused;speedReason=OK;derived=52.24;locationGapMs=994;callbackGapMs=994;fusion=GPS_IMU
LOCATION,1790456310701,29.6458783,52.5136783,75.000,true,1.57,44.105,source=fused:fused;speedReason=OK;derived=52.24;locationGapMs=1067;callbackGapMs=1067;fusion=GPS_IMU
LOCATION,1790456311636,29.6459133,52.5138383,75.000,true,1.58,44.346,source=fused:fused;speedReason=OK;derived=54.99;locationGapMs=937;callbackGapMs=937;fusion=GPS_IMU
LOCATION,1790456312632,29.6459450,52.5140000,75.000,true,1.60,44.660,source=fused:fused;speedReason=OK;derived=57.94;locationGapMs=997;callbackGapMs=997;fusion=GPS_IMU
LOCATION,1790456313643,29.6459833,52.5141617,74.000,true,1.64,44.931,source=fused:fused;speedReason=OK;derived=58.17;locationGapMs=1004;callbackGapMs=1004;fusion=GPS_IMU
LOCATION,1790456314648,29.6460200,52.5143233,75.000,true,1.65,45.296,source=fused:fused;speedReason=OK;derived=58.17;locationGapMs=1000;callbackGapMs=1000;fusion=GPS_IMU
LOCATION,1790456315637,29.6460550,52.5144817,74.000,true,1.66,45.785,source=fused:fused;speedReason=OK;derived=58.17;locationGapMs=1000;callbackGapMs=1000;fusion=GPS_IMU
LOCATION,1790456316698,29.6460867,52.5146400,76.000,true,1.65,46.074,source=fused:fused;speedReason=OK;derived=56.95;locationGapMs=1060;callbackGapMs=1060;fusion=GPS_IMU
LOCATION,1790456317642,29.6461167,52.5147950,77.000,true,1.64,46.332,source=fused:fused;speedReason=OK;derived=56.95;locationGapMs=944;callbackGapMs=944;fusion=GPS_IMU
LOCATION,1790456318629,29.6461483,52.5149500,75.000,true,1.65,46.582,source=fused:fused;speedReason=OK;derived=56.21;locationGapMs=987;callbackGapMs=987;fusion=GPS_IMU
LOCATION,1790456319640,29.6461783,52.5151050,76.000,true,1.64,46.817,source=fused:fused;speedReason=OK;derived=56.21;locationGapMs=1003;callbackGapMs=1003;fusion=GPS_IMU
LOCATION,1790456320638,29.6462083,52.5152600,76.000,true,1.63,47.046,source=fused:fused;speedReason=OK;derived=55.45;locationGapMs=998;callbackGapMs=998;fusion=GPS_IMU
LOCATION,1790456321634,29.6462400,52.5154150,77.000,true,1.64,47.237,source=fused:fused;speedReason=OK;derived=55.21;locationGapMs=1005;callbackGapMs=1005;fusion=GPS_IMU
LOCATION,1790456322709,29.6462683,52.5155650,76.000,true,1.65,47.414,source=fused:fused;speedReason=OK;derived=55.21;locationGapMs=1075;callbackGapMs=1075;fusion=GPS_IMU
LOCATION,1790456323640,29.6462950,52.5157167,78.000,true,1.66,47.560,source=fused:fused;speedReason=OK;derived=55.21;locationGapMs=931;callbackGapMs=931;fusion=GPS_IMU
LOCATION,1790456324628,29.6463200,52.5158733,79.000,true,1.67,47.781,source=fused:fused;speedReason=OK;derived=56.28;locationGapMs=986;callbackGapMs=986;fusion=GPS_IMU
LOCATION,1790456325650,29.6463450,52.5160317,81.000,true,1.67,47.930,source=fused:fused;speedReason=OK;derived=56.28;locationGapMs=1006;callbackGapMs=1006;fusion=GPS_IMU
LOCATION,1790456326637,29.6463617,52.5161883,86.000,true,1.70,48.096,source=fused:fused;speedReason=OK;derived=55.77;locationGapMs=1005;callbackGapMs=1005;fusion=GPS_IMU
LOCATION,1790456327630,29.6463700,52.5163433,87.000,true,1.70,48.281,source=fused:fused;speedReason=OK;derived=54.72;locationGapMs=991;callbackGapMs=991;fusion=GPS_IMU
LOCATION,1790456328649,29.6463767,52.5164967,90.000,true,1.70,48.404,source=fused:fused;speedReason=OK;derived=54.62;locationGapMs=1015;callbackGapMs=1015;fusion=GPS_IMU
LOCATION,1790456329693,29.6463633,52.5166483,95.000,true,1.72,48.522,source=fused:fused;speedReason=OK;derived=52.75;locationGapMs=1051;callbackGapMs=1051;fusion=GPS_IMU
LOCATION,1790456330608,29.6463383,52.5167983,100.000,true,1.72,48.657,source=fused:fused;speedReason=OK;derived=52.75;locationGapMs=913;callbackGapMs=913;fusion=GPS_IMU
LOCATION,1790456331650,29.6463050,52.5169433,106.000,true,1.72,48.735,source=fused:fused;speedReason=OK;derived=50.69;locationGapMs=1031;callbackGapMs=1031;fusion=GPS_IMU
LOCATION,1790456332630,29.6462650,52.5170783,108.000,true,1.72,48.810,source=fused:fused;speedReason=OK;derived=50.69;locationGapMs=991;callbackGapMs=991;fusion=GPS_IMU
LOCATION,1790456333624,29.6462267,52.5172050,111.000,true,1.72,48.795,source=fused:fused;speedReason=OK;derived=50.14;locationGapMs=995;callbackGapMs=995;fusion=GPS_IMU
LOCATION,1790456334635,29.6461817,52.5173183,115.000,true,1.70,48.481,source=fused:fused;speedReason=OK;derived=46.97;locationGapMs=1008;callbackGapMs=1008;fusion=GPS_IMU
LOCATION,1790456335634,29.6461367,52.5174283,116.000,true,1.66,48.197,source=fused:fused;speedReason=OK;derived=43.04;locationGapMs=1001;callbackGapMs=1001;fusion=GPS_IMU
LOCATION,1790456336628,29.6460933,52.5175383,116.000,true,1.65,47.860,source=fused:fused;speedReason=OK;derived=42.33;locationGapMs=994;callbackGapMs=994;fusion=GPS_IMU
LOCATION,1790456337647,29.6460450,52.5176467,113.000,true,1.62,47.542,source=fused:fused;speedReason=OK;derived=42.30;locationGapMs=1010;callbackGapMs=1010;fusion=GPS_IMU
LOCATION,1790456338936,29.6460083,52.5177633,106.000,true,1.58,47.252,source=fused:fused;speedReason=OK;derived=42.33;locationGapMs=995;callbackGapMs=995;fusion=GPS_IMU
LOCATION,1790456339642,29.6459767,52.5178817,104.000,true,1.56,47.068,source=fused:fused;speedReason=OK;derived=42.94;locationGapMs=1005;callbackGapMs=1005;fusion=GPS_IMU
LOCATION,1790456340689,29.6459450,52.5180067,105.000,true,1.57,46.950,source=fused:fused;speedReason=OK;derived=43.21;locationGapMs=1050;callbackGapMs=1050;fusion=GPS_IMU
LOCATION,1790456341635,29.6459067,52.5181367,106.000,true,1.57,46.938,source=fused:fused;speedReason=OK;derived=43.21;locationGapMs=947;callbackGapMs=947;fusion=GPS_IMU
LOCATION,1790456342627,29.6458667,52.5182700,109.000,true,1.58,46.950,source=fused:fused;speedReason=OK;derived=49.48;locationGapMs=993;callbackGapMs=993;fusion=GPS_IMU
LOCATION,1790456343934,29.6458217,52.5184117,109.000,true,1.58,47.045,source=fused:fused;speedReason=OK;derived=50.50;locationGapMs=1005;callbackGapMs=1005;fusion=GPS_IMU
LOCATION,1790456344630,29.6457767,52.5185500,109.000,true,1.60,47.196,source=fused:fused;speedReason=OK;derived=51.60;locationGapMs=997;callbackGapMs=997;fusion=GPS_IMU
LOCATION,1790456345629,29.6457333,52.5186917,108.000,true,1.62,47.308,source=fused:fused;speedReason=OK;derived=52.29;locationGapMs=1000;callbackGapMs=1000;fusion=GPS_IMU
LOCATION,1790456346699,29.6456883,52.5188383,110.000,true,1.62,47.572,source=fused:fused;speedReason=OK;derived=51.60;locationGapMs=1070;callbackGapMs=1070;fusion=GPS_IMU
LOCATION,1790456347624,29.6456433,52.5189783,111.000,true,1.60,47.828,source=fused:fused;speedReason=OK;derived=52.34;locationGapMs=926;callbackGapMs=926;fusion=GPS_IMU
LOCATION,1790456348649,29.6455967,52.5191200,111.000,true,1.60,47.975,source=fused:fused;speedReason=OK;derived=52.05;locationGapMs=1014;callbackGapMs=1014;fusion=GPS_IMU
LOCATION,1790456349631,29.6455467,52.5192600,115.000,true,1.60,48.173,source=fused:fused;speedReason=OK;derived=53.25;locationGapMs=990;callbackGapMs=990;fusion=GPS_IMU
LOCATION,1790456350644,29.6454883,52.5193933,120.000,true,1.60,48.349,source=fused:fused;speedReason=OK;derived=52.05;locationGapMs=1014;callbackGapMs=1014;fusion=GPS_IMU
LOCATION,1790456351637,29.6454183,52.5195133,126.000,true,1.58,48.441,source=fused:fused;speedReason=OK;derived=51.26;locationGapMs=993;callbackGapMs=993;fusion=GPS_IMU
LOCATION,1790456352633,29.6453383,52.5196267,132.000,true,1.58,48.509,source=fused:fused;speedReason=OK;derived=51.07;locationGapMs=995;callbackGapMs=995;fusion=GPS_IMU
LOCATION,1790456353638,29.6452450,52.5197300,139.000,true,1.58,48.599,source=fused:fused;speedReason=OK;derived=51.07;locationGapMs=1007;callbackGapMs=1007;fusion=GPS_IMU
LOCATION,1790456354628,29.6451400,52.5198217,145.000,true,1.58,48.680,source=fused:fused;speedReason=OK;derived=51.44;locationGapMs=984;callbackGapMs=984;fusion=GPS_IMU
LOCATION,1790456355636,29.6450217,52.5199017,152.000,true,1.58,48.755,source=fused:fused;speedReason=OK;derived=53.56;locationGapMs=1014;callbackGapMs=1014;fusion=GPS_IMU
LOCATION,1790456356642,29.6448983,52.5199617,159.000,true,1.60,48.823,source=fused:fused;speedReason=OK;derived=53.56;locationGapMs=1004;callbackGapMs=1004;fusion=GPS_IMU
LOCATION,1790456357705,29.6447683,52.5200050,166.000,true,1.64,48.934,source=fused:fused;speedReason=OK;derived=53.29;locationGapMs=1064;callbackGapMs=1064;fusion=GPS_IMU
LOCATION,1790456358635,29.6446333,52.5200300,173.000,true,1.66,49.080,source=fused:fused;speedReason=OK;derived=53.29;locationGapMs=932;callbackGapMs=932;fusion=GPS_IMU
LOCATION,1790456359642,29.6444950,52.5200367,181.000,true,1.66,49.221,source=fused:fused;speedReason=OK;derived=55.35;locationGapMs=998;callbackGapMs=998;fusion=GPS_IMU
LOCATION,1790456360634,29.6443617,52.5200300,186.000,true,1.66,49.312,source=fused:fused;speedReason=OK;derived=55.35;locationGapMs=1000;callbackGapMs=1000;fusion=GPS_IMU
LOCATION,1790456361641,29.6442250,52.5200017,190.000,true,1.67,49.428,source=fused:fused;speedReason=OK;derived=55.32;locationGapMs=1002;callbackGapMs=1002;fusion=GPS_IMU
LOCATION,1790456362629,29.6440900,52.5199667,192.000,true,1.65,49.569,source=fused:fused;speedReason=OK;derived=55.32;locationGapMs=991;callbackGapMs=991;fusion=GPS_IMU
LOCATION,1790456363686,29.6439550,52.5199317,192.000,true,1.63,49.730,source=fused:fused;speedReason=OK;derived=55.32;locationGapMs=1059;callbackGapMs=1059;fusion=GPS_IMU
LOCATION,1790456364642,29.6438200,52.5198983,190.000,true,1.62,49.962,source=fused:fused;speedReason=OK;derived=55.74;locationGapMs=951;callbackGapMs=951;fusion=GPS_IMU
LOCATION,1790456365634,29.6436817,52.5198750,188.000,true,1.62,50.151,source=fused:fused;speedReason=OK;derived=56.01;locationGapMs=996;callbackGapMs=996;fusion=GPS_IMU
LOCATION,1790456366641,29.6435450,52.5198567,183.000,true,1.60,50.335,source=fused:fused;speedReason=OK;derived=56.01;locationGapMs=1008;callbackGapMs=1008;fusion=GPS_IMU
LOCATION,1790456367634,29.6434050,52.5198483,180.000,true,1.60,50.598,source=fused:fused;speedReason=OK;derived=56.01;locationGapMs=990;callbackGapMs=990;fusion=GPS_IMU
LOCATION,1790456368638,29.6432667,52.5198517,176.000,true,1.58,50.912,source=fused:fused;speedReason=OK;derived=54.93;locationGapMs=1005;callbackGapMs=1005;fusion=GPS_IMU
LOCATION,1790456369723,29.6431267,52.5198700,171.000,true,1.56,51.208,source=fused:fused;speedReason=OK;derived=54.93;locationGapMs=1078;callbackGapMs=1078;fusion=GPS_IMU
LOCATION,1790456370637,29.6429917,52.5198983,166.000,true,1.55,51.367,source=fused:fused;speedReason=OK;derived=54.93;locationGapMs=923;callbackGapMs=923;fusion=GPS_IMU
LOCATION,1790456371634,29.6428533,52.5199450,161.000,true,1.53,51.586,source=fused:fused;speedReason=OK;derived=57.75;locationGapMs=997;callbackGapMs=997;fusion=GPS_IMU
LOCATION,1790456372632,29.6427217,52.5200033,156.000,true,1.52,51.767,source=fused:fused;speedReason=OK;derived=57.75;locationGapMs=997;callbackGapMs=997;fusion=GPS_IMU
LOCATION,1790456373641,29.6425933,52.5200767,151.000,true,1.50,51.943,source=fused:fused;speedReason=OK;derived=56.82;locationGapMs=1008;callbackGapMs=1008;fusion=GPS_IMU
LOCATION,1790456374650,29.6424717,52.5201600,148.000,true,1.50,52.238,source=fused:fused;speedReason=OK;derived=56.48;locationGapMs=1009;callbackGapMs=1009;fusion=GPS_IMU
LOCATION,1790456375708,29.6423600,52.5202417,145.000,true,1.50,52.324,source=fused:fused;speedReason=OK;derived=56.04;locationGapMs=1051;callbackGapMs=1051;fusion=GPS_IMU
LOCATION,1790456376637,29.6422667,52.5203217,139.000,true,1.50,52.276,source=fused:fused;speedReason=OK;derived=50.33;locationGapMs=937;callbackGapMs=937;fusion=GPS_IMU
LOCATION,1790456377643,29.6421883,52.5204033,138.000,true,1.52,52.024,source=fused:fused;speedReason=OK;derived=49.64;locationGapMs=1006;callbackGapMs=1006;fusion=GPS_IMU
LOCATION,1790456378639,29.6421100,52.5204850,136.000,true,1.53,51.479,source=fused:fused;speedReason=OK;derived=42.45;locationGapMs=996;callbackGapMs=996;fusion=GPS_IMU
LOCATION,1790456379638,29.6420317,52.5205700,136.000,true,1.55,51.028,source=fused:fused;speedReason=OK;derived=42.45;locationGapMs=1000;callbackGapMs=1000;fusion=GPS_IMU
LOCATION,1790456380635,29.6419533,52.5206567,136.000,true,1.57,50.669,source=fused:fused;speedReason=OK;derived=43.06;locationGapMs=997;callbackGapMs=997;fusion=GPS_IMU
LOCATION,1790456381713,29.6418700,52.5207500,135.000,true,1.58,50.328,source=fused:fused;speedReason=OK;derived=43.46;locationGapMs=1070;callbackGapMs=1070;fusion=GPS_IMU
LOCATION,1790456382634,29.6417817,52.5208550,133.000,true,1.60,50.202,source=fused:fused;speedReason=OK;derived=43.63;locationGapMs=928;callbackGapMs=928;fusion=GPS_IMU
LOCATION,1790456383620,29.6416900,52.5209683,134.000,true,1.60,50.276,source=fused:fused;speedReason=OK;derived=54.61;locationGapMs=986;callbackGapMs=986;fusion=GPS_IMU
LOCATION,1790456384634,29.6415917,52.5210833,134.000,true,1.60,50.472,source=fused:fused;speedReason=OK;derived=54.75;locationGapMs=1014;callbackGapMs=1014;fusion=GPS_IMU
LOCATION,1790456385636,29.6414900,52.5212000,134.000,true,1.60,50.681,source=fused:fused;speedReason=OK;derived=55.31;locationGapMs=1001;callbackGapMs=1001;fusion=GPS_IMU
LOCATION,1790456386638,29.6413900,52.5213100,136.000,true,1.60,50.922,source=fused:fused;speedReason=OK;derived=55.31;locationGapMs=1004;callbackGapMs=1004;fusion=GPS_IMU
LOCATION,1790456387722,29.6412950,52.5214133,136.000,true,1.60,51.017,source=fused:fused;speedReason=OK;derived=55.12;locationGapMs=1070;callbackGapMs=1070;fusion=GPS_IMU
LOCATION,1790456388636,29.6412033,52.5215100,139.000,true,1.60,50.968,source=fused:fused;speedReason=OK;derived=53.84;locationGapMs=924;callbackGapMs=924;fusion=GPS_IMU
LOCATION,1790456389630,29.6411083,52.5216050,140.000,true,1.60,50.928,source=fused:fused;speedReason=OK;derived=50.44;locationGapMs=998;callbackGapMs=998;fusion=GPS_IMU
LOCATION,1790456390648,29.6410133,52.5217033,136.000,true,1.60,50.914,source=fused:fused;speedReason=OK;derived=50.45;locationGapMs=1013;callbackGapMs=1013;fusion=GPS_IMU
LOCATION,1790456391634,29.6409283,52.5218050,131.000,true,1.60,50.902,source=fused:fused;speedReason=OK;derived=50.44;locationGapMs=991;callbackGapMs=991;fusion=GPS_IMU
LOCATION,1790456392633,29.6408450,52.5219183,129.000,true,1.60,50.921,source=fused:fused;speedReason=OK;derived=50.45;locationGapMs=997;callbackGapMs=997;fusion=GPS_IMU
LOCATION,1790456393724,29.6407633,52.5220300,131.000,true,1.60,50.942,source=fused:fused;speedReason=OK;derived=49.51;locationGapMs=1080;callbackGapMs=1080;fusion=GPS_IMU
LOCATION,1790456394655,29.6406750,52.5221383,133.000,true,1.60,50.959,source=fused:fused;speedReason=OK;derived=51.78;locationGapMs=945;callbackGapMs=945;fusion=GPS_IMU
LOCATION,1790456395635,29.6405833,52.5222517,134.000,true,1.60,50.984,source=fused:fused;speedReason=OK;derived=54.65;locationGapMs=978;callbackGapMs=978;fusion=GPS_IMU
LOCATION,1790456396638,29.6404933,52.5223583,134.000,true,1.60,51.035,source=fused:fused;speedReason=OK;derived=54.65;locationGapMs=1002;callbackGapMs=1002;fusion=GPS_IMU
LOCATION,1790456397624,29.6404050,52.5224633,134.000,true,1.62,51.059,source=fused:fused;speedReason=OK;derived=51.58;locationGapMs=986;callbackGapMs=986;fusion=GPS_IMU
LOCATION,1790456398637,29.6403200,52.5225683,134.000,true,1.63,51.095,source=fused:fused;speedReason=OK;derived=51.53;locationGapMs=1013;callbackGapMs=1013;fusion=GPS_IMU
LOCATION,1790456399653,29.6402333,52.5226700,135.000,true,1.66,51.079,source=fused:fused;speedReason=OK;derived=49.26;locationGapMs=1011;callbackGapMs=1011;fusion=GPS_IMU
LOCATION,1790456400649,29.6401450,52.5227700,135.000,true,1.68,50.969,source=fused:fused;speedReason=OK;derived=49.26;locationGapMs=999;callbackGapMs=999;fusion=GPS_IMU
LOCATION,1790456401640,29.6400583,52.5228683,134.000,true,1.68,50.874,source=fused:fused;speedReason=OK;derived=49.04;locationGapMs=993;callbackGapMs=993;fusion=GPS_IMU
LOCATION,1790456402635,29.6399717,52.5229667,134.000,true,1.66,50.780,source=fused:fused;speedReason=OK;derived=49.04;locationGapMs=998;callbackGapMs=998;fusion=GPS_IMU
LOCATION,1790456403642,29.6398850,52.5230717,134.000,true,1.62,50.690,source=fused:fused;speedReason=OK;derived=49.04;locationGapMs=1005;callbackGapMs=1005;fusion=GPS_IMU
LOCATION,1790456404638,29.6397950,52.5231717,135.000,true,1.62,50.618,source=fused:fused;speedReason=OK;derived=50.12;locationGapMs=996;callbackGapMs=996;fusion=GPS_IMU
LOCATION,1790456405716,29.6397067,52.5232750,135.000,true,1.60,50.529,source=fused:fused;speedReason=OK;derived=50.12;locationGapMs=1070;callbackGapMs=1070;fusion=GPS_IMU
LOCATION,1790456406631,29.6396167,52.5233767,134.000,true,1.57,50.457,source=fused:fused;speedReason=OK;derived=50.25;locationGapMs=924;callbackGapMs=924;fusion=GPS_IMU
LOCATION,1790456407636,29.6395317,52.5234767,134.000,true,1.55,50.389,source=fused:fused;speedReason=OK;derived=48.35;locationGapMs=1006;callbackGapMs=1006;fusion=GPS_IMU
LOCATION,1790456408635,29.6394517,52.5235683,134.000,true,1.53,50.221,source=fused:fused;speedReason=OK;derived=48.35;locationGapMs=995;callbackGapMs=995;fusion=GPS_IMU
LOCATION,1790456409634,29.6393783,52.5236533,135.000,true,1.53,49.767,source=fused:fused;speedReason=OK;derived=45.38;locationGapMs=1001;callbackGapMs=1001;fusion=GPS_IMU
LOCATION,1790456410611,29.6393083,52.5237317,135.000,true,1.52,49.280,source=fused:fused;speedReason=OK;derived=41.62;locationGapMs=977;callbackGapMs=977;fusion=GPS_IMU
LOCATION,1790456411717,29.6392467,52.5237983,137.000,true,1.50,48.624,source=fused:fused;speedReason=OK;derived=40.00;locationGapMs=1091;callbackGapMs=1091;fusion=GPS_IMU
LOCATION,1790456412635,29.6391900,52.5238550,140.000,true,1.50,47.449,source=fused:fused;speedReason=OK;derived=32.20;locationGapMs=933;callbackGapMs=933;fusion=GPS_IMU
LOCATION,1790456413634,29.6391350,52.5239067,141.000,true,1.50,46.417,source=fused:fused;speedReason=OK;derived=30.99;locationGapMs=997;callbackGapMs=997;fusion=GPS_IMU
LOCATION,1790456414641,29.6390800,52.5239567,141.000,true,1.50,45.440,source=fused:fused;speedReason=OK;derived=28.48;locationGapMs=1008;callbackGapMs=1008;fusion=GPS_IMU
LOCATION,1790456415639,29.6390300,52.5240100,132.000,true,1.50,44.775,source=fused:fused;speedReason=OK;derived=27.80;locationGapMs=999;callbackGapMs=999;fusion=GPS_IMU
LOCATION,1790456416642,29.6389917,52.5240717,120.000,true,1.50,44.179,source=fused:fused;speedReason=OK;derived=27.29;locationGapMs=1002;callbackGapMs=1002;fusion=GPS_IMU
LOCATION,1790456417706,29.6389683,52.5241333,109.000,true,1.50,43.263,source=fused:fused;speedReason=OK;derived=26.33;locationGapMs=1056;callbackGapMs=1056;fusion=GPS_IMU
LOCATION,1790456418619,29.6389500,52.5241883,107.000,true,1.50,42.260,source=fused:fused;speedReason=OK;derived=22.20;locationGapMs=924;callbackGapMs=924;fusion=GPS_IMU
LOCATION,1790456419638,29.6389333,52.5242350,113.000,true,1.50,41.308,source=fused:fused;speedReason=OK;derived=22.17;locationGapMs=1017;callbackGapMs=1017;fusion=GPS_IMU
LOCATION,1790456420630,29.6389117,52.5242767,125.000,true,1.50,40.628,source=fused:fused;speedReason=OK;derived=17.30;locationGapMs=992;callbackGapMs=992;fusion=GPS_IMU
LOCATION,1790456421631,29.6388833,52.5243133,134.000,true,1.50,39.529,source=fused:fused;speedReason=OK;derived=17.07;locationGapMs=1000;callbackGapMs=1000;fusion=GPS_IMU
LOCATION,1790456422639,29.6388533,52.5243417,137.000,true,1.50,37.868,source=fused:fused;speedReason=OK;derived=17.04;locationGapMs=1007;callbackGapMs=1007;fusion=GPS_IMU
LOCATION,1790456423707,29.6388267,52.5243717,137.000,true,1.50,36.324,source=fused:fused;speedReason=OK;derived=15.43;locationGapMs=1055;callbackGapMs=1055;fusion=GPS_IMU
LOCATION,1790456424646,29.6388033,52.5243967,136.000,true,1.50,35.282,source=fused:fused;speedReason=OK;derived=14.12;locationGapMs=953;callbackGapMs=953;fusion=GPS_IMU
LOCATION,1790456425637,29.6387817,52.5244233,133.000,true,1.50,34.406,source=fused:fused;speedReason=OK;derived=13.40;locationGapMs=991;callbackGapMs=991;fusion=GPS_IMU
LOCATION,1790456426637,29.6387600,52.5244467,132.000,true,1.50,33.683,source=fused:fused;speedReason=OK;derived=12.78;locationGapMs=999;callbackGapMs=999;fusion=GPS_IMU
LOCATION,1790456427640,29.6387400,52.5244683,140.000,true,1.50,32.581,source=fused:fused;speedReason=OK;derived=11.91;locationGapMs=1005;callbackGapMs=1005;fusion=GPS_IMU
LOCATION,1790456428623,29.6387183,52.5244867,150.000,true,1.50,31.532,source=fused:fused;speedReason=OK;derived=10.98;locationGapMs=981;callbackGapMs=981;fusion=GPS_IMU
LOCATION,1790456429655,29.6386883,52.5245000,156.000,true,1.50,30.937,source=fused:fused;speedReason=OK;derived=10.98;locationGapMs=1023;callbackGapMs=1023;fusion=GPS_IMU
LOCATION,1790456430631,29.6386550,52.5245083,162.000,true,1.52,30.253,source=fused:fused;speedReason=OK;derived=12.55;locationGapMs=988;callbackGapMs=988;fusion=GPS_IMU
LOCATION,1790456431644,29.6386217,52.5245233,158.000,true,1.54,29.501,source=fused:fused;speedReason=OK;derived=13.76;locationGapMs=1009;callbackGapMs=1009;fusion=GPS_IMU
LOCATION,1790456432639,29.6385867,52.5245450,142.000,true,1.53,28.806,source=fused:fused;speedReason=OK;derived=14.15;locationGapMs=996;callbackGapMs=996;fusion=GPS_IMU
LOCATION,1790456433642,29.6385517,52.5245767,137.000,true,1.54,27.970,source=fused:fused;speedReason=OK;derived=15.95;locationGapMs=1001;callbackGapMs=1001;fusion=GPS_IMU
LOCATION,1790456434710,29.6385150,52.5246133,140.000,true,1.53,27.578,source=fused:fused;speedReason=OK;derived=17.79;locationGapMs=1061;callbackGapMs=1061;fusion=GPS_IMU
LOCATION,1790456435638,29.6384700,52.5246517,145.000,true,1.52,27.315,source=fused:fused;speedReason=OK;derived=18.31;locationGapMs=938;callbackGapMs=938;fusion=GPS_IMU
LOCATION,1790456436647,29.6384167,52.5246900,149.000,true,1.50,27.225,source=fused:fused;speedReason=OK;derived=23.88;locationGapMs=1010;callbackGapMs=1010;fusion=GPS_IMU
LOCATION,1790456437623,29.6383600,52.5247200,155.000,true,1.50,27.145,source=fused:fused;speedReason=OK;derived=24.86;locationGapMs=978;callbackGapMs=978;fusion=GPS_IMU
LOCATION,1790456438638,29.6383017,52.5247417,164.000,true,1.52,27.080,source=fused:fused;speedReason=OK;derived=24.86;locationGapMs=1012;callbackGapMs=1012;fusion=GPS_IMU
LOCATION,1790456439648,29.6382417,52.5247467,176.000,true,1.54,26.987,source=fused:fused;speedReason=OK;derived=24.17;locationGapMs=1000;callbackGapMs=1000;fusion=GPS_IMU
LOCATION,1790456440711,29.6381783,52.5247433,186.000,true,1.53,26.897,source=fused:fused;speedReason=OK;derived=24.01;locationGapMs=1066;callbackGapMs=1066;fusion=GPS_IMU
LOCATION,1790456441630,29.6381150,52.5247283,192.000,true,1.53,26.867,source=fused:fused;speedReason=OK;derived=24.01;locationGapMs=928;callbackGapMs=928;fusion=GPS_IMU
LOCATION,1790456442644,29.6380467,52.5247000,203.000,true,1.56,26.856,source=fused:fused;speedReason=OK;derived=27.80;locationGapMs=1014;callbackGapMs=1014;fusion=GPS_IMU
LOCATION,1790456443638,29.6379750,52.5246550,208.000,true,1.58,26.900,source=fused:fused;speedReason=OK;derived=28.59;locationGapMs=993;callbackGapMs=993;fusion=GPS_IMU
LOCATION,1790456444634,29.6379000,52.5245767,220.000,true,1.60,27.039,source=fused:fused;speedReason=OK;derived=32.86;locationGapMs=996;callbackGapMs=996;fusion=GPS_IMU
LOCATION,1790456445646,29.6378200,52.5244833,223.000,true,1.64,27.795,source=fused:fused;speedReason=OK;derived=40.67;locationGapMs=1002;callbackGapMs=1002;fusion=GPS_IMU
LOCATION,1790456446726,29.6377433,52.5243950,223.000,true,1.66,28.802,source=fused:fused;speedReason=OK;derived=40.67;locationGapMs=1076;callbackGapMs=1076;fusion=GPS_IMU
LOCATION,1790456447646,29.6376683,52.5243133,220.000,true,1.65,29.416,source=fused:fused;speedReason=OK;derived=44.42;locationGapMs=930;callbackGapMs=930;fusion=GPS_IMU
LOCATION,1790456448647,29.6375933,52.5242367,219.000,true,1.64,30.061,source=fused:fused;speedReason=OK;derived=40.34;locationGapMs=1000;callbackGapMs=1000;fusion=GPS_IMU
LOCATION,1790456449645,29.6375167,52.5241600,219.000,true,1.60,30.471,source=fused:fused;speedReason=OK;derived=40.69;locationGapMs=998;callbackGapMs=998;fusion=GPS_IMU
LOCATION,1790456450636,29.6374417,52.5240900,216.000,true,1.60,30.775,source=fused:fused;speedReason=OK;derived=40.11;locationGapMs=996;callbackGapMs=996;fusion=GPS_IMU
LOCATION,1790456451651,29.6373683,52.5240233,217.000,true,1.58,30.982,source=fused:fused;speedReason=OK;derived=38.77;locationGapMs=1007;callbackGapMs=1007;fusion=GPS_IMU
LOCATION,1790456452710,29.6373000,52.5239567,218.000,true,1.58,31.171,source=fused:fused;speedReason=OK;derived=37.14;locationGapMs=1055;callbackGapMs=1055;fusion=GPS_IMU
LOCATION,1790456453635,29.6372333,52.5238933,219.000,true,1.58,31.352,source=fused:fused;speedReason=OK;derived=36.92;locationGapMs=937;callbackGapMs=937;fusion=GPS_IMU
LOCATION,1790456454628,29.6371700,52.5238350,219.000,true,1.58,31.419,source=fused:fused;speedReason=OK;derived=33.94;locationGapMs=993;callbackGapMs=993;fusion=GPS_IMU
LOCATION,1790456455644,29.6371050,52.5237733,219.000,true,1.60,31.496,source=fused:fused;speedReason=OK;derived=33.40;locationGapMs=1009;callbackGapMs=1009;fusion=GPS_IMU
LOCATION,1790456456633,29.6370333,52.5237100,219.000,true,1.60,31.663,source=fused:fused;speedReason=OK;derived=33.40;locationGapMs=994;callbackGapMs=994;fusion=GPS_IMU
LOCATION,1790456457639,29.6369633,52.5236400,220.000,true,1.60,31.956,source=fused:fused;speedReason=OK;derived=36.35;locationGapMs=999;callbackGapMs=999;fusion=GPS_IMU
LOCATION,1790456458711,29.6368883,52.5235683,219.000,true,1.60,32.208,source=fused:fused;speedReason=OK;derived=36.51;locationGapMs=1068;callbackGapMs=1068;fusion=GPS_IMU
LOCATION,1790456459634,29.6368150,52.5234983,219.000,true,1.60,32.443,source=fused:fused;speedReason=OK;derived=37.13;locationGapMs=937;callbackGapMs=937;fusion=GPS_IMU
LOCATION,1790456460647,29.6367417,52.5234300,217.000,true,1.60,32.670,source=fused:fused;speedReason=OK;derived=37.49;locationGapMs=1006;callbackGapMs=1006;fusion=GPS_IMU
LOCATION,1790456461632,29.6366617,52.5233567,218.000,true,1.58,32.988,source=fused:fused;speedReason=OK;derived=40.65;locationGapMs=990;callbackGapMs=990;fusion=GPS_IMU
LOCATION,1790456462627,29.6365800,52.5232800,217.000,true,1.56,33.316,source=fused:fused;speedReason=OK;derived=41.30;locationGapMs=996;callbackGapMs=996;fusion=GPS_IMU
LOCATION,1790456463642,29.6364967,52.5232083,215.000,true,1.54,33.835,source=fused:fused;speedReason=OK;derived=41.42;locationGapMs=1004;callbackGapMs=1004;fusion=GPS_IMU
LOCATION,1790456464717,29.6364050,52.5231333,213.000,true,1.52,34.329,source=fused:fused;speedReason=OK;derived=41.76;locationGapMs=1077;callbackGapMs=1077;fusion=GPS_IMU
LOCATION,1790456465633,29.6363067,52.5230583,212.000,true,1.52,34.875,source=fused:fused;speedReason=OK;derived=41.76;locationGapMs=924;callbackGapMs=924;fusion=GPS_IMU
LOCATION,1790456466642,29.6362017,52.5229767,213.000,true,1.50,35.517,source=fused:fused;speedReason=OK;derived=50.44;locationGapMs=1004;callbackGapMs=1004;fusion=GPS_IMU
LOCATION,1790456467637,29.6360917,52.5228933,212.000,true,1.50,36.435,source=fused:fused;speedReason=OK;derived=51.02;locationGapMs=1000;callbackGapMs=1000;fusion=GPS_IMU
LOCATION,1790456468643,29.6359767,52.5228100,211.000,true,1.50,37.284,source=fused:fused;speedReason=OK;derived=52.65;locationGapMs=1000;callbackGapMs=1000;fusion=GPS_IMU
LOCATION,1790456469632,29.6358600,52.5227300,210.000,true,1.50,38.328,source=fused:fused;speedReason=OK;derived=54.31;locationGapMs=995;callbackGapMs=995;fusion=GPS_IMU
LOCATION,1790456470713,29.6357433,52.5226533,209.000,true,1.50,39.311,source=fused:fused;speedReason=OK;derived=54.31;locationGapMs=1068;callbackGapMs=1068;fusion=GPS_IMU
LOCATION,1790456471645,29.6356250,52.5225767,210.000,true,1.48,40.285,source=fused:fused;speedReason=OK;derived=54.55;locationGapMs=941;callbackGapMs=941;fusion=GPS_IMU
LOCATION,1790456472635,29.6355033,52.5224967,209.000,true,1.46,41.426,source=fused:fused;speedReason=OK;derived=56.51;locationGapMs=991;callbackGapMs=991;fusion=GPS_IMU
LOCATION,1790456473651,29.6353817,52.5224167,210.000,true,1.44,42.487,source=fused:fused;speedReason=OK;derived=56.51;locationGapMs=1011;callbackGapMs=1011;fusion=GPS_IMU
LOCATION,1790456474633,29.6352600,52.5223317,210.000,true,1.42,43.507,source=fused:fused;speedReason=OK;derived=56.51;locationGapMs=991;callbackGapMs=991;fusion=GPS_IMU
LOCATION,1790456475632,29.6351367,52.5222467,211.000,true,1.42,44.042,source=fused:fused;speedReason=OK;derived=57.41;locationGapMs=995;callbackGapMs=995;fusion=GPS_IMU
LOCATION,1790456476720,29.6350133,52.5221600,211.000,true,1.40,44.829,source=fused:fused;speedReason=OK;derived=57.41;locationGapMs=1074;callbackGapMs=1074;fusion=GPS_IMU
LOCATION,1790456477652,29.6348917,52.5220733,212.000,true,1.40,45.571,source=fused:fused;speedReason=OK;derived=57.73;locationGapMs=943;callbackGapMs=943;fusion=GPS_IMU
LOCATION,1790456478931,29.6347750,52.5219817,216.000,true,1.40,46.145,source=fused:fused;speedReason=OK;derived=56.69;locationGapMs=996;callbackGapMs=996;fusion=GPS_IMU
LOCATION,1790456479644,29.6346567,52.5218750,219.000,true,1.42,46.474,source=fused:fused;speedReason=OK;derived=60.40;locationGapMs=995;callbackGapMs=995;fusion=GPS_IMU
LOCATION,1790456480631,29.6345433,52.5217583,222.000,true,1.44,46.908,source=fused:fused;speedReason=OK;derived=60.40;locationGapMs=994;callbackGapMs=994;fusion=GPS_IMU
LOCATION,1790456481634,29.6344300,52.5216267,227.000,true,1.47,47.262,source=fused:fused;speedReason=OK;derived=61.22;locationGapMs=1004;callbackGapMs=1004;fusion=GPS_IMU
LOCATION,1790456482620,29.6343217,52.5214900,228.000,true,1.52,47.361,source=fused:fused;speedReason=OK;derived=64.16;locationGapMs=974;callbackGapMs=974;fusion=GPS_IMU
LOCATION,1790456483644,29.6342167,52.5213500,230.000,true,1.63,47.425,source=fused:fused;speedReason=OK;derived=64.16;locationGapMs=1029;callbackGapMs=1029;fusion=GPS_IMU
LOCATION,1790456484646,29.6341467,52.5212017,235.000,true,1.80,47.502,source=fused:fused;speedReason=OK;derived=62.51;locationGapMs=1000;callbackGapMs=1000;fusion=GPS_IMU
LOCATION,1790456485635,29.6340767,52.5210383,239.000,true,1.90,47.840,source=fused:fused;speedReason=OK;derived=62.51;locationGapMs=997;callbackGapMs=997;fusion=GPS_IMU
LOCATION,1790456486639,29.6340167,52.5208767,246.000,true,1.96,48.061,source=fused:fused;speedReason=OK;derived=60.97;locationGapMs=1004;callbackGapMs=1004;fusion=GPS_IMU
LOCATION,1790456487652,29.6339583,52.5207167,248.000,true,2.04,48.109,source=fused:fused;speedReason=OK;derived=60.97;locationGapMs=1000;callbackGapMs=1000;fusion=GPS_IMU
LOCATION,1790456488691,29.6339050,52.5205600,248.000,true,2.12,48.133,source=fused:fused;speedReason=OK;derived=60.45;locationGapMs=1050;callbackGapMs=1050;fusion=GPS_IMU
LOCATION,1790456489631,29.6338667,52.5203967,251.000,true,2.25,48.157,source=fused:fused;speedReason=OK;derived=60.45;locationGapMs=943;callbackGapMs=943;fusion=GPS_IMU
LOCATION,1790456490645,29.6338533,52.5202250,260.000,true,2.34,48.249,source=fused:fused;speedReason=OK;derived=59.92;locationGapMs=1003;callbackGapMs=1003;fusion=GPS_IMU
LOCATION,1790456491623,29.6338483,52.5200683,268.000,true,2.30,48.423,source=fused:fused;speedReason=OK;derived=59.92;locationGapMs=989;callbackGapMs=989;fusion=GPS_IMU
LOCATION,1790456492656,29.6338633,52.5199150,275.000,true,2.34,48.534,source=fused:fused;speedReason=OK;derived=55.27;locationGapMs=1018;callbackGapMs=1018;fusion=GPS_IMU
LOCATION,1790456493635,29.6338917,52.5197633,278.000,true,2.20,48.663,source=fused:fused;speedReason=OK;derived=54.52;locationGapMs=992;callbackGapMs=992;fusion=GPS_IMU
LOCATION,1790456494712,29.6339100,52.5196167,278.000,true,1.96,48.799,source=fused:fused;speedReason=OK;derived=52.83;locationGapMs=1073;callbackGapMs=1073;fusion=GPS_IMU
LOCATION,1790456495653,29.6339300,52.5194667,278.000,true,1.84,48.932,source=fused:fused;speedReason=OK;derived=54.52;locationGapMs=935;callbackGapMs=935;fusion=GPS_IMU
LOCATION,1790456496652,29.6339450,52.5193117,276.000,true,1.76,49.122,source=fused:fused;speedReason=OK;derived=53.83;locationGapMs=1010;callbackGapMs=1010;fusion=GPS_IMU
LOCATION,1790456497644,29.6339550,52.5191483,274.000,true,1.73,49.292,source=fused:fused;speedReason=OK;derived=56.58;locationGapMs=988;callbackGapMs=988;fusion=GPS_IMU
LOCATION,1790456498651,29.6339667,52.5189817,274.000,true,1.66,49.490,source=fused:fused;speedReason=OK;derived=57.80;locationGapMs=1000;callbackGapMs=1000;fusion=GPS_IMU
LOCATION,1790456499652,29.6339800,52.5188200,274.000,true,1.63,49.685,source=fused:fused;speedReason=OK;derived=57.80;locationGapMs=1011;callbackGapMs=1011;fusion=GPS_IMU
LOCATION,1790456500714,29.6339917,52.5186583,274.000,true,1.60,49.843,source=fused:fused;speedReason=OK;derived=56.00;locationGapMs=1052;callbackGapMs=1052;fusion=GPS_IMU
LOCATION,1790456501631,29.6340067,52.5184983,275.000,true,1.57,50.187,source=fused:fused;speedReason=OK;derived=56.00;locationGapMs=929;callbackGapMs=929;fusion=GPS_IMU
LOCATION,1790456502639,29.6340217,52.5183383,275.000,true,1.52,50.512,source=fused:fused;speedReason=OK;derived=55.60;locationGapMs=1009;callbackGapMs=1009;fusion=GPS_IMU
LOCATION,1790456503609,29.6340350,52.5181800,274.000,true,1.52,50.812,source=fused:fused;speedReason=OK;derived=57.10;locationGapMs=971;callbackGapMs=971;fusion=GPS_IMU
LOCATION,1790456504648,29.6340500,52.5180200,273.000,true,1.50,51.095,source=fused:fused;speedReason=OK;derived=55.60;locationGapMs=1024;callbackGapMs=1024;fusion=GPS_IMU
LOCATION,1790456505635,29.6340600,52.5178600,272.000,true,1.50,51.344,source=fused:fused;speedReason=OK;derived=55.87;locationGapMs=1001;callbackGapMs=1001;fusion=GPS_IMU
LOCATION,1790456506701,29.6340700,52.5177017,273.000,true,1.50,51.566,source=fused:fused;speedReason=OK;derived=54.78;locationGapMs=1055;callbackGapMs=1055;fusion=GPS_IMU
LOCATION,1790456507641,29.6340817,52.5175467,274.000,true,1.50,51.704,source=fused:fused;speedReason=OK;derived=55.87;locationGapMs=947;callbackGapMs=947;fusion=GPS_IMU
LOCATION,1790456508636,29.6340933,52.5173917,274.000,true,1.50,51.864,source=fused:fused;speedReason=OK;derived=54.34;locationGapMs=998;callbackGapMs=998;fusion=GPS_IMU
LOCATION,1790456509647,29.6341067,52.5172333,274.000,true,1.50,52.042,source=fused:fused;speedReason=OK;derived=55.37;locationGapMs=1002;callbackGapMs=1002;fusion=GPS_IMU
LOCATION,1790456510637,29.6341167,52.5170717,274.000,true,1.50,52.224,source=fused:fused;speedReason=OK;derived=55.37;locationGapMs=999;callbackGapMs=999;fusion=GPS_IMU
LOCATION,1790456511632,29.6341317,52.5169067,275.000,true,1.50,52.460,source=fused:fused;speedReason=OK;derived=56.53;locationGapMs=995;callbackGapMs=995;fusion=GPS_IMU
LOCATION,1790456512700,29.6341467,52.5167383,275.000,true,1.50,52.773,source=fused:fused;speedReason=OK;derived=56.53;locationGapMs=1058;callbackGapMs=1058;fusion=GPS_IMU
LOCATION,1790456513643,29.6341633,52.5165617,276.000,true,1.50,53.118,source=fused:fused;speedReason=OK;derived=58.12;locationGapMs=951;callbackGapMs=951;fusion=GPS_IMU
LOCATION,1790456514624,29.6341817,52.5163783,276.000,true,1.50,53.762,source=fused:fused;speedReason=OK;derived=65.11;locationGapMs=981;callbackGapMs=981;fusion=GPS_IMU
LOCATION,1790456515613,29.6342000,52.5161917,277.000,true,1.50,54.437,source=fused:fused;speedReason=OK;derived=65.60;locationGapMs=988;callbackGapMs=988;fusion=GPS_IMU
LOCATION,1790456516628,29.6342217,52.5160083,277.000,true,1.50,54.958,source=fused:fused;speedReason=OK;derived=65.60;locationGapMs=1017;callbackGapMs=1017;fusion=GPS_IMU
LOCATION,1790456517634,29.6342433,52.5158283,277.000,true,1.50,55.317,source=fused:fused;speedReason=OK;derived=63.44;locationGapMs=1007;callbackGapMs=1007;fusion=GPS_IMU
LOCATION,1790456518714,29.6342683,52.5156567,279.000,true,1.50,55.610,source=fused:fused;speedReason=OK;derived=62.90;locationGapMs=1068;callbackGapMs=1068;fusion=GPS_IMU
LOCATION,1790456519636,29.6342967,52.5154933,280.000,true,1.50,55.739,source=fused:fused;speedReason=OK;derived=62.12;locationGapMs=935;callbackGapMs=935;fusion=GPS_IMU
LOCATION,1790456520630,29.6343217,52.5153333,280.000,true,1.50,55.781,source=fused:fused;speedReason=OK;derived=57.41;locationGapMs=987;callbackGapMs=987;fusion=GPS_IMU
LOCATION,1790456521631,29.6343500,52.5151717,282.000,true,1.50,55.821,source=fused:fused;speedReason=OK;derived=57.41;locationGapMs=1005;callbackGapMs=1005;fusion=GPS_IMU
LOCATION,1790456522629,29.6343817,52.5150100,281.000,true,1.50,55.929,source=fused:fused;speedReason=OK;derived=57.41;locationGapMs=1000;callbackGapMs=1000;fusion=GPS_IMU
LOCATION,1790456523613,29.6344117,52.5148450,282.000,true,1.50,56.058,source=fused:fused;speedReason=OK;derived=57.77;locationGapMs=985;callbackGapMs=985;fusion=GPS_IMU
LOCATION,1790456524711,29.6344483,52.5146767,283.000,true,1.50,56.248,source=fused:fused;speedReason=OK;derived=57.77;locationGapMs=1088;callbackGapMs=1088;fusion=GPS_IMU
LOCATION,1790456525639,29.6344850,52.5145033,283.000,true,1.50,56.501,source=fused:fused;speedReason=OK;derived=59.65;locationGapMs=933;callbackGapMs=933;fusion=GPS_IMU
LOCATION,1790456526642,29.6345250,52.5143300,285.000,true,1.50,56.736,source=fused:fused;speedReason=OK;derived=62.12;locationGapMs=1006;callbackGapMs=1006;fusion=GPS_IMU
LOCATION,1790456527645,29.6345667,52.5141550,285.000,true,1.50,57.068,source=fused:fused;speedReason=OK;derived=63.17;locationGapMs=1001;callbackGapMs=1001;fusion=GPS_IMU
LOCATION,1790456528641,29.6346117,52.5139783,286.000,true,1.50,57.387,source=fused:fused;speedReason=OK;derived=63.17;locationGapMs=999;callbackGapMs=999;fusion=GPS_IMU
LOCATION,1790456529643,29.6346583,52.5137950,285.000,true,1.50,57.763,source=fused:fused;speedReason=OK;derived=64.23;locationGapMs=1000;callbackGapMs=1000;fusion=GPS_IMU
LOCATION,1790456530711,29.6347050,52.5136083,285.000,true,1.50,58.249,source=fused:fused;speedReason=OK;derived=64.23;locationGapMs=1063;callbackGapMs=1063;fusion=GPS_IMU
LOCATION,1790456531630,29.6347517,52.5134167,287.000,true,1.50,58.873,source=fused:fused;speedReason=OK;derived=66.55;locationGapMs=927;callbackGapMs=927;fusion=GPS_IMU
LOCATION,1790456532634,29.6348067,52.5132250,289.000,true,1.50,59.398,source=fused:fused;speedReason=OK;derived=70.20;locationGapMs=1002;callbackGapMs=1002;fusion=GPS_IMU
LOCATION,1790456533637,29.6348633,52.5130333,290.000,true,1.50,59.898,source=fused:fused;speedReason=OK;derived=70.20;locationGapMs=1005;callbackGapMs=1005;fusion=GPS_IMU
LOCATION,1790456534644,29.6349233,52.5128483,290.000,true,1.50,60.336,source=fused:fused;speedReason=OK;derived=70.19;locationGapMs=1006;callbackGapMs=1006;fusion=GPS_IMU
LOCATION,1790456535635,29.6349850,52.5126600,290.000,true,1.50,60.753,source=fused:fused;speedReason=OK;derived=70.19;locationGapMs=991;callbackGapMs=991;fusion=GPS_IMU
LOCATION,1790456536700,29.6350467,52.5124683,290.000,true,1.50,61.312,source=fused:fused;speedReason=OK;derived=68.38;locationGapMs=1066;callbackGapMs=1066;fusion=GPS_IMU
LOCATION,1790456537651,29.6351133,52.5122733,291.000,true,1.50,61.937,source=fused:fused;speedReason=OK;derived=70.75;locationGapMs=949;callbackGapMs=949;fusion=GPS_IMU
LOCATION,1790456538634,29.6351833,52.5120783,293.000,true,1.50,62.573,source=fused:fused;speedReason=OK;derived=74.69;locationGapMs=984;callbackGapMs=984;fusion=GPS_IMU
LOCATION,1790456539637,29.6352583,52.5118833,293.000,true,1.50,63.072,source=fused:fused;speedReason=OK;derived=74.69;locationGapMs=1003;callbackGapMs=1003;fusion=GPS_IMU
LOCATION,1790456540642,29.6353317,52.5116917,293.000,true,1.50,63.546,source=fused:fused;speedReason=OK;derived=74.05;locationGapMs=1005;callbackGapMs=1005;fusion=GPS_IMU
LOCATION,1790456541642,29.6354050,52.5115017,294.000,true,1.50,64.096,source=fused:fused;speedReason=OK;derived=72.57;locationGapMs=998;callbackGapMs=998;fusion=GPS_IMU
LOCATION,1790456542713,29.6354783,52.5113100,293.000,true,1.50,64.609,source=fused:fused;speedReason=OK;derived=72.55;locationGapMs=1069;callbackGapMs=1069;fusion=GPS_IMU
LOCATION,1790456543636,29.6355517,52.5111200,293.000,true,1.50,64.924,source=fused:fused;speedReason=OK;derived=72.55;locationGapMs=927;callbackGapMs=927;fusion=GPS_IMU
LOCATION,1790456544639,29.6356233,52.5109333,293.000,true,1.50,65.278,source=fused:fused;speedReason=OK;derived=70.87;locationGapMs=1003;callbackGapMs=1003;fusion=GPS_IMU
LOCATION,1790456545632,29.6356950,52.5107483,293.000,true,1.50,65.514,source=fused:fused;speedReason=OK;derived=71.05;locationGapMs=993;callbackGapMs=993;fusion=GPS_IMU
LOCATION,1790456546641,29.6357667,52.5105633,293.000,true,1.50,65.855,source=fused:fused;speedReason=OK;derived=70.87;locationGapMs=1009;callbackGapMs=1009;fusion=GPS_IMU
LOCATION,1790456547636,29.6358367,52.5103817,293.000,true,1.50,66.085,source=fused:fused;speedReason=OK;derived=69.93;locationGapMs=994;callbackGapMs=994;fusion=GPS_IMU
LOCATION,1790456548717,29.6359050,52.5102000,292.000,true,1.50,66.286,source=fused:fused;speedReason=OK;derived=69.61;locationGapMs=1083;callbackGapMs=1083;fusion=GPS_IMU
LOCATION,1790456549637,29.6359717,52.5100233,293.000,true,1.50,66.392,source=fused:fused;speedReason=OK;derived=69.61;locationGapMs=917;callbackGapMs=917;fusion=GPS_IMU
LOCATION,1790456550631,29.6360383,52.5098500,293.000,true,1.50,66.413,source=fused:fused;speedReason=OK;derived=66.20;locationGapMs=997;callbackGapMs=997;fusion=GPS_IMU
LOCATION,1790456551633,29.6361017,52.5096767,293.000,true,1.50,66.375,source=fused:fused;speedReason=OK;derived=66.20;locationGapMs=1001;callbackGapMs=1001;fusion=GPS_IMU
LOCATION,1790456552636,29.6361683,52.5095083,294.000,true,1.50,66.282,source=fused:fused;speedReason=OK;derived=65.43;locationGapMs=1002;callbackGapMs=1002;fusion=GPS_IMU
LOCATION,1790456553638,29.6362367,52.5093450,294.000,true,1.50,66.134,source=fused:fused;speedReason=OK;derived=64.31;locationGapMs=1002;callbackGapMs=1002;fusion=GPS_IMU
LOCATION,1790456554705,29.6363050,52.5091817,296.000,true,1.50,65.954,source=fused:fused;speedReason=OK;derived=63.01;locationGapMs=1069;callbackGapMs=1069;fusion=GPS_IMU
LOCATION,1790456555641,29.6363767,52.5090200,297.000,true,1.50,65.838,source=fused:fused;speedReason=OK;derived=63.01;locationGapMs=935;callbackGapMs=935;fusion=GPS_IMU
LOCATION,1790456556643,29.6364550,52.5088633,300.000,true,1.50,65.661,source=fused:fused;speedReason=OK;derived=62.87;locationGapMs=1001;callbackGapMs=1001;fusion=GPS_IMU
LOCATION,1790456557638,29.6365383,52.5087117,302.000,true,1.50,65.495,source=fused:fused;speedReason=OK;derived=62.94;locationGapMs=992;callbackGapMs=992;fusion=GPS_IMU
LOCATION,1790456558639,29.6366250,52.5085600,305.000,true,1.50,65.414,source=fused:fused;speedReason=OK;derived=62.94;locationGapMs=1001;callbackGapMs=1001;fusion=GPS_IMU
LOCATION,1790456559646,29.6367183,52.5084117,308.000,true,1.50,65.358,source=fused:fused;speedReason=OK;derived=63.02;locationGapMs=1011;callbackGapMs=1011;fusion=GPS_IMU
LOCATION,1790456560707,29.6368167,52.5082633,309.000,true,1.52,65.283,source=fused:fused;speedReason=OK;derived=63.02;locationGapMs=1061;callbackGapMs=1061;fusion=GPS_IMU
LOCATION,1790456561635,29.6369233,52.5081167,310.000,true,1.53,65.295,source=fused:fused;speedReason=OK;derived=63.02;locationGapMs=927;callbackGapMs=927;fusion=GPS_IMU
LOCATION,1790456562641,29.6370317,52.5079733,311.000,true,1.56,65.312,source=fused:fused;speedReason=OK;derived=65.98;locationGapMs=1002;callbackGapMs=1002;fusion=GPS_IMU
LOCATION,1790456563637,29.6371433,52.5078300,312.000,true,1.56,65.330,source=fused:fused;speedReason=OK;derived=66.92;locationGapMs=1000;callbackGapMs=1000;fusion=GPS_IMU
LOCATION,1790456564640,29.6372550,52.5076883,312.000,true,1.55,65.334,source=fused:fused;speedReason=OK;derived=66.27;locationGapMs=1004;callbackGapMs=1004;fusion=GPS_IMU
LOCATION,1790456565635,29.6373633,52.5075500,311.000,true,1.55,65.337,source=fused:fused;speedReason=OK;derived=66.27;locationGapMs=995;callbackGapMs=995;fusion=GPS_IMU
LOCATION,1790456566704,29.6374717,52.5074117,311.000,true,1.54,65.324,source=fused:fused;speedReason=OK;derived=65.07;locationGapMs=1068;callbackGapMs=1068;fusion=GPS_IMU
LOCATION,1790456567633,29.6375783,52.5072733,310.000,true,1.55,65.311,source=fused:fused;speedReason=OK;derived=65.07;locationGapMs=930;callbackGapMs=930;fusion=GPS_IMU
LOCATION,1790456568647,29.6376833,52.5071317,309.000,true,1.56,65.292,source=fused:fused;speedReason=OK;derived=64.30;locationGapMs=1007;callbackGapMs=1007;fusion=GPS_IMU
LOCATION,1790456569629,29.6377867,52.5069883,308.000,true,1.57,65.277,source=fused:fused;speedReason=OK;derived=65.54;locationGapMs=989;callbackGapMs=989;fusion=GPS_IMU
LOCATION,1790456570635,29.6378917,52.5068400,308.000,true,1.58,65.313,source=fused:fused;speedReason=OK;derived=65.54;locationGapMs=1006;callbackGapMs=1006;fusion=GPS_IMU
LOCATION,1790456571635,29.6379967,52.5066917,308.000,true,1.60,65.364,source=fused:fused;speedReason=OK;derived=66.15;locationGapMs=1001;callbackGapMs=1001;fusion=GPS_IMU
LOCATION,1790456572702,29.6381050,52.5065417,309.000,true,1.60,65.415,source=fused:fused;speedReason=OK;derived=66.15;locationGapMs=1067;callbackGapMs=1067;fusion=GPS_IMU
LOCATION,1790456573646,29.6382133,52.5063967,309.000,true,1.60,65.490,source=fused:fused;speedReason=OK;derived=66.48;locationGapMs=938;callbackGapMs=938;fusion=GPS_IMU
LOCATION,1790456574644,29.6383217,52.5062517,310.000,true,1.60,65.563,source=fused:fused;speedReason=OK;derived=66.53;locationGapMs=1000;callbackGapMs=1000;fusion=GPS_IMU
LOCATION,1790456575647,29.6384317,52.5061083,310.000,true,1.60,65.573,source=fused:fused;speedReason=OK;derived=66.53;locationGapMs=1005;callbackGapMs=1005;fusion=GPS_IMU
LOCATION,1790456576636,29.6385433,52.5059683,311.000,true,1.60,65.584,source=fused:fused;speedReason=OK;derived=66.53;locationGapMs=988;callbackGapMs=988;fusion=GPS_IMU
LOCATION,1790456577633,29.6386550,52.5058267,311.000,true,1.58,65.643,source=fused:fused;speedReason=OK;derived=66.51;locationGapMs=1000;callbackGapMs=1000;fusion=GPS_IMU
LOCATION,1790456578996,29.6387667,52.5056833,312.000,true,1.57,65.716,source=fused:fused;speedReason=OK;derived=66.51;locationGapMs=1065;callbackGapMs=1065;fusion=GPS_IMU
LOCATION,1790456579632,29.6388833,52.5055433,313.000,true,1.55,65.808,source=fused:fused;speedReason=OK;derived=66.51;locationGapMs=932;callbackGapMs=932;fusion=GPS_IMU
LOCATION,1790456580629,29.6390050,52.5054050,315.000,true,1.53,65.866,source=fused:fused;speedReason=OK;derived=68.64;locationGapMs=997;callbackGapMs=997;fusion=GPS_IMU
LOCATION,1790456581629,29.6391250,52.5052700,315.000,true,1.55,65.879,source=fused:fused;speedReason=OK;derived=68.64;locationGapMs=1001;callbackGapMs=1001;fusion=GPS_IMU
LOCATION,1790456582620,29.6392500,52.5051417,317.000,true,1.63,65.886,source=fused:fused;speedReason=OK;derived=67.54;locationGapMs=992;callbackGapMs=992;fusion=GPS_IMU
LOCATION,1790456583633,29.6393667,52.5050233,320.000,true,1.78,65.903,source=fused:fused;speedReason=OK;derived=67.07;locationGapMs=1011;callbackGapMs=1011;fusion=GPS_IMU
LOCATION,1790456584938,29.6395000,52.5049000,323.000,true,1.86,65.949,source=fused:fused;speedReason=OK;derived=67.54;locationGapMs=1004;callbackGapMs=1004;fusion=GPS_IMU
LOCATION,1790456585633,29.6396450,52.5047833,326.000,true,1.85,66.051,source=fused:fused;speedReason=OK;derived=68.12;locationGapMs=996;callbackGapMs=996;fusion=GPS_IMU
LOCATION,1790456586626,29.6397883,52.5046683,327.000,true,1.87,66.165,source=fused:fused;speedReason=OK;derived=70.47;locationGapMs=991;callbackGapMs=991;fusion=GPS_IMU
LOCATION,1790456587615,29.6399333,52.5045617,328.000,true,1.85,66.322,source=fused:fused;speedReason=OK;derived=70.47;locationGapMs=992;callbackGapMs=992;fusion=GPS_IMU
LOCATION,1790456588628,29.6400800,52.5044567,327.000,true,1.77,66.480,source=fused:fused;speedReason=OK;derived=69.32;locationGapMs=1014;callbackGapMs=1014;fusion=GPS_IMU
LOCATION,1790456590007,29.6402233,52.5043517,326.000,true,1.62,66.550,source=fused:fused;speedReason=OK;derived=68.09;locationGapMs=1084;callbackGapMs=1084;fusion=GPS_IMU
LOCATION,1790456590623,29.6403583,52.5042467,326.000,true,1.56,66.525,source=fused:fused;speedReason=OK;derived=68.09;locationGapMs=909;callbackGapMs=909;fusion=GPS_IMU
LOCATION,1790456591633,29.6404867,52.5041483,325.000,true,1.54,66.294,source=fused:fused;speedReason=OK;derived=62.63;locationGapMs=1008;callbackGapMs=1008;fusion=GPS_IMU
LOCATION,1790456592640,29.6406100,52.5040517,325.000,true,1.50,65.997,source=fused:fused;speedReason=OK;derived=61.17;locationGapMs=1010;callbackGapMs=1010;fusion=GPS_IMU
LOCATION,1790456593916,29.6407383,52.5039617,328.000,true,1.46,65.680,source=fused:fused;speedReason=OK;derived=60.53;locationGapMs=992;callbackGapMs=992;fusion=GPS_IMU
LOCATION,1790456594639,29.6408633,52.5038733,327.000,true,1.45,65.377,source=fused:fused;speedReason=OK;derived=59.03;locationGapMs=1007;callbackGapMs=1007;fusion=GPS_IMU
LOCATION,1790456595639,29.6409917,52.5037850,328.000,true,1.42,65.088,source=fused:fused;speedReason=OK;derived=60.07;locationGapMs=995;callbackGapMs=995;fusion=GPS_IMU
LOCATION,1790456596911,29.6411183,52.5036933,327.000,true,1.42,64.778,source=fused:fused;speedReason=OK;derived=59.55;locationGapMs=1004;callbackGapMs=1004;fusion=GPS_IMU
LOCATION,1790456597592,29.6412433,52.5036017,325.000,true,1.42,64.540,source=fused:fused;speedReason=OK;derived=60.07;locationGapMs=957;callbackGapMs=957;fusion=GPS_IMU
LOCATION,1790456598637,29.6413667,52.5035050,325.000,true,1.44,64.312,source=fused:fused;speedReason=OK;derived=59.55;locationGapMs=1041;callbackGapMs=1041;fusion=GPS_IMU
LOCATION,1790456599898,29.6414833,52.5034100,323.000,true,1.47,64.191,source=fused:fused;speedReason=OK;derived=58.22;locationGapMs=981;callbackGapMs=981;fusion=GPS_IMU
LOCATION,1790456600700,29.6415967,52.5033150,323.000,true,1.52,64.022,source=fused:fused;speedReason=OK;derived=57.32;locationGapMs=1078;callbackGapMs=1078;fusion=GPS_IMU
LOCATION,1790456601918,29.6417083,52.5032250,325.000,true,1.53,63.870,source=fused:fused;speedReason=OK;derived=57.95;locationGapMs=940;callbackGapMs=940;fusion=GPS_IMU
LOCATION,1790456602637,29.6418167,52.5031417,326.000,true,1.58,63.552,source=fused:fused;speedReason=OK;derived=52.20;locationGapMs=998;callbackGapMs=998;fusion=GPS_IMU
LOCATION,1790456603913,29.6419250,52.5030617,326.000,true,1.58,63.092,source=fused:fused;speedReason=OK;derived=52.20;locationGapMs=999;callbackGapMs=999;fusion=GPS_IMU
LOCATION,1790456604627,29.6420367,52.5029800,327.000,true,1.60,62.651,source=fused:fused;speedReason=OK;derived=52.20;locationGapMs=991;callbackGapMs=991;fusion=GPS_IMU
LOCATION,1790456605923,29.6421483,52.5028967,326.000,true,1.60,62.323,source=fused:fused;speedReason=OK;derived=53.01;locationGapMs=1003;callbackGapMs=1003;fusion=GPS_IMU
LOCATION,1790456606635,29.6422650,52.5028100,326.000,true,1.58,61.895,source=fused:fused;speedReason=OK;derived=53.38;locationGapMs=1005;callbackGapMs=1005;fusion=GPS_IMU
LOCATION,1790456607932,29.6423833,52.5027250,326.000,true,1.57,61.549,source=fused:fused;speedReason=OK;derived=55.24;locationGapMs=1003;callbackGapMs=1003;fusion=GPS_IMU
LOCATION,1790456608628,29.6425083,52.5026367,327.000,true,1.54,61.317,source=fused:fused;speedReason=OK;derived=55.57;locationGapMs=996;callbackGapMs=996;fusion=GPS_IMU
LOCATION,1790456609909,29.6426283,52.5025483,326.000,true,1.57,61.301,source=fused:fused;speedReason=OK;derived=57.69;locationGapMs=987;callbackGapMs=987;fusion=GPS_IMU
LOCATION,1790456610626,29.6427550,52.5024567,327.000,true,1.62,61.288,source=fused:fused;speedReason=OK;derived=58.85;locationGapMs=1005;callbackGapMs=1005;fusion=GPS_IMU
LOCATION,1790456611910,29.6428800,52.5023650,326.000,true,1.68,61.241,source=fused:fused;speedReason=OK;derived=58.83;locationGapMs=1007;callbackGapMs=1007;fusion=GPS_IMU
LOCATION,1790456612636,29.6430067,52.5022717,325.000,true,1.68,61.193,source=fused:fused;speedReason=OK;derived=59.50;locationGapMs=1003;callbackGapMs=1003;fusion=GPS_IMU
LOCATION,1790456613637,29.6431350,52.5021733,325.000,true,1.70,61.191,source=fused:fused;speedReason=OK;derived=59.94;locationGapMs=1006;callbackGapMs=1006;fusion=GPS_IMU
LOCATION,1790456614632,29.6432633,52.5020700,324.000,true,1.72,61.232,source=fused:fused;speedReason=OK;derived=61.26;locationGapMs=990;callbackGapMs=990;fusion=GPS_IMU
LOCATION,1790456615633,29.6433933,52.5019650,324.000,true,1.64,61.290,source=fused:fused;speedReason=OK;derived=63.05;locationGapMs=1007;callbackGapMs=1007;fusion=GPS_IMU
LOCATION,1790456616707,29.6435217,52.5018633,325.000,true,1.60,61.330,source=fused:fused;speedReason=OK;derived=63.05;locationGapMs=1073;callbackGapMs=1073;fusion=GPS_IMU
LOCATION,1790456617644,29.6436500,52.5017583,324.000,true,1.58,61.350,source=fused:fused;speedReason=OK;derived=63.05;locationGapMs=933;callbackGapMs=933;fusion=GPS_IMU
LOCATION,1790456618638,29.6437783,52.5016533,325.000,true,1.60,61.362,source=fused:fused;speedReason=OK;derived=63.06;locationGapMs=998;callbackGapMs=998;fusion=GPS_IMU
LOCATION,1790456619642,29.6439067,52.5015533,325.000,true,1.62,61.369,source=fused:fused;speedReason=OK;derived=63.06;locationGapMs=1002;callbackGapMs=1002;fusion=GPS_IMU
LOCATION,1790456620637,29.6440333,52.5014550,325.000,true,1.68,61.372,source=fused:fused;speedReason=OK;derived=61.85;locationGapMs=997;callbackGapMs=997;fusion=GPS_IMU
LOCATION,1790456621639,29.6441650,52.5013533,325.000,true,1.70,61.374,source=fused:fused;speedReason=OK;derived=61.85;locationGapMs=1001;callbackGapMs=1001;fusion=GPS_IMU
LOCATION,1790456622634,29.6442917,52.5012550,326.000,true,1.73,61.370,source=fused:fused;speedReason=OK;derived=61.45;locationGapMs=994;callbackGapMs=994;fusion=GPS_IMU
LOCATION,1790456623646,29.6444233,52.5011600,327.000,true,1.77,61.366,source=fused:fused;speedReason=OK;derived=61.59;locationGapMs=1008;callbackGapMs=1008;fusion=GPS_IMU
LOCATION,1790456624595,29.6445517,52.5010667,327.000,true,1.80,61.364,source=fused:fused;speedReason=OK;derived=61.59;locationGapMs=957;callbackGapMs=957;fusion=GPS_IMU
LOCATION,1790456625633,29.6446717,52.5009767,326.000,true,1.87,61.362,source=fused:fused;speedReason=OK;derived=61.59;locationGapMs=1037;callbackGapMs=1037;fusion=GPS_IMU
LOCATION,1790456626628,29.6447933,52.5008950,330.000,true,1.93,61.358,source=fused:fused;speedReason=OK;derived=56.55;locationGapMs=995;callbackGapMs=995;fusion=GPS_IMU
LOCATION,1790456627708,29.6449183,52.5008233,331.000,true,2.04,61.324,source=fused:fused;speedReason=OK;derived=55.20;locationGapMs=1080;callbackGapMs=1080;fusion=GPS_IMU
LOCATION,1790456628632,29.6450450,52.5007517,331.000,true,2.07,61.273,source=fused:fused;speedReason=OK;derived=56.55;locationGapMs=923;callbackGapMs=923;fusion=GPS_IMU
LOCATION,1790456629655,29.6451750,52.5006833,335.000,true,2.18,61.219,source=fused:fused;speedReason=OK;derived=56.14;locationGapMs=1017;callbackGapMs=1017;fusion=GPS_IMU
LOCATION,1790456630627,29.6453083,52.5006167,336.000,true,2.18,61.185,source=fused:fused;speedReason=OK;derived=59.34;locationGapMs=978;callbackGapMs=978;fusion=GPS_IMU
LOCATION,1790456631634,29.6454517,52.5005567,338.000,true,2.20,61.168,source=fused:fused;speedReason=OK;derived=59.34;locationGapMs=1007;callbackGapMs=1007;fusion=GPS_IMU
LOCATION,1790456632635,29.6455967,52.5004950,339.000,true,2.22,61.170,source=fused:fused;speedReason=OK;derived=60.50;locationGapMs=1000;callbackGapMs=1000;fusion=GPS_IMU
LOCATION,1790456633714,29.6457467,52.5004333,339.000,true,2.24,61.181,source=fused:fused;speedReason=OK;derived=60.50;locationGapMs=1078;callbackGapMs=1078;fusion=GPS_IMU
LOCATION,1790456634662,29.6458967,52.5003800,341.000,true,2.27,61.203,source=fused:fused;speedReason=OK;derived=61.73;locationGapMs=948;callbackGapMs=948;fusion=GPS_IMU
LOCATION,1790456635631,29.6460450,52.5003283,343.000,true,2.32,61.225,source=fused:fused;speedReason=OK;derived=63.64;locationGapMs=972;callbackGapMs=972;fusion=GPS_IMU
LOCATION,1790456636627,29.6462133,52.5002767,345.000,true,2.35,61.244,source=fused:fused;speedReason=OK;derived=66.11;locationGapMs=995;callbackGapMs=995;fusion=GPS_IMU
LOCATION,1790456637641,29.6463750,52.5002400,346.000,true,2.44,61.267,source=fused:fused;speedReason=OK;derived=65.00;locationGapMs=1012;callbackGapMs=1012;fusion=GPS_IMU
LOCATION,1790456638635,29.6465350,52.5001967,345.000,true,2.48,61.291,source=fused:fused;speedReason=OK;derived=65.87;locationGapMs=996;callbackGapMs=996;fusion=GPS_IMU
LOCATION,1790456639654,29.6466933,52.5001533,346.000,true,2.62,61.313,source=fused:fused;speedReason=OK;derived=65.00;locationGapMs=1020;callbackGapMs=1020;fusion=GPS_IMU
LOCATION,1790456640637,29.6468500,52.5001017,344.000,true,2.74,61.329,source=fused:fused;speedReason=OK;derived=65.87;locationGapMs=978;callbackGapMs=978;fusion=GPS_IMU
LOCATION,1790456641653,29.6470117,52.5000367,345.000,true,2.80,61.349,source=fused:fused;speedReason=OK;derived=66.53;locationGapMs=1020;callbackGapMs=1020;fusion=GPS_IMU
LOCATION,1790456642635,29.6471700,52.4999750,344.000,true,2.77,61.370,source=fused:fused;speedReason=OK;derived=67.05;locationGapMs=980;callbackGapMs=980;fusion=GPS_IMU
LOCATION,1790456643633,29.6473317,52.4999217,344.000,true,2.78,61.393,source=fused:fused;speedReason=OK;derived=67.15;locationGapMs=1000;callbackGapMs=1000;fusion=GPS_IMU
LOCATION,1790456644644,29.6474933,52.4998750,345.000,true,2.75,61.409,source=fused:fused;speedReason=OK;derived=67.15;locationGapMs=1009;callbackGapMs=1009;fusion=GPS_IMU
LOCATION,1790456645694,29.6476517,52.4998300,346.000,true,2.72,61.421,source=fused:fused;speedReason=OK;derived=65.92;locationGapMs=1047;callbackGapMs=1047;fusion=GPS_IMU
LOCATION,1790456646627,29.6478067,52.4997867,346.000,true,2.70,61.431,source=fused:fused;speedReason=OK;derived=65.92;locationGapMs=938;callbackGapMs=938;fusion=GPS_IMU
LOCATION,1790456647632,29.6479517,52.4997383,344.000,true,2.75,61.437,source=fused:fused;speedReason=OK;derived=62.20;locationGapMs=1006;callbackGapMs=1006;fusion=GPS_IMU
LOCATION,1790456648623,29.6480900,52.4996783,342.000,true,2.87,61.435,source=fused:fused;speedReason=OK;derived=59.91;locationGapMs=990;callbackGapMs=990;fusion=GPS_IMU
LOCATION,1790456649630,29.6482267,52.4996017,338.000,true,3.00,61.432,source=fused:fused;speedReason=OK;derived=59.91;locationGapMs=1007;callbackGapMs=1007;fusion=GPS_IMU
LOCATION,1790456650623,29.6483650,52.4995017,333.000,true,3.17,61.429,source=fused:fused;speedReason=OK;derived=60.31;locationGapMs=992;callbackGapMs=992;fusion=GPS_IMU
LOCATION,1790456651705,29.6484867,52.4993950,329.000,true,3.44,61.428,source=fused:fused;speedReason=OK;derived=60.31;locationGapMs=1079;callbackGapMs=1079;fusion=GPS_IMU
LOCATION,1790456652644,29.6486150,52.4992933,327.000,true,3.62,61.427,source=fused:fused;speedReason=OK;derived=65.80;locationGapMs=943;callbackGapMs=943;fusion=GPS_IMU
LOCATION_ONLY,1790456653630,29.6487467,52.4991650,325.000,true,3.80,61.438,source=fused:fused;speedReason=POOR_SPEED_ACCURACY;derived=66.04;locationGapMs=985;callbackGapMs=985;fusion=GPS_IMU
LOCATION_ONLY,1790456654633,29.6488817,52.4990267,321.000,true,4.00,61.460,source=fused:fused;speedReason=POOR_SPEED_ACCURACY;derived=70.06;locationGapMs=1002;callbackGapMs=1002;fusion=GPS_IMU
LOCATION_ONLY,1790456655633,29.6490083,52.4988850,319.000,true,4.16,61.482,source=fused:fused;speedReason=POOR_SPEED_ACCURACY;derived=70.51;locationGapMs=1002;callbackGapMs=1002;fusion=GPS_IMU
LOCATION_ONLY,1790456656631,29.6491217,52.4987583,318.000,true,4.22,61.504,source=fused:fused;speedReason=POOR_SPEED_ACCURACY;derived=70.51;locationGapMs=997;callbackGapMs=997;fusion=GPS_IMU
LOCATION_ONLY,1790456657697,29.6492300,52.4986300,316.000,true,4.35,61.509,source=fused:fused;speedReason=POOR_SPEED_ACCURACY;derived=63.42;locationGapMs=1062;callbackGapMs=1062;fusion=GPS_IMU
LOCATION_ONLY,1790456658628,29.6493350,52.4984683,312.000,true,4.47,61.514,source=fused:fused;speedReason=POOR_SPEED_ACCURACY;derived=63.42;locationGapMs=934;callbackGapMs=934;fusion=GPS_IMU
LOCATION,1790456659622,29.6494450,52.4983067,311.000,true,4.57,61.525,source=fused:fused;speedReason=OK;derived=71.77;locationGapMs=995;callbackGapMs=995;fusion=GPS_IMU
LOCATION_ONLY,1790456660629,29.6495600,52.4981333,310.000,true,4.65,61.559,source=fused:fused;speedReason=POOR_SPEED_ACCURACY;derived=75.19;locationGapMs=1008;callbackGapMs=1008;fusion=GPS_IMU
LOCATION_ONLY,1790456661627,29.6496467,52.4979183,306.000,true,4.78,61.592,source=fused:fused;speedReason=POOR_SPEED_ACCURACY;derived=75.29;locationGapMs=997;callbackGapMs=997;fusion=GPS_IMU
LOCATION,1790456662629,29.6497283,52.4977517,306.000,true,4.84,61.612,source=fused:fused;speedReason=OK;derived=75.29;locationGapMs=1003;callbackGapMs=1003;fusion=GPS_IMU
LOCATION,1790456663705,29.6498017,52.4975917,305.000,true,4.88,61.631,source=fused:fused;speedReason=OK;derived=66.38;locationGapMs=1071;callbackGapMs=1071;fusion=GPS_IMU
LOCATION,1790456664617,29.6498750,52.4974117,302.000,true,4.90,61.648,source=fused:fused;speedReason=OK;derived=66.38;locationGapMs=917;callbackGapMs=917;fusion=GPS_IMU
LOCATION_ONLY,1790456665635,29.6499550,52.4972300,302.000,true,4.96,61.668,source=fused:fused;speedReason=POOR_SPEED_ACCURACY;derived=69.67;locationGapMs=1018;callbackGapMs=1018;fusion=GPS_IMU
LOCATION_ONLY,1790456666622,29.6500533,52.4970550,303.000,true,5.03,61.697,source=fused:fused;speedReason=POOR_SPEED_ACCURACY;derived=73.55;locationGapMs=986;callbackGapMs=986;fusion=GPS_IMU
LOCATION_ONLY,1790456667641,29.6501667,52.4968767,304.000,true,5.20,61.727,source=fused:fused;speedReason=POOR_SPEED_ACCURACY;derived=73.55;locationGapMs=1019;callbackGapMs=1019;fusion=GPS_IMU
LOCATION,1790456668615,29.6502017,52.4967433,301.000,true,5.17,61.745,source=fused:fused;speedReason=OK;derived=73.55;locationGapMs=976;callbackGapMs=976;fusion=GPS_IMU
LOCATION,1790456669628,29.6502600,52.4965783,302.000,true,5.10,61.767,source=fused:fused;speedReason=OK;derived=61.43;locationGapMs=1010;callbackGapMs=1010;fusion=GPS_IMU
LOCATION,1790456670581,29.6503750,52.4964333,306.000,true,4.92,61.786,source=fused:fused;speedReason=OK;derived=61.43;locationGapMs=957;callbackGapMs=957;fusion=GPS_IMU
LOCATION,1790456671647,29.6504433,52.4963067,309.000,true,4.67,61.807,source=fused:fused;speedReason=OK;derived=61.43;locationGapMs=1065;callbackGapMs=1065;fusion=GPS_IMU
LOCATION,1790456672596,29.6505433,52.4961683,311.000,true,4.35,61.825,source=fused:fused;speedReason=OK;derived=66.11;locationGapMs=947;callbackGapMs=947;fusion=GPS_IMU
LOCATION,1790456673605,29.6506550,52.4960300,313.000,true,3.78,61.842,source=fused:fused;speedReason=OK;derived=64.88;locationGapMs=1012;callbackGapMs=1012;fusion=GPS_IMU
LOCATION,1790456674588,29.6507717,52.4958867,314.000,true,3.68,61.858,source=fused:fused;speedReason=OK;derived=66.11;locationGapMs=983;callbackGapMs=983;fusion=GPS_IMU
LOCATION,1790456675620,29.6508933,52.4957500,315.000,true,3.38,61.876,source=fused:fused;speedReason=OK;derived=65.96;locationGapMs=1031;callbackGapMs=1031;fusion=GPS_IMU
LOCATION,1790456676632,29.6510200,52.4956167,316.000,true,3.32,61.888,source=fused:fused;speedReason=OK;derived=68.26;locationGapMs=1006;callbackGapMs=1006;fusion=GPS_IMU
LOCATION,1790456677632,29.6511500,52.4954950,318.000,true,3.32,61.899,source=fused:fused;speedReason=OK;derived=66.68;locationGapMs=1005;callbackGapMs=1005;fusion=GPS_IMU
LOCATION,1790456678625,29.6512817,52.4953800,319.000,true,3.36,61.908,source=fused:fused;speedReason=OK;derived=66.68;locationGapMs=994;callbackGapMs=994;fusion=GPS_IMU
LOCATION,1790456679626,29.6514100,52.4952717,321.000,true,3.48,61.915,source=fused:fused;speedReason=OK;derived=66.50;locationGapMs=1000;callbackGapMs=1000;fusion=GPS_IMU
LOCATION,1790456680623,29.6515483,52.4951667,322.000,true,3.55,61.922,source=fused:fused;speedReason=OK;derived=66.42;locationGapMs=997;callbackGapMs=997;fusion=GPS_IMU
LOCATION,1790456681623,29.6516983,52.4950750,327.000,true,3.67,61.931,source=fused:fused;speedReason=OK;derived=66.42;locationGapMs=1001;callbackGapMs=1001;fusion=GPS_IMU
LOCATION,1790456682640,29.6518433,52.4949900,327.000,true,3.82,61.943,source=fused:fused;speedReason=OK;derived=66.42;locationGapMs=1011;callbackGapMs=1011;fusion=GPS_IMU
LOCATION,1790456683625,29.6519883,52.4949000,328.000,true,3.83,61.955,source=fused:fused;speedReason=OK;derived=66.62;locationGapMs=988;callbackGapMs=988;fusion=GPS_IMU
LOCATION,1790456684631,29.6521300,52.4948117,329.000,true,3.86,61.970,source=fused:fused;speedReason=OK;derived=64.30;locationGapMs=1008;callbackGapMs=1008;fusion=GPS_IMU
LOCATION,1790456685696,29.6522750,52.4947183,329.000,true,3.80,61.983,source=fused:fused;speedReason=OK;derived=63.87;locationGapMs=1065;callbackGapMs=1065;fusion=GPS_IMU
LOCATION,1790456686630,29.6524200,52.4946250,330.000,true,3.74,62.010,source=fused:fused;speedReason=OK;derived=63.87;locationGapMs=932;callbackGapMs=932;fusion=GPS_IMU
LOCATION,1790456687627,29.6525750,52.4945300,330.000,true,3.70,62.036,source=fused:fused;speedReason=OK;derived=70.16;locationGapMs=1000;callbackGapMs=1000;fusion=GPS_IMU
LOCATION,1790456688645,29.6527333,52.4944350,331.000,true,3.58,62.060,source=fused:fused;speedReason=OK;derived=70.41;locationGapMs=1013;callbackGapMs=1013;fusion=GPS_IMU
LOCATION,1790456689642,29.6528800,52.4943450,331.000,true,3.54,62.084,source=fused:fused;speedReason=OK;derived=70.16;locationGapMs=1000;callbackGapMs=1000;fusion=GPS_IMU
LOCATION,1790456690636,29.6530217,52.4942583,330.000,true,3.52,62.100,source=fused:fused;speedReason=OK;derived=66.42;locationGapMs=995;callbackGapMs=995;fusion=GPS_IMU
LOCATION,1790456691687,29.6531850,52.4941650,330.000,true,3.48,62.116,source=fused:fused;speedReason=OK;derived=66.42;locationGapMs=1051;callbackGapMs=1051;fusion=GPS_IMU
LOCATION,1790456692627,29.6533367,52.4940717,329.000,true,3.45,62.133,source=fused:fused;speedReason=OK;derived=69.29;locationGapMs=941;callbackGapMs=941;fusion=GPS_IMU
LOCATION,1790456693625,29.6534900,52.4939867,331.000,true,3.43,62.157,source=fused:fused;speedReason=OK;derived=69.29;locationGapMs=997;callbackGapMs=997;fusion=GPS_IMU
LOCATION,1790456694649,29.6536267,52.4938967,332.000,true,3.38,62.186,source=fused:fused;speedReason=OK;derived=68.18;locationGapMs=1017;callbackGapMs=1017;fusion=GPS_IMU
LOCATION,1790456695628,29.6538050,52.4937650,330.000,true,3.30,62.217,source=fused:fused;speedReason=OK;derived=68.18;locationGapMs=986;callbackGapMs=986;fusion=GPS_IMU
LOCATION,1790456696630,29.6539283,52.4936750,329.000,true,3.12,62.277,source=fused:fused;speedReason=OK;derived=61.87;locationGapMs=1002;callbackGapMs=1002;fusion=GPS_IMU
LOCATION,1790456697628,29.6540683,52.4935833,329.000,true,3.02,62.332,source=fused:fused;speedReason=OK;derived=64.56;locationGapMs=997;callbackGapMs=997;fusion=GPS_IMU
LOCATION,1790456698629,29.6542267,52.4934833,329.000,true,2.85,62.391,source=fused:fused;speedReason=OK;derived=64.56;locationGapMs=1002;callbackGapMs=1002;fusion=GPS_IMU
LOCATION,1790456699625,29.6544017,52.4933883,331.000,true,2.68,62.455,source=fused:fused;speedReason=OK;derived=72.04;locationGapMs=996;callbackGapMs=996;fusion=GPS_IMU
LOCATION,1790456700631,29.6545783,52.4932933,331.000,true,2.53,62.519,source=fused:fused;speedReason=OK;derived=77.60;locationGapMs=1002;callbackGapMs=1002;fusion=GPS_IMU
LOCATION,1790456701629,29.6547133,52.4932033,331.000,true,2.45,62.582,source=fused:fused;speedReason=OK;derived=77.60;locationGapMs=1002;callbackGapMs=1002;fusion=GPS_IMU
LOCATION,1790456702692,29.6548400,52.4931217,331.000,true,2.40,62.626,source=fused:fused;speedReason=OK;derived=62.21;locationGapMs=1063;callbackGapMs=1063;fusion=GPS_IMU
LOCATION,1790456703630,29.6549550,52.4930367,330.000,true,2.40,62.667,source=fused:fused;speedReason=OK;derived=58.30;locationGapMs=937;callbackGapMs=937;fusion=GPS_IMU
LOCATION,1790456704626,29.6550900,52.4929400,330.000,true,2.38,62.718,source=fused:fused;speedReason=OK;derived=58.30;locationGapMs=997;callbackGapMs=997;fusion=GPS_IMU
LOCATION,1790456705638,29.6552350,52.4928400,330.000,true,2.36,62.771,source=fused:fused;speedReason=OK;derived=63.74;locationGapMs=1007;callbackGapMs=1007;fusion=GPS_IMU
LOCATION,1790456706634,29.6553783,52.4927417,329.000,true,2.34,62.829,source=fused:fused;speedReason=OK;derived=66.60;locationGapMs=1001;callbackGapMs=1001;fusion=GPS_IMU
LOCATION,1790456707638,29.6555283,52.4926367,327.000,true,2.35,62.875,source=fused:fused;speedReason=OK;derived=67.08;locationGapMs=1004;callbackGapMs=1004;fusion=GPS_IMU
LOCATION,1790456708701,29.6556833,52.4925283,328.000,true,2.36,62.928,source=fused:fused;speedReason=OK;derived=68.18;locationGapMs=1063;callbackGapMs=1063;fusion=GPS_IMU
LOCATION,1790456709625,29.6558267,52.4924150,326.000,true,2.38,62.973,source=fused:fused;speedReason=OK;derived=69.88;locationGapMs=923;callbackGapMs=923;fusion=GPS_IMU
LOCATION,1790456710638,29.6559533,52.4923050,326.000,true,2.40,63.016,source=fused:fused;speedReason=OK;derived=68.18;locationGapMs=1009;callbackGapMs=1009;fusion=GPS_IMU
LOCATION,1790456711635,29.6560833,52.4921950,326.000,true,2.44,63.059,source=fused:fused;speedReason=OK;derived=64.38;locationGapMs=1002;callbackGapMs=1002;fusion=GPS_IMU
LOCATION,1790456712638,29.6562183,52.4920800,325.000,true,2.43,63.107,source=fused:fused;speedReason=OK;derived=64.38;locationGapMs=1000;callbackGapMs=1000;fusion=GPS_IMU
LOCATION,1790456713625,29.6563667,52.4919600,326.000,true,2.43,63.184,source=fused:fused;speedReason=OK;derived=67.15;locationGapMs=989;callbackGapMs=989;fusion=GPS_IMU
LOCATION,1790456714697,29.6565300,52.4918383,326.000,true,2.38,63.266,source=fused:fused;speedReason=OK;derived=72.53;locationGapMs=1072;callbackGapMs=1072;fusion=GPS_IMU
LOCATION,1790456715628,29.6566833,52.4917217,325.000,true,2.37,63.331,source=fused:fused;speedReason=OK;derived=73.31;locationGapMs=931;callbackGapMs=931;fusion=GPS_IMU
LOCATION,1790456716633,29.6568567,52.4915967,325.000,true,2.35,63.421,source=fused:fused;speedReason=OK;derived=78.89;locationGapMs=1000;callbackGapMs=1000;fusion=GPS_IMU
LOCATION,1790456717619,29.6570167,52.4914783,325.000,true,2.33,63.486,source=fused:fused;speedReason=OK;derived=78.89;locationGapMs=993;callbackGapMs=993;fusion=GPS_IMU
LOCATION,1790456718624,29.6571750,52.4913650,325.000,true,2.32,63.531,source=fused:fused;speedReason=OK;derived=76.56;locationGapMs=1004;callbackGapMs=1004;fusion=GPS_IMU
LOCATION,1790456719627,29.6573150,52.4912567,326.000,true,2.35,63.562,source=fused:fused;speedReason=OK;derived=74.20;locationGapMs=1003;callbackGapMs=1003;fusion=GPS_IMU
LOCATION,1790456720688,29.6574500,52.4911433,325.000,true,2.44,63.595,source=fused:fused;speedReason=OK;derived=67.22;locationGapMs=1061;callbackGapMs=1061;fusion=GPS_IMU
LOCATION,1790456721637,29.6576100,52.4910217,326.000,true,2.54,63.634,source=fused:fused;speedReason=OK;derived=67.22;locationGapMs=946;callbackGapMs=946;fusion=GPS_IMU
LOCATION,1790456722596,29.6577750,52.4908967,327.000,true,2.60,63.705,source=fused:fused;speedReason=OK;derived=81.01;locationGapMs=963;callbackGapMs=963;fusion=GPS_IMU
LOCATION,1790456723628,29.6579633,52.4907583,327.000,true,2.76,63.782,source=fused:fused;speedReason=OK;derived=81.99;locationGapMs=1030;callbackGapMs=1030;fusion=GPS_IMU
LOCATION,1790456724625,29.6581617,52.4906233,329.000,true,2.75,63.895,source=fused:fused;speedReason=OK;derived=86.69;locationGapMs=998;callbackGapMs=998;fusion=GPS_IMU
LOCATION,1790456725633,29.6583550,52.4904950,329.000,true,2.75,64.009,source=fused:fused;speedReason=OK;derived=88.63;locationGapMs=1006;callbackGapMs=1006;fusion=GPS_IMU
LOCATION,1790456726706,29.6585467,52.4903650,329.000,true,2.72,64.145,source=fused:fused;speedReason=OK;derived=88.63;locationGapMs=1070;callbackGapMs=1070;fusion=GPS_IMU
LOCATION,1790456727630,29.6587300,52.4902433,329.000,true,2.64,64.281,source=fused:fused;speedReason=OK;derived=88.63;locationGapMs=929;callbackGapMs=929;fusion=GPS_IMU
LOCATION,1790456728631,29.6589200,52.4901183,329.000,true,2.60,64.417,source=fused:fused;speedReason=OK;derived=87.27;locationGapMs=1002;callbackGapMs=1002;fusion=GPS_IMU
LOCATION,1790456729634,29.6591367,52.4899867,330.000,true,2.56,64.589,source=fused:fused;speedReason=OK;derived=91.02;locationGapMs=998;callbackGapMs=998;fusion=GPS_IMU
LOCATION,1790456730626,29.6593233,52.4898650,329.000,true,2.53,64.774,source=fused:fused;speedReason=OK;derived=87.27;locationGapMs=994;callbackGapMs=994;fusion=GPS_IMU
LOCATION,1790456731625,29.6595067,52.4897500,330.000,true,2.52,64.918,source=fused:fused;speedReason=OK;derived=86.21;locationGapMs=1001;callbackGapMs=1001;fusion=GPS_IMU
LOCATION,1790456732703,29.6596633,52.4896417,329.000,true,2.50,65.051,source=fused:fused;speedReason=OK;derived=83.36;locationGapMs=1073;callbackGapMs=1073;fusion=GPS_IMU
LOCATION,1790456733623,29.6598317,52.4895250,329.000,true,2.47,65.202,source=fused:fused;speedReason=OK;derived=83.36;locationGapMs=924;callbackGapMs=924;fusion=GPS_IMU
LOCATION,1790456734619,29.6600233,52.4894050,330.000,true,2.40,65.337,source=fused:fused;speedReason=OK;derived=85.01;locationGapMs=998;callbackGapMs=998;fusion=GPS_IMU
LOCATION,1790456735605,29.6602083,52.4892917,331.000,true,2.40,65.461,source=fused:fused;speedReason=OK;derived=85.08;locationGapMs=984;callbackGapMs=984;fusion=GPS_IMU
LOCATION,1790456736627,29.6603950,52.4891767,331.000,true,2.40,65.581,source=fused:fused;speedReason=OK;derived=85.08;locationGapMs=1023;callbackGapMs=1023;fusion=GPS_IMU
LOCATION,1790456737626,29.6605767,52.4890583,329.000,true,2.44,65.700,source=fused:fused;speedReason=OK;derived=83.51;locationGapMs=999;callbackGapMs=999;fusion=GPS_IMU
LOCATION,1790456738697,29.6607600,52.4889350,329.000,true,2.47,65.827,source=fused:fused;speedReason=OK;derived=82.70;locationGapMs=1063;callbackGapMs=1063;fusion=GPS_IMU
LOCATION,1790456739643,29.6609367,52.4888150,329.000,true,2.52,65.945,source=fused:fused;speedReason=OK;derived=83.51;locationGapMs=954;callbackGapMs=954;fusion=GPS_IMU
LOCATION,1790456740627,29.6611317,52.4886967,330.000,true,2.52,66.049,source=fused:fused;speedReason=OK;derived=85.94;locationGapMs=984;callbackGapMs=984;fusion=GPS_IMU
LOCATION,1790456741630,29.6613067,52.4885817,330.000,true,2.52,66.161,source=fused:fused;speedReason=OK;derived=85.94;locationGapMs=1003;callbackGapMs=1003;fusion=GPS_IMU
LOCATION,1790456742630,29.6614867,52.4884733,331.000,true,2.48,66.261,source=fused:fused;speedReason=OK;derived=81.24;locationGapMs=999;callbackGapMs=999;fusion=GPS_IMU
LOCATION,1790456743633,29.6616633,52.4883683,330.000,true,2.44,66.357,source=fused:fused;speedReason=OK;derived=80.28;locationGapMs=1003;callbackGapMs=1003;fusion=GPS_IMU
LOCATION,1790456744702,29.6618167,52.4882700,330.000,true,2.43,66.442,source=fused:fused;speedReason=OK;derived=79.17;locationGapMs=1064;callbackGapMs=1064;fusion=GPS_IMU
LOCATION,1790456745617,29.6619817,52.4881700,332.000,true,2.43,66.520,source=fused:fused;speedReason=OK;derived=79.17;locationGapMs=921;callbackGapMs=921;fusion=GPS_IMU
LOCATION,1790456746627,29.6621450,52.4880733,332.000,true,2.43,66.581,source=fused:fused;speedReason=OK;derived=72.71;locationGapMs=1009;callbackGapMs=1009;fusion=GPS_IMU
LOCATION,1790456747632,29.6623083,52.4879817,334.000,true,2.48,66.645,source=fused:fused;speedReason=OK;derived=72.71;locationGapMs=1005;callbackGapMs=1005;fusion=GPS_IMU
LOCATION,1790456748614,29.6624767,52.4879033,337.000,true,2.50,66.699,source=fused:fused;speedReason=OK;derived=72.71;locationGapMs=984;callbackGapMs=984;fusion=GPS_IMU
LOCATION,1790456749616,29.6626483,52.4878333,340.000,true,2.56,66.737,source=fused:fused;speedReason=OK;derived=72.55;locationGapMs=1002;callbackGapMs=1002;fusion=GPS_IMU
LOCATION,1790456750655,29.6628183,52.4877717,342.000,true,2.58,66.772,source=fused:fused;speedReason=OK;derived=72.55;locationGapMs=1032;callbackGapMs=1032;fusion=GPS_IMU
LOCATION,1790456751626,29.6629800,52.4877267,347.000,true,2.58,66.800,source=fused:fused;speedReason=OK;derived=68.95;locationGapMs=975;callbackGapMs=975;fusion=GPS_IMU
LOCATION,1790456752612,29.6631467,52.4876967,350.000,true,2.60,66.797,source=fused:fused;speedReason=OK;derived=68.16;locationGapMs=988;callbackGapMs=988;fusion=GPS_IMU
LOCATION,1790456753625,29.6633100,52.4876783,353.000,true,2.60,66.785,source=fused:fused;speedReason=OK;derived=68.11;locationGapMs=1011;callbackGapMs=1011;fusion=GPS_IMU
LOCATION,1790456754585,29.6634700,52.4876733,355.000,true,2.57,66.773,source=fused:fused;speedReason=OK;derived=66.33;locationGapMs=963;callbackGapMs=963;fusion=GPS_IMU
LOCATION,1790456755620,29.6636333,52.4876767,358.000,true,2.52,66.767,source=fused:fused;speedReason=OK;derived=64.77;locationGapMs=1034;callbackGapMs=1034;fusion=GPS_IMU
LOCATION,1790456756697,29.6637950,52.4876750,359.000,true,2.47,66.765,source=fused:fused;speedReason=OK;derived=63.03;locationGapMs=1076;callbackGapMs=1076;fusion=GPS_IMU
LOCATION,1790456757632,29.6639617,52.4876817,1.000,true,2.40,66.764,source=fused:fused;speedReason=OK;derived=63.03;locationGapMs=934;callbackGapMs=934;fusion=GPS_IMU
LOCATION,1790456758630,29.6641300,52.4876850,0.000,true,2.40,66.777,source=fused:fused;speedReason=OK;derived=67.24;locationGapMs=999;callbackGapMs=999;fusion=GPS_IMU
LOCATION,1790456759615,29.6642967,52.4876900,2.000,true,2.38,66.790,source=fused:fused;speedReason=OK;derived=67.42;locationGapMs=987;callbackGapMs=987;fusion=GPS_IMU
LOCATION,1790456760630,29.6644567,52.4876967,2.000,true,2.40,66.798,source=fused:fused;speedReason=OK;derived=67.24;locationGapMs=1013;callbackGapMs=1013;fusion=GPS_IMU
LOCATION,1790456761628,29.6646200,52.4877000,0.000,true,2.40,66.802,source=fused:fused;speedReason=OK;derived=65.31;locationGapMs=998;callbackGapMs=998;fusion=GPS_IMU
LOCATION,1790456762709,29.6647850,52.4877017,0.000,true,2.44,66.803,source=fused:fused;speedReason=OK;derived=63.07;locationGapMs=1080;callbackGapMs=1080;fusion=GPS_IMU
LOCATION,1790456763622,29.6649283,52.4877100,1.000,true,2.43,66.795,source=fused:fused;speedReason=OK;derived=62.58;locationGapMs=915;callbackGapMs=915;fusion=GPS_IMU
LOCATION,1790456764579,29.6650883,52.4877233,4.000,true,2.43,66.788,source=fused:fused;speedReason=OK;derived=62.58;locationGapMs=961;callbackGapMs=961;fusion=GPS_IMU
LOCATION,1790456765632,29.6652483,52.4877400,7.000,true,2.44,66.772,source=fused:fused;speedReason=OK;derived=62.58;locationGapMs=1049;callbackGapMs=1049;fusion=GPS_IMU
LOCATION,1790456766634,29.6654017,52.4877633,9.000,true,2.46,66.745,source=fused:fused;speedReason=OK;derived=61.57;locationGapMs=1003;callbackGapMs=1003;fusion=GPS_IMU
LOCATION,1790456767637,29.6655650,52.4877833,10.000,true,2.45,66.703,source=fused:fused;speedReason=OK;derived=61.57;locationGapMs=1002;callbackGapMs=1002;fusion=GPS_IMU
LOCATION,1790456768630,29.6657083,52.4878117,10.000,true,2.42,66.629,source=fused:fused;speedReason=OK;derived=61.57;locationGapMs=992;callbackGapMs=992;fusion=GPS_IMU
LOCATION,1790456769662,29.6658567,52.4878383,8.000,true,2.40,66.549,source=fused:fused;speedReason=OK;derived=58.50;locationGapMs=1032;callbackGapMs=1032;fusion=GPS_IMU
LOCATION,1790456770632,29.6660050,52.4878633,9.000,true,2.38,66.461,source=fused:fused;speedReason=OK;derived=58.50;locationGapMs=971;callbackGapMs=971;fusion=GPS_IMU
LOCATION,1790456771640,29.6661517,52.4878817,5.000,true,2.35,66.384,source=fused:fused;speedReason=OK;derived=58.54;locationGapMs=1006;callbackGapMs=1006;fusion=GPS_IMU
LOCATION,1790456772639,29.6662983,52.4878917,2.000,true,2.30,66.299,source=fused:fused;speedReason=OK;derived=58.66;locationGapMs=999;callbackGapMs=999;fusion=GPS_IMU
LOCATION,1790456773637,29.6664533,52.4879017,3.000,true,2.30,66.216,source=fused:fused;speedReason=OK;derived=58.66;locationGapMs=1000;callbackGapMs=1000;fusion=GPS_IMU
LOCATION,1790456774641,29.6665883,52.4879117,0.000,true,2.28,66.133,source=fused:fused;speedReason=OK;derived=58.66;locationGapMs=1003;callbackGapMs=1003;fusion=GPS_IMU
LOCATION,1790456775635,29.6667233,52.4879100,356.000,true,2.26,66.025,source=fused:fused;speedReason=OK;derived=54.20;locationGapMs=994;callbackGapMs=994;fusion=GPS_IMU
LOCATION,1790456776637,29.6668517,52.4878917,356.000,true,2.24,65.882,source=fused:fused;speedReason=OK;derived=53.82;locationGapMs=1003;callbackGapMs=1003;fusion=GPS_IMU
LOCATION,1790456777638,29.6669817,52.4878717,352.000,true,2.25,65.720,source=fused:fused;speedReason=OK;derived=52.29;locationGapMs=1001;callbackGapMs=1001;fusion=GPS_IMU
LOCATION,1790456778639,29.6671067,52.4878500,354.000,true,2.23,65.549,source=fused:fused;speedReason=OK;derived=51.48;locationGapMs=998;callbackGapMs=998;fusion=GPS_IMU
LOCATION,1790456779628,29.6672350,52.4878283,353.000,true,2.22,65.312,source=fused:fused;speedReason=OK;derived=52.17;locationGapMs=992;callbackGapMs=992;fusion=GPS_IMU
LOCATION,1790456780710,29.6673767,52.4878083,355.000,true,2.22,65.172,source=fused:fused;speedReason=OK;derived=52.17;locationGapMs=1082;callbackGapMs=1082;fusion=GPS_IMU
LOCATION,1790456781642,29.6675117,52.4877867,353.000,true,2.22,65.059,source=fused:fused;speedReason=OK;derived=52.66;locationGapMs=930;callbackGapMs=930;fusion=GPS_IMU
LOCATION,1790456782631,29.6676583,52.4877683,353.000,true,2.22,64.930,source=fused:fused;speedReason=OK;derived=58.49;locationGapMs=988;callbackGapMs=988;fusion=GPS_IMU
LOCATION,1790456783644,29.6678033,52.4877517,353.000,true,2.20,64.835,source=fused:fused;speedReason=OK;derived=58.49;locationGapMs=1016;callbackGapMs=1016;fusion=GPS_IMU
LOCATION,1790456784633,29.6679483,52.4877400,354.000,true,2.18,64.730,source=fused:fused;speedReason=OK;derived=58.77;locationGapMs=987;callbackGapMs=987;fusion=GPS_IMU
LOCATION,1790456785640,29.6680983,52.4877250,353.000,true,2.17,64.627,source=fused:fused;speedReason=OK;derived=58.77;locationGapMs=1007;callbackGapMs=1007;fusion=GPS_IMU
LOCATION,1790456786689,29.6682500,52.4877067,353.000,true,2.15,64.520,source=fused:fused;speedReason=OK;derived=58.77;locationGapMs=1051;callbackGapMs=1051;fusion=GPS_IMU
LOCATION,1790456787645,29.6684033,52.4876850,353.000,true,2.10,64.429,source=fused:fused;speedReason=OK;derived=59.67;locationGapMs=956;callbackGapMs=956;fusion=GPS_IMU
LOCATION,1790456788640,29.6685517,52.4876583,353.000,true,2.08,64.341,source=fused:fused;speedReason=OK;derived=60.31;locationGapMs=994;callbackGapMs=994;fusion=GPS_IMU
LOCATION,1790456789643,29.6687050,52.4876433,354.000,true,2.04,64.266,source=fused:fused;speedReason=OK;derived=61.15;locationGapMs=1004;callbackGapMs=1004;fusion=GPS_IMU
LOCATION,1790456790638,29.6688600,52.4876250,355.000,true,2.03,64.184,source=fused:fused;speedReason=OK;derived=61.15;locationGapMs=994;callbackGapMs=994;fusion=GPS_IMU
LOCATION,1790456791629,29.6690117,52.4876050,352.000,true,2.02,64.094,source=fused:fused;speedReason=OK;derived=61.49;locationGapMs=991;callbackGapMs=991;fusion=GPS_IMU
LOCATION,1790456792713,29.6691683,52.4875850,354.000,true,2.00,63.999,source=fused:fused;speedReason=OK;derived=61.49;locationGapMs=1084;callbackGapMs=1084;fusion=GPS_IMU
LOCATION,1790456793639,29.6693233,52.4875667,354.000,true,2.00,63.937,source=fused:fused;speedReason=OK;derived=61.49;locationGapMs=926;callbackGapMs=926;fusion=GPS_IMU
LOCATION,1790456794640,29.6694817,52.4875483,354.000,true,1.98,63.889,source=fused:fused;speedReason=OK;derived=63.53;locationGapMs=1000;callbackGapMs=1000;fusion=GPS_IMU
LOCATION,1790456795613,29.6696333,52.4875300,353.000,true,1.98,63.843,source=fused:fused;speedReason=OK;derived=63.53;locationGapMs=979;callbackGapMs=979;fusion=GPS_IMU
LOCATION,1790456796621,29.6697867,52.4875033,349.000,true,1.98,63.775,source=fused:fused;speedReason=OK;derived=62.14;locationGapMs=1006;callbackGapMs=1006;fusion=GPS_IMU
LOCATION,1790456797642,29.6699333,52.4874650,347.000,true,1.98,63.715,source=fused:fused;speedReason=OK;derived=61.55;locationGapMs=1019;callbackGapMs=1019;fusion=GPS_IMU
LOCATION,1790456798701,29.6700800,52.4874250,347.000,true,1.98,63.639,source=fused:fused;speedReason=OK;derived=58.89;locationGapMs=1059;callbackGapMs=1059;fusion=GPS_IMU
LOCATION,1790456799626,29.6702250,52.4873833,346.000,true,1.98,63.574,source=fused:fused;speedReason=OK;derived=58.89;locationGapMs=924;callbackGapMs=924;fusion=GPS_IMU
LOCATION,1790456800645,29.6703700,52.4873383,345.000,true,2.00,63.480,source=fused:fused;speedReason=OK;derived=58.77;locationGapMs=1020;callbackGapMs=1020;fusion=GPS_IMU
LOCATION,1790456801620,29.6705183,52.4872933,346.000,true,2.00,63.417,source=fused:fused;speedReason=OK;derived=62.79;locationGapMs=975;callbackGapMs=975;fusion=GPS_IMU
LOCATION,1790456802641,29.6706700,52.4872450,343.000,true,2.00,63.376,source=fused:fused;speedReason=OK;derived=61.72;locationGapMs=1018;callbackGapMs=1018;fusion=GPS_IMU
LOCATION,1790456803627,29.6708150,52.4871933,344.000,true,2.00,63.335,source=fused:fused;speedReason=OK;derived=61.72;locationGapMs=987;callbackGapMs=987;fusion=GPS_IMU
LOCATION,1790456804699,29.6709633,52.4871450,344.000,true,2.00,63.291,source=fused:fused;speedReason=OK;derived=61.40;locationGapMs=1073;callbackGapMs=1073;fusion=GPS_IMU
LOCATION,1790456805632,29.6711117,52.4870983,344.000,true,2.00,63.254,source=fused:fused;speedReason=OK;derived=61.40;locationGapMs=933;callbackGapMs=933;fusion=GPS_IMU
LOCATION,1790456806634,29.6712617,52.4870550,345.000,true,2.02,63.227,source=fused:fused;speedReason=OK;derived=61.61;locationGapMs=1002;callbackGapMs=1002;fusion=GPS_IMU
LOCATION,1790456807639,29.6714067,52.4870100,346.000,true,2.02,63.226,source=fused:fused;speedReason=OK;derived=61.61;locationGapMs=1006;callbackGapMs=1006;fusion=GPS_IMU
LOCATION,1790456808637,29.6715567,52.4869667,344.000,true,2.02,63.225,source=fused:fused;speedReason=OK;derived=61.61;locationGapMs=998;callbackGapMs=998;fusion=GPS_IMU
LOCATION,1790456809628,29.6717017,52.4869183,345.000,true,2.02,63.224,source=fused:fused;speedReason=OK;derived=60.76;locationGapMs=992;callbackGapMs=992;fusion=GPS_IMU
LOCATION,1790456810696,29.6718517,52.4868683,343.000,true,2.02,63.224,source=fused:fused;speedReason=OK;derived=60.76;locationGapMs=1066;callbackGapMs=1066;fusion=GPS_IMU
LOCATION,1790456811634,29.6720033,52.4868200,345.000,true,2.02,63.223,source=fused:fused;speedReason=OK;derived=60.76;locationGapMs=938;callbackGapMs=938;fusion=GPS_IMU
LOCATION,1790456812643,29.6721567,52.4867683,344.000,true,2.00,63.246,source=fused:fused;speedReason=OK;derived=63.30;locationGapMs=1008;callbackGapMs=1008;fusion=GPS_IMU
LOCATION,1790456813644,29.6723117,52.4867083,341.000,true,2.00,63.264,source=fused:fused;speedReason=OK;derived=65.10;locationGapMs=1003;callbackGapMs=1003;fusion=GPS_IMU
LOCATION,1790456814641,29.6724633,52.4866433,339.000,true,2.02,63.293,source=fused:fused;speedReason=OK;derived=64.86;locationGapMs=996;callbackGapMs=996;fusion=GPS_IMU
LOCATION,1790456815644,29.6726117,52.4865700,337.000,true,2.03,63.304,source=fused:fused;speedReason=OK;derived=64.86;locationGapMs=1002;callbackGapMs=1002;fusion=GPS_IMU
LOCATION,1790456816690,29.6727567,52.4864900,332.000,true,2.05,63.318,source=fused:fused;speedReason=OK;derived=64.36;locationGapMs=1046;callbackGapMs=1046;fusion=GPS_IMU
LOCATION,1790456817644,29.6729067,52.4863950,330.000,true,2.08,63.335,source=fused:fused;speedReason=OK;derived=64.36;locationGapMs=951;callbackGapMs=951;fusion=GPS_IMU
LOCATION,1790456818637,29.6730550,52.4862917,327.000,true,2.13,63.397,source=fused:fused;speedReason=OK;derived=69.55;locationGapMs=996;callbackGapMs=996;fusion=GPS_IMU
LOCATION,1790456819643,29.6732000,52.4861733,324.000,true,2.20,63.466,source=fused:fused;speedReason=OK;derived=70.50;locationGapMs=1008;callbackGapMs=1008;fusion=GPS_IMU
LOCATION,1790456820631,29.6733417,52.4860467,321.000,true,2.22,63.550,source=fused:fused;speedReason=OK;derived=70.50;locationGapMs=988;callbackGapMs=988;fusion=GPS_IMU
LOCATION,1790456821621,29.6734800,52.4859117,320.000,true,2.30,63.614,source=fused:fused;speedReason=OK;derived=72.59;locationGapMs=991;callbackGapMs=991;fusion=GPS_IMU
LOCATION,1790456822591,29.6736100,52.4857817,318.000,true,2.32,63.677,source=fused:fused;speedReason=OK;derived=72.59;locationGapMs=971;callbackGapMs=971;fusion=GPS_IMU
LOCATION,1790456823633,29.6737533,52.4856433,319.000,true,2.36,63.722,source=fused:fused;speedReason=OK;derived=71.93;locationGapMs=1040;callbackGapMs=1040;fusion=GPS_IMU
LOCATION,1790456824658,29.6738917,52.4855100,319.000,true,2.35,63.771,source=fused:fused;speedReason=OK;derived=70.93;locationGapMs=1025;callbackGapMs=1025;fusion=GPS_IMU
LOCATION,1790456825621,29.6740233,52.4853783,319.000,true,2.35,63.825,source=fused:fused;speedReason=OK;derived=71.93;locationGapMs=962;callbackGapMs=962;fusion=GPS_IMU
LOCATION,1790456826587,29.6741633,52.4852467,318.000,true,2.33,63.883,source=fused:fused;speedReason=OK;derived=72.50;locationGapMs=970;callbackGapMs=970;fusion=GPS_IMU
LOCATION,1790456827621,29.6742933,52.4851217,319.000,true,2.28,63.921,source=fused:fused;speedReason=OK;derived=72.50;locationGapMs=1031;callbackGapMs=1031;fusion=GPS_IMU
LOCATION,1790456828668,29.6744067,52.4850067,318.000,true,2.26,63.904,source=fused:fused;speedReason=OK;derived=65.70;locationGapMs=1037;callbackGapMs=1037;fusion=GPS_IMU
LOCATION,1790456829647,29.6745300,52.4848883,318.000,true,2.24,63.887,source=fused:fused;speedReason=OK;derived=65.39;locationGapMs=982;callbackGapMs=982;fusion=GPS_IMU
LOCATION,1790456830635,29.6746567,52.4847683,319.000,true,2.22,63.888,source=fused:fused;speedReason=OK;derived=65.39;locationGapMs=991;callbackGapMs=991;fusion=GPS_IMU
LOCATION,1790456831637,29.6747883,52.4846433,319.000,true,2.22,63.898,source=fused:fused;speedReason=OK;derived=66.21;locationGapMs=1003;callbackGapMs=1003;fusion=GPS_IMU
LOCATION,1790456832634,29.6749250,52.4845150,320.000,true,2.22,63.939,source=fused:fused;speedReason=OK;derived=68.03;locationGapMs=1000;callbackGapMs=1000;fusion=GPS_IMU
LOCATION,1790456833632,29.6750600,52.4843867,319.000,true,2.22,63.987,source=fused:fused;speedReason=OK;derived=70.22;locationGapMs=997;callbackGapMs=997;fusion=GPS_IMU
LOCATION,1790456834639,29.6751917,52.4842650,321.000,true,2.22,64.030,source=fused:fused;speedReason=OK;derived=70.22;locationGapMs=999;callbackGapMs=999;fusion=GPS_IMU
LOCATION,1790456835641,29.6753150,52.4841517,321.000,true,2.24,64.040,source=fused:fused;speedReason=OK;derived=67.60;locationGapMs=1010;callbackGapMs=1010;fusion=GPS_IMU
LOCATION,1790456836641,29.6754400,52.4840300,320.000,true,2.24,64.052,source=fused:fused;speedReason=OK;derived=65.67;locationGapMs=997;callbackGapMs=997;fusion=GPS_IMU
LOCATION,1790456837642,29.6755650,52.4839050,319.000,true,2.24,64.089,source=fused:fused;speedReason=OK;derived=65.67;locationGapMs=1005;callbackGapMs=1005;fusion=GPS_IMU
LOCATION,1790456838622,29.6756967,52.4837850,321.000,true,2.23,64.123,source=fused:fused;speedReason=OK;derived=65.89;locationGapMs=979;callbackGapMs=979;fusion=GPS_IMU
LOCATION,1790456839694,29.6758333,52.4836667,322.000,true,2.23,64.136,source=fused:fused;speedReason=OK;derived=65.89;locationGapMs=1063;callbackGapMs=1063;fusion=GPS_IMU
LOCATION,1790456840634,29.6759767,52.4835567,325.000,true,2.22,64.135,source=fused:fused;speedReason=OK;derived=68.60;locationGapMs=950;callbackGapMs=950;fusion=GPS_IMU
LOCATION,1790456841646,29.6761150,52.4834617,329.000,true,2.20,64.130,source=fused:fused;speedReason=OK;derived=64.29;locationGapMs=1007;callbackGapMs=1007;fusion=GPS_IMU
LOCATION,1790456842639,29.6762533,52.4833733,331.000,true,2.22,64.121,source=fused:fused;speedReason=OK;derived=63.91;locationGapMs=997;callbackGapMs=997;fusion=GPS_IMU
LOCATION,1790456843632,29.6763933,52.4832967,336.000,true,2.24,64.108,source=fused:fused;speedReason=OK;derived=63.39;locationGapMs=994;callbackGapMs=994;fusion=GPS_IMU
LOCATION,1790456844638,29.6765567,52.4832217,337.000,true,2.26,64.100,source=fused:fused;speedReason=OK;derived=63.39;locationGapMs=1006;callbackGapMs=1006;fusion=GPS_IMU
LOCATION,1790456845706,29.6767083,52.4831583,340.000,true,2.28,64.102,source=fused:fused;speedReason=OK;derived=62.29;locationGapMs=1059;callbackGapMs=1059;fusion=GPS_IMU
LOCATION,1790456846633,29.6768667,52.4831000,342.000,true,2.32,64.113,source=fused:fused;speedReason=OK;derived=69.83;locationGapMs=935;callbackGapMs=935;fusion=GPS_IMU
LOCATION,1790456847652,29.6770267,52.4830517,347.000,true,2.34,64.127,source=fused:fused;speedReason=OK;derived=65.12;locationGapMs=1014;callbackGapMs=1014;fusion=GPS_IMU
LOCATION,1790456848625,29.6771967,52.4830100,349.000,true,2.33,64.169,source=fused:fused;speedReason=OK;derived=70.79;locationGapMs=980;callbackGapMs=980;fusion=GPS_IMU
LOCATION,1790456849647,29.6773650,52.4829733,346.000,true,2.32,64.252,source=fused:fused;speedReason=OK;derived=67.03;locationGapMs=1020;callbackGapMs=1020;fusion=GPS_IMU
LOCATION,1790456850933,29.6775350,52.4829350,348.000,true,2.26,64.340,source=fused:fused;speedReason=OK;derived=70.12;locationGapMs=986;callbackGapMs=986;fusion=GPS_IMU
LOCATION,1790456851696,29.6777150,52.4828933,348.000,true,2.25,64.464,source=fused:fused;speedReason=OK;derived=69.33;locationGapMs=1057;callbackGapMs=1057;fusion=GPS_IMU
LOCATION,1790456852621,29.6778967,52.4828567,349.000,true,2.20,64.589,source=fused:fused;speedReason=OK;derived=70.12;locationGapMs=931;callbackGapMs=931;fusion=GPS_IMU
LOCATION,1790456853630,29.6780800,52.4828150,348.000,true,2.18,64.683,source=fused:fused;speedReason=OK;derived=74.35;locationGapMs=1003;callbackGapMs=1003;fusion=GPS_IMU
LOCATION,1790456854630,29.6782583,52.4827800,349.000,true,2.17,64.768,source=fused:fused;speedReason=OK;derived=74.35;locationGapMs=1005;callbackGapMs=1005;fusion=GPS_IMU
LOCATION,1790456855907,29.6784417,52.4827433,351.000,true,2.18,64.827,source=fused:fused;speedReason=OK;derived=73.85;locationGapMs=1006;callbackGapMs=1006;fusion=GPS_IMU
LOCATION,1790456856621,29.6786317,52.4827000,348.000,true,2.22,64.918,source=fused:fused;speedReason=OK;derived=73.85;locationGapMs=988;callbackGapMs=988;fusion=GPS_IMU
LOCATION,1790456857700,29.6788183,52.4826533,346.000,true,2.23,65.018,source=fused:fused;speedReason=OK;derived=73.85;locationGapMs=1069;callbackGapMs=1069;fusion=GPS_IMU
LOCATION,1790456858628,29.6790033,52.4825867,342.000,true,2.28,65.138,source=fused:fused;speedReason=OK;derived=78.25;locationGapMs=933;callbackGapMs=933;fusion=GPS_IMU
LOCATION,1790456859620,29.6791850,52.4825133,339.000,true,2.28,65.245,source=fused:fused;speedReason=OK;derived=77.12;locationGapMs=997;callbackGapMs=997;fusion=GPS_IMU
LOCATION,1790456860635,29.6793517,52.4824267,337.000,true,2.30,65.307,source=fused:fused;speedReason=OK;derived=77.12;locationGapMs=1012;callbackGapMs=1012;fusion=GPS_IMU
LOCATION,1790456861908,29.6795150,52.4823517,339.000,true,2.32,65.352,source=fused:fused;speedReason=OK;derived=72.18;locationGapMs=1000;callbackGapMs=1000;fusion=GPS_IMU
LOCATION,1790456862632,29.6796733,52.4822800,339.000,true,2.36,65.380,source=fused:fused;speedReason=OK;derived=70.21;locationGapMs=997;callbackGapMs=997;fusion=GPS_IMU
LOCATION,1790456863703,29.6798217,52.4822117,339.000,true,2.42,65.399,source=fused:fused;speedReason=OK;derived=68.14;locationGapMs=1060;callbackGapMs=1060;fusion=GPS_IMU
LOCATION,1790456864924,29.6799717,52.4821433,337.000,true,2.44,65.418,source=fused:fused;speedReason=OK;derived=67.96;locationGapMs=948;callbackGapMs=948;fusion=GPS_IMU
LOCATION,1790456865620,29.6801217,52.4820650,335.000,true,2.45,65.423,source=fused:fused;speedReason=OK;derived=67.13;locationGapMs=980;callbackGapMs=980;fusion=GPS_IMU
LOCATION,1790456866623,29.6802567,52.4819900,332.000,true,2.47,65.415,source=fused:fused;speedReason=OK;derived=67.13;locationGapMs=1001;callbackGapMs=1001;fusion=GPS_IMU
LOCATION,1790456867629,29.6804000,52.4819083,332.000,true,2.45,65.406,source=fused:fused;speedReason=OK;derived=63.25;locationGapMs=1010;callbackGapMs=1010;fusion=GPS_IMU
LOCATION,1790456868924,29.6805433,52.4818217,333.000,true,2.42,65.390,source=fused:fused;speedReason=OK;derived=63.25;locationGapMs=1001;callbackGapMs=1001;fusion=GPS_IMU
LOCATION,1790456869642,29.6806833,52.4817367,331.000,true,2.38,65.373,source=fused:fused;speedReason=OK;derived=63.25;locationGapMs=1001;callbackGapMs=1001;fusion=GPS_IMU
LOCATION,1790456870910,29.6808133,52.4816500,329.000,true,2.36,65.350,source=fused:fused;speedReason=OK;derived=63.17;locationGapMs=996;callbackGapMs=996;fusion=GPS_IMU
LOCATION,1790456871629,29.6809450,52.4815633,330.000,true,2.40,65.323,source=fused:fused;speedReason=OK;derived=60.50;locationGapMs=1002;callbackGapMs=1002;fusion=GPS_IMU
LOCATION,1790456872931,29.6810767,52.4814833,332.000,true,2.48,65.298,source=fused:fused;speedReason=OK;derived=60.27;locationGapMs=999;callbackGapMs=999;fusion=GPS_IMU
LOCATION,1790456874272,29.6812100,52.4814083,333.000,true,2.55,65.283,source=fused:fused;speedReason=OK;derived=60.05;locationGapMs=987;callbackGapMs=987;fusion=GPS_IMU
LOCATION,1790456874644,29.6813433,52.4813300,332.000,true,2.70,65.271,source=fused:fused;speedReason=OK;derived=59.55;locationGapMs=1014;callbackGapMs=1014;fusion=GPS_IMU
LOCATION,1790456875929,29.6814817,52.4812400,332.000,true,2.96,65.258,source=fused:fused;speedReason=OK;derived=60.05;locationGapMs=1003;callbackGapMs=1003;fusion=GPS_IMU
LOCATION,1790456877248,29.6816317,52.4811583,334.000,true,3.05,65.248,source=fused:fused;speedReason=OK;derived=63.32;locationGapMs=987;callbackGapMs=987;fusion=GPS_IMU
LOCATION,1790456877633,29.6817717,52.4810700,332.000,true,3.20,65.243,source=fused:fused;speedReason=OK;derived=63.65;locationGapMs=1002;callbackGapMs=1002;fusion=GPS_IMU
LOCATION,1790456878900,29.6819050,52.4809767,331.000,true,3.40,65.240,source=fused:fused;speedReason=OK;derived=63.65;locationGapMs=1007;callbackGapMs=1007;fusion=GPS_IMU
LOCATION,1790456880251,29.6820383,52.4808917,332.000,true,3.40,65.237,source=fused:fused;speedReason=OK;derived=61.91;locationGapMs=989;callbackGapMs=989;fusion=GPS_IMU
LOCATION,1790456880626,29.6821717,52.4808133,332.000,true,3.43,65.224,source=fused:fused;speedReason=OK;derived=61.56;locationGapMs=1008;callbackGapMs=1008;fusion=GPS_IMU
LOCATION,1790456881638,29.6823033,52.4807267,331.000,true,3.40,65.203,source=fused:fused;speedReason=OK;derived=60.57;locationGapMs=1000;callbackGapMs=1000;fusion=GPS_IMU
LOCATION,1790456882631,29.6824367,52.4806367,329.000,true,3.38,65.174,source=fused:fused;speedReason=OK;derived=60.57;locationGapMs=1002;callbackGapMs=1002;fusion=GPS_IMU
LOCATION,1790456883625,29.6825767,52.4805450,329.000,true,3.32,65.142,source=fused:fused;speedReason=OK;derived=61.66;locationGapMs=999;callbackGapMs=999;fusion=GPS_IMU
LOCATION,1790456884617,29.6827150,52.4804483,330.000,true,3.26,65.139,source=fused:fused;speedReason=OK;derived=64.42;locationGapMs=992;callbackGapMs=992;fusion=GPS_IMU
LOCATION,1790456885626,29.6828550,52.4803517,331.000,true,3.20,65.141,source=fused:fused;speedReason=OK;derived=64.71;locationGapMs=1008;callbackGapMs=1008;fusion=GPS_IMU
LOCATION,1790456886619,29.6830083,52.4802550,331.000,true,3.18,65.156,source=fused:fused;speedReason=OK;derived=65.18;locationGapMs=994;callbackGapMs=994;fusion=GPS_IMU
LOCATION,1790456887641,29.6831650,52.4801550,330.000,true,3.12,65.183,source=fused:fused;speedReason=OK;derived=70.26;locationGapMs=1008;callbackGapMs=1008;fusion=GPS_IMU
LOCATION,1790456888625,29.6832983,52.4800417,328.000,true,3.05,65.216,source=fused:fused;speedReason=OK;derived=70.26;locationGapMs=996;callbackGapMs=996;fusion=GPS_IMU
LOCATION,1790456889624,29.6834450,52.4799367,328.000,true,2.94,65.251,source=fused:fused;speedReason=OK;derived=69.10;locationGapMs=999;callbackGapMs=999;fusion=GPS_IMU
LOCATION,1790456890687,29.6835867,52.4798217,329.000,true,2.87,65.307,source=fused:fused;speedReason=OK;derived=66.51;locationGapMs=1063;callbackGapMs=1063;fusion=GPS_IMU
LOCATION,1790456891633,29.6837383,52.4797150,329.000,true,2.68,65.368,source=fused:fused;speedReason=OK;derived=69.10;locationGapMs=945;callbackGapMs=945;fusion=GPS_IMU
LOCATION,1790456892625,29.6838950,52.4796100,330.000,true,2.52,65.423,source=fused:fused;speedReason=OK;derived=72.96;locationGapMs=993;callbackGapMs=993;fusion=GPS_IMU
LOCATION,1790456893644,29.6840667,52.4795033,331.000,true,2.44,65.503,source=fused:fused;speedReason=OK;derived=75.14;locationGapMs=1006;callbackGapMs=1006;fusion=GPS_IMU
LOCATION,1790456894619,29.6842350,52.4793983,331.000,true,2.40,65.599,source=fused:fused;speedReason=OK;derived=77.41;locationGapMs=988;callbackGapMs=988;fusion=GPS_IMU
LOCATION,1790456895625,29.6843983,52.4793000,330.000,true,2.30,65.679,source=fused:fused;speedReason=OK;derived=77.41;locationGapMs=1007;callbackGapMs=1007;fusion=GPS_IMU
LOCATION,1790456896690,29.6845617,52.4791950,330.000,true,2.28,65.781,source=fused:fused;speedReason=OK;derived=73.11;locationGapMs=1065;callbackGapMs=1065;fusion=GPS_IMU
LOCATION,1790456897634,29.6847133,52.4790933,329.000,true,2.24,65.867,source=fused:fused;speedReason=OK;derived=73.11;locationGapMs=940;callbackGapMs=940;fusion=GPS_IMU
LOCATION,1790456898623,29.6848633,52.4789850,327.000,true,2.23,65.936,source=fused:fused;speedReason=OK;derived=71.26;locationGapMs=993;callbackGapMs=993;fusion=GPS_IMU
LOCATION,1790456899634,29.6850117,52.4788783,328.000,true,2.22,65.997,source=fused:fused;speedReason=OK;derived=71.26;locationGapMs=1002;callbackGapMs=1002;fusion=GPS_IMU
LOCATION,1790456900618,29.6851633,52.4787750,329.000,true,2.22,66.046,source=fused:fused;speedReason=OK;derived=70.96;locationGapMs=992;callbackGapMs=992;fusion=GPS_IMU
LOCATION,1790456901622,29.6853117,52.4786767,329.000,true,2.22,66.104,source=fused:fused;speedReason=OK;derived=69.78;locationGapMs=1005;callbackGapMs=1005;fusion=GPS_IMU
LOCATION,1790456902699,29.6854567,52.4785767,327.000,true,2.24,66.156,source=fused:fused;speedReason=OK;derived=68.07;locationGapMs=1076;callbackGapMs=1076;fusion=GPS_IMU
LOCATION,1790456903617,29.6856000,52.4784717,325.000,true,2.25,66.201,source=fused:fused;speedReason=OK;derived=68.07;locationGapMs=921;callbackGapMs=921;fusion=GPS_IMU
LOCATION,1790456904619,29.6857367,52.4783633,324.000,true,2.27,66.228,source=fused:fused;speedReason=OK;derived=66.28;locationGapMs=1001;callbackGapMs=1001;fusion=GPS_IMU
LOCATION,1790456905637,29.6858900,52.4782417,323.000,true,2.30,66.252,source=fused:fused;speedReason=OK;derived=73.71;locationGapMs=1007;callbackGapMs=1007;fusion=GPS_IMU
LOCATION,1790456906604,29.6860350,52.4781233,323.000,true,2.30,66.278,source=fused:fused;speedReason=OK;derived=72.66;locationGapMs=978;callbackGapMs=978;fusion=GPS_IMU
LOCATION,1790456907622,29.6861867,52.4779900,322.000,true,2.28,66.341,source=fused:fused;speedReason=OK;derived=73.90;locationGapMs=1017;callbackGapMs=1017;fusion=GPS_IMU
LOCATION,1790456908615,29.6863267,52.4778583,320.000,true,2.27,66.403,source=fused:fused;speedReason=OK;derived=72.81;locationGapMs=993;callbackGapMs=993;fusion=GPS_IMU
LOCATION,1790456909627,29.6864683,52.4777233,320.000,true,2.26,66.459,source=fused:fused;speedReason=OK;derived=72.81;locationGapMs=1011;callbackGapMs=1011;fusion=GPS_IMU
LOCATION,1790456910644,29.6866100,52.4775883,321.000,true,2.26,66.529,source=fused:fused;speedReason=OK;derived=72.81;locationGapMs=1009;callbackGapMs=1009;fusion=GPS_IMU
LOCATION,1790456911627,29.6867400,52.4774617,321.000,true,2.26,66.591,source=fused:fused;speedReason=OK;derived=72.72;locationGapMs=992;callbackGapMs=992;fusion=GPS_IMU
LOCATION,1790456912620,29.6868633,52.4773300,316.000,true,2.26,66.601,source=fused:fused;speedReason=OK;derived=68.64;locationGapMs=993;callbackGapMs=993;fusion=GPS_IMU
LOCATION,1790456913677,29.6869667,52.4771933,309.000,true,2.26,66.568,source=fused:fused;speedReason=OK;derived=67.76;locationGapMs=1057;callbackGapMs=1057;fusion=GPS_IMU
LOCATION,1790456914626,29.6870533,52.4770550,305.000,true,2.24,66.520,source=fused:fused;speedReason=OK;derived=62.49;locationGapMs=949;callbackGapMs=949;fusion=GPS_IMU
LOCATION,1790456915628,29.6871283,52.4769183,302.000,true,2.25,66.397,source=fused:fused;speedReason=OK;derived=59.62;locationGapMs=1002;callbackGapMs=1002;fusion=GPS_IMU
LOCATION,1790456916643,29.6871933,52.4767667,294.000,true,2.22,66.282,source=fused:fused;speedReason=OK;derived=58.44;locationGapMs=1007;callbackGapMs=1007;fusion=GPS_IMU
LOCATION,1790456917631,29.6872433,52.4766083,290.000,true,2.22,66.143,source=fused:fused;speedReason=OK;derived=58.44;locationGapMs=994;callbackGapMs=994;fusion=GPS_IMU
LOCATION,1790456918621,29.6872767,52.4764483,286.000,true,2.22,66.050,source=fused:fused;speedReason=OK;derived=58.44;locationGapMs=992;callbackGapMs=992;fusion=GPS_IMU
LOCATION,1790456919688,29.6872933,52.4762850,281.000,true,2.22,65.987,source=fused:fused;speedReason=OK;derived=57.78;locationGapMs=1066;callbackGapMs=1066;fusion=GPS_IMU
LOCATION,1790456920625,29.6873000,52.4761200,276.000,true,2.22,65.948,source=fused:fused;speedReason=OK;derived=57.78;locationGapMs=938;callbackGapMs=938;fusion=GPS_IMU
LOCATION,1790456921631,29.6872967,52.4759517,273.000,true,2.25,65.900,source=fused:fused;speedReason=OK;derived=58.42;locationGapMs=1004;callbackGapMs=1004;fusion=GPS_IMU
LOCATION,1790456922634,29.6872800,52.4757967,267.000,true,2.28,65.842,source=fused:fused;speedReason=OK;derived=58.42;locationGapMs=1001;callbackGapMs=1001;fusion=GPS_IMU
LOCATION,1790456923631,29.6872767,52.4756317,268.000,true,2.36,65.769,source=fused:fused;speedReason=OK;derived=57.51;locationGapMs=1000;callbackGapMs=1000;fusion=GPS_IMU
LOCATION,1790456924619,29.6872667,52.4754683,263.000,true,2.38,65.695,source=fused:fused;speedReason=OK;derived=57.51;locationGapMs=988;callbackGapMs=988;fusion=GPS_IMU
LOCATION,1790456925690,29.6872467,52.4753100,262.000,true,2.45,65.608,source=fused:fused;speedReason=OK;derived=57.51;locationGapMs=1072;callbackGapMs=1072;fusion=GPS_IMU
LOCATION,1790456926624,29.6872217,52.4751600,259.000,true,2.50,65.519,source=fused:fused;speedReason=OK;derived=57.09;locationGapMs=932;callbackGapMs=932;fusion=GPS_IMU
LOCATION,1790456927627,29.6871867,52.4750250,254.000,true,2.55,65.430,source=fused:fused;speedReason=OK;derived=51.99;locationGapMs=1006;callbackGapMs=1006;fusion=GPS_IMU
LOCATION,1790456928631,29.6871467,52.4748883,252.000,true,2.57,65.321,source=fused:fused;speedReason=OK;derived=50.28;locationGapMs=999;callbackGapMs=999;fusion=GPS_IMU
LOCATION,1790456929632,29.6871067,52.4747683,250.000,true,2.60,65.207,source=fused:fused;speedReason=OK;derived=48.78;locationGapMs=1005;callbackGapMs=1005;fusion=GPS_IMU
LOCATION,1790456930628,29.6870817,52.4746433,254.000,true,2.62,65.083,source=fused:fused;speedReason=OK;derived=44.86;locationGapMs=996;callbackGapMs=996;fusion=GPS_IMU
LOCATION,1790456931687,29.6870500,52.4745233,255.000,true,2.63,64.925,source=fused:fused;speedReason=OK;derived=44.53;locationGapMs=1058;callbackGapMs=1058;fusion=GPS_IMU
LOCATION,1790456932627,29.6870417,52.4744200,260.000,true,2.64,64.749,source=fused:fused;speedReason=OK;derived=41.29;locationGapMs=941;callbackGapMs=941;fusion=GPS_IMU
LOCATION,1790456933617,29.6870300,52.4743067,265.000,true,2.67,64.610,source=fused:fused;speedReason=OK;derived=40.11;locationGapMs=991;callbackGapMs=991;fusion=GPS_IMU
LOCATION,1790456934631,29.6870267,52.4742217,268.000,true,2.72,64.471,source=fused:fused;speedReason=OK;derived=38.41;locationGapMs=1008;callbackGapMs=1008;fusion=GPS_IMU
LOCATION,1790456935627,29.6870267,52.4741233,269.000,true,2.78,64.250,source=fused:fused;speedReason=OK;derived=34.25;locationGapMs=1001;callbackGapMs=1001;fusion=GPS_IMU
LOCATION,1790456936612,29.6870317,52.4740283,271.000,true,2.80,64.008,source=fused:fused;speedReason=OK;derived=33.63;locationGapMs=986;callbackGapMs=986;fusion=GPS_IMU
LOCATION,1790456937698,29.6870217,52.4739550,276.000,true,2.86,63.715,source=fused:fused;speedReason=OK;derived=33.63;locationGapMs=1084;callbackGapMs=1084;fusion=GPS_IMU
LOCATION,1790456938628,29.6870300,52.4738750,280.000,true,2.86,63.358,source=fused:fused;speedReason=OK;derived=30.15;locationGapMs=931;callbackGapMs=931;fusion=GPS_IMU
LOCATION,1790456939645,29.6870467,52.4737967,286.000,true,2.86,62.990,source=fused:fused;speedReason=OK;derived=27.72;locationGapMs=1013;callbackGapMs=1013;fusion=GPS_IMU
LOCATION,1790456940631,29.6870617,52.4737267,288.000,true,2.85,62.701,source=fused:fused;speedReason=OK;derived=27.72;locationGapMs=989;callbackGapMs=989;fusion=GPS_IMU
LOCATION,1790456941633,29.6870800,52.4736683,291.000,true,2.82,62.470,source=fused:fused;speedReason=OK;derived=25.39;locationGapMs=1002;callbackGapMs=1002;fusion=GPS_IMU
LOCATION,1790456942624,29.6871033,52.4736200,295.000,true,2.83,62.205,source=fused:fused;speedReason=OK;derived=21.58;locationGapMs=991;callbackGapMs=991;fusion=GPS_IMU
LOCATION,1790456943702,29.6871400,52.4735767,310.000,true,2.83,61.891,source=fused:fused;speedReason=OK;derived=19.49;locationGapMs=1079;callbackGapMs=1079;fusion=GPS_IMU
LOCATION,1790456944626,29.6871817,52.4735367,318.000,true,2.85,61.456,source=fused:fused;speedReason=OK;derived=19.49;locationGapMs=924;callbackGapMs=924;fusion=GPS_IMU
LOCATION,1790456945633,29.6872317,52.4735000,324.000,true,2.88,60.902,source=fused:fused;speedReason=OK;derived=23.49;locationGapMs=1002;callbackGapMs=1002;fusion=GPS_IMU
LOCATION,1790456946626,29.6872817,52.4734633,321.000,true,2.90,60.482,source=fused:fused;speedReason=OK;derived=23.65;locationGapMs=1000;callbackGapMs=1000;fusion=GPS_IMU
LOCATION,1790456947625,29.6873283,52.4734250,327.000,true,2.94,60.067,source=fused:fused;speedReason=OK;derived=23.65;locationGapMs=998;callbackGapMs=998;fusion=GPS_IMU
LOCATION,1790456948628,29.6873867,52.4734017,332.000,true,2.95,59.692,source=fused:fused;speedReason=OK;derived=23.70;locationGapMs=1002;callbackGapMs=1002;fusion=GPS_IMU
LOCATION,1790456949678,29.6874517,52.4733800,333.000,true,2.97,59.320,source=fused:fused;speedReason=OK;derived=24.63;locationGapMs=1050;callbackGapMs=1050;fusion=GPS_IMU
LOCATION,1790456950617,29.6875117,52.4733550,332.000,true,3.00,58.951,source=fused:fused;speedReason=OK;derived=25.73;locationGapMs=940;callbackGapMs=940;fusion=GPS_IMU
LOCATION,1790456951624,29.6875650,52.4733167,327.000,true,3.03,58.669,source=fused:fused;speedReason=OK;derived=25.73;locationGapMs=1002;callbackGapMs=1002;fusion=GPS_IMU
LOCATION,1790456952613,29.6876217,52.4732817,330.000,true,3.05,58.396,source=fused:fused;speedReason=OK;derived=25.88;locationGapMs=993;callbackGapMs=993;fusion=GPS_IMU
LOCATION,1790456953628,29.6876833,52.4732317,323.000,true,3.08,58.125,source=fused:fused;speedReason=OK;derived=25.88;locationGapMs=1014;callbackGapMs=1014;fusion=GPS_IMU
LOCATION,1790456954636,29.6877517,52.4731767,319.000,true,3.10,57.870,source=fused:fused;speedReason=OK;derived=29.71;locationGapMs=1010;callbackGapMs=1010;fusion=GPS_IMU
LOCATION,1790456955697,29.6878183,52.4731150,316.000,true,3.10,57.633,source=fused:fused;speedReason=OK;derived=32.22;locationGapMs=1061;callbackGapMs=1061;fusion=GPS_IMU
LOCATION,1790456956635,29.6878867,52.4730350,313.000,true,3.10,57.424,source=fused:fused;speedReason=OK;derived=33.02;locationGapMs=937;callbackGapMs=937;fusion=GPS_IMU
LOCATION,1790456957625,29.6879600,52.4729517,314.000,true,3.10,57.269,source=fused:fused;speedReason=OK;derived=41.64;locationGapMs=989;callbackGapMs=989;fusion=GPS_IMU
LOCATION,1790456958631,29.6880317,52.4728667,313.000,true,3.12,57.138,source=fused:fused;speedReason=OK;derived=41.64;locationGapMs=1008;callbackGapMs=1008;fusion=GPS_IMU
LOCATION,1790456959631,29.6881017,52.4727800,313.000,true,3.13,57.017,source=fused:fused;speedReason=OK;derived=41.23;locationGapMs=998;callbackGapMs=998;fusion=GPS_IMU
LOCATION,1790456960633,29.6881700,52.4726967,312.000,true,3.15,56.888,source=fused:fused;speedReason=OK;derived=40.85;locationGapMs=1000;callbackGapMs=1000;fusion=GPS_IMU
LOCATION,1790456961700,29.6882350,52.4726317,313.000,true,3.17,56.750,source=fused:fused;speedReason=OK;derived=39.82;locationGapMs=1070;callbackGapMs=1070;fusion=GPS_IMU
LOCATION,1790456962625,29.6883000,52.4725383,313.000,true,3.20,56.580,source=fused:fused;speedReason=OK;derived=39.82;locationGapMs=925;callbackGapMs=925;fusion=GPS_IMU
LOCATION,1790456963634,29.6883667,52.4724633,311.000,true,3.20,56.425,source=fused:fused;speedReason=OK;derived=36.93;locationGapMs=1010;callbackGapMs=1010;fusion=GPS_IMU
LOCATION,1790456964631,29.6884250,52.4723700,306.000,true,3.20,56.237,source=fused:fused;speedReason=OK;derived=40.18;locationGapMs=995;callbackGapMs=995;fusion=GPS_IMU
LOCATION,1790456965628,29.6884733,52.4722383,306.000,true,3.17,56.035,source=fused:fused;speedReason=OK;derived=40.18;locationGapMs=998;callbackGapMs=998;fusion=GPS_IMU
LOCATION,1790456966632,29.6885200,52.4721283,304.000,true,3.13,55.836,source=fused:fused;speedReason=OK;derived=42.49;locationGapMs=1003;callbackGapMs=1003;fusion=GPS_IMU
LOCATION,1790456967701,29.6885683,52.4720350,302.000,true,3.06,55.637,source=fused:fused;speedReason=OK;derived=42.49;locationGapMs=1067;callbackGapMs=1067;fusion=GPS_IMU
LOCATION,1790456968627,29.6886167,52.4719450,299.000,true,3.02,55.399,source=fused:fused;speedReason=OK;derived=39.64;locationGapMs=929;callbackGapMs=929;fusion=GPS_IMU
LOCATION,1790456969639,29.6886683,52.4718550,300.000,true,2.90,55.151,source=fused:fused;speedReason=OK;derived=37.14;locationGapMs=1010;callbackGapMs=1010;fusion=GPS_IMU
LOCATION,1790456970647,29.6887217,52.4717683,302.000,true,2.86,54.942,source=fused:fused;speedReason=OK;derived=37.14;locationGapMs=1009;callbackGapMs=1009;fusion=GPS_IMU
LOCATION,1790456971626,29.6887733,52.4716850,305.000,true,2.83,54.718,source=fused:fused;speedReason=OK;derived=36.64;locationGapMs=979;callbackGapMs=979;fusion=GPS_IMU
LOCATION,1790456972628,29.6888233,52.4715917,304.000,true,2.78,54.519,source=fused:fused;speedReason=OK;derived=36.64;locationGapMs=1001;callbackGapMs=1001;fusion=GPS_IMU
LOCATION,1790456973699,29.6888700,52.4715067,304.000,true,2.74,54.310,source=fused:fused;speedReason=OK;derived=36.35;locationGapMs=1071;callbackGapMs=1071;fusion=GPS_IMU
LOCATION,1790456974621,29.6889233,52.4714117,304.000,true,2.72,54.040,source=fused:fused;speedReason=OK;derived=38.11;locationGapMs=924;callbackGapMs=924;fusion=GPS_IMU
LOCATION,1790456975644,29.6889883,52.4713183,307.000,true,2.68,53.728,source=fused:fused;speedReason=OK;derived=40.68;locationGapMs=1023;callbackGapMs=1023;fusion=GPS_IMU
LOCATION,1790456976639,29.6890483,52.4712300,308.000,true,2.62,53.354,source=fused:fused;speedReason=OK;derived=40.68;locationGapMs=995;callbackGapMs=995;fusion=GPS_IMU
LOCATION,1790456977644,29.6891050,52.4711383,304.000,true,2.58,53.001,source=fused:fused;speedReason=OK;derived=39.18;locationGapMs=1005;callbackGapMs=1005;fusion=GPS_IMU
LOCATION,1790456978639,29.6891633,52.4710367,305.000,true,2.57,52.740,source=fused:fused;speedReason=OK;derived=39.18;locationGapMs=994;callbackGapMs=994;fusion=GPS_IMU
LOCATION,1790456979692,29.6892267,52.4709267,304.000,true,2.52,52.552,source=fused:fused;speedReason=OK;derived=42.62;locationGapMs=1053;callbackGapMs=1053;fusion=GPS_IMU
LOCATION,1790456980642,29.6892983,52.4708067,306.000,true,2.52,52.450,source=fused:fused;speedReason=OK;derived=43.61;locationGapMs=950;callbackGapMs=950;fusion=GPS_IMU
LOCATION,1790456981627,29.6893733,52.4706917,310.000,true,2.48,52.421,source=fused:fused;speedReason=OK;derived=50.72;locationGapMs=986;callbackGapMs=986;fusion=GPS_IMU
LOCATION,1790456982635,29.6894717,52.4705833,311.000,true,2.45,52.411,source=fused:fused;speedReason=OK;derived=53.31;locationGapMs=1008;callbackGapMs=1008;fusion=GPS_IMU
LOCATION,1790456983638,29.6895700,52.4704617,314.000,true,2.40,52.409,source=fused:fused;speedReason=OK;derived=54.05;locationGapMs=1003;callbackGapMs=1003;fusion=GPS_IMU
LOCATION,1790456984627,29.6896700,52.4703450,315.000,true,2.32,52.425,source=fused:fused;speedReason=OK;derived=57.57;locationGapMs=989;callbackGapMs=989;fusion=GPS_IMU
LOCATION,1790456985689,29.6897767,52.4702267,317.000,true,2.30,52.478,source=fused:fused;speedReason=OK;derived=57.57;locationGapMs=1061;callbackGapMs=1061;fusion=GPS_IMU
LOCATION,1790456986645,29.6898950,52.4701117,321.000,true,2.22,52.572,source=fused:fused;speedReason=OK;derived=57.61;locationGapMs=955;callbackGapMs=955;fusion=GPS_IMU
LOCATION,1790456987631,29.6900183,52.4700067,323.000,true,2.22,52.712,source=fused:fused;speedReason=OK;derived=62.06;locationGapMs=988;callbackGapMs=988;fusion=GPS_IMU
LOCATION,1790456988636,29.6901533,52.4698983,325.000,true,2.22,52.857,source=fused:fused;speedReason=OK;derived=64.84;locationGapMs=1005;callbackGapMs=1005;fusion=GPS_IMU
LOCATION,1790456989635,29.6903000,52.4697833,325.000,true,2.24,53.070,source=fused:fused;speedReason=OK;derived=65.47;locationGapMs=999;callbackGapMs=999;fusion=GPS_IMU
LOCATION,1790456990627,29.6904467,52.4696717,325.000,true,2.25,53.278,source=fused:fused;speedReason=OK;derived=70.92;locationGapMs=991;callbackGapMs=991;fusion=GPS_IMU
LOCATION,1790456991698,29.6905917,52.4695617,326.000,true,2.27,53.499,source=fused:fused;speedReason=OK;derived=70.92;locationGapMs=1072;callbackGapMs=1072;fusion=GPS_IMU
LOCATION,1790456992643,29.6907350,52.4694550,326.000,true,2.32,53.702,source=fused:fused;speedReason=OK;derived=70.92;locationGapMs=944;callbackGapMs=944;fusion=GPS_IMU
LOCATION,1790456993634,29.6908883,52.4693417,326.000,true,2.32,53.896,source=fused:fused;speedReason=OK;derived=72.25;locationGapMs=991;callbackGapMs=991;fusion=GPS_IMU
LOCATION,1790456994635,29.6910500,52.4692200,325.000,true,2.30,54.087,source=fused:fused;speedReason=OK;derived=73.47;locationGapMs=1000;callbackGapMs=1000;fusion=GPS_IMU
LOCATION,1790456995642,29.6912067,52.4691000,325.000,true,2.28,54.284,source=fused:fused;speedReason=OK;derived=74.62;locationGapMs=1008;callbackGapMs=1008;fusion=GPS_IMU
LOCATION,1790456996624,29.6913567,52.4689833,325.000,true,2.24,54.555,source=fused:fused;speedReason=OK;derived=74.62;locationGapMs=982;callbackGapMs=982;fusion=GPS_IMU
LOCATION,1790456997698,29.6915000,52.4688717,324.000,true,2.22,54.740,source=fused:fused;speedReason=OK;derived=73.69;locationGapMs=1075;callbackGapMs=1075;fusion=GPS_IMU
LOCATION,1790456998630,29.6916317,52.4687667,325.000,true,2.17,54.857,source=fused:fused;speedReason=OK;derived=68.85;locationGapMs=930;callbackGapMs=930;fusion=GPS_IMU
LOCATION,1790456999634,29.6917433,52.4686750,324.000,true,2.15,54.920,source=fused:fused;speedReason=OK;derived=64.33;locationGapMs=1005;callbackGapMs=1005;fusion=GPS_IMU
LOCATION,1790457000626,29.6918500,52.4685900,326.000,true,2.13,54.909,source=fused:fused;speedReason=OK;derived=54.54;locationGapMs=992;callbackGapMs=992;fusion=GPS_IMU
LOCATION,1790457001626,29.6919533,52.4685117,327.000,true,2.12,54.858,source=fused:fused;speedReason=OK;derived=52.28;locationGapMs=1000;callbackGapMs=1000;fusion=GPS_IMU
LOCATION,1790457002633,29.6920517,52.4684433,325.000,true,2.12,54.712,source=fused:fused;speedReason=OK;derived=49.43;locationGapMs=1007;callbackGapMs=1007;fusion=GPS_IMU
LOCATION,1790457003706,29.6921450,52.4683717,323.000,true,2.10,54.479,source=fused:fused;speedReason=OK;derived=45.61;locationGapMs=1075;callbackGapMs=1075;fusion=GPS_IMU
LOCATION,1790457004644,29.6922400,52.4682883,321.000,true,2.08,54.283,source=fused:fused;speedReason=OK;derived=45.61;locationGapMs=936;callbackGapMs=936;fusion=GPS_IMU
LOCATION,1790457005640,29.6923383,52.4682050,323.000,true,2.06,54.150,source=fused:fused;speedReason=OK;derived=48.99;locationGapMs=996;callbackGapMs=996;fusion=GPS_IMU
LOCATION,1790457006625,29.6924333,52.4681283,326.000,true,2.04,54.002,source=fused:fused;speedReason=OK;derived=48.99;locationGapMs=985;callbackGapMs=985;fusion=GPS_IMU
LOCATION,1790457007640,29.6925317,52.4680517,326.000,true,2.02,53.857,source=fused:fused;speedReason=OK;derived=47.09;locationGapMs=1013;callbackGapMs=1013;fusion=GPS_IMU
LOCATION,1790457008635,29.6926383,52.4679717,327.000,true,2.02,53.796,source=fused:fused;speedReason=OK;derived=47.09;locationGapMs=997;callbackGapMs=997;fusion=GPS_IMU
LOCATION,1790457009711,29.6927483,52.4678900,327.000,true,2.02,53.750,source=fused:fused;speedReason=OK;derived=48.67;locationGapMs=1075;callbackGapMs=1075;fusion=GPS_IMU
LOCATION,1790457010642,29.6928600,52.4678067,326.000,true,2.00,53.730,source=fused:fused;speedReason=OK;derived=51.01;locationGapMs=933;callbackGapMs=933;fusion=GPS_IMU
LOCATION,1790457011631,29.6929717,52.4677200,324.000,true,2.00,53.731,source=fused:fused;speedReason=OK;derived=54.44;locationGapMs=989;callbackGapMs=989;fusion=GPS_IMU
LOCATION,1790457012628,29.6930867,52.4676317,326.000,true,2.00,53.756,source=fused:fused;speedReason=OK;derived=55.42;locationGapMs=997;callbackGapMs=997;fusion=GPS_IMU
LOCATION,1790457013643,29.6932017,52.4675417,326.000,true,2.00,53.819,source=fused:fused;speedReason=OK;derived=54.76;locationGapMs=1015;callbackGapMs=1015;fusion=GPS_IMU
LOCATION,1790457014613,29.6933117,52.4674533,324.000,true,2.00,53.874,source=fused:fused;speedReason=OK;derived=55.28;locationGapMs=970;callbackGapMs=970;fusion=GPS_IMU
LOCATION,1790457015701,29.6934250,52.4673583,324.000,true,2.02,53.928,source=fused:fused;speedReason=OK;derived=54.76;locationGapMs=1086;callbackGapMs=1086;fusion=GPS_IMU
LOCATION,1790457016638,29.6935450,52.4672567,324.000,true,2.03,54.004,source=fused:fused;speedReason=OK;derived=55.28;locationGapMs=938;callbackGapMs=938;fusion=GPS_IMU
LOCATION,1790457017584,29.6936733,52.4671567,326.000,true,2.03,54.153,source=fused:fused;speedReason=OK;derived=63.49;locationGapMs=949;callbackGapMs=949;fusion=GPS_IMU
LOCATION,1790457018636,29.6938017,52.4670583,326.000,true,2.03,54.303,source=fused:fused;speedReason=OK;derived=63.49;locationGapMs=1052;callbackGapMs=1052;fusion=GPS_IMU
LOCATION,1790457019634,29.6939300,52.4669617,326.000,true,2.04,54.420,source=fused:fused;speedReason=OK;derived=61.70;locationGapMs=993;callbackGapMs=993;fusion=GPS_IMU
LOCATION,1790457020631,29.6940567,52.4668600,325.000,true,2.05,54.548,source=fused:fused;speedReason=OK;derived=61.70;locationGapMs=997;callbackGapMs=997;fusion=GPS_IMU
LOCATION,1790457021624,29.6941833,52.4667567,325.000,true,2.05,54.649,source=fused:fused;speedReason=OK;derived=61.93;locationGapMs=990;callbackGapMs=990;fusion=GPS_IMU
LOCATION,1790457022628,29.6943083,52.4666550,323.000,true,2.08,54.739,source=fused:fused;speedReason=OK;derived=61.93;locationGapMs=1009;callbackGapMs=1009;fusion=GPS_IMU
LOCATION,1790457023627,29.6944350,52.4665500,323.000,true,2.10,54.861,source=fused:fused;speedReason=OK;derived=62.41;locationGapMs=1000;callbackGapMs=1000;fusion=GPS_IMU
LOCATION,1790457024624,29.6945617,52.4664417,322.000,true,2.10,54.970,source=fused:fused;speedReason=OK;derived=62.41;locationGapMs=995;callbackGapMs=995;fusion=GPS_IMU
LOCATION,1790457025631,29.6946900,52.4663250,321.000,true,2.12,55.107,source=fused:fused;speedReason=OK;derived=63.40;locationGapMs=1008;callbackGapMs=1008;fusion=GPS_IMU
LOCATION,1790457026689,29.6948233,52.4661983,321.000,true,2.12,55.266,source=fused:fused;speedReason=OK;derived=64.86;locationGapMs=1058;callbackGapMs=1058;fusion=GPS_IMU
LOCATION,1790457027625,29.6949533,52.4660817,321.000,true,2.12,55.442,source=fused:fused;speedReason=OK;derived=65.33;locationGapMs=938;callbackGapMs=938;fusion=GPS_IMU
LOCATION,1790457028625,29.6950800,52.4659683,322.000,true,2.12,55.573,source=fused:fused;speedReason=OK;derived=65.33;locationGapMs=1000;callbackGapMs=1000;fusion=GPS_IMU
LOCATION,1790457029627,29.6952017,52.4658567,321.000,true,2.14,55.692,source=fused:fused;speedReason=OK;derived=64.17;locationGapMs=1002;callbackGapMs=1002;fusion=GPS_IMU
LOCATION,1790457030632,29.6953217,52.4657483,321.000,true,2.15,55.797,source=fused:fused;speedReason=OK;derived=62.09;locationGapMs=1003;callbackGapMs=1003;fusion=GPS_IMU
LOCATION,1790457031626,29.6954433,52.4656350,321.000,true,2.18,55.900,source=fused:fused;speedReason=OK;derived=62.09;locationGapMs=993;callbackGapMs=993;fusion=GPS_IMU
LOCATION,1790457032706,29.6955733,52.4655250,322.000,true,2.20,56.022,source=fused:fused;speedReason=OK;derived=60.80;locationGapMs=1082;callbackGapMs=1082;fusion=GPS_IMU
LOCATION,1790457033627,29.6957033,52.4654167,323.000,true,2.18,56.155,source=fused:fused;speedReason=OK;derived=62.99;locationGapMs=921;callbackGapMs=921;fusion=GPS_IMU
LOCATION,1790457034634,29.6958333,52.4653017,321.000,true,2.16,56.324,source=fused:fused;speedReason=OK;derived=65.22;locationGapMs=1005;callbackGapMs=1005;fusion=GPS_IMU
LOCATION,1790457035630,29.6959633,52.4651717,319.000,true,2.15,56.510,source=fused:fused;speedReason=OK;derived=69.07;locationGapMs=997;callbackGapMs=997;fusion=GPS_IMU
LOCATION,1790457036624,29.6960950,52.4650400,318.000,true,2.13,56.705,source=fused:fused;speedReason=OK;derived=69.07;locationGapMs=994;callbackGapMs=994;fusion=GPS_IMU
LOCATION,1790457037628,29.6962217,52.4649033,316.000,true,2.13,56.847,source=fused:fused;speedReason=OK;derived=69.11;locationGapMs=1005;callbackGapMs=1005;fusion=GPS_IMU
LOCATION,1790457038700,29.6963517,52.4647467,311.000,true,2.14,57.003,source=fused:fused;speedReason=OK;derived=70.16;locationGapMs=1073;callbackGapMs=1073;fusion=GPS_IMU
LOCATION,1790457039635,29.6964750,52.4645967,312.000,true,2.15,57.084,source=fused:fused;speedReason=OK;derived=70.16;locationGapMs=933;callbackGapMs=933;fusion=GPS_IMU
LOCATION,1790457040622,29.6965867,52.4644450,308.000,true,2.22,57.136,source=fused:fused;speedReason=OK;derived=70.16;locationGapMs=988;callbackGapMs=988;fusion=GPS_IMU
LOCATION,1790457041637,29.6966950,52.4642733,306.000,true,2.36,57.194,source=fused:fused;speedReason=OK;derived=72.78;locationGapMs=1014;callbackGapMs=1014;fusion=GPS_IMU
LOCATION,1790457042936,29.6968067,52.4641017,306.000,true,2.48,57.290,source=fused:fused;speedReason=OK;derived=72.78;locationGapMs=998;callbackGapMs=998;fusion=GPS_IMU
LOCATION,1790457043629,29.6969167,52.4639283,306.000,true,2.55,57.343,source=fused:fused;speedReason=OK;derived=74.72;locationGapMs=988;callbackGapMs=988;fusion=GPS_IMU
LOCATION,1790457044675,29.6970283,52.4637483,306.000,true,2.70,57.386,source=fused:fused;speedReason=OK;derived=74.72;locationGapMs=1054;callbackGapMs=1054;fusion=GPS_IMU
LOCATION,1790457045624,29.6971583,52.4635600,308.000,true,2.87,57.470,source=fused:fused;speedReason=OK;derived=75.58;locationGapMs=949;callbackGapMs=949;fusion=GPS_IMU
LOCATION,1790457046617,29.6972767,52.4633750,306.000,true,2.98,57.634,source=fused:fused;speedReason=OK;derived=80.56;locationGapMs=992;callbackGapMs=992;fusion=GPS_IMU
LOCATION,1790457047630,29.6974000,52.4631883,305.000,true,3.07,57.720,source=fused:fused;speedReason=OK;derived=80.59;locationGapMs=1012;callbackGapMs=1012;fusion=GPS_IMU
LOCATION,1790457048914,29.6975150,52.4630067,305.000,true,3.18,57.866,source=fused:fused;speedReason=OK;derived=80.56;locationGapMs=999;callbackGapMs=999;fusion=GPS_IMU
LOCATION,1790457049627,29.6976183,52.4628350,305.000,true,3.18,58.014,source=fused:fused;speedReason=OK;derived=78.24;locationGapMs=1000;callbackGapMs=1000;fusion=GPS_IMU
LOCATION,1790457050685,29.6977267,52.4626833,310.000,true,3.08,58.130,source=fused:fused;speedReason=OK;derived=72.65;locationGapMs=1055;callbackGapMs=1055;fusion=GPS_IMU
LOCATION,1790457051613,29.6978533,52.4625417,314.000,true,3.00,58.246,source=fused:fused;speedReason=OK;derived=72.65;locationGapMs=930;callbackGapMs=930;fusion=GPS_IMU
LOCATION,1790457052911,29.6979683,52.4624217,315.000,true,2.88,58.366,source=fused:fused;speedReason=OK;derived=64.74;locationGapMs=1007;callbackGapMs=1007;fusion=GPS_IMU
LOCATION,1790457053638,29.6980800,52.4623167,318.000,true,2.66,58.417,source=fused:fused;speedReason=OK;derived=61.65;locationGapMs=1018;callbackGapMs=1018;fusion=GPS_IMU
LOCATION,1790457054623,29.6981950,52.4622150,321.000,true,2.62,58.457,source=fused:fused;speedReason=OK;derived=58.86;locationGapMs=985;callbackGapMs=985;fusion=GPS_IMU
LOCATION,1790457055919,29.6983183,52.4621167,322.000,true,2.48,58.492,source=fused:fused;speedReason=OK;derived=58.86;locationGapMs=999;callbackGapMs=999;fusion=GPS_IMU
LOCATION,1790457056667,29.6984517,52.4620067,321.000,true,2.36,58.527,source=fused:fused;speedReason=OK;derived=60.01;locationGapMs=1044;callbackGapMs=1044;fusion=GPS_IMU
LOCATION,1790457057618,29.6985900,52.4618933,322.000,true,2.33,58.586,source=fused:fused;speedReason=OK;derived=62.83;locationGapMs=953;callbackGapMs=953;fusion=GPS_IMU
LOCATION,1790457058903,29.6987217,52.4617833,323.000,true,2.28,58.708,source=fused:fused;speedReason=OK;derived=65.11;locationGapMs=999;callbackGapMs=999;fusion=GPS_IMU
LOCATION,1790457059628,29.6988533,52.4616767,324.000,true,2.22,58.828,source=fused:fused;speedReason=OK;derived=65.11;locationGapMs=1005;callbackGapMs=1005;fusion=GPS_IMU
LOCATION,1790457060907,29.6989783,52.4615733,322.000,true,2.22,58.907,source=fused:fused;speedReason=OK;derived=64.00;locationGapMs=998;callbackGapMs=998;fusion=GPS_IMU
LOCATION,1790457061629,29.6990933,52.4614617,318.000,true,2.18,58.955,source=fused:fused;speedReason=OK;derived=61.65;locationGapMs=1003;callbackGapMs=1003;fusion=GPS_IMU
LOCATION,1790457062950,29.6992100,52.4613483,320.000,true,2.17,58.997,source=fused:fused;speedReason=OK;derived=59.97;locationGapMs=1027;callbackGapMs=1027;fusion=GPS_IMU
LOCATION,1790457064232,29.6993200,52.4612433,322.000,true,2.14,59.025,source=fused:fused;speedReason=OK;derived=59.46;locationGapMs=973;callbackGapMs=973;fusion=GPS_IMU
LOCATION,1790457064627,29.6994283,52.4611500,323.000,true,2.15,59.005,source=fused:fused;speedReason=OK;derived=58.73;locationGapMs=990;callbackGapMs=990;fusion=GPS_IMU
LOCATION,1790457065906,29.6995417,52.4610500,320.000,true,2.14,58.981,source=fused:fused;speedReason=OK;derived=57.17;locationGapMs=999;callbackGapMs=999;fusion=GPS_IMU
LOCATION,1790457067217,29.6996567,52.4609533,322.000,true,2.17,58.947,source=fused:fused;speedReason=OK;derived=56.93;locationGapMs=1000;callbackGapMs=1000;fusion=GPS_IMU
LOCATION,1790457067624,29.6997633,52.4608617,322.000,true,2.24,58.912,source=fused:fused;speedReason=OK;derived=56.93;locationGapMs=998;callbackGapMs=998;fusion=GPS_IMU
LOCATION,1790457068906,29.6998783,52.4607683,324.000,true,2.30,58.880,source=fused:fused;speedReason=OK;derived=55.53;locationGapMs=1013;callbackGapMs=1013;fusion=GPS_IMU
LOCATION,1790457071084,29.6999700,52.4606783,322.000,true,2.34,58.848,source=fused:fused;speedReason=OK;derived=53.29;locationGapMs=999;callbackGapMs=999;fusion=GPS_IMU
LOCATION,1790457071395,29.7000600,52.4605883,321.000,true,2.35,58.811,source=fused:fused;speedReason=OK;derived=48.24;locationGapMs=1487;callbackGapMs=1487;fusion=GPS_IMU
LOCATION,1790457071612,29.7001550,52.4604883,319.000,true,2.40,58.781,source=fused:fused;speedReason=OK;derived=48.24;locationGapMs=502;callbackGapMs=502;fusion=GPS_IMU
LOCATION,1790457072621,29.7002417,52.4603883,319.000,true,2.40,58.742,source=fused:fused;speedReason=OK;derived=48.61;locationGapMs=1010;callbackGapMs=1010;fusion=GPS_IMU
LOCATION,1790457073623,29.7003433,52.4602783,320.000,true,2.40,58.700,source=fused:fused;speedReason=OK;derived=55.73;locationGapMs=1001;callbackGapMs=1001;fusion=GPS_IMU
LOCATION,1790457074629,29.7004567,52.4601750,322.000,true,2.40,58.661,source=fused:fused;speedReason=OK;derived=55.73;locationGapMs=1002;callbackGapMs=1002;fusion=GPS_IMU
LOCATION,1790457075616,29.7005767,52.4600733,319.000,true,2.42,58.655,source=fused:fused;speedReason=OK;derived=57.70;locationGapMs=991;callbackGapMs=991;fusion=GPS_IMU
LOCATION,1790457076626,29.7006933,52.4599733,320.000,true,2.44,58.655,source=fused:fused;speedReason=OK;derived=57.78;locationGapMs=1006;callbackGapMs=1006;fusion=GPS_IMU
LOCATION,1790457077621,29.7008050,52.4598717,321.000,true,2.43,58.673,source=fused:fused;speedReason=OK;derived=57.78;locationGapMs=998;callbackGapMs=998;fusion=GPS_IMU
LOCATION,1790457078689,29.7009217,52.4597650,321.000,true,2.42,58.736,source=fused:fused;speedReason=OK;derived=57.03;locationGapMs=1069;callbackGapMs=1069;fusion=GPS_IMU
LOCATION,1790457079638,29.7010483,52.4596600,322.000,true,2.38,58.806,source=fused:fused;speedReason=OK;derived=57.03;locationGapMs=949;callbackGapMs=949;fusion=GPS_IMU
LOCATION,1790457080630,29.7011750,52.4595583,322.000,true,2.32,58.844,source=fused:fused;speedReason=OK;derived=62.24;locationGapMs=992;callbackGapMs=992;fusion=GPS_IMU
LOCATION,1790457081638,29.7013000,52.4594550,320.000,true,2.24,58.864,source=fused:fused;speedReason=OK;derived=62.24;locationGapMs=1003;callbackGapMs=1003;fusion=GPS_IMU
LOCATION,1790457082633,29.7014250,52.4593550,323.000,true,2.18,58.836,source=fused:fused;speedReason=OK;derived=61.32;locationGapMs=1001;callbackGapMs=1001;fusion=GPS_IMU
LOCATION,1790457083635,29.7015517,52.4592517,322.000,true,2.17,58.812,source=fused:fused;speedReason=OK;derived=61.32;locationGapMs=1001;callbackGapMs=1001;fusion=GPS_IMU
LOCATION,1790457084604,29.7016767,52.4591400,319.000,true,2.12,58.809,source=fused:fused;speedReason=OK;derived=62.00;locationGapMs=971;callbackGapMs=971;fusion=GPS_IMU
LOCATION,1790457085630,29.7018000,52.4590300,321.000,true,2.06,58.806,source=fused:fused;speedReason=OK;derived=62.00;locationGapMs=1025;callbackGapMs=1025;fusion=GPS_IMU
LOCATION,1790457086627,29.7019250,52.4589250,323.000,true,2.05,58.846,source=fused:fused;speedReason=OK;derived=62.11;locationGapMs=996;callbackGapMs=996;fusion=GPS_IMU
LOCATION,1790457087633,29.7020517,52.4588283,324.000,true,2.03,58.882,source=fused:fused;speedReason=OK;derived=60.84;locationGapMs=1003;callbackGapMs=1003;fusion=GPS_IMU
LOCATION,1790457088627,29.7021767,52.4587267,323.000,true,2.02,58.921,source=fused:fused;speedReason=OK;derived=61.29;locationGapMs=998;callbackGapMs=998;fusion=GPS_IMU
LOCATION,1790457089629,29.7023050,52.4586250,325.000,true,2.00,58.966,source=fused:fused;speedReason=OK;derived=61.29;locationGapMs=1001;callbackGapMs=1001;fusion=GPS_IMU
LOCATION,1790457090677,29.7024350,52.4585267,326.000,true,2.00,59.005,source=fused:fused;speedReason=OK;derived=61.29;locationGapMs=1049;callbackGapMs=1049;fusion=GPS_IMU
LOCATION,1790457091636,29.7025683,52.4584333,327.000,true,2.00,59.059,source=fused:fused;speedReason=OK;derived=62.20;locationGapMs=959;callbackGapMs=959;fusion=GPS_IMU
LOCATION,1790457092625,29.7027117,52.4583300,328.000,true,2.00,59.154,source=fused:fused;speedReason=OK;derived=65.02;locationGapMs=987;callbackGapMs=987;fusion=GPS_IMU
LOCATION,1790457093635,29.7028617,52.4582267,329.000,true,2.00,59.280,source=fused:fused;speedReason=OK;derived=68.49;locationGapMs=1006;callbackGapMs=1006;fusion=GPS_IMU
LOCATION,1790457094639,29.7030150,52.4581183,328.000,true,2.00,59.473,source=fused:fused;speedReason=OK;derived=69.43;locationGapMs=1008;callbackGapMs=1008;fusion=GPS_IMU
LOCATION,1790457095640,29.7031600,52.4580117,326.000,true,2.00,59.621,source=fused:fused;speedReason=OK;derived=69.43;locationGapMs=1002;callbackGapMs=1002;fusion=GPS_IMU
LOCATION,1790457096682,29.7033017,52.4579050,328.000,true,2.00,59.737,source=fused:fused;speedReason=OK;derived=68.62;locationGapMs=1042;callbackGapMs=1042;fusion=GPS_IMU
LOCATION,1790457097640,29.7034433,52.4578033,330.000,true,2.00,59.843,source=fused:fused;speedReason=OK;derived=68.62;locationGapMs=958;callbackGapMs=958;fusion=GPS_IMU
LOCATION,1790457098641,29.7035883,52.4577083,331.000,true,2.00,59.961,source=fused:fused;speedReason=OK;derived=66.93;locationGapMs=996;callbackGapMs=996;fusion=GPS_IMU
LOCATION,1790457099631,29.7037333,52.4576167,331.000,true,2.00,60.061,source=fused:fused;speedReason=OK;derived=66.93;locationGapMs=994;callbackGapMs=994;fusion=GPS_IMU
LOCATION,1790457100625,29.7038717,52.4575283,332.000,true,2.00,60.158,source=fused:fused;speedReason=OK;derived=66.48;locationGapMs=996;callbackGapMs=996;fusion=GPS_IMU
LOCATION,1790457101625,29.7040050,52.4574417,331.000,true,2.00,60.234,source=fused:fused;speedReason=OK;derived=63.49;locationGapMs=1000;callbackGapMs=1000;fusion=GPS_IMU
LOCATION,1790457102699,29.7041300,52.4573617,332.000,true,2.00,60.205,source=fused:fused;speedReason=OK;derived=61.15;locationGapMs=1074;callbackGapMs=1074;fusion=GPS_IMU
LOCATION,1790457103631,29.7042533,52.4572800,330.000,true,2.02,60.162,source=fused:fused;speedReason=OK;derived=61.06;locationGapMs=931;callbackGapMs=931;fusion=GPS_IMU
LOCATION,1790457104628,29.7043833,52.4571967,330.000,true,2.02,60.108,source=fused:fused;speedReason=OK;derived=59.86;locationGapMs=993;callbackGapMs=993;fusion=GPS_IMU
LOCATION,1790457105623,29.7045133,52.4571083,329.000,true,2.02,60.143,source=fused:fused;speedReason=OK;derived=60.33;locationGapMs=1000;callbackGapMs=1000;fusion=GPS_IMU
LOCATION,1790457106633,29.7046483,52.4570150,329.000,true,2.02,60.192,source=fused:fused;speedReason=OK;derived=60.33;locationGapMs=1009;callbackGapMs=1009;fusion=GPS_IMU
LOCATION,1790457107621,29.7047883,52.4569167,329.000,true,2.02,60.371,source=fused:fused;speedReason=OK;derived=62.36;locationGapMs=988;callbackGapMs=988;fusion=GPS_IMU
LOCATION,1790457108711,29.7049400,52.4568150,329.000,true,2.00,60.579,source=fused:fused;speedReason=OK;derived=64.77;locationGapMs=1083;callbackGapMs=1083;fusion=GPS_IMU
LOCATION,1790457109644,29.7051000,52.4567117,331.000,true,2.00,60.853,source=fused:fused;speedReason=OK;derived=66.32;locationGapMs=935;callbackGapMs=935;fusion=GPS_IMU
LOCATION,1790457110632,29.7052633,52.4566083,331.000,true,2.02,61.258,source=fused:fused;speedReason=OK;derived=74.98;locationGapMs=993;callbackGapMs=993;fusion=GPS_IMU
LOCATION,1790457111627,29.7054267,52.4565050,330.000,true,2.03,61.598,source=fused:fused;speedReason=OK;derived=74.98;locationGapMs=995;callbackGapMs=995;fusion=GPS_IMU
LOCATION,1790457112633,29.7055800,52.4564017,330.000,true,2.04,61.982,source=fused:fused;speedReason=OK;derived=74.85;locationGapMs=1005;callbackGapMs=1005;fusion=GPS_IMU
LOCATION,1790457113636,29.7057383,52.4562967,330.000,true,2.03,62.319,source=fused:fused;speedReason=OK;derived=72.78;locationGapMs=1003;callbackGapMs=1003;fusion=GPS_IMU
LOCATION,1790457114619,29.7059017,52.4561850,329.000,true,2.03,62.644,source=fused:fused;speedReason=OK;derived=72.78;locationGapMs=985;callbackGapMs=985;fusion=GPS_IMU
LOCATION,1790457115646,29.7060700,52.4560717,330.000,true,2.02,62.974,source=fused:fused;speedReason=OK;derived=76.30;locationGapMs=1021;callbackGapMs=1021;fusion=GPS_IMU
LOCATION,1790457116625,29.7062450,52.4559633,332.000,true,2.02,63.291,source=fused:fused;speedReason=OK;derived=77.09;locationGapMs=984;callbackGapMs=984;fusion=GPS_IMU
LOCATION,1790457117624,29.7064233,52.4558533,331.000,true,2.00,63.666,source=fused:fused;speedReason=OK;derived=80.68;locationGapMs=1000;callbackGapMs=1000;fusion=GPS_IMU
LOCATION,1790457118628,29.7065983,52.4557433,330.000,true,2.00,64.011,source=fused:fused;speedReason=OK;derived=80.68;locationGapMs=1002;callbackGapMs=1002;fusion=GPS_IMU
LOCATION,1790457119627,29.7067633,52.4556350,330.000,true,2.00,64.387,source=fused:fused;speedReason=OK;derived=79.50;locationGapMs=998;callbackGapMs=998;fusion=GPS_IMU
LOCATION,1790457120616,29.7069333,52.4555267,330.000,true,2.00,64.751,source=fused:fused;speedReason=OK;derived=78.33;locationGapMs=991;callbackGapMs=991;fusion=GPS_IMU
LOCATION,1790457121631,29.7070983,52.4554217,331.000,true,2.00,65.002,source=fused:fused;speedReason=OK;derived=76.04;locationGapMs=1010;callbackGapMs=1010;fusion=GPS_IMU
LOCATION,1790457122600,29.7072567,52.4553267,332.000,true,2.00,65.153,source=fused:fused;speedReason=OK;derived=74.58;locationGapMs=975;callbackGapMs=975;fusion=GPS_IMU
LOCATION,1790457123623,29.7074083,52.4552483,335.000,true,2.00,65.205,source=fused:fused;speedReason=OK;derived=73.18;locationGapMs=1022;callbackGapMs=1022;fusion=GPS_IMU
LOCATION,1790457124627,29.7075450,52.4551817,336.000,true,2.02,65.188,source=fused:fused;speedReason=OK;derived=64.95;locationGapMs=1004;callbackGapMs=1004;fusion=GPS_IMU
LOCATION,1790457125685,29.7076667,52.4551233,337.000,true,2.04,65.096,source=fused:fused;speedReason=OK;derived=59.04;locationGapMs=1059;callbackGapMs=1059;fusion=GPS_IMU
LOCATION,1790457126633,29.7077700,52.4550667,333.000,true,2.08,64.817,source=fused:fused;speedReason=OK;derived=49.72;locationGapMs=942;callbackGapMs=942;fusion=GPS_IMU
LOCATION,1790457127626,29.7078617,52.4550100,332.000,true,2.12,64.390,source=fused:fused;speedReason=OK;derived=48.51;locationGapMs=998;callbackGapMs=998;fusion=GPS_IMU
LOCATION,1790457128632,29.7079450,52.4549567,330.000,true,2.16,63.872,source=fused:fused;speedReason=OK;derived=41.67;locationGapMs=1007;callbackGapMs=1007;fusion=GPS_IMU
LOCATION,1790457129622,29.7080300,52.4548983,328.000,true,2.17,63.328,source=fused:fused;speedReason=OK;derived=40.03;locationGapMs=988;callbackGapMs=988;fusion=GPS_IMU
LOCATION,1790457130631,29.7081150,52.4548400,328.000,true,2.20,62.720,source=fused:fused;speedReason=OK;derived=39.14;locationGapMs=1010;callbackGapMs=1010;fusion=GPS_IMU
LOCATION,1790457131701,29.7082100,52.4547800,331.000,true,2.23,62.159,source=fused:fused;speedReason=OK;derived=40.03;locationGapMs=1066;callbackGapMs=1066;fusion=GPS_IMU
LOCATION,1790457132595,29.7083083,52.4547217,332.000,true,2.25,61.711,source=fused:fused;speedReason=OK;derived=40.61;locationGapMs=900;callbackGapMs=900;fusion=GPS_IMU
LOCATION,1790457133644,29.7084150,52.4546617,334.000,true,2.28,61.331,source=fused:fused;speedReason=OK;derived=45.22;locationGapMs=1049;callbackGapMs=1049;fusion=GPS_IMU
LOCATION,1790457134623,29.7085350,52.4546000,334.000,true,2.28,61.070,source=fused:fused;speedReason=OK;derived=49.08;locationGapMs=977;callbackGapMs=977;fusion=GPS_IMU
LOCATION,1790457135617,29.7086450,52.4545417,337.000,true,2.28,60.895,source=fused:fused;speedReason=OK;derived=48.56;locationGapMs=996;callbackGapMs=996;fusion=GPS_IMU
LOCATION,1790457136609,29.7087550,52.4544783,333.000,true,2.28,60.765,source=fused:fused;speedReason=OK;derived=49.49;locationGapMs=993;callbackGapMs=993;fusion=GPS_IMU
LOCATION,1790457137619,29.7088683,52.4544117,331.000,true,2.30,60.637,source=fused:fused;speedReason=OK;derived=49.49;locationGapMs=1005;callbackGapMs=1005;fusion=GPS_IMU
LOCATION,1790457138599,29.7089900,52.4543300,331.000,true,2.30,60.546,source=fused:fused;speedReason=OK;derived=50.56;locationGapMs=983;callbackGapMs=983;fusion=GPS_IMU
LOCATION,1790457139637,29.7091217,52.4542500,334.000,true,2.32,60.507,source=fused:fused;speedReason=OK;derived=57.26;locationGapMs=1038;callbackGapMs=1038;fusion=GPS_IMU
LOCATION,1790457140618,29.7092633,52.4541683,333.000,true,2.32,60.517,source=fused:fused;speedReason=OK;derived=57.31;locationGapMs=979;callbackGapMs=979;fusion=GPS_IMU
LOCATION,1790457141710,29.7094200,52.4540800,333.000,true,2.30,60.544,source=fused:fused;speedReason=OK;derived=63.64;locationGapMs=1095;callbackGapMs=1095;fusion=GPS_IMU
LOCATION,1790457142622,29.7095800,52.4539850,332.000,true,2.26,60.672,source=fused:fused;speedReason=OK;derived=64.63;locationGapMs=906;callbackGapMs=906;fusion=GPS_IMU
LOCATION,1790457143618,29.7097417,52.4538883,333.000,true,2.22,60.814,source=fused:fused;speedReason=OK;derived=72.79;locationGapMs=1000;callbackGapMs=1000;fusion=GPS_IMU
LOCATION,1790457144626,29.7098850,52.4538050,333.000,true,2.20,60.938,source=fused:fused;speedReason=OK;derived=72.79;locationGapMs=1009;callbackGapMs=1009;fusion=GPS_IMU
LOCATION,1790457145744,29.7100350,52.4537167,333.000,true,2.17,61.012,source=fused:fused;speedReason=OK;derived=63.55;locationGapMs=1120;callbackGapMs=1120;fusion=GPS_IMU
LOCATION,1790457146620,29.7101817,52.4536267,332.000,true,2.12,61.080,source=fused:fused;speedReason=OK;derived=63.55;locationGapMs=873;callbackGapMs=873;fusion=GPS_IMU
LOCATION,1790457147633,29.7103333,52.4535400,334.000,true,2.10,61.139,source=fused:fused;speedReason=OK;derived=67.01;locationGapMs=1009;callbackGapMs=1009;fusion=GPS_IMU
LOCATION,1790457148612,29.7104917,52.4534500,333.000,true,2.10,61.278,source=fused:fused;speedReason=OK;derived=71.71;locationGapMs=984;callbackGapMs=984;fusion=GPS_IMU
LOCATION,1790457149637,29.7106567,52.4533533,332.000,true,2.10,61.467,source=fused:fused;speedReason=OK;derived=71.71;locationGapMs=1024;callbackGapMs=1024;fusion=GPS_IMU
LOCATION,1790457150622,29.7108250,52.4532567,333.000,true,2.10,61.709,source=fused:fused;speedReason=OK;derived=72.23;locationGapMs=984;callbackGapMs=984;fusion=GPS_IMU
LOCATION,1790457151631,29.7109967,52.4531633,334.000,true,2.08,61.935,source=fused:fused;speedReason=OK;derived=75.10;locationGapMs=1010;callbackGapMs=1010;fusion=GPS_IMU
LOCATION,1790457152636,29.7111683,52.4530667,332.000,true,2.06,62.207,source=fused:fused;speedReason=OK;derived=76.22;locationGapMs=1001;callbackGapMs=1001;fusion=GPS_IMU
LOCATION,1790457153686,29.7113433,52.4529617,331.000,true,2.06,62.506,source=fused:fused;speedReason=OK;derived=75.10;locationGapMs=1055;callbackGapMs=1055;fusion=GPS_IMU
LOCATION,1790457154625,29.7115150,52.4528600,332.000,true,2.07,62.766,source=fused:fused;speedReason=OK;derived=76.22;locationGapMs=939;callbackGapMs=939;fusion=GPS_IMU
LOCATION,1790457155629,29.7116933,52.4527617,334.000,true,2.08,63.067,source=fused:fused;speedReason=OK;derived=78.80;locationGapMs=1002;callbackGapMs=1002;fusion=GPS_IMU
LOCATION,1790457156622,29.7118900,52.4526483,331.000,true,2.08,63.307,source=fused:fused;speedReason=OK;derived=82.15;locationGapMs=994;callbackGapMs=994;fusion=GPS_IMU
LOCATION,1790457157630,29.7120733,52.4525450,333.000,true,2.10,63.584,source=fused:fused;speedReason=OK;derived=80.87;locationGapMs=1008;callbackGapMs=1008;fusion=GPS_IMU
LOCATION,1790457158623,29.7122517,52.4524433,332.000,true,2.13,63.890,source=fused:fused;speedReason=OK;derived=80.87;locationGapMs=988;callbackGapMs=988;fusion=GPS_IMU
LOCATION,1790457159696,29.7124283,52.4523450,334.000,true,2.16,64.175,source=fused:fused;speedReason=OK;derived=80.48;locationGapMs=1078;callbackGapMs=1078;fusion=GPS_IMU
LOCATION,1790457160632,29.7126033,52.4522467,332.000,true,2.17,64.443,source=fused:fused;speedReason=OK;derived=80.48;locationGapMs=934;callbackGapMs=934;fusion=GPS_IMU
LOCATION,1790457161622,29.7127750,52.4521467,332.000,true,2.20,64.655,source=fused:fused;speedReason=OK;derived=77.56;locationGapMs=991;callbackGapMs=991;fusion=GPS_IMU
LOCATION,1790457162628,29.7129467,52.4520483,333.000,true,2.22,64.855,source=fused:fused;speedReason=OK;derived=77.56;locationGapMs=1006;callbackGapMs=1006;fusion=GPS_IMU
LOCATION,1790457163633,29.7131150,52.4519550,333.000,true,2.26,65.049,source=fused:fused;speedReason=OK;derived=76.16;locationGapMs=1002;callbackGapMs=1002;fusion=GPS_IMU
LOCATION,1790457164614,29.7132700,52.4518683,334.000,true,2.27,65.175,source=fused:fused;speedReason=OK;derived=74.46;locationGapMs=984;callbackGapMs=984;fusion=GPS_IMU
LOCATION,1790457165687,29.7134250,52.4517817,333.000,true,2.28,65.245,source=fused:fused;speedReason=OK;derived=69.95;locationGapMs=1074;callbackGapMs=1074;fusion=GPS_IMU
LOCATION,1790457166624,29.7135800,52.4516817,330.000,true,2.28,65.291,source=fused:fused;speedReason=OK;derived=69.95;locationGapMs=937;callbackGapMs=937;fusion=GPS_IMU
LOCATION,1790457167632,29.7137350,52.4515800,332.000,true,2.26,65.341,source=fused:fused;speedReason=OK;derived=70.71;locationGapMs=1008;callbackGapMs=1008;fusion=GPS_IMU
LOCATION,1790457168622,29.7138883,52.4514917,333.000,true,2.28,65.376,source=fused:fused;speedReason=OK;derived=70.71;locationGapMs=988;callbackGapMs=988;fusion=GPS_IMU
LOCATION,1790457169629,29.7140417,52.4514083,334.000,true,2.32,65.402,source=fused:fused;speedReason=OK;derived=69.30;locationGapMs=1009;callbackGapMs=1009;fusion=GPS_IMU
LOCATION,1790457170625,29.7141950,52.4513183,331.000,true,2.38,65.421,source=fused:fused;speedReason=OK;derived=68.95;locationGapMs=997;callbackGapMs=997;fusion=GPS_IMU
LOCATION,1790457171696,29.7143500,52.4512317,333.000,true,2.43,65.447,source=fused:fused;speedReason=OK;derived=67.15;locationGapMs=1069;callbackGapMs=1069;fusion=GPS_IMU
LOCATION,1790457172618,29.7145150,52.4511467,333.000,true,2.53,65.473,source=fused:fused;speedReason=OK;derived=68.95;locationGapMs=923;callbackGapMs=923;fusion=GPS_IMU
LOCATION,1790457173620,29.7146783,52.4510633,336.000,true,2.63,65.508,source=fused:fused;speedReason=OK;derived=71.28;locationGapMs=1001;callbackGapMs=1001;fusion=GPS_IMU
LOCATION,1790457174620,29.7148383,52.4509767,334.000,true,2.72,65.549,source=fused:fused;speedReason=OK;derived=71.28;locationGapMs=1001;callbackGapMs=1001;fusion=GPS_IMU
LOCATION,1790457175626,29.7150017,52.4508867,334.000,true,2.80,65.596,source=fused:fused;speedReason=OK;derived=71.28;locationGapMs=1001;callbackGapMs=1001;fusion=GPS_IMU
LOCATION,1790457176616,29.7151617,52.4508017,335.000,true,2.87,65.636,source=fused:fused;speedReason=OK;derived=70.66;locationGapMs=996;callbackGapMs=996;fusion=GPS_IMU
LOCATION,1790457177686,29.7153200,52.4507217,336.000,true,2.96,65.661,source=fused:fused;speedReason=OK;derived=70.66;locationGapMs=1064;callbackGapMs=1064;fusion=GPS_IMU
LOCATION,1790457178623,29.7154850,52.4506350,334.000,true,2.98,65.686,source=fused:fused;speedReason=OK;derived=70.66;locationGapMs=942;callbackGapMs=942;fusion=GPS_IMU
LOCATION,1790457179633,29.7156533,52.4505467,334.000,true,3.08,65.716,source=fused:fused;speedReason=OK;derived=73.21;locationGapMs=1009;callbackGapMs=1009;fusion=GPS_IMU
LOCATION,1790457180628,29.7158150,52.4504617,335.000,true,3.12,65.744,source=fused:fused;speedReason=OK;derived=73.21;locationGapMs=991;callbackGapMs=991;fusion=GPS_IMU
LOCATION,1790457181627,29.7159750,52.4503733,333.000,true,3.18,65.768,source=fused:fused;speedReason=OK;derived=71.64;locationGapMs=1004;callbackGapMs=1004;fusion=GPS_IMU
LOCATION,1790457182623,29.7161233,52.4502850,332.000,true,3.20,65.784,source=fused:fused;speedReason=OK;derived=70.60;locationGapMs=996;callbackGapMs=996;fusion=GPS_IMU
LOCATION,1790457183688,29.7162717,52.4501933,331.000,true,3.26,65.794,source=fused:fused;speedReason=OK;derived=66.96;locationGapMs=1059;callbackGapMs=1059;fusion=GPS_IMU
LOCATION,1790457184613,29.7164317,52.4501033,333.000,true,3.28,65.800,source=fused:fused;speedReason=OK;derived=66.96;locationGapMs=931;callbackGapMs=931;fusion=GPS_IMU
LOCATION,1790457185619,29.7166017,52.4500150,333.000,true,3.33,65.812,source=fused:fused;speedReason=OK;derived=74.04;locationGapMs=1006;callbackGapMs=1006;fusion=GPS_IMU
LOCATION,1790457186626,29.7167717,52.4499167,332.000,true,3.40,65.838,source=fused:fused;speedReason=OK;derived=75.84;locationGapMs=1002;callbackGapMs=1002;fusion=GPS_IMU
LOCATION,1790457187624,29.7169400,52.4498100,330.000,true,3.48,65.870,source=fused:fused;speedReason=OK;derived=75.84;locationGapMs=1004;callbackGapMs=1004;fusion=GPS_IMU
LOCATION,1790457188625,29.7171000,52.4496950,327.000,true,3.52,65.903,source=fused:fused;speedReason=OK;derived=75.84;locationGapMs=998;callbackGapMs=998;fusion=GPS_IMU
LOCATION,1790457189682,29.7172700,52.4495750,328.000,true,3.62,65.940,source=fused:fused;speedReason=OK;derived=75.60;locationGapMs=1054;callbackGapMs=1054;fusion=GPS_IMU
LOCATION,1790457190625,29.7174383,52.4494617,328.000,true,3.66,65.988,source=fused:fused;speedReason=OK;derived=75.60;locationGapMs=948;callbackGapMs=948;fusion=GPS_IMU
LOCATION,1790457191625,29.7176067,52.4493567,330.000,true,3.67,66.031,source=fused:fused;speedReason=OK;derived=76.82;locationGapMs=996;callbackGapMs=996;fusion=GPS_IMU
LOCATION,1790457192619,29.7177700,52.4492600,333.000,true,3.68,66.080,source=fused:fused;speedReason=OK;derived=76.82;locationGapMs=998;callbackGapMs=998;fusion=GPS_IMU
LOCATION,1790457193620,29.7179417,52.4491550,332.000,true,3.70,66.118,source=fused:fused;speedReason=OK;derived=76.82;locationGapMs=1002;callbackGapMs=1002;fusion=GPS_IMU
LOCATION,1790457194627,29.7181100,52.4490500,332.000,true,3.70,66.179,source=fused:fused;speedReason=OK;derived=76.09;locationGapMs=1005;callbackGapMs=1005;fusion=GPS_IMU
LOCATION,1790457195672,29.7182767,52.4489350,331.000,true,3.70,66.243,source=fused:fused;speedReason=OK;derived=76.09;locationGapMs=1042;callbackGapMs=1042;fusion=GPS_IMU
LOCATION,1790457196608,29.7184383,52.4488050,327.000,true,3.70,66.327,source=fused:fused;speedReason=OK;derived=76.09;locationGapMs=941;callbackGapMs=941;fusion=GPS_IMU
LOCATION,1790457197625,29.7185967,52.4486700,327.000,true,3.68,66.397,source=fused:fused;speedReason=OK;derived=77.93;locationGapMs=1011;callbackGapMs=1011;fusion=GPS_IMU
LOCATION,1790457198630,29.7187667,52.4485350,329.000,true,3.64,66.512,source=fused:fused;speedReason=OK;derived=81.73;locationGapMs=1010;callbackGapMs=1010;fusion=GPS_IMU
LOCATION,1790457199591,29.7189300,52.4484067,328.000,true,3.60,66.628,source=fused:fused;speedReason=OK;derived=81.73;locationGapMs=963;callbackGapMs=963;fusion=GPS_IMU
LOCATION,1790457200616,29.7191000,52.4482867,328.000,true,3.52,66.744,source=fused:fused;speedReason=OK;derived=81.73;locationGapMs=1024;callbackGapMs=1024;fusion=GPS_IMU
LOCATION,1790457201686,29.7192433,52.4481600,328.000,true,3.36,66.874,source=fused:fused;speedReason=OK;derived=77.81;locationGapMs=1064;callbackGapMs=1064;fusion=GPS_IMU
LOCATION,1790457202623,29.7193800,52.4480517,328.000,true,3.16,66.998,source=fused:fused;speedReason=OK;derived=70.56;locationGapMs=940;callbackGapMs=940;fusion=GPS_IMU
LOCATION,1790457203621,29.7195417,52.4479333,329.000,true,3.03,67.095,source=fused:fused;speedReason=OK;derived=70.56;locationGapMs=999;callbackGapMs=999;fusion=GPS_IMU
LOCATION,1790457204620,29.7197050,52.4478183,329.000,true,2.72,67.211,source=fused:fused;speedReason=OK;derived=76.42;locationGapMs=1001;callbackGapMs=1001;fusion=GPS_IMU
LOCATION,1790457205618,29.7198667,52.4476967,327.000,true,2.50,67.414,source=fused:fused;speedReason=OK;derived=76.66;locationGapMs=998;callbackGapMs=998;fusion=GPS_IMU
LOCATION,1790457206620,29.7200333,52.4475750,328.000,true,2.45,67.705,source=fused:fused;speedReason=OK;derived=77.34;locationGapMs=1001;callbackGapMs=1001;fusion=GPS_IMU
LOCATION,1790457207704,29.7202033,52.4474517,327.000,true,2.32,67.969,source=fused:fused;speedReason=OK;derived=77.34;locationGapMs=1075;callbackGapMs=1075;fusion=GPS_IMU
LOCATION,1790457208636,29.7203700,52.4473300,327.000,true,2.20,68.216,source=fused:fused;speedReason=OK;derived=78.77;locationGapMs=939;callbackGapMs=939;fusion=GPS_IMU
LOCATION,1790457209638,29.7205333,52.4472083,327.000,true,2.16,68.429,source=fused:fused;speedReason=OK;derived=77.43;locationGapMs=1004;callbackGapMs=1004;fusion=GPS_IMU
LOCATION,1790457210634,29.7206967,52.4470900,328.000,true,2.12,68.604,source=fused:fused;speedReason=OK;derived=77.52;locationGapMs=995;callbackGapMs=995;fusion=GPS_IMU
LOCATION,1790457211629,29.7208600,52.4469717,328.000,true,2.10,68.801,source=fused:fused;speedReason=OK;derived=77.43;locationGapMs=997;callbackGapMs=997;fusion=GPS_IMU
LOCATION,1790457212637,29.7210250,52.4468550,328.000,true,2.12,68.992,source=fused:fused;speedReason=OK;derived=77.33;locationGapMs=1007;callbackGapMs=1007;fusion=GPS_IMU
LOCATION,1790457213708,29.7211867,52.4467417,328.000,true,2.14,69.150,source=fused:fused;speedReason=OK;derived=76.84;locationGapMs=1061;callbackGapMs=1061;fusion=GPS_IMU
LOCATION,1790457214635,29.7213483,52.4466267,327.000,true,2.15,69.325,source=fused:fused;speedReason=OK;derived=76.84;locationGapMs=937;callbackGapMs=937;fusion=GPS_IMU
LOCATION,1790457215640,29.7215117,52.4465100,328.000,true,2.18,69.512,source=fused:fused;speedReason=OK;derived=76.61;locationGapMs=1003;callbackGapMs=1003;fusion=GPS_IMU
LOCATION,1790457216629,29.7216733,52.4463933,327.000,true,2.18,69.693,source=fused:fused;speedReason=OK;derived=77.00;locationGapMs=990;callbackGapMs=990;fusion=GPS_IMU
LOCATION,1790457217636,29.7218283,52.4462767,326.000,true,2.20,69.860,source=fused:fused;speedReason=OK;derived=76.61;locationGapMs=1007;callbackGapMs=1007;fusion=GPS_IMU
LOCATION,1790457218628,29.7219900,52.4461583,327.000,true,2.20,70.023,source=fused:fused;speedReason=OK;derived=77.00;locationGapMs=991;callbackGapMs=991;fusion=GPS_IMU
LOCATION,1790457219716,29.7221550,52.4460433,328.000,true,2.18,70.272,source=fused:fused;speedReason=OK;derived=73.48;locationGapMs=1083;callbackGapMs=1083;fusion=GPS_IMU
LOCATION,1790457220628,29.7223167,52.4459267,327.000,true,2.17,70.479,source=fused:fused;speedReason=OK;derived=77.28;locationGapMs=920;callbackGapMs=920;fusion=GPS_IMU
LOCATION,1790457221636,29.7224817,52.4458083,327.000,true,2.14,70.652,source=fused:fused;speedReason=OK;derived=77.08;locationGapMs=1008;callbackGapMs=1008;fusion=GPS_IMU
LOCATION,1790457222632,29.7226500,52.4456917,329.000,true,2.12,70.821,source=fused:fused;speedReason=OK;derived=79.12;locationGapMs=992;callbackGapMs=992;fusion=GPS_IMU
LOCATION,1790457223641,29.7228250,52.4455750,328.000,true,2.06,71.018,source=fused:fused;speedReason=OK;derived=79.12;locationGapMs=1011;callbackGapMs=1011;fusion=GPS_IMU
LOCATION,1790457224629,29.7230017,52.4454583,329.000,true,2.05,71.229,source=fused:fused;speedReason=OK;derived=79.92;locationGapMs=989;callbackGapMs=989;fusion=GPS_IMU
LOCATION,1790457225686,29.7231767,52.4453400,328.000,true,2.03,71.466,source=fused:fused;speedReason=OK;derived=79.92;locationGapMs=1050;callbackGapMs=1050;fusion=GPS_IMU
LOCATION,1790457226643,29.7233417,52.4452200,327.000,true,1.98,71.660,source=fused:fused;speedReason=OK;derived=80.99;locationGapMs=963;callbackGapMs=963;fusion=GPS_IMU
LOCATION,1790457227640,29.7235033,52.4451017,327.000,true,1.96,71.794,source=fused:fused;speedReason=OK;derived=77.22;locationGapMs=998;callbackGapMs=998;fusion=GPS_IMU
LOCATION,1790457228627,29.7236650,52.4449817,326.000,true,1.95,71.916,source=fused:fused;speedReason=OK;derived=77.89;locationGapMs=987;callbackGapMs=987;fusion=GPS_IMU
LOCATION,1790457229637,29.7238333,52.4448600,327.000,true,1.94,71.986,source=fused:fused;speedReason=OK;derived=77.89;locationGapMs=1010;callbackGapMs=1010;fusion=GPS_IMU
LOCATION,1790457230611,29.7239933,52.4447433,327.000,true,1.97,72.018,source=fused:fused;speedReason=OK;derived=77.89;locationGapMs=974;callbackGapMs=974;fusion=GPS_IMU
LOCATION,1790457231706,29.7241600,52.4446250,327.000,true,2.02,72.062,source=fused:fused;speedReason=OK;derived=77.71;locationGapMs=1086;callbackGapMs=1086;fusion=GPS_IMU
LOCATION,1790457232636,29.7243050,52.4445150,328.000,true,2.08,72.106,source=fused:fused;speedReason=OK;derived=73.91;locationGapMs=939;callbackGapMs=939;fusion=GPS_IMU
LOCATION,1790457233626,29.7244567,52.4444033,328.000,true,2.20,72.162,source=fused:fused;speedReason=OK;derived=72.69;locationGapMs=990;callbackGapMs=990;fusion=GPS_IMU
LOCATION,1790457234634,29.7246317,52.4442850,329.000,true,2.22,72.252,source=fused:fused;speedReason=OK;derived=73.91;locationGapMs=1003;callbackGapMs=1003;fusion=GPS_IMU
LOCATION,1790457235596,29.7248167,52.4441667,329.000,true,2.25,72.354,source=fused:fused;speedReason=OK;derived=80.84;locationGapMs=965;callbackGapMs=965;fusion=GPS_IMU
LOCATION,1790457236624,29.7249917,52.4440483,329.000,true,2.28,72.465,source=fused:fused;speedReason=OK;derived=80.84;locationGapMs=1030;callbackGapMs=1030;fusion=GPS_IMU
LOCATION,1790457237708,29.7251567,52.4439317,329.000,true,2.26,72.587,source=fused:fused;speedReason=OK;derived=78.74;locationGapMs=1084;callbackGapMs=1084;fusion=GPS_IMU
LOCATION,1790457238629,29.7253333,52.4438150,329.000,true,2.25,72.742,source=fused:fused;speedReason=OK;derived=78.74;locationGapMs=919;callbackGapMs=919;fusion=GPS_IMU
LOCATION,1790457239641,29.7255350,52.4436967,330.000,true,2.20,72.915,source=fused:fused;speedReason=OK;derived=88.53;locationGapMs=1009;callbackGapMs=1009;fusion=GPS_IMU
LOCATION,1790457240623,29.7257250,52.4435750,329.000,true,2.18,73.111,source=fused:fused;speedReason=OK;derived=88.53;locationGapMs=983;callbackGapMs=983;fusion=GPS_IMU
LOCATION,1790457241626,29.7259100,52.4434450,328.000,true,2.14,73.335,source=fused:fused;speedReason=OK;derived=88.37;locationGapMs=1007;callbackGapMs=1007;fusion=GPS_IMU
LOCATION,1790457242624,29.7261033,52.4433117,328.000,true,2.13,73.563,source=fused:fused;speedReason=OK;derived=88.37;locationGapMs=998;callbackGapMs=998;fusion=GPS_IMU
LOCATION,1790457243690,29.7262933,52.4431767,327.000,true,2.12,73.740,source=fused:fused;speedReason=OK;derived=86.00;locationGapMs=1066;callbackGapMs=1066;fusion=GPS_IMU
LOCATION,1790457244615,29.7264817,52.4430400,328.000,true,2.10,73.937,source=fused:fused;speedReason=OK;derived=90.21;locationGapMs=926;callbackGapMs=926;fusion=GPS_IMU
LOCATION,1790457245642,29.7266717,52.4429050,328.000,true,2.10,74.132,source=fused:fused;speedReason=OK;derived=87.73;locationGapMs=1017;callbackGapMs=1017;fusion=GPS_IMU
LOCATION,1790457246616,29.7268617,52.4427717,327.000,true,2.10,74.302,source=fused:fused;speedReason=OK;derived=90.44;locationGapMs=983;callbackGapMs=983;fusion=GPS_IMU
LOCATION,1790457247625,29.7270433,52.4426433,327.000,true,2.10,74.487,source=fused:fused;speedReason=OK;derived=87.73;locationGapMs=1011;callbackGapMs=1011;fusion=GPS_IMU
LOCATION,1790457248596,29.7272133,52.4425200,326.000,true,2.10,74.611,source=fused:fused;speedReason=OK;derived=84.23;locationGapMs=971;callbackGapMs=971;fusion=GPS_IMU
LOCATION,1790457249617,29.7273833,52.4424017,328.000,true,2.10,74.688,source=fused:fused;speedReason=OK;derived=82.69;locationGapMs=1020;callbackGapMs=1020;fusion=GPS_IMU
LOCATION,1790457250630,29.7275633,52.4422783,328.000,true,2.10,74.764,source=fused:fused;speedReason=OK;derived=82.69;locationGapMs=1012;callbackGapMs=1012;fusion=GPS_IMU
LOCATION,1790457251638,29.7277433,52.4421533,327.000,true,2.10,74.863,source=fused:fused;speedReason=OK;derived=82.71;locationGapMs=999;callbackGapMs=999;fusion=GPS_IMU
LOCATION,1790457252629,29.7279233,52.4420217,326.000,true,2.12,74.925,source=fused:fused;speedReason=OK;derived=84.08;locationGapMs=1000;callbackGapMs=1000;fusion=GPS_IMU
LOCATION,1790457253626,29.7281133,52.4418900,329.000,true,2.18,74.974,source=fused:fused;speedReason=OK;derived=85.21;locationGapMs=996;callbackGapMs=996;fusion=GPS_IMU
LOCATION,1790457254687,29.7283083,52.4417633,330.000,true,2.30,75.013,source=fused:fused;speedReason=OK;derived=85.21;locationGapMs=1063;callbackGapMs=1063;fusion=GPS_IMU
LOCATION,1790457255626,29.7285000,52.4416383,330.000,true,2.50,75.036,source=fused:fused;speedReason=OK;derived=88.97;locationGapMs=938;callbackGapMs=938;fusion=GPS_IMU
LOCATION,1790457256618,29.7286767,52.4415217,330.000,true,2.65,75.072,source=fused:fused;speedReason=OK;derived=84.16;locationGapMs=993;callbackGapMs=993;fusion=GPS_IMU
LOCATION,1790457257644,29.7288600,52.4414100,331.000,true,3.04,75.095,source=fused:fused;speedReason=OK;derived=81.94;locationGapMs=1016;callbackGapMs=1016;fusion=GPS_IMU
LOCATION,1790457258630,29.7290467,52.4412967,331.000,true,3.32,75.110,source=fused:fused;speedReason=OK;derived=81.94;locationGapMs=994;callbackGapMs=994;fusion=GPS_IMU
LOCATION,1790457259625,29.7292250,52.4411800,330.000,true,3.42,75.126,source=fused:fused;speedReason=OK;derived=82.27;locationGapMs=996;callbackGapMs=996;fusion=GPS_IMU
LOCATION_ONLY,1790457260700,29.7294083,52.4410683,330.000,true,3.76,75.143,source=fused:fused;speedReason=POOR_SPEED_ACCURACY;derived=82.27;locationGapMs=1075;callbackGapMs=1075;fusion=GPS_IMU
LOCATION_ONLY,1790457261622,29.7296017,52.4409567,331.000,true,3.94,75.161,source=fused:fused;speedReason=POOR_SPEED_ACCURACY;derived=82.27;locationGapMs=922;callbackGapMs=922;fusion=GPS_IMU
LOCATION_ONLY,1790457262616,29.7297883,52.4408517,332.000,true,4.03,75.181,source=fused:fused;speedReason=POOR_SPEED_ACCURACY;derived=83.46;locationGapMs=994;callbackGapMs=994;fusion=GPS_IMU
LOCATION,1790457263628,29.7299883,52.4407550,333.000,true,4.17,75.198,source=fused:fused;speedReason=OK;derived=86.28;locationGapMs=1004;callbackGapMs=1004;fusion=GPS_IMU
LOCATION,1790457264630,29.7301950,52.4406583,334.000,true,4.36,75.220,source=fused:fused;speedReason=OK;derived=86.28;locationGapMs=1009;callbackGapMs=1009;fusion=GPS_IMU
LOCATION,1790457265646,29.7303867,52.4405517,333.000,true,4.37,75.247,source=fused:fused;speedReason=OK;derived=86.28;locationGapMs=1019;callbackGapMs=1019;fusion=GPS_IMU
LOCATION,1790457266686,29.7305783,52.4404333,332.000,true,4.40,75.273,source=fused:fused;speedReason=OK;derived=83.77;locationGapMs=1037;callbackGapMs=1037;fusion=GPS_IMU
LOCATION,1790457267619,29.7307683,52.4403083,333.000,true,4.38,75.303,source=fused:fused;speedReason=OK;derived=83.77;locationGapMs=935;callbackGapMs=935;fusion=GPS_IMU
LOCATION,1790457268650,29.7309533,52.4401767,331.000,true,4.36,75.329,source=fused:fused;speedReason=OK;derived=86.21;locationGapMs=1008;callbackGapMs=1008;fusion=GPS_IMU
LOCATION,1790457269633,29.7311383,52.4400783,334.000,true,4.30,75.359,source=fused:fused;speedReason=OK;derived=86.21;locationGapMs=1009;callbackGapMs=1009;fusion=GPS_IMU
LOCATION_ONLY,1790457270586,29.7313300,52.4399800,333.000,true,4.28,75.385,source=fused:fused;speedReason=POOR_SPEED_ACCURACY;derived=86.21;locationGapMs=952;callbackGapMs=952;fusion=GPS_IMU
LOCATION_ONLY,1790457271623,29.7315133,52.4398767,331.000,true,4.25,75.398,source=fused:fused;speedReason=POOR_SPEED_ACCURACY;derived=80.67;locationGapMs=1032;callbackGapMs=1032;fusion=GPS_IMU
LOCATION,1790457272588,29.7317083,52.4397733,333.000,true,4.23,75.422,source=fused:fused;speedReason=OK;derived=88.04;locationGapMs=970;callbackGapMs=970;fusion=GPS_IMU
LOCATION_ONLY,1790457273621,29.7319033,52.4396450,333.000,true,4.23,75.451,source=fused:fused;speedReason=POOR_SPEED_ACCURACY;derived=87.03;locationGapMs=1031;callbackGapMs=1031;fusion=GPS_IMU
LOCATION_ONLY,1790457274628,29.7320983,52.4395183,333.000,true,4.25,75.482,source=fused:fused;speedReason=POOR_SPEED_ACCURACY;derived=88.40;locationGapMs=997;callbackGapMs=997;fusion=GPS_IMU
LOCATION_ONLY,1790457275605,29.7322917,52.4393917,332.000,true,4.32,75.518,source=fused:fused;speedReason=POOR_SPEED_ACCURACY;derived=89.73;locationGapMs=987;callbackGapMs=987;fusion=GPS_IMU
LOCATION_ONLY,1790457276625,29.7324817,52.4392783,332.000,true,4.44,75.552,source=fused:fused;speedReason=POOR_SPEED_ACCURACY;derived=89.73;locationGapMs=1018;callbackGapMs=1018;fusion=GPS_IMU
LOCATION,1790457277625,29.7326767,52.4391683,333.000,true,4.54,75.566,source=fused:fused;speedReason=OK;derived=86.65;locationGapMs=1001;callbackGapMs=1001;fusion=GPS_IMU
LOCATION,1790457278649,29.7328633,52.4390650,333.000,true,4.64,75.580,source=fused:fused;speedReason=OK;derived=83.98;locationGapMs=1025;callbackGapMs=1025;fusion=GPS_IMU
LOCATION,1790457279615,29.7330467,52.4389383,331.000,true,4.67,75.593,source=fused:fused;speedReason=OK;derived=86.65;locationGapMs=966;callbackGapMs=966;fusion=GPS_IMU
LOCATION,1790457280628,29.7332333,52.4388333,332.000,true,4.78,75.607,source=fused:fused;speedReason=OK;derived=82.63;locationGapMs=1004;callbackGapMs=1004;fusion=GPS_IMU
LOCATION,1790457281618,29.7334367,52.4387367,334.000,true,4.77,75.629,source=fused:fused;speedReason=OK;derived=88.04;locationGapMs=998;callbackGapMs=998;fusion=GPS_IMU
LOCATION,1790457282609,29.7336100,52.4386450,332.000,true,4.73,75.653,source=fused:fused;speedReason=OK;derived=82.63;locationGapMs=992;callbackGapMs=992;fusion=GPS_IMU
LOCATION,1790457283632,29.7337717,52.4385867,332.000,true,4.70,75.674,source=fused:fused;speedReason=OK;derived=76.79;locationGapMs=1021;callbackGapMs=1021;fusion=GPS_IMU
LOCATION,1790457284685,29.7339533,52.4384850,332.000,true,4.62,75.690,source=fused:fused;speedReason=OK;derived=76.75;locationGapMs=1051;callbackGapMs=1051;fusion=GPS_IMU
LOCATION_ONLY,1790457285589,29.7341383,52.4383767,332.000,true,4.62,75.692,source=fused:fused;speedReason=POOR_SPEED_ACCURACY;derived=76.75;locationGapMs=909;callbackGapMs=909;fusion=GPS_IMU
LOCATION_ONLY,1790457286633,29.7343233,52.4382617,331.000,true,4.62,75.704,source=fused:fused;speedReason=POOR_SPEED_ACCURACY;derived=80.60;locationGapMs=1042;callbackGapMs=1042;fusion=GPS_IMU
LOCATION_ONLY,1790457287623,29.7345017,52.4381450,330.000,true,4.74,75.722,source=fused:fused;speedReason=POOR_SPEED_ACCURACY;derived=82.80;locationGapMs=990;callbackGapMs=990;fusion=GPS_IMU
LOCATION_ONLY,1790457288622,29.7346900,52.4380333,332.000,true,4.85,75.739,source=fused:fused;speedReason=POOR_SPEED_ACCURACY;derived=82.80;locationGapMs=995;callbackGapMs=995;fusion=GPS_IMU
LOCATION,1790457289620,29.7348417,52.4379133,331.000,true,4.93,75.753,source=fused:fused;speedReason=OK;derived=82.80;locationGapMs=1002;callbackGapMs=1002;fusion=GPS_IMU
LOCATION,1790457290669,29.7350150,52.4377850,331.000,true,5.06,75.765,source=fused:fused;speedReason=OK;derived=78.71;locationGapMs=1046;callbackGapMs=1046;fusion=GPS_IMU
LOCATION,1790457291599,29.7351417,52.4376933,331.000,true,4.98,75.773,source=fused:fused;speedReason=OK;derived=73.41;locationGapMs=935;callbackGapMs=935;fusion=GPS_IMU
LOCATION,1790457292621,29.7352867,52.4375617,329.000,true,4.92,75.765,source=fused:fused;speedReason=OK;derived=72.65;locationGapMs=1016;callbackGapMs=1016;fusion=GPS_IMU
LOCATION,1790457293621,29.7354600,52.4374417,328.000,true,4.66,75.758,source=fused:fused;speedReason=OK;derived=72.65;locationGapMs=1003;callbackGapMs=1003;fusion=GPS_IMU
LOCATION,1790457294620,29.7356267,52.4373267,330.000,true,4.60,75.752,source=fused:fused;speedReason=OK;derived=77.65;locationGapMs=1000;callbackGapMs=1000;fusion=GPS_IMU
LOCATION,1790457295624,29.7357867,52.4372150,330.000,true,4.48,75.743,source=fused:fused;speedReason=OK;derived=77.65;locationGapMs=1001;callbackGapMs=1001;fusion=GPS_IMU
LOCATION,1790457296618,29.7359650,52.4370983,331.000,true,4.32,75.734,source=fused:fused;speedReason=OK;derived=77.65;locationGapMs=997;callbackGapMs=997;fusion=GPS_IMU
LOCATION,1790457297588,29.7361383,52.4369883,332.000,true,4.27,75.729,source=fused:fused;speedReason=OK;derived=81.34;locationGapMs=972;callbackGapMs=972;fusion=GPS_IMU
LOCATION,1790457298620,29.7363133,52.4368767,332.000,true,4.17,75.723,source=fused:fused;speedReason=OK;derived=81.34;locationGapMs=1025;callbackGapMs=1025;fusion=GPS_IMU
LOCATION,1790457299627,29.7364900,52.4367783,333.000,true,4.02,75.681,source=fused:fused;speedReason=OK;derived=77.97;locationGapMs=1012;callbackGapMs=1012;fusion=GPS_IMU
LOCATION,1790457300612,29.7366633,52.4366983,331.000,true,3.97,75.625,source=fused:fused;speedReason=OK;derived=77.47;locationGapMs=984;callbackGapMs=984;fusion=GPS_IMU
LOCATION,1790457301629,29.7368283,52.4366083,335.000,true,3.87,75.593,source=fused:fused;speedReason=OK;derived=75.77;locationGapMs=1018;callbackGapMs=1018;fusion=GPS_IMU
LOCATION,1790457302619,29.7369983,52.4365167,334.000,true,3.76,75.572,source=fused:fused;speedReason=OK;derived=75.77;locationGapMs=989;callbackGapMs=989;fusion=GPS_IMU
LOCATION,1790457303625,29.7371550,52.4364283,333.000,true,3.72,75.560,source=fused:fused;speedReason=OK;derived=71.63;locationGapMs=1003;callbackGapMs=1003;fusion=GPS_IMU
LOCATION,1790457304623,29.7373200,52.4363117,329.000,true,3.73,75.529,source=fused:fused;speedReason=OK;derived=75.80;locationGapMs=1003;callbackGapMs=1003;fusion=GPS_IMU
LOCATION,1790457305913,29.7374833,52.4362067,331.000,true,3.74,75.489,source=fused:fused;speedReason=OK;derived=75.10;locationGapMs=995;callbackGapMs=995;fusion=GPS_IMU
LOCATION,1790457306683,29.7376467,52.4361233,333.000,true,3.73,75.452,source=fused:fused;speedReason=OK;derived=75.10;locationGapMs=1062;callbackGapMs=1062;fusion=GPS_IMU
LOCATION,1790457307616,29.7378150,52.4360467,335.000,true,3.73,75.435,source=fused:fused;speedReason=OK;derived=75.10;locationGapMs=937;callbackGapMs=937;fusion=GPS_IMU
LOCATION,1790457308617,29.7379700,52.4359733,336.000,true,3.72,75.418,source=fused:fused;speedReason=OK;derived=67.21;locationGapMs=999;callbackGapMs=999;fusion=GPS_IMU
LOCATION,1790457309621,29.7381183,52.4359033,338.000,true,3.68,75.394,source=fused:fused;speedReason=OK;derived=66.99;locationGapMs=1000;callbackGapMs=1000;fusion=GPS_IMU
LOCATION,1790457310610,29.7382733,52.4358400,339.000,true,3.67,75.374,source=fused:fused;speedReason=OK;derived=66.06;locationGapMs=994;callbackGapMs=994;fusion=GPS_IMU
LOCATION,1790457311911,29.7384467,52.4357717,338.000,true,3.65,75.356,source=fused:fused;speedReason=OK;derived=66.06;locationGapMs=1008;callbackGapMs=1008;fusion=GPS_IMU
LOCATION,1790457312688,29.7386000,52.4357133,339.000,true,3.68,75.335,source=fused:fused;speedReason=OK;derived=66.06;locationGapMs=1069;callbackGapMs=1069;fusion=GPS_IMU
LOCATION,1790457313615,29.7387517,52.4356483,337.000,true,3.72,75.301,source=fused:fused;speedReason=OK;derived=69.80;locationGapMs=926;callbackGapMs=926;fusion=GPS_IMU
LOCATION,1790457314621,29.7389167,52.4355867,340.000,true,3.80,75.262,source=fused:fused;speedReason=OK;derived=69.04;locationGapMs=1003;callbackGapMs=1003;fusion=GPS_IMU
LOCATION,1790457315589,29.7390883,52.4355267,341.000,true,3.82,75.228,source=fused:fused;speedReason=OK;derived=69.80;locationGapMs=973;callbackGapMs=973;fusion=GPS_IMU
LOCATION,1790457316916,29.7392450,52.4354750,344.000,true,3.94,75.213,source=fused:fused;speedReason=OK;derived=69.04;locationGapMs=1029;callbackGapMs=1029;fusion=GPS_IMU
LOCATION,1790457317615,29.7393900,52.4354200,340.000,true,3.97,75.191,source=fused:fused;speedReason=OK;derived=63.24;locationGapMs=997;callbackGapMs=997;fusion=GPS_IMU
LOCATION,1790457318691,29.7395500,52.4353550,340.000,true,4.04,75.164,source=fused:fused;speedReason=OK;derived=62.96;locationGapMs=1076;callbackGapMs=1076;fusion=GPS_IMU
LOCATION,1790457319614,29.7397033,52.4352933,340.000,true,4.08,75.130,source=fused:fused;speedReason=OK;derived=62.96;locationGapMs=922;callbackGapMs=922;fusion=GPS_IMU
LOCATION,1790457320921,29.7398700,52.4352183,339.000,true,4.22,75.099,source=fused:fused;speedReason=OK;derived=70.32;locationGapMs=1003;callbackGapMs=1003;fusion=GPS_IMU
LOCATION,1790457321629,29.7400267,52.4351483,338.000,true,4.30,75.068,source=fused:fused;speedReason=OK;derived=70.32;locationGapMs=1008;callbackGapMs=1008;fusion=GPS_IMU
LOCATION,1790457322632,29.7401800,52.4350850,339.000,true,4.36,75.034,source=fused:fused;speedReason=OK;derived=66.58;locationGapMs=1007;callbackGapMs=1007;fusion=GPS_IMU
LOCATION,1790457323910,29.7403383,52.4350183,339.000,true,4.35,75.001,source=fused:fused;speedReason=OK;derived=66.58;locationGapMs=990;callbackGapMs=990;fusion=GPS_IMU
LOCATION,1790457324685,29.7404883,52.4349517,337.000,true,4.38,74.976,source=fused:fused;speedReason=OK;derived=64.57;locationGapMs=1063;callbackGapMs=1063;fusion=GPS_IMU
LOCATION,1790457325630,29.7406333,52.4348917,339.000,true,4.36,74.926,source=fused:fused;speedReason=OK;derived=65.80;locationGapMs=935;callbackGapMs=935;fusion=GPS_IMU
LOCATION,1790457326923,29.7407833,52.4348333,340.000,true,4.35,74.886,source=fused:fused;speedReason=OK;derived=62.97;locationGapMs=1004;callbackGapMs=1004;fusion=GPS_IMU
LOCATION,1790457327621,29.7409267,52.4347717,336.000,true,4.32,74.851,source=fused:fused;speedReason=OK;derived=62.97;locationGapMs=997;callbackGapMs=997;fusion=GPS_IMU
LOCATION,1790457328625,29.7410700,52.4347133,338.000,true,4.30,74.804,source=fused:fused;speedReason=OK;derived=61.30;locationGapMs=1003;callbackGapMs=1003;fusion=GPS_IMU
LOCATION,1790457329622,29.7412267,52.4346550,341.000,true,4.30,74.766,source=fused:fused;speedReason=OK;derived=61.30;locationGapMs=992;callbackGapMs=992;fusion=GPS_IMU
LOCATION,1790457330992,29.7413917,52.4345917,341.000,true,4.30,74.732,source=fused:fused;speedReason=OK;derived=64.23;locationGapMs=1081;callbackGapMs=1081;fusion=GPS_IMU
LOCATION,1790457331623,29.7415583,52.4345233,342.000,true,4.30,74.701,source=fused:fused;speedReason=OK;derived=66.28;locationGapMs=927;callbackGapMs=927;fusion=GPS_IMU
LOCATION,1790457332910,29.7417200,52.4344533,338.000,true,4.30,74.662,source=fused:fused;speedReason=OK;derived=69.19;locationGapMs=997;callbackGapMs=997;fusion=GPS_IMU
LOCATION,1790457333622,29.7418900,52.4343767,338.000,true,4.30,74.630,source=fused:fused;speedReason=OK;derived=72.82;locationGapMs=1001;callbackGapMs=1001;fusion=GPS_IMU
LOCATION,1790457334926,29.7420683,52.4342950,338.000,true,4.30,74.606,source=fused:fused;speedReason=OK;derived=72.82;locationGapMs=1004;callbackGapMs=1004;fusion=GPS_IMU
LOCATION,1790457336282,29.7422383,52.4342233,339.000,true,4.28,74.585,source=fused:fused;speedReason=OK;derived=72.82;locationGapMs=998;callbackGapMs=998;fusion=GPS_IMU
LOCATION,1790457336639,29.7424067,52.4341533,339.000,true,4.26,74.569,source=fused:fused;speedReason=OK;derived=72.43;locationGapMs=1000;callbackGapMs=1000;fusion=GPS_IMU
LOCATION,1790457337919,29.7425917,52.4340750,341.000,true,4.27,74.557,source=fused:fused;speedReason=OK;derived=72.43;locationGapMs=1007;callbackGapMs=1007;fusion=GPS_IMU
LOCATION,1790457339268,29.7427683,52.4340200,342.000,true,4.27,74.554,source=fused:fused;speedReason=OK;derived=73.92;locationGapMs=988;callbackGapMs=988;fusion=GPS_IMU
LOCATION,1790457339621,29.7429383,52.4339700,342.000,true,4.28,74.554,source=fused:fused;speedReason=OK;derived=73.92;locationGapMs=992;callbackGapMs=992;fusion=GPS_IMU
LOCATION,1790457340622,29.7431200,52.4339050,341.000,true,4.32,74.559,source=fused:fused;speedReason=OK;derived=73.92;locationGapMs=1011;callbackGapMs=1011;fusion=GPS_IMU
LOCATION,1790457341632,29.7432950,52.4338467,340.000,true,4.42,74.568,source=fused:fused;speedReason=OK;derived=72.29;locationGapMs=1006;callbackGapMs=1006;fusion=GPS_IMU
LOCATION,1790457342623,29.7434883,52.4337600,340.000,true,4.50,74.582,source=fused:fused;speedReason=OK;derived=75.13;locationGapMs=993;callbackGapMs=993;fusion=GPS_IMU
LOCATION,1790457343627,29.7436417,52.4336933,341.000,true,4.56,74.604,source=fused:fused;speedReason=OK;derived=72.29;locationGapMs=1003;callbackGapMs=1003;fusion=GPS_IMU
LOCATION,1790457344629,29.7437817,52.4336317,340.000,true,4.58,74.613,source=fused:fused;speedReason=OK;derived=65.28;locationGapMs=1005;callbackGapMs=1005;fusion=GPS_IMU
LOCATION,1790457345620,29.7439400,52.4335683,338.000,true,4.56,74.601,source=fused:fused;speedReason=OK;derived=65.28;locationGapMs=991;callbackGapMs=991;fusion=GPS_IMU
LOCATION,1790457346654,29.7440967,52.4335017,339.000,true,4.53,74.591,source=fused:fused;speedReason=OK;derived=64.63;locationGapMs=1032;callbackGapMs=1032;fusion=GPS_IMU
LOCATION,1790457347623,29.7442550,52.4334433,340.000,true,4.44,74.586,source=fused:fused;speedReason=OK;derived=67.52;locationGapMs=970;callbackGapMs=970;fusion=GPS_IMU
LOCATION,1790457348633,29.7444200,52.4333867,341.000,true,4.34,74.590,source=fused:fused;speedReason=OK;derived=67.98;locationGapMs=1011;callbackGapMs=1011;fusion=GPS_IMU
LOCATION,1790457349624,29.7446017,52.4333200,343.000,true,4.30,74.610,source=fused:fused;speedReason=OK;derived=68.42;locationGapMs=991;callbackGapMs=991;fusion=GPS_IMU
LOCATION,1790457350637,29.7447833,52.4332583,343.000,true,4.18,74.632,source=fused:fused;speedReason=OK;derived=74.54;locationGapMs=1014;callbackGapMs=1014;fusion=GPS_IMU
LOCATION,1790457351622,29.7449750,52.4331950,342.000,true,4.08,74.650,source=fused:fused;speedReason=OK;derived=76.83;locationGapMs=985;callbackGapMs=985;fusion=GPS_IMU
LOCATION,1790457352697,29.7451617,52.4331217,342.000,true,4.00,74.681,source=fused:fused;speedReason=OK;derived=74.54;locationGapMs=1069;callbackGapMs=1069;fusion=GPS_IMU
LOCATION,1790457353622,29.7453550,52.4330450,342.000,true,3.98,74.716,source=fused:fused;speedReason=OK;derived=80.82;locationGapMs=932;callbackGapMs=932;fusion=GPS_IMU
LOCATION,1790457354621,29.7455483,52.4329533,339.000,true,3.93,74.768,source=fused:fused;speedReason=OK;derived=83.82;locationGapMs=996;callbackGapMs=996;fusion=GPS_IMU
LOCATION,1790457355619,29.7457483,52.4328583,338.000,true,3.88,74.821,source=fused:fused;speedReason=OK;derived=86.57;locationGapMs=998;callbackGapMs=998;fusion=GPS_IMU
LOCATION,1790457356619,29.7459467,52.4327717,340.000,true,3.85,74.882,source=fused:fused;speedReason=OK;derived=84.55;locationGapMs=1002;callbackGapMs=1002;fusion=GPS_IMU
LOCATION,1790457357620,29.7461567,52.4326850,340.000,true,3.83,74.978,source=fused:fused;speedReason=OK;derived=86.57;locationGapMs=1000;callbackGapMs=1000;fusion=GPS_IMU
LOCATION,1790457358707,29.7463633,52.4325967,340.000,true,3.78,75.061,source=fused:fused;speedReason=OK;derived=84.55;locationGapMs=1083;callbackGapMs=1083;fusion=GPS_IMU
LOCATION,1790457359630,29.7465733,52.4325050,341.000,true,3.76,75.171,source=fused:fused;speedReason=OK;derived=89.07;locationGapMs=928;callbackGapMs=928;fusion=GPS_IMU
LOCATION,1790457360630,29.7467833,52.4324183,342.000,true,3.74,75.231,source=fused:fused;speedReason=OK;derived=89.16;locationGapMs=999;callbackGapMs=999;fusion=GPS_IMU
LOCATION,1790457361626,29.7469983,52.4323233,340.000,true,3.74,75.332,source=fused:fused;speedReason=OK;derived=92.32;locationGapMs=996;callbackGapMs=996;fusion=GPS_IMU
LOCATION,1790457362632,29.7471983,52.4322300,340.000,true,3.72,75.473,source=fused:fused;speedReason=OK;derived=89.16;locationGapMs=1006;callbackGapMs=1006;fusion=GPS_IMU
LOCATION,1790457363625,29.7474017,52.4321367,340.000,true,3.70,75.625,source=fused:fused;speedReason=OK;derived=88.31;locationGapMs=990;callbackGapMs=990;fusion=GPS_IMU
LOCATION,1790457364691,29.7476117,52.4320483,340.000,true,3.68,75.776,source=fused:fused;speedReason=OK;derived=85.66;locationGapMs=1065;callbackGapMs=1065;fusion=GPS_IMU
LOCATION,1790457365623,29.7478250,52.4319667,340.000,true,3.65,75.931,source=fused:fused;speedReason=OK;derived=88.31;locationGapMs=937;callbackGapMs=937;fusion=GPS_IMU
LOCATION,1790457366620,29.7480383,52.4318833,340.000,true,3.62,76.042,source=fused:fused;speedReason=OK;derived=90.30;locationGapMs=996;callbackGapMs=996;fusion=GPS_IMU
LOCATION,1790457367616,29.7482333,52.4318000,339.000,true,3.57,76.157,source=fused:fused;speedReason=OK;derived=90.30;locationGapMs=996;callbackGapMs=996;fusion=GPS_IMU
LOCATION,1790457368625,29.7484183,52.4317267,341.000,true,3.53,76.186,source=fused:fused;speedReason=OK;derived=83.38;locationGapMs=1005;callbackGapMs=1005;fusion=GPS_IMU
LOCATION,1790457369632,29.7486117,52.4316567,341.000,true,3.50,76.194,source=fused:fused;speedReason=OK;derived=80.45;locationGapMs=1006;callbackGapMs=1006;fusion=GPS_IMU
LOCATION,1790457370701,29.7487833,52.4315950,340.000,true,3.54,76.200,source=fused:fused;speedReason=OK;derived=77.72;locationGapMs=1069;callbackGapMs=1069;fusion=GPS_IMU
LOCATION,1790457371616,29.7489367,52.4315467,340.000,true,3.58,76.195,source=fused:fused;speedReason=OK;derived=69.00;locationGapMs=920;callbackGapMs=920;fusion=GPS_IMU
LOCATION,1790457372622,29.7490650,52.4315150,342.000,true,3.66,76.172,source=fused:fused;speedReason=OK;derived=67.14;locationGapMs=1007;callbackGapMs=1007;fusion=GPS_IMU
LOCATION,1790457373636,29.7491933,52.4314850,346.000,true,3.70,76.088,source=fused:fused;speedReason=OK;derived=52.01;locationGapMs=1006;callbackGapMs=1006;fusion=GPS_IMU
LOCATION,1790457374621,29.7493250,52.4314517,345.000,true,3.70,75.975,source=fused:fused;speedReason=OK;derived=52.01;locationGapMs=993;callbackGapMs=993;fusion=GPS_IMU
LOCATION,1790457375626,29.7494483,52.4314150,342.000,true,3.72,75.860,source=fused:fused;speedReason=OK;derived=51.94;locationGapMs=999;callbackGapMs=999;fusion=GPS_IMU
LOCATION,1790457376629,29.7495783,52.4313733,342.000,true,3.68,75.775,source=fused:fused;speedReason=OK;derived=53.66;locationGapMs=1004;callbackGapMs=1004;fusion=GPS_IMU
LOCATION,1790457377608,29.7497133,52.4313283,342.000,true,3.67,75.641,source=fused:fused;speedReason=OK;derived=53.66;locationGapMs=984;callbackGapMs=984;fusion=GPS_IMU
LOCATION,1790457378625,29.7498583,52.4312833,345.000,true,3.63,75.542,source=fused:fused;speedReason=OK;derived=57.02;locationGapMs=1016;callbackGapMs=1016;fusion=GPS_IMU
LOCATION,1790457379627,29.7500050,52.4312433,345.000,true,3.58,75.470,source=fused:fused;speedReason=OK;derived=59.00;locationGapMs=998;callbackGapMs=998;fusion=GPS_IMU
LOCATION,1790457380629,29.7501600,52.4312067,345.000,true,3.56,75.417,source=fused:fused;speedReason=OK;derived=60.30;locationGapMs=1002;callbackGapMs=1002;fusion=GPS_IMU
LOCATION,1790457381695,29.7503133,52.4311700,346.000,true,3.52,75.355,source=fused:fused;speedReason=OK;derived=60.30;locationGapMs=1066;callbackGapMs=1066;fusion=GPS_IMU
LOCATION,1790457382622,29.7504317,52.4311850,349.000,true,3.38,75.241,source=fused:fused;speedReason=OK;derived=58.63;locationGapMs=930;callbackGapMs=930;fusion=GPS_IMU
LOCATION,1790457383615,29.7505500,52.4311667,348.000,true,3.27,75.143,source=fused:fused;speedReason=OK;derived=51.11;locationGapMs=993;callbackGapMs=993;fusion=GPS_IMU
LOCATION,1790457384628,29.7506967,52.4311317,350.000,true,3.02,75.066,source=fused:fused;speedReason=OK;derived=51.11;locationGapMs=1011;callbackGapMs=1011;fusion=GPS_IMU
LOCATION,1790457385634,29.7508650,52.4311000,350.000,true,2.82,74.999,source=fused:fused;speedReason=OK;derived=59.15;locationGapMs=1005;callbackGapMs=1005;fusion=GPS_IMU
LOCATION,1790457386591,29.7510317,52.4310633,349.000,true,2.78,74.972,source=fused:fused;speedReason=OK;derived=67.72;locationGapMs=962;callbackGapMs=962;fusion=GPS_IMU
LOCATION,1790457387589,29.7512000,52.4310233,348.000,true,2.70,74.952,source=fused:fused;speedReason=OK;derived=68.73;locationGapMs=998;callbackGapMs=998;fusion=GPS_IMU
LOCATION,1790457388601,29.7513783,52.4309783,348.000,true,2.73,74.931,source=fused:fused;speedReason=OK;derived=70.41;locationGapMs=1013;callbackGapMs=1013;fusion=GPS_IMU
LOCATION,1790457389599,29.7515550,52.4309300,348.000,true,2.85,74.925,source=fused:fused;speedReason=OK;derived=71.92;locationGapMs=998;callbackGapMs=998;fusion=GPS_IMU
LOCATION_ONLY,1790457390588,29.7517350,52.4308833,348.000,true,3.07,74.920,source=fused:fused;speedReason=POOR_SPEED_ACCURACY;derived=72.64;locationGapMs=988;callbackGapMs=988;fusion=GPS_IMU
LOCATION_ONLY,1790457391621,29.7519133,52.4308500,349.000,true,3.52,74.914,source=fused:fused;speedReason=POOR_SPEED_ACCURACY;derived=72.64;locationGapMs=1030;callbackGapMs=1030;fusion=GPS_IMU
LOCATION_ONLY,1790457392609,29.7520850,52.4308250,349.000,true,3.88,74.902,source=fused:fused;speedReason=POOR_SPEED_ACCURACY;derived=69.99;locationGapMs=992;callbackGapMs=992;fusion=GPS_IMU
LOCATION_ONLY,1790457393683,29.7522383,52.4308033,348.000,true,4.26,74.889,source=fused:fused;speedReason=POOR_SPEED_ACCURACY;derived=69.63;locationGapMs=1073;callbackGapMs=1073;fusion=GPS_IMU
LOCATION_ONLY,1790457394613,29.7523700,52.4307867,348.000,true,4.62,74.846,source=fused:fused;speedReason=POOR_SPEED_ACCURACY;derived=57.45;locationGapMs=931;callbackGapMs=931;fusion=GPS_IMU
LOCATION_ONLY,1790457395625,29.7524833,52.4307683,348.000,true,4.92,74.801,source=fused:fused;speedReason=POOR_SPEED_ACCURACY;derived=56.79;locationGapMs=1007;callbackGapMs=1007;fusion=GPS_IMU
LOCATION_ONLY,1790457396625,29.7525800,52.4307483,349.000,true,5.03,74.729,source=fused:fused;speedReason=POOR_SPEED_ACCURACY;derived=45.35;locationGapMs=998;callbackGapMs=998;fusion=GPS_IMU
LOCATION_ONLY,1790457397629,29.7526400,52.4307383,350.000,true,5.40,74.642,source=fused:fused;speedReason=POOR_SPEED_ACCURACY;derived=39.29;locationGapMs=1009;callbackGapMs=1009;fusion=GPS_IMU
LOCATION_ONLY,1790457398628,29.7527400,52.4307283,351.000,true,5.55,74.554,source=fused:fused;speedReason=POOR_SPEED_ACCURACY;derived=39.29;locationGapMs=998;callbackGapMs=998;fusion=GPS_IMU
LOCATION_ONLY,1790457399639,29.7528367,52.4307283,353.000,true,5.83,74.465,source=fused:fused;speedReason=POOR_SPEED_ACCURACY;derived=38.06;locationGapMs=1014;callbackGapMs=1014;fusion=GPS_IMU
LOCATION_ONLY,1790457400630,29.7529283,52.4307350,354.000,true,6.30,74.375,source=fused:fused;speedReason=POOR_SPEED_ACCURACY;derived=38.06;locationGapMs=985;callbackGapMs=985;fusion=GPS_IMU
LOCATION_ONLY,1790457401630,29.7530150,52.4307517,356.000,true,6.66,74.283,source=fused:fused;speedReason=POOR_SPEED_ACCURACY;derived=37.19;locationGapMs=999;callbackGapMs=999;fusion=GPS_IMU
LOCATION_ONLY,1790457402628,29.7531683,52.4307733,358.000,true,6.85,74.192,source=fused:fused;speedReason=POOR_SPEED_ACCURACY;derived=37.19;locationGapMs=1002;callbackGapMs=1002;fusion=GPS_IMU
LOCATION_ONLY,1790457403611,29.7532750,52.4307933,359.000,true,7.23,74.117,source=fused:fused;speedReason=POOR_SPEED_ACCURACY;derived=43.85;locationGapMs=984;callbackGapMs=984;fusion=GPS_IMU
LOCATION_ONLY,1790457404616,29.7533850,52.4308100,0.000,true,7.80,74.043,source=fused:fused;speedReason=POOR_SPEED_ACCURACY;derived=44.06;locationGapMs=1005;callbackGapMs=1005;fusion=GPS_IMU
LOCATION_ONLY,1790457405606,29.7534933,52.4308367,2.000,true,8.02,73.969,source=fused:fused;speedReason=POOR_SPEED_ACCURACY;derived=44.06;locationGapMs=989;callbackGapMs=989;fusion=GPS_IMU
LOCATION_ONLY,1790457415625,29.7538433,52.4325600,,false,9.50,0.000,source=fused:fused;speedReason=POOR_SPEED_ACCURACY;derived=;locationGapMs=10021;callbackGapMs=4274;fusion=POSITION_OR_SPEED
LOCATION_ONLY,1790457416625,29.7539183,52.4326983,54.000,true,9.60,57.214,source=fused:fused;speedReason=POOR_SPEED_ACCURACY;derived=57.21;locationGapMs=991;callbackGapMs=991;fusion=GPS_IMU
LOCATION_ONLY,1790457417692,29.7539950,52.4328400,55.000,true,9.70,57.214,source=fused:fused;speedReason=POOR_SPEED_ACCURACY;derived=57.21;locationGapMs=1076;callbackGapMs=1076;fusion=GPS_IMU
LOCATION_ONLY,1790457419844,29.7541283,52.4332433,60.000,true,9.65,57.214,source=fused:fused;speedReason=POOR_SPEED_ACCURACY;derived=57.21;locationGapMs=1893;callbackGapMs=1893;fusion=GPS_IMU
LOCATION_ONLY,1790457420674,29.7541967,52.4334117,59.000,true,9.60,57.732,source=fused:fused;speedReason=POOR_SPEED_ACCURACY;derived=59.28;locationGapMs=1091;callbackGapMs=1091;fusion=GPS_IMU
LOCATION_ONLY,1790457421611,29.7542633,52.4336267,62.000,true,9.58,62.051,source=fused:fused;speedReason=POOR_SPEED_ACCURACY;derived=79.33;locationGapMs=934;callbackGapMs=934;fusion=GPS_IMU
LOCATION_ONLY,1790457422625,29.7543300,52.4338350,65.000,true,9.52,64.433,source=fused:fused;speedReason=POOR_SPEED_ACCURACY;derived=76.34;locationGapMs=1012;callbackGapMs=1012;fusion=GPS_IMU
LOCATION_ONLY,1790457423610,29.7543917,52.4340117,67.000,true,9.42,66.135,source=fused:fused;speedReason=POOR_SPEED_ACCURACY;derived=76.34;locationGapMs=990;callbackGapMs=990;fusion=GPS_IMU
LOCATION_ONLY,1790457424832,29.7544550,52.4341917,67.000,true,9.40,66.585,source=fused:fused;speedReason=POOR_SPEED_ACCURACY;derived=69.74;locationGapMs=969;callbackGapMs=969;fusion=GPS_IMU
LOCATION_ONLY,1790457425604,29.7545100,52.4343567,68.000,true,9.42,66.625,source=fused:fused;speedReason=POOR_SPEED_ACCURACY;derived=66.94;locationGapMs=1024;callbackGapMs=1024;fusion=GPS_IMU
LOCATION_ONLY,1790457426615,29.7545783,52.4345083,65.000,true,9.44,65.968,source=fused:fused;speedReason=POOR_SPEED_ACCURACY;derived=60.06;locationGapMs=1010;callbackGapMs=1010;fusion=GPS_IMU
LOCATION_ONLY,1790457427904,29.7546483,52.4347100,64.000,true,9.45,65.431,source=fused:fused;speedReason=POOR_SPEED_ACCURACY;derived=60.06;locationGapMs=1011;callbackGapMs=1011;fusion=GPS_IMU
LOCATION,1790457428688,29.7547183,52.4349133,64.000,true,9.48,63.330,source=fused:fused;speedReason=OK;derived=71.73;locationGapMs=1061;callbackGapMs=1061;fusion=GPS_IMU
LOCATION_ONLY,1790457429624,29.7547850,52.4350900,63.000,true,9.52,68.131,source=fused:fused;speedReason=POOR_SPEED_ACCURACY;derived=71.73;locationGapMs=936;callbackGapMs=936;fusion=GPS_IMU
LOCATION_ONLY,1790457430907,29.7548533,52.4352483,63.000,true,9.54,69.401,source=fused:fused;speedReason=POOR_SPEED_ACCURACY;derived=71.62;locationGapMs=992;callbackGapMs=992;fusion=GPS_IMU
LOCATION_ONLY,1790457431616,29.7549133,52.4353800,64.000,true,9.57,67.423,source=fused:fused;speedReason=POOR_SPEED_ACCURACY;derived=61.99;locationGapMs=1000;callbackGapMs=1000;fusion=GPS_IMU
LOCATION_ONLY,1790457432911,29.7549700,52.4355150,64.000,true,9.62,64.200,source=fused:fused;speedReason=POOR_SPEED_ACCURACY;derived=52.12;locationGapMs=1001;callbackGapMs=1001;fusion=GPS_IMU
LOCATION_ONLY,1790457433625,29.7550283,52.4356583,64.000,true,9.68,62.098,source=fused:fused;speedReason=POOR_SPEED_ACCURACY;derived=52.12;locationGapMs=1005;callbackGapMs=1005;fusion=GPS_IMU
LOCATION_ONLY,1790457434970,29.7550533,52.4359483,71.000,true,9.78,61.014,source=fused:fused;speedReason=POOR_SPEED_ACCURACY;derived=54.78;locationGapMs=1054;callbackGapMs=1054;fusion=GPS_IMU
LOCATION_ONLY,1790457435619,29.7551150,52.4361200,69.000,true,9.84,61.979,source=fused:fused;speedReason=POOR_SPEED_ACCURACY;derived=68.49;locationGapMs=944;callbackGapMs=944;fusion=GPS_IMU
LOCATION,1790457436930,29.7551867,52.4363350,67.000,true,9.88,62.119,source=fused:fused;speedReason=OK;derived=79.83;locationGapMs=1004;callbackGapMs=1004;fusion=GPS_IMU
LOCATION,1790457437616,29.7552600,52.4364750,63.000,true,9.87,62.361,source=fused:fused;speedReason=OK;derived=68.49;locationGapMs=993;callbackGapMs=993;fusion=GPS_IMU
LOCATION,1790457438900,29.7553450,52.4366067,59.000,true,9.88,62.486,source=fused:fused;speedReason=OK;derived=57.27;locationGapMs=996;callbackGapMs=996;fusion=GPS_IMU
LOCATION,1790457439620,29.7554217,52.4367983,61.000,true,9.88,62.608,source=fused:fused;speedReason=OK;derived=57.27;locationGapMs=1004;callbackGapMs=1004;fusion=GPS_IMU
LOCATION_ONLY,1790457440909,29.7555050,52.4369617,59.000,true,9.88,62.853,source=fused:fused;speedReason=POOR_SPEED_ACCURACY;derived=65.63;locationGapMs=1004;callbackGapMs=1004;fusion=GPS_IMU
LOCATION,1790457441637,29.7555950,52.4371167,58.000,true,9.88,62.966,source=fused:fused;speedReason=OK;derived=65.63;locationGapMs=1013;callbackGapMs=1013;fusion=GPS_IMU
LOCATION_ONLY,1790457451694,29.7562983,52.4388333,,false,9.90,0.000,source=fused:fused;speedReason=POOR_SPEED_ACCURACY;derived=;locationGapMs=10062;callbackGapMs=4339;fusion=POSITION_OR_SPEED
LOCATION,1790457452630,29.7564250,52.4398700,71.000,true,8.55,71.190,source=fused:fused;speedReason=OK;derived=;locationGapMs=930;callbackGapMs=930;fusion=GPS_IMU
LOCATION,1790457453623,29.7564850,52.4403367,72.000,true,7.37,71.190,source=fused:fused;speedReason=OK;derived=165.42;locationGapMs=993;callbackGapMs=993;fusion=GPS_IMU
LOCATION,1790457454632,29.7565567,52.4405850,71.000,true,6.57,70.913,source=fused:fused;speedReason=OK;derived=165.42;locationGapMs=1012;callbackGapMs=1012;fusion=GPS_IMU
LOCATION,1790457455627,29.7566333,52.4408067,70.000,true,6.02,70.786,source=fused:fused;speedReason=OK;derived=89.99;locationGapMs=998;callbackGapMs=998;fusion=GPS_IMU
LOCATION,1790457456628,29.7567183,52.4410533,65.000,true,4.62,72.099,source=fused:fused;speedReason=OK;derived=89.99;locationGapMs=1000;callbackGapMs=1000;fusion=GPS_IMU
LOCATION,1790457457698,29.7567933,52.4412833,66.000,true,4.32,75.236,source=fused:fused;speedReason=OK;derived=83.19;locationGapMs=1065;callbackGapMs=1065;fusion=GPS_IMU
LOCATION,1790457458629,29.7568833,52.4415250,66.000,true,3.28,77.513,source=fused:fused;speedReason=OK;derived=92.32;locationGapMs=935;callbackGapMs=935;fusion=GPS_IMU
LOCATION,1790457459640,29.7569733,52.4417617,65.000,true,2.96,80.172,source=fused:fused;speedReason=OK;derived=88.92;locationGapMs=1011;callbackGapMs=1011;fusion=GPS_IMU
LOCATION,1790457460914,29.7570650,52.4420017,65.000,true,2.70,82.257,source=fused:fused;speedReason=OK;derived=92.34;locationGapMs=988;callbackGapMs=988;fusion=GPS_IMU
LOCATION,1790457461622,29.7571567,52.4422500,66.000,true,2.65,83.701,source=fused:fused;speedReason=OK;derived=92.34;locationGapMs=995;callbackGapMs=995;fusion=GPS_IMU
LOCATION,1790457462603,29.7572533,52.4424983,65.000,true,2.57,84.822,source=fused:fused;speedReason=OK;derived=94.35;locationGapMs=981;callbackGapMs=981;fusion=GPS_IMU
LOCATION,1790457463654,29.7573483,52.4427417,65.000,true,2.44,85.979,source=fused:fused;speedReason=OK;derived=94.35;locationGapMs=1053;callbackGapMs=1053;fusion=GPS_IMU
LOCATION,1790457464653,29.7574450,52.4429667,64.000,true,2.40,86.744,source=fused:fused;speedReason=OK;derived=88.17;locationGapMs=996;callbackGapMs=996;fusion=GPS_IMU
LOCATION,1790457465636,29.7575417,52.4432133,65.000,true,2.30,87.310,source=fused:fused;speedReason=OK;derived=88.17;locationGapMs=984;callbackGapMs=984;fusion=GPS_IMU
LOCATION,1790457466637,29.7576400,52.4434617,65.000,true,2.24,87.980,source=fused:fused;speedReason=OK;derived=94.97;locationGapMs=1000;callbackGapMs=1000;fusion=GPS_IMU
LOCATION,1790457467612,29.7577400,52.4437083,65.000,true,2.20,88.655,source=fused:fused;speedReason=OK;derived=95.67;locationGapMs=977;callbackGapMs=977;fusion=GPS_IMU
LOCATION,1790457468648,29.7578367,52.4439567,65.000,true,2.13,89.197,source=fused:fused;speedReason=OK;derived=94.97;locationGapMs=1034;callbackGapMs=1034;fusion=GPS_IMU
LOCATION,1790457469638,29.7579367,52.4442083,66.000,true,2.06,89.673,source=fused:fused;speedReason=OK;derived=96.91;locationGapMs=986;callbackGapMs=986;fusion=GPS_IMU
LOCATION,1790457470626,29.7580350,52.4444617,65.000,true,2.03,90.198,source=fused:fused;speedReason=OK;derived=97.34;locationGapMs=992;callbackGapMs=992;fusion=GPS_IMU
LOCATION,1790457471635,29.7581333,52.4447083,65.000,true,1.96,90.539,source=fused:fused;speedReason=OK;derived=97.34;locationGapMs=1010;callbackGapMs=1010;fusion=GPS_IMU
LOCATION,1790457472627,29.7582350,52.4449550,64.000,true,1.94,90.780,source=fused:fused;speedReason=OK;derived=95.87;locationGapMs=991;callbackGapMs=991;fusion=GPS_IMU
LOCATION,1790457473619,29.7583350,52.4451967,64.000,true,1.90,91.011,source=fused:fused;speedReason=OK;derived=93.80;locationGapMs=993;callbackGapMs=993;fusion=GPS_IMU
LOCATION,1790457474711,29.7584300,52.4454350,65.000,true,1.88,91.208,source=fused:fused;speedReason=OK;derived=93.80;locationGapMs=1083;callbackGapMs=1083;fusion=GPS_IMU
LOCATION,1790457475627,29.7585250,52.4456683,65.000,true,1.88,91.213,source=fused:fused;speedReason=OK;derived=93.80;locationGapMs=925;callbackGapMs=925;fusion=GPS_IMU
LOCATION,1790457476912,29.7586217,52.4459067,64.000,true,1.87,91.217,source=fused:fused;speedReason=OK;derived=91.81;locationGapMs=997;callbackGapMs=997;fusion=GPS_IMU
LOCATION,1790457477612,29.7587233,52.4461483,64.000,true,1.85,91.289,source=fused:fused;speedReason=OK;derived=94.61;locationGapMs=987;callbackGapMs=987;fusion=GPS_IMU
LOCATION,1790457478625,29.7588283,52.4463917,63.000,true,1.84,91.423,source=fused:fused;speedReason=OK;derived=93.51;locationGapMs=1011;callbackGapMs=1011;fusion=GPS_IMU
LOCATION,1790457479617,29.7589333,52.4466367,63.000,true,1.85,91.561,source=fused:fused;speedReason=OK;derived=94.61;locationGapMs=995;callbackGapMs=995;fusion=GPS_IMU
LOCATION,1790457480700,29.7590417,52.4468833,63.000,true,1.84,91.676,source=fused:fused;speedReason=OK;derived=93.51;locationGapMs=1083;callbackGapMs=1083;fusion=GPS_IMU
LOCATION,1790457481640,29.7591500,52.4471250,62.000,true,1.86,91.794,source=fused:fused;speedReason=OK;derived=95.52;locationGapMs=938;callbackGapMs=938;fusion=GPS_IMU
LOCATION,1790457482632,29.7592617,52.4473633,61.000,true,1.88,91.879,source=fused:fused;speedReason=OK;derived=94.85;locationGapMs=993;callbackGapMs=993;fusion=GPS_IMU
LOCATION,1790457483625,29.7593733,52.4476083,61.000,true,1.90,91.970,source=fused:fused;speedReason=OK;derived=96.91;locationGapMs=993;callbackGapMs=993;fusion=GPS_IMU
LOCATION,1790457484636,29.7594833,52.4478517,61.000,true,1.90,92.068,source=fused:fused;speedReason=OK;derived=94.85;locationGapMs=1011;callbackGapMs=1011;fusion=GPS_IMU
LOCATION,1790457485619,29.7595950,52.4480883,60.000,true,1.90,92.147,source=fused:fused;speedReason=OK;derived=95.19;locationGapMs=984;callbackGapMs=984;fusion=GPS_IMU
LOCATION,1790457486701,29.7597083,52.4483200,60.000,true,1.90,92.154,source=fused:fused;speedReason=OK;derived=94.40;locationGapMs=1080;callbackGapMs=1080;fusion=GPS_IMU
LOCATION,1790457487628,29.7598250,52.4485533,59.000,true,1.90,92.139,source=fused:fused;speedReason=OK;derived=95.19;locationGapMs=928;callbackGapMs=928;fusion=GPS_IMU
LOCATION,1790457488623,29.7599383,52.4487817,60.000,true,1.90,92.070,source=fused:fused;speedReason=OK;derived=91.85;locationGapMs=996;callbackGapMs=996;fusion=GPS_IMU
LOCATION,1790457489639,29.7600567,52.4490167,60.000,true,1.90,92.014,source=fused:fused;speedReason=OK;derived=93.09;locationGapMs=1015;callbackGapMs=1015;fusion=GPS_IMU
LOCATION,1790457490637,29.7601767,52.4492550,59.000,true,1.90,92.064,source=fused:fused;speedReason=OK;derived=93.09;locationGapMs=998;callbackGapMs=998;fusion=GPS_IMU
LOCATION,1790457491916,29.7603000,52.4494967,58.000,true,1.90,92.128,source=fused:fused;speedReason=OK;derived=95.99;locationGapMs=992;callbackGapMs=992;fusion=GPS_IMU
LOCATION,1790457492676,29.7604283,52.4497333,58.000,true,1.90,92.212,source=fused:fused;speedReason=OK;derived=95.99;locationGapMs=1048;callbackGapMs=1048;fusion=GPS_IMU
LOCATION,1790457493624,29.7605550,52.4499750,58.000,true,1.90,92.280,source=fused:fused;speedReason=OK;derived=98.27;locationGapMs=947;callbackGapMs=947;fusion=GPS_IMU
LOCATION,1790457494617,29.7606800,52.4502017,57.000,true,1.92,92.335,source=fused:fused;speedReason=OK;derived=93.84;locationGapMs=995;callbackGapMs=995;fusion=GPS_IMU
LOCATION,1790457495625,29.7608117,52.4504183,54.000,true,1.93,92.341,source=fused:fused;speedReason=OK;derived=93.84;locationGapMs=1007;callbackGapMs=1007;fusion=GPS_IMU
LOCATION,1790457496613,29.7609433,52.4506300,54.000,true,1.97,92.321,source=fused:fused;speedReason=OK;derived=91.51;locationGapMs=989;callbackGapMs=989;fusion=GPS_IMU
LOCATION,1790457497634,29.7610717,52.4508367,53.000,true,2.02,92.264,source=fused:fused;speedReason=OK;derived=91.28;locationGapMs=1019;callbackGapMs=1019;fusion=GPS_IMU
LOCATION,1790457498693,29.7612000,52.4510317,53.000,true,2.06,92.153,source=fused:fused;speedReason=OK;derived=86.70;locationGapMs=1059;callbackGapMs=1059;fusion=GPS_IMU
LOCATION,1790457499625,29.7613300,52.4512217,52.000,true,2.08,92.051,source=fused:fused;speedReason=OK;derived=86.70;locationGapMs=933;callbackGapMs=933;fusion=GPS_IMU
LOCATION,1790457500638,29.7614567,52.4514117,53.000,true,2.10,91.951,source=fused:fused;speedReason=OK;derived=82.28;locationGapMs=1012;callbackGapMs=1012;fusion=GPS_IMU
LOCATION,1790457501585,29.7615800,52.4516067,55.000,true,2.08,91.810,source=fused:fused;speedReason=OK;derived=88.26;locationGapMs=950;callbackGapMs=950;fusion=GPS_IMU
LOCATION,1790457502620,29.7617000,52.4518133,57.000,true,2.08,91.702,source=fused:fused;speedReason=OK;derived=83.65;locationGapMs=1033;callbackGapMs=1033;fusion=GPS_IMU
LOCATION,1790457503619,29.7618233,52.4520183,55.000,true,2.08,91.614,source=fused:fused;speedReason=OK;derived=86.87;locationGapMs=998;callbackGapMs=998;fusion=GPS_IMU
LOCATION,1790457504689,29.7619500,52.4522233,53.000,true,2.08,91.527,source=fused:fused;speedReason=OK;derived=83.65;locationGapMs=1071;callbackGapMs=1071;fusion=GPS_IMU
LOCATION,1790457505626,29.7620800,52.4524317,55.000,true,2.10,91.463,source=fused:fused;speedReason=OK;derived=86.87;locationGapMs=936;callbackGapMs=936;fusion=GPS_IMU
LOCATION,1790457506630,29.7622067,52.4526400,54.000,true,2.12,91.412,source=fused:fused;speedReason=OK;derived=88.14;locationGapMs=1003;callbackGapMs=1003;fusion=GPS_IMU
LOCATION,1790457507913,29.7623350,52.4528500,54.000,true,2.12,91.374,source=fused:fused;speedReason=OK;derived=88.90;locationGapMs=1004;callbackGapMs=1004;fusion=GPS_IMU
LOCATION,1790457508613,29.7624633,52.4530600,55.000,true,2.12,91.341,source=fused:fused;speedReason=OK;derived=88.90;locationGapMs=981;callbackGapMs=981;fusion=GPS_IMU
LOCATION,1790457509621,29.7625933,52.4532700,54.000,true,2.12,91.342,source=fused:fused;speedReason=OK;derived=89.03;locationGapMs=1007;callbackGapMs=1007;fusion=GPS_IMU
LOCATION,1790457510680,29.7627267,52.4534850,55.000,true,2.10,91.355,source=fused:fused;speedReason=OK;derived=89.03;locationGapMs=1059;callbackGapMs=1059;fusion=GPS_IMU
LOCATION,1790457511635,29.7628617,52.4537083,54.000,true,2.10,91.389,source=fused:fused;speedReason=OK;derived=89.03;locationGapMs=951;callbackGapMs=951;fusion=GPS_IMU
LOCATION,1790457512625,29.7630017,52.4539267,52.000,true,2.10,91.423,source=fused:fused;speedReason=OK;derived=94.74;locationGapMs=996;callbackGapMs=996;fusion=GPS_IMU
LOCATION,1790457513620,29.7631400,52.4541500,53.000,true,2.10,91.457,source=fused:fused;speedReason=OK;derived=96.11;locationGapMs=992;callbackGapMs=992;fusion=GPS_IMU
LOCATION,1790457514626,29.7632783,52.4543717,54.000,true,2.12,91.515,source=fused:fused;speedReason=OK;derived=94.74;locationGapMs=1007;callbackGapMs=1007;fusion=GPS_IMU
LOCATION,1790457515628,29.7634167,52.4545950,54.000,true,2.14,91.572,source=fused:fused;speedReason=OK;derived=95.27;locationGapMs=1001;callbackGapMs=1001;fusion=GPS_IMU
LOCATION,1790457516625,29.7635567,52.4548200,54.000,true,2.15,91.644,source=fused:fused;speedReason=OK;derived=95.27;locationGapMs=998;callbackGapMs=998;fusion=GPS_IMU
LOCATION,1790457517628,29.7636967,52.4550433,54.000,true,2.18,91.729,source=fused:fused;speedReason=OK;derived=95.45;locationGapMs=1003;callbackGapMs=1003;fusion=GPS_IMU
LOCATION,1790457518621,29.7638333,52.4552717,55.000,true,2.22,91.811,source=fused:fused;speedReason=OK;derived=96.41;locationGapMs=993;callbackGapMs=993;fusion=GPS_IMU
LOCATION,1790457519628,29.7639700,52.4554967,55.000,true,2.24,91.902,source=fused:fused;speedReason=OK;derived=95.45;locationGapMs=1008;callbackGapMs=1008;fusion=GPS_IMU
LOCATION,1790457520625,29.7641000,52.4557133,56.000,true,2.25,91.963,source=fused:fused;speedReason=OK;derived=94.70;locationGapMs=996;callbackGapMs=996;fusion=GPS_IMU
LOCATION,1790457521695,29.7642250,52.4559233,55.000,true,2.26,91.953,source=fused:fused;speedReason=OK;derived=91.90;locationGapMs=1065;callbackGapMs=1065;fusion=GPS_IMU
LOCATION,1790457522626,29.7643533,52.4561267,53.000,true,2.25,91.874,source=fused:fused;speedReason=OK;derived=91.90;locationGapMs=936;callbackGapMs=936;fusion=GPS_IMU
LOCATION,1790457523913,29.7644883,52.4563267,53.000,true,2.24,91.797,source=fused:fused;speedReason=OK;derived=88.48;locationGapMs=995;callbackGapMs=995;fusion=GPS_IMU
LOCATION,1790457524625,29.7646167,52.4565283,55.000,true,2.23,91.708,source=fused:fused;speedReason=OK;derived=88.48;locationGapMs=1006;callbackGapMs=1006;fusion=GPS_IMU
LOCATION,1790457525932,29.7647417,52.4567350,55.000,true,2.20,91.655,source=fused:fused;speedReason=OK;derived=87.65;locationGapMs=999;callbackGapMs=999;fusion=GPS_IMU
LOCATION,1790457526621,29.7648667,52.4569417,54.000,true,2.20,91.588,source=fused:fused;speedReason=OK;derived=87.65;locationGapMs=996;callbackGapMs=996;fusion=GPS_IMU
LOCATION,1790457527693,29.7649950,52.4571517,54.000,true,2.20,91.531,source=fused:fused;speedReason=OK;derived=87.65;locationGapMs=1068;callbackGapMs=1068;fusion=GPS_IMU
LOCATION,1790457528623,29.7651200,52.4573617,56.000,true,2.20,91.490,source=fused:fused;speedReason=OK;derived=87.91;locationGapMs=931;callbackGapMs=931;fusion=GPS_IMU
LOCATION,1790457529617,29.7652467,52.4575733,54.000,true,2.20,91.453,source=fused:fused;speedReason=OK;derived=89.62;locationGapMs=997;callbackGapMs=997;fusion=GPS_IMU
LOCATION,1790457530934,29.7653783,52.4577750,52.000,true,2.20,91.422,source=fused:fused;speedReason=OK;derived=89.62;locationGapMs=1021;callbackGapMs=1021;fusion=GPS_IMU
LOCATION,1790457531627,29.7655067,52.4579800,55.000,true,2.20,91.354,source=fused:fused;speedReason=OK;derived=88.84;locationGapMs=989;callbackGapMs=989;fusion=GPS_IMU
LOCATION,1790457532616,29.7656300,52.4581867,56.000,true,2.20,91.268,source=fused:fused;speedReason=OK;derived=88.15;locationGapMs=989;callbackGapMs=989;fusion=GPS_IMU
LOCATION,1790457533688,29.7657533,52.4583950,55.000,true,2.20,91.183,source=fused:fused;speedReason=OK;derived=88.15;locationGapMs=1069;callbackGapMs=1069;fusion=GPS_IMU
LOCATION,1790457534617,29.7658750,52.4585983,55.000,true,2.20,91.078,source=fused:fused;speedReason=OK;derived=88.15;locationGapMs=932;callbackGapMs=932;fusion=GPS_IMU
LOCATION,1790457535634,29.7659867,52.4587900,54.000,true,2.20,90.883,source=fused:fused;speedReason=OK;derived=81.98;locationGapMs=1016;callbackGapMs=1016;fusion=GPS_IMU
LOCATION,1790457536915,29.7661000,52.4589683,53.000,true,2.20,90.586,source=fused:fused;speedReason=OK;derived=78.99;locationGapMs=993;callbackGapMs=993;fusion=GPS_IMU
LOCATION,1790457537627,29.7662083,52.4591433,55.000,true,2.18,90.287,source=fused:fused;speedReason=OK;derived=77.34;locationGapMs=1000;callbackGapMs=1000;fusion=GPS_IMU
LOCATION,1790457538627,29.7663067,52.4593133,57.000,true,2.16,89.953,source=fused:fused;speedReason=OK;derived=74.70;locationGapMs=1001;callbackGapMs=1001;fusion=GPS_IMU
LOCATION,1790457539637,29.7664000,52.4594767,56.000,true,2.16,89.662,source=fused:fused;speedReason=OK;derived=70.96;locationGapMs=1007;callbackGapMs=1007;fusion=GPS_IMU
LOCATION,1790457540619,29.7664950,52.4596267,54.000,true,2.17,89.218,source=fused:fused;speedReason=OK;derived=67.52;locationGapMs=986;callbackGapMs=986;fusion=GPS_IMU
LOCATION,1790457541613,29.7665950,52.4597750,52.000,true,2.15,88.775,source=fused:fused;speedReason=OK;derived=65.85;locationGapMs=991;callbackGapMs=991;fusion=GPS_IMU
LOCATION,1790457542902,29.7667017,52.4599250,52.000,true,2.14,88.282,source=fused:fused;speedReason=OK;derived=65.85;locationGapMs=1023;callbackGapMs=1023;fusion=GPS_IMU
LOCATION,1790457543624,29.7668083,52.4600883,54.000,true,2.14,87.786,source=fused:fused;speedReason=OK;derived=65.87;locationGapMs=990;callbackGapMs=990;fusion=GPS_IMU
LOCATION,1790457544695,29.7669117,52.4602567,55.000,true,2.13,87.470,source=fused:fused;speedReason=OK;derived=67.70;locationGapMs=1059;callbackGapMs=1059;fusion=GPS_IMU
LOCATION,1790457545622,29.7670133,52.4604267,54.000,true,2.12,87.167,source=fused:fused;speedReason=OK;derived=71.72;locationGapMs=939;callbackGapMs=939;fusion=GPS_IMU
LOCATION,1790457546915,29.7671250,52.4606000,53.000,true,2.10,86.881,source=fused:fused;speedReason=OK;derived=75.09;locationGapMs=999;callbackGapMs=999;fusion=GPS_IMU
LOCATION,1790457547624,29.7672350,52.4607783,54.000,true,2.10,86.661,source=fused:fused;speedReason=OK;derived=75.80;locationGapMs=1003;callbackGapMs=1003;fusion=GPS_IMU
LOCATION,1790457548627,29.7673483,52.4609633,55.000,true,2.10,86.456,source=fused:fused;speedReason=OK;derived=75.80;locationGapMs=1003;callbackGapMs=1003;fusion=GPS_IMU
LOCATION,1790457549616,29.7674650,52.4611617,54.000,true,2.10,86.286,source=fused:fused;speedReason=OK;derived=78.46;locationGapMs=988;callbackGapMs=988;fusion=GPS_IMU
LOCATION,1790457550965,29.7675883,52.4613650,54.000,true,2.10,86.150,source=fused:fused;speedReason=OK;derived=80.19;locationGapMs=1075;callbackGapMs=1075;fusion=GPS_IMU
LOCATION,1790457551631,29.7677117,52.4615683,54.000,true,2.10,86.102,source=fused:fused;speedReason=OK;derived=84.32;locationGapMs=941;callbackGapMs=941;fusion=GPS_IMU
LOCATION,1790457552625,29.7678350,52.4617717,55.000,true,2.10,86.093,source=fused:fused;speedReason=OK;derived=86.84;locationGapMs=993;callbackGapMs=993;fusion=GPS_IMU
LOCATION,1790457553904,29.7679583,52.4619750,55.000,true,2.12,86.088,source=fused:fused;speedReason=OK;derived=86.84;locationGapMs=1000;callbackGapMs=1000;fusion=GPS_IMU
LOCATION,1790457554623,29.7680883,52.4622067,57.000,true,2.14,86.086,source=fused:fused;speedReason=OK;derived=86.84;locationGapMs=999;callbackGapMs=999;fusion=GPS_IMU
LOCATION,1790457555919,29.7682150,52.4624300,57.000,true,2.22,86.097,source=fused:fused;speedReason=OK;derived=93.20;locationGapMs=995;callbackGapMs=995;fusion=GPS_IMU
LOCATION,1790457557208,29.7683383,52.4626483,57.000,true,2.37,86.105,source=fused:fused;speedReason=OK;derived=93.20;locationGapMs=1005;callbackGapMs=1005;fusion=GPS_IMU
LOCATION_ONLY,1790457557635,29.7684517,52.4628533,57.000,true,2.62,86.115,source=fused:fused;speedReason=POOR_SPEED_ACCURACY;derived=90.09;locationGapMs=995;callbackGapMs=995;fusion=GPS_IMU
LOCATION_ONLY,1790457558899,29.7685617,52.4630617,58.000,true,2.95,86.112,source=fused:fused;speedReason=POOR_SPEED_ACCURACY;derived=84.97;locationGapMs=998;callbackGapMs=998;fusion=GPS_IMU
LOCATION_ONLY,1790457560226,29.7686883,52.4632717,56.000,true,3.37,86.110,source=fused:fused;speedReason=POOR_SPEED_ACCURACY;derived=84.97;locationGapMs=1000;callbackGapMs=1000;fusion=GPS_IMU
LOCATION_ONLY,1790457560628,29.7688150,52.4634800,55.000,true,3.87,86.115,source=fused:fused;speedReason=POOR_SPEED_ACCURACY;derived=88.23;locationGapMs=1002;callbackGapMs=1002;fusion=GPS_IMU
LOCATION_ONLY,1790457561910,29.7689350,52.4636917,55.000,true,4.38,86.120,source=fused:fused;speedReason=POOR_SPEED_ACCURACY;derived=88.23;locationGapMs=1002;callbackGapMs=1002;fusion=GPS_IMU
LOCATION_ONLY,1790457562629,29.7690500,52.4639017,56.000,true,5.18,86.124,source=fused:fused;speedReason=POOR_SPEED_ACCURACY;derived=87.72;locationGapMs=1002;callbackGapMs=1002;fusion=GPS_IMU
LOCATION_ONLY,1790457563621,29.7691683,52.4641133,56.000,true,5.43,86.128,source=fused:fused;speedReason=POOR_SPEED_ACCURACY;derived=87.72;locationGapMs=995;callbackGapMs=995;fusion=GPS_IMU
LOCATION_ONLY,1790457564619,29.7692633,52.4643233,58.000,true,6.14,86.128,source=fused:fused;speedReason=POOR_SPEED_ACCURACY;derived=86.15;locationGapMs=1003;callbackGapMs=1003;fusion=GPS_IMU
LOCATION_ONLY,1790457565616,29.7692833,52.4644017,58.000,true,6.38,86.118,source=fused:fused;speedReason=POOR_SPEED_ACCURACY;derived=82.11;locationGapMs=996;callbackGapMs=996;fusion=GPS_IMU
LOCATION,1790457566684,29.7693133,52.4644150,59.000,true,6.32,71.220,source=fused:fused;speedReason=OK;derived=28.55;locationGapMs=1069;callbackGapMs=1069;fusion=GPS_IMU
LOCATION,1790457567584,29.7694050,52.4645700,57.000,true,6.12,71.846,source=fused:fused;speedReason=OK;derived=28.55;locationGapMs=901;callbackGapMs=901;fusion=GPS_IMU
LOCATION,1790457568602,29.7694983,52.4647000,58.000,true,5.83,71.959,source=fused:fused;speedReason=OK;derived=57.97;locationGapMs=1011;callbackGapMs=1011;fusion=GPS_IMU
LOCATION,1790457569620,29.7696283,52.4648533,57.000,true,5.10,72.669,source=fused:fused;speedReason=OK;derived=72.36;locationGapMs=1023;callbackGapMs=1023;fusion=GPS_IMU
LOCATION,1790457570624,29.7697433,52.4650250,58.000,true,4.88,73.857,source=fused:fused;speedReason=OK;derived=72.76;locationGapMs=1003;callbackGapMs=1003;fusion=GPS_IMU
LOCATION,1790457571622,29.7698567,52.4652067,57.000,true,4.42,74.548,source=fused:fused;speedReason=OK;derived=75.14;locationGapMs=999;callbackGapMs=999;fusion=GPS_IMU
LOCATION,1790457572631,29.7699767,52.4653917,55.000,true,3.88,76.055,source=fused:fused;speedReason=OK;derived=77.86;locationGapMs=1010;callbackGapMs=1010;fusion=GPS_IMU
LOCATION,1790457573583,29.7700900,52.4655783,56.000,true,3.78,77.022,source=fused:fused;speedReason=OK;derived=79.46;locationGapMs=952;callbackGapMs=952;fusion=GPS_IMU
LOCATION,1790457574620,29.7702050,52.4657633,57.000,true,3.57,77.456,source=fused:fused;speedReason=OK;derived=79.46;locationGapMs=1032;callbackGapMs=1032;fusion=GPS_IMU
LOCATION,1790457575632,29.7703617,52.4659983,56.000,true,3.26,77.934,source=fused:fused;speedReason=OK;derived=83.14;locationGapMs=1016;callbackGapMs=1016;fusion=GPS_IMU
LOCATION,1790457576634,29.7704850,52.4661967,55.000,true,3.06,78.310,source=fused:fused;speedReason=OK;derived=84.81;locationGapMs=1000;callbackGapMs=1000;fusion=GPS_IMU
LOCATION,1790457577624,29.7706200,52.4663917,55.000,true,2.97,78.639,source=fused:fused;speedReason=OK;derived=87.10;locationGapMs=995;callbackGapMs=995;fusion=GPS_IMU
LOCATION,1790457578627,29.7707517,52.4665950,52.000,true,2.70,79.239,source=fused:fused;speedReason=OK;derived=87.10;locationGapMs=1001;callbackGapMs=1001;fusion=GPS_IMU
LOCATION,1790457579608,29.7708783,52.4667783,53.000,true,2.65,79.805,source=fused:fused;speedReason=OK;derived=87.10;locationGapMs=981;callbackGapMs=981;fusion=GPS_IMU
LOCATION,1790457580624,29.7710000,52.4669767,54.000,true,2.50,80.188,source=fused:fused;speedReason=OK;derived=83.68;locationGapMs=1009;callbackGapMs=1009;fusion=GPS_IMU
LOCATION,1790457581622,29.7711300,52.4671800,53.000,true,2.40,80.635,source=fused:fused;speedReason=OK;derived=83.68;locationGapMs=1004;callbackGapMs=1004;fusion=GPS_IMU
LOCATION,1790457582907,29.7712533,52.4673783,55.000,true,2.33,81.232,source=fused:fused;speedReason=OK;derived=84.10;locationGapMs=1008;callbackGapMs=1008;fusion=GPS_IMU
LOCATION,1790457583585,29.7713733,52.4675733,54.000,true,2.28,81.780,source=fused:fused;speedReason=OK;derived=86.90;locationGapMs=956;callbackGapMs=956;fusion=GPS_IMU
LOCATION,1790457584682,29.7714883,52.4677767,54.000,true,2.22,81.986,source=fused:fused;speedReason=OK;derived=84.10;locationGapMs=1095;callbackGapMs=1095;fusion=GPS_IMU
LOCATION,1790457585626,29.7716017,52.4679850,55.000,true,2.20,82.187,source=fused:fused;speedReason=OK;derived=86.90;locationGapMs=940;callbackGapMs=940;fusion=GPS_IMU
LOCATION,1790457586623,29.7717200,52.4681967,55.000,true,2.18,82.464,source=fused:fused;speedReason=OK;derived=87.44;locationGapMs=1001;callbackGapMs=1001;fusion=GPS_IMU
LOCATION,1790457587634,29.7718450,52.4684050,53.000,true,2.18,82.695,source=fused:fused;speedReason=OK;derived=87.44;locationGapMs=1012;callbackGapMs=1012;fusion=GPS_IMU
LOCATION,1790457588627,29.7719633,52.4686017,53.000,true,2.18,82.884,source=fused:fused;speedReason=OK;derived=86.97;locationGapMs=993;callbackGapMs=993;fusion=GPS_IMU
LOCATION,1790457589626,29.7720767,52.4687950,55.000,true,2.17,82.935,source=fused:fused;speedReason=OK;derived=83.76;locationGapMs=998;callbackGapMs=998;fusion=GPS_IMU
LOCATION,1790457590590,29.7721950,52.4689917,55.000,true,2.17,82.936,source=fused:fused;speedReason=OK;derived=83.76;locationGapMs=965;callbackGapMs=965;fusion=GPS_IMU
LOCATION,1790457591626,29.7722950,52.4691650,56.000,true,2.17,82.935,source=fused:fused;speedReason=OK;derived=81.26;locationGapMs=1031;callbackGapMs=1031;fusion=GPS_IMU
LOCATION,1790457592625,29.7723950,52.4693383,55.000,true,2.18,82.821,source=fused:fused;speedReason=OK;derived=72.26;locationGapMs=1001;callbackGapMs=1001;fusion=GPS_IMU
LOCATION,1790457593598,29.7724933,52.4694917,56.000,true,2.17,82.650,source=fused:fused;speedReason=OK;derived=70.16;locationGapMs=978;callbackGapMs=978;fusion=GPS_IMU
LOCATION,1790457594619,29.7725833,52.4696367,57.000,true,2.15,82.160,source=fused:fused;speedReason=OK;derived=67.75;locationGapMs=1020;callbackGapMs=1020;fusion=GPS_IMU
LOCATION,1790457595602,29.7726700,52.4697700,56.000,true,2.14,81.357,source=fused:fused;speedReason=OK;derived=60.74;locationGapMs=981;callbackGapMs=981;fusion=GPS_IMU
LOCATION,1790457596690,29.7727583,52.4699050,54.000,true,2.12,80.516,source=fused:fused;speedReason=OK;derived=59.01;locationGapMs=1082;callbackGapMs=1082;fusion=GPS_IMU
LOCATION,1790457597600,29.7728483,52.4700300,54.000,true,2.12,79.647,source=fused:fused;speedReason=OK;derived=59.01;locationGapMs=917;callbackGapMs=917;fusion=GPS_IMU
LOCATION,1790457598624,29.7729383,52.4701550,54.000,true,2.10,78.914,source=fused:fused;speedReason=OK;derived=55.16;locationGapMs=1023;callbackGapMs=1023;fusion=GPS_IMU
LOCATION,1790457599632,29.7730250,52.4702850,55.000,true,2.10,78.180,source=fused:fused;speedReason=OK;derived=56.46;locationGapMs=1009;callbackGapMs=1009;fusion=GPS_IMU
LOCATION,1790457600630,29.7731117,52.4704333,54.000,true,2.10,77.473,source=fused:fused;speedReason=OK;derived=56.46;locationGapMs=998;callbackGapMs=998;fusion=GPS_IMU
LOCATION,1790457601640,29.7731983,52.4705817,55.000,true,2.10,76.859,source=fused:fused;speedReason=OK;derived=61.54;locationGapMs=1010;callbackGapMs=1010;fusion=GPS_IMU
LOCATION,1790457602596,29.7732833,52.4707233,55.000,true,2.10,76.290,source=fused:fused;speedReason=OK;derived=62.27;locationGapMs=954;callbackGapMs=954;fusion=GPS_IMU
LOCATION,1790457603656,29.7733650,52.4708650,57.000,true,2.10,75.693,source=fused:fused;speedReason=OK;derived=61.54;locationGapMs=1064;callbackGapMs=1064;fusion=GPS_IMU
LOCATION,1790457604624,29.7734617,52.4710183,55.000,true,2.08,75.238,source=fused:fused;speedReason=OK;derived=62.72;locationGapMs=967;callbackGapMs=967;fusion=GPS_IMU
LOCATION,1790457605624,29.7735617,52.4711733,54.000,true,2.08,75.055,source=fused:fused;speedReason=OK;derived=67.25;locationGapMs=998;callbackGapMs=998;fusion=GPS_IMU
LOCATION,1790457606620,29.7736567,52.4713383,54.000,true,2.10,74.905,source=fused:fused;speedReason=OK;derived=68.11;locationGapMs=996;callbackGapMs=996;fusion=GPS_IMU
LOCATION,1790457607606,29.7737467,52.4715117,54.000,true,2.12,74.792,source=fused:fused;speedReason=OK;derived=69.10;locationGapMs=979;callbackGapMs=979;fusion=GPS_IMU
LOCATION,1790457608578,29.7738550,52.4716867,53.000,true,2.13,74.606,source=fused:fused;speedReason=OK;derived=71.75;locationGapMs=983;callbackGapMs=983;fusion=GPS_IMU
LOCATION,1790457609619,29.7739600,52.4718467,51.000,true,2.15,74.526,source=fused:fused;speedReason=OK;derived=71.75;locationGapMs=1038;callbackGapMs=1038;fusion=GPS_IMU
LOCATION,1790457610613,29.7740683,52.4720150,53.000,true,2.18,74.407,source=fused:fused;speedReason=OK;derived=73.17;locationGapMs=995;callbackGapMs=995;fusion=GPS_IMU
LOCATION,1790457611595,29.7741767,52.4721833,54.000,true,2.18,74.362,source=fused:fused;speedReason=OK;derived=73.17;locationGapMs=982;callbackGapMs=982;fusion=GPS_IMU
LOCATION,1790457612638,29.7742917,52.4723633,54.000,true,2.16,74.321,source=fused:fused;speedReason=OK;derived=74.16;locationGapMs=1043;callbackGapMs=1043;fusion=GPS_IMU
LOCATION,1790457613607,29.7744067,52.4725517,55.000,true,2.14,74.276,source=fused:fused;speedReason=OK;derived=74.47;locationGapMs=969;callbackGapMs=969;fusion=GPS_IMU
LOCATION,1790457614626,29.7745167,52.4727417,54.000,true,2.12,74.299,source=fused:fused;speedReason=OK;derived=77.98;locationGapMs=1018;callbackGapMs=1018;fusion=GPS_IMU
LOCATION,1790457615620,29.7746283,52.4729267,54.000,true,2.10,74.341,source=fused:fused;speedReason=OK;derived=78.85;locationGapMs=993;callbackGapMs=993;fusion=GPS_IMU
LOCATION,1790457616632,29.7747383,52.4731083,54.000,true,2.10,74.376,source=fused:fused;speedReason=OK;derived=77.98;locationGapMs=1012;callbackGapMs=1012;fusion=GPS_IMU
LOCATION,1790457617613,29.7748533,52.4732967,55.000,true,2.12,74.460,source=fused:fused;speedReason=OK;derived=78.85;locationGapMs=982;callbackGapMs=982;fusion=GPS_IMU
LOCATION,1790457618669,29.7749683,52.4734917,55.000,true,2.14,74.643,source=fused:fused;speedReason=OK;derived=77.60;locationGapMs=1056;callbackGapMs=1056;fusion=GPS_IMU
LOCATION,1790457619621,29.7750817,52.4736867,56.000,true,2.15,74.821,source=fused:fused;speedReason=OK;derived=81.52;locationGapMs=952;callbackGapMs=952;fusion=GPS_IMU
LOCATION,1790457620620,29.7751967,52.4738867,55.000,true,2.20,74.963,source=fused:fused;speedReason=OK;derived=83.56;locationGapMs=998;callbackGapMs=998;fusion=GPS_IMU
LOCATION,1790457621615,29.7753217,52.4740850,54.000,true,2.20,75.142,source=fused:fused;speedReason=OK;derived=85.43;locationGapMs=997;callbackGapMs=997;fusion=GPS_IMU
LOCATION,1790457622628,29.7754450,52.4742783,55.000,true,2.22,75.278,source=fused:fused;speedReason=OK;derived=83.56;locationGapMs=1012;callbackGapMs=1012;fusion=GPS_IMU
LOCATION,1790457623618,29.7755667,52.4744717,54.000,true,2.22,75.423,source=fused:fused;speedReason=OK;derived=83.94;locationGapMs=989;callbackGapMs=989;fusion=GPS_IMU
LOCATION,1790457624697,29.7756933,52.4746700,56.000,true,2.22,75.563,source=fused:fused;speedReason=OK;derived=82.37;locationGapMs=1080;callbackGapMs=1080;fusion=GPS_IMU
LOCATION,1790457625632,29.7758150,52.4748767,56.000,true,2.18,75.795,source=fused:fused;speedReason=OK;derived=83.94;locationGapMs=935;callbackGapMs=935;fusion=GPS_IMU
LOCATION,1790457626639,29.7759350,52.4750733,54.000,true,2.16,75.990,source=fused:fused;speedReason=OK;derived=83.20;locationGapMs=1004;callbackGapMs=1004;fusion=GPS_IMU
LOCATION,1790457627616,29.7760517,52.4752633,55.000,true,2.15,76.102,source=fused:fused;speedReason=OK;derived=83.20;locationGapMs=980;callbackGapMs=980;fusion=GPS_IMU
LOCATION,1790457628604,29.7761750,52.4754667,55.000,true,2.15,76.188,source=fused:fused;speedReason=OK;derived=83.20;locationGapMs=989;callbackGapMs=989;fusion=GPS_IMU
LOCATION,1790457629581,29.7763017,52.4756433,54.000,true,2.15,76.265,source=fused:fused;speedReason=OK;derived=82.54;locationGapMs=977;callbackGapMs=977;fusion=GPS_IMU
LOCATION,1790457630590,29.7764233,52.4758283,54.000,true,2.15,78.647,source=fused:fused;speedReason=OK;derived=81.47;locationGapMs=1009;callbackGapMs=1009;fusion=GPS_IMU
LOCATION,1790457631704,29.7765433,52.4760300,56.000,true,2.22,78.676,source=fused:fused;speedReason=OK;derived=79.92;locationGapMs=1114;callbackGapMs=1114;fusion=GPS_IMU
LOCATION,1790457632619,29.7766667,52.4762333,57.000,true,2.33,78.696,source=fused:fused;speedReason=OK;derived=79.92;locationGapMs=914;callbackGapMs=914;fusion=GPS_IMU
LOCATION_ONLY,1790457633623,29.7767867,52.4764400,56.000,true,2.60,78.728,source=fused:fused;speedReason=POOR_SPEED_ACCURACY;derived=86.09;locationGapMs=1004;callbackGapMs=1004;fusion=GPS_IMU
LOCATION_ONLY,1790457634616,29.7769033,52.4766483,56.000,true,2.96,78.763,source=fused:fused;speedReason=POOR_SPEED_ACCURACY;derived=86.77;locationGapMs=993;callbackGapMs=993;fusion=GPS_IMU
LOCATION_ONLY,1790457635611,29.7770200,52.4768633,57.000,true,3.46,78.798,source=fused:fused;speedReason=POOR_SPEED_ACCURACY;derived=86.77;locationGapMs=994;callbackGapMs=994;fusion=GPS_IMU
LOCATION_ONLY,1790457636627,29.7770550,52.4771067,62.000,true,3.96,78.832,source=fused:fused;speedReason=POOR_SPEED_ACCURACY;derived=86.77;locationGapMs=1016;callbackGapMs=1016;fusion=GPS_IMU
LOCATION_ONLY,1790457637633,29.7771300,52.4773117,61.000,true,4.40,78.856,source=fused:fused;speedReason=POOR_SPEED_ACCURACY;derived=84.52;locationGapMs=1006;callbackGapMs=1006;fusion=GPS_IMU
LOCATION,1790457638619,29.7771483,52.4775383,65.000,true,4.68,78.872,source=fused:fused;speedReason=OK;derived=80.27;locationGapMs=987;callbackGapMs=987;fusion=GPS_IMU
LOCATION,1790457639614,29.7772250,52.4777550,66.000,true,4.78,78.900,source=fused:fused;speedReason=OK;derived=80.27;locationGapMs=996;callbackGapMs=996;fusion=GPS_IMU
LOCATION,1790457640625,29.7772683,52.4779367,68.000,true,4.64,78.994,source=fused:fused;speedReason=OK;derived=80.27;locationGapMs=1010;callbackGapMs=1010;fusion=GPS_IMU
LOCATION,1790457641613,29.7773367,52.4781400,70.000,true,4.48,79.061,source=fused:fused;speedReason=OK;derived=76.93;locationGapMs=986;callbackGapMs=986;fusion=GPS_IMU
LOCATION,1790457642638,29.7774100,52.4783500,71.000,true,4.08,79.114,source=fused:fused;speedReason=OK;derived=76.93;locationGapMs=1021;callbackGapMs=1021;fusion=GPS_IMU
LOCATION,1790457643616,29.7774750,52.4785617,71.000,true,3.95,79.144,source=fused:fused;speedReason=OK;derived=77.12;locationGapMs=982;callbackGapMs=982;fusion=GPS_IMU
LOCATION,1790457644589,29.7775383,52.4787850,73.000,true,3.70,79.189,source=fused:fused;speedReason=OK;derived=79.56;locationGapMs=977;callbackGapMs=977;fusion=GPS_IMU
LOCATION,1790457645618,29.7775967,52.4790167,74.000,true,3.47,79.238,source=fused:fused;speedReason=OK;derived=81.83;locationGapMs=1026;callbackGapMs=1026;fusion=GPS_IMU
LOCATION,1790457646622,29.7776517,52.4792533,76.000,true,3.24,79.294,source=fused:fused;speedReason=OK;derived=83.66;locationGapMs=1005;callbackGapMs=1005;fusion=GPS_IMU
LOCATION,1790457647698,29.7776883,52.4794900,78.000,true,3.22,79.341,source=fused:fused;speedReason=OK;derived=81.83;locationGapMs=1075;callbackGapMs=1075;fusion=GPS_IMU
LOCATION,1790457648605,29.7777200,52.4797367,81.000,true,3.15,79.411,source=fused:fused;speedReason=OK;derived=84.82;locationGapMs=905;callbackGapMs=905;fusion=GPS_IMU
LOCATION,1790457649621,29.7777450,52.4799883,82.000,true,3.10,79.507,source=fused:fused;speedReason=OK;derived=86.60;locationGapMs=1018;callbackGapMs=1018;fusion=GPS_IMU
LOCATION,1790457650622,29.7777767,52.4802417,82.000,true,3.08,79.609,source=fused:fused;speedReason=OK;derived=89.56;locationGapMs=995;callbackGapMs=995;fusion=GPS_IMU
LOCATION,1790457651625,29.7777967,52.4805117,84.000,true,3.06,79.774,source=fused:fused;speedReason=OK;derived=89.56;locationGapMs=1011;callbackGapMs=1011;fusion=GPS_IMU
LOCATION,1790457652621,29.7778183,52.4807783,84.000,true,3.03,79.925,source=fused:fused;speedReason=OK;derived=93.30;locationGapMs=994;callbackGapMs=994;fusion=GPS_IMU
LOCATION,1790457653690,29.7778317,52.4810500,86.000,true,2.98,80.131,source=fused:fused;speedReason=OK;derived=93.30;locationGapMs=1066;callbackGapMs=1066;fusion=GPS_IMU
LOCATION,1790457654615,29.7778450,52.4813183,85.000,true,2.94,80.351,source=fused:fused;speedReason=OK;derived=93.77;locationGapMs=929;callbackGapMs=929;fusion=GPS_IMU
LOCATION,1790457655657,29.7778567,52.4815800,87.000,true,2.92,80.549,source=fused:fused;speedReason=OK;derived=88.87;locationGapMs=1040;callbackGapMs=1040;fusion=GPS_IMU
LOCATION,1790457656913,29.7778700,52.4818383,86.000,true,2.90,80.735,source=fused:fused;speedReason=OK;derived=92.48;locationGapMs=974;callbackGapMs=974;fusion=GPS_IMU
LOCATION,1790457657612,29.7778817,52.4820867,87.000,true,2.87,80.898,source=fused:fused;speedReason=OK;derived=88.19;locationGapMs=982;callbackGapMs=982;fusion=GPS_IMU
LOCATION,1790457658580,29.7778933,52.4823400,87.000,true,2.85,80.988,source=fused:fused;speedReason=OK;derived=90.94;locationGapMs=971;callbackGapMs=971;fusion=GPS_IMU
LOCATION,1790457659587,29.7779033,52.4826100,85.000,true,2.80,81.076,source=fused:fused;speedReason=OK;derived=90.94;locationGapMs=1006;callbackGapMs=1006;fusion=GPS_IMU
LOCATION,1790457660587,29.7779167,52.4828667,83.000,true,2.73,81.188,source=fused:fused;speedReason=OK;derived=90.94;locationGapMs=1000;callbackGapMs=1000;fusion=GPS_IMU
LOCATION,1790457661616,29.7779417,52.4831150,82.000,true,2.67,81.240,source=fused:fused;speedReason=OK;derived=89.52;locationGapMs=1028;callbackGapMs=1028;fusion=GPS_IMU
LOCATION,1790457662910,29.7779617,52.4833567,83.000,true,2.58,81.281,source=fused:fused;speedReason=OK;derived=84.64;locationGapMs=1004;callbackGapMs=1004;fusion=GPS_IMU
LOCATION,1790457663603,29.7779733,52.4836000,86.000,true,2.54,81.323,source=fused:fused;speedReason=OK;derived=84.64;locationGapMs=984;callbackGapMs=984;fusion=GPS_IMU
LOCATION,1790457664625,29.7779800,52.4838450,88.000,true,2.54,81.354,source=fused:fused;speedReason=OK;derived=84.18;locationGapMs=1014;callbackGapMs=1014;fusion=GPS_IMU
LOCATION,1790457665615,29.7779650,52.4840983,88.000,true,2.52,81.451,source=fused:fused;speedReason=OK;derived=86.20;locationGapMs=997;callbackGapMs=997;fusion=GPS_IMU
LOCATION,1790457666612,29.7779650,52.4843483,86.000,true,2.48,81.564,source=fused:fused;speedReason=OK;derived=87.38;locationGapMs=996;callbackGapMs=996;fusion=GPS_IMU
LOCATION,1790457667913,29.7779800,52.4846017,85.000,true,2.46,81.669,source=fused:fused;speedReason=OK;derived=87.38;locationGapMs=1018;callbackGapMs=1018;fusion=GPS_IMU
LOCATION,1790457668617,29.7779900,52.4848517,87.000,true,2.42,81.752,source=fused:fused;speedReason=OK;derived=87.38;locationGapMs=988;callbackGapMs=988;fusion=GPS_IMU
LOCATION,1790457669606,29.7779967,52.4850850,89.000,true,2.42,81.816,source=fused:fused;speedReason=OK;derived=86.85;locationGapMs=988;callbackGapMs=988;fusion=GPS_IMU
LOCATION,1790457670928,29.7779983,52.4853200,89.000,true,2.40,81.842,source=fused:fused;speedReason=OK;derived=82.25;locationGapMs=1038;callbackGapMs=1038;fusion=GPS_IMU
LOCATION,1790457671631,29.7780033,52.4855383,88.000,true,2.46,81.829,source=fused:fused;speedReason=OK;derived=78.82;locationGapMs=989;callbackGapMs=989;fusion=GPS_IMU
LOCATION,1790457672620,29.7780083,52.4857333,87.000,true,2.48,81.772,source=fused:fused;speedReason=OK;derived=76.87;locationGapMs=984;callbackGapMs=984;fusion=GPS_IMU
LOCATION,1790457673620,29.7780167,52.4859017,88.000,true,2.53,81.562,source=fused:fused;speedReason=OK;derived=69.02;locationGapMs=1005;callbackGapMs=1005;fusion=GPS_IMU
LOCATION,1790457674917,29.7780183,52.4860533,87.000,true,2.58,81.181,source=fused:fused;speedReason=OK;derived=58.43;locationGapMs=1007;callbackGapMs=1007;fusion=GPS_IMU
LOCATION,1790457675634,29.7780200,52.4862133,86.000,true,2.56,80.765,source=fused:fused;speedReason=OK;derived=55.48;locationGapMs=1004;callbackGapMs=1004;fusion=GPS_IMU
LOCATION,1790457676627,29.7780200,52.4863817,89.000,true,2.52,80.312,source=fused:fused;speedReason=OK;derived=55.48;locationGapMs=992;callbackGapMs=992;fusion=GPS_IMU
LOCATION,1790457677624,29.7780233,52.4865500,87.000,true,2.42,79.921,source=fused:fused;speedReason=OK;derived=58.60;locationGapMs=1000;callbackGapMs=1000;fusion=GPS_IMU
LOCATION,1790457678851,29.7780333,52.4867183,87.000,true,2.38,79.538,source=fused:fused;speedReason=OK;derived=59.10;locationGapMs=980;callbackGapMs=980;fusion=GPS_IMU
LOCATION,1790457679608,29.7780350,52.4868783,87.000,true,2.28,79.115,source=fused:fused;speedReason=OK;derived=58.60;locationGapMs=1005;callbackGapMs=1005;fusion=GPS_IMU
LOCATION,1790457680874,29.7780417,52.4870467,87.000,true,2.23,78.699,source=fused:fused;speedReason=OK;derived=59.64;locationGapMs=984;callbackGapMs=984;fusion=GPS_IMU
LOCATION,1790457681668,29.7780467,52.4872217,87.000,true,2.20,78.449,source=fused:fused;speedReason=OK;derived=56.86;locationGapMs=1072;callbackGapMs=1072;fusion=GPS_IMU
LOCATION,1790457682874,29.7780550,52.4874017,86.000,true,2.18,78.203,source=fused:fused;speedReason=OK;derived=59.64;locationGapMs=939;callbackGapMs=939;fusion=GPS_IMU
LOCATION,1790457683589,29.7780633,52.4875867,87.000,true,2.20,77.899,source=fused:fused;speedReason=OK;derived=65.40;locationGapMs=986;callbackGapMs=986;fusion=GPS_IMU
LOCATION,1790457684847,29.7780733,52.4877817,84.000,true,2.22,77.691,source=fused:fused;speedReason=OK;derived=66.83;locationGapMs=1009;callbackGapMs=1009;fusion=GPS_IMU
LOCATION,1790457686091,29.7780850,52.4879783,87.000,true,2.25,77.525,source=fused:fused;speedReason=OK;derived=67.39;locationGapMs=988;callbackGapMs=988;fusion=GPS_IMU
LOCATION,1790457686604,29.7780933,52.4881833,85.000,true,2.28,77.347,source=fused:fused;speedReason=OK;derived=69.43;locationGapMs=1008;callbackGapMs=1008;fusion=GPS_IMU
LOCATION,1790457687922,29.7781017,52.4883883,86.000,true,2.30,77.196,source=fused:fused;speedReason=OK;derived=69.43;locationGapMs=1032;callbackGapMs=1032;fusion=GPS_IMU
LOCATION,1790457689245,29.7781083,52.4885983,88.000,true,2.30,77.067,source=fused:fused;speedReason=OK;derived=70.87;locationGapMs=1008;callbackGapMs=1008;fusion=GPS_IMU
LOCATION,1790457689646,29.7781150,52.4888100,87.000,true,2.30,76.925,source=fused:fused;speedReason=OK;derived=72.57;locationGapMs=1001;callbackGapMs=1001;fusion=GPS_IMU
LOCATION,1790457690863,29.7781267,52.4890217,87.000,true,2.28,76.820,source=fused:fused;speedReason=OK;derived=73.67;locationGapMs=950;callbackGapMs=950;fusion=GPS_IMU
LOCATION,1790457691620,29.7781367,52.4892383,86.000,true,2.26,76.736,source=fused:fused;speedReason=OK;derived=73.67;locationGapMs=1035;callbackGapMs=1035;fusion=GPS_IMU
LOCATION,1790457692692,29.7781483,52.4894533,86.000,true,2.23,76.654,source=fused:fused;speedReason=OK;derived=72.96;locationGapMs=1068;callbackGapMs=1068;fusion=GPS_IMU
LOCATION,1790457693629,29.7781600,52.4896617,87.000,true,2.18,76.553,source=fused:fused;speedReason=OK;derived=72.96;locationGapMs=936;callbackGapMs=936;fusion=GPS_IMU
LOCATION,1790457694634,29.7781633,52.4898700,88.000,true,2.12,76.404,source=fused:fused;speedReason=OK;derived=71.95;locationGapMs=1008;callbackGapMs=1008;fusion=GPS_IMU
LOCATION,1790457695622,29.7781650,52.4900750,89.000,true,2.08,76.308,source=fused:fused;speedReason=OK;derived=72.09;locationGapMs=990;callbackGapMs=990;fusion=GPS_IMU
LOCATION,1790457696604,29.7781583,52.4902800,88.000,true,2.07,76.238,source=fused:fused;speedReason=OK;derived=72.09;locationGapMs=982;callbackGapMs=982;fusion=GPS_IMU
LOCATION,1790457697622,29.7781550,52.4904867,89.000,true,2.03,76.170,source=fused:fused;speedReason=OK;derived=72.09;locationGapMs=1018;callbackGapMs=1018;fusion=GPS_IMU
LOCATION,1790457698692,29.7781550,52.4906950,88.000,true,2.00,76.113,source=fused:fused;speedReason=OK;derived=70.70;locationGapMs=1066;callbackGapMs=1066;fusion=GPS_IMU
LOCATION,1790457699627,29.7781683,52.4909183,87.000,true,2.00,76.075,source=fused:fused;speedReason=OK;derived=70.70;locationGapMs=938;callbackGapMs=938;fusion=GPS_IMU
LOCATION,1790457700626,29.7781767,52.4911450,90.000,true,2.02,76.083,source=fused:fused;speedReason=OK;derived=78.99;locationGapMs=1000;callbackGapMs=1000;fusion=GPS_IMU
LOCATION,1790457701625,29.7781800,52.4913667,88.000,true,2.04,76.109,source=fused:fused;speedReason=OK;derived=78.99;locationGapMs=996;callbackGapMs=996;fusion=GPS_IMU
LOCATION,1790457702630,29.7781900,52.4915833,86.000,true,2.06,76.118,source=fused:fused;speedReason=OK;derived=77.50;locationGapMs=1007;callbackGapMs=1007;fusion=GPS_IMU
LOCATION,1790457703635,29.7782050,52.4918000,86.000,true,2.07,76.129,source=fused:fused;speedReason=OK;derived=75.45;locationGapMs=1003;callbackGapMs=1003;fusion=GPS_IMU
LOCATION,1790457704692,29.7782267,52.4920183,83.000,true,2.08,76.105,source=fused:fused;speedReason=OK;derived=74.98;locationGapMs=1053;callbackGapMs=1053;fusion=GPS_IMU
LOCATION,1790457705625,29.7782550,52.4922367,82.000,true,2.10,76.095,source=fused:fused;speedReason=OK;derived=75.45;locationGapMs=940;callbackGapMs=940;fusion=GPS_IMU
LOCATION,1790457706623,29.7782850,52.4924600,81.000,true,2.10,76.083,source=fused:fused;speedReason=OK;derived=78.89;locationGapMs=997;callbackGapMs=997;fusion=GPS_IMU
LOCATION,1790457707630,29.7783167,52.4926883,79.000,true,2.10,76.114,source=fused:fused;speedReason=OK;derived=80.00;locationGapMs=1006;callbackGapMs=1006;fusion=GPS_IMU
LOCATION,1790457708636,29.7783583,52.4929133,77.000,true,2.10,76.159,source=fused:fused;speedReason=OK;derived=79.51;locationGapMs=1007;callbackGapMs=1007;fusion=GPS_IMU
LOCATION,1790457709627,29.7783983,52.4931267,75.000,true,2.10,76.209,source=fused:fused;speedReason=OK;derived=79.51;locationGapMs=991;callbackGapMs=991;fusion=GPS_IMU
LOCATION,1790457710700,29.7784500,52.4933400,74.000,true,2.10,76.249,source=fused:fused;speedReason=OK;derived=76.67;locationGapMs=1064;callbackGapMs=1064;fusion=GPS_IMU
LOCATION,1790457711632,29.7785017,52.4935467,74.000,true,2.10,76.306,source=fused:fused;speedReason=OK;derived=76.67;locationGapMs=940;callbackGapMs=940;fusion=GPS_IMU
LOCATION,1790457712619,29.7785633,52.4937633,71.000,true,2.10,76.353,source=fused:fused;speedReason=OK;derived=79.63;locationGapMs=988;callbackGapMs=988;fusion=GPS_IMU
LOCATION,1790457713632,29.7786383,52.4939867,69.000,true,2.10,76.493,source=fused:fused;speedReason=OK;derived=80.27;locationGapMs=1013;callbackGapMs=1013;fusion=GPS_IMU
LOCATION,1790457714617,29.7787183,52.4942050,68.000,true,2.10,76.617,source=fused:fused;speedReason=OK;derived=82.26;locationGapMs=985;callbackGapMs=985;fusion=GPS_IMU
LOCATION,1790457715627,29.7787983,52.4944233,66.000,true,2.10,76.727,source=fused:fused;speedReason=OK;derived=82.26;locationGapMs=1010;callbackGapMs=1010;fusion=GPS_IMU
LOCATION,1790457716691,29.7788733,52.4946550,66.000,true,2.10,76.808,source=fused:fused;speedReason=OK;derived=81.61;locationGapMs=1060;callbackGapMs=1060;fusion=GPS_IMU
LOCATION,1790457717626,29.7789700,52.4948933,63.000,true,2.12,76.920,source=fused:fused;speedReason=OK;derived=81.61;locationGapMs=937;callbackGapMs=937;fusion=GPS_IMU
LOCATION,1790457718614,29.7790817,52.4951317,62.000,true,2.13,77.097,source=fused:fused;speedReason=OK;derived=95.06;locationGapMs=991;callbackGapMs=991;fusion=GPS_IMU
LOCATION,1790457719637,29.7791933,52.4953600,61.000,true,2.16,77.272,source=fused:fused;speedReason=OK;derived=95.06;locationGapMs=1023;callbackGapMs=1023;fusion=GPS_IMU
LOCATION,1790457720628,29.7793050,52.4955800,59.000,true,2.17,77.406,source=fused:fused;speedReason=OK;derived=89.51;locationGapMs=990;callbackGapMs=990;fusion=GPS_IMU
LOCATION,1790457721624,29.7794200,52.4957917,57.000,true,2.22,77.521,source=fused:fused;speedReason=OK;derived=89.05;locationGapMs=996;callbackGapMs=996;fusion=GPS_IMU
LOCATION,1790457722608,29.7795417,52.4959950,55.000,true,2.22,77.633,source=fused:fused;speedReason=OK;derived=87.50;locationGapMs=981;callbackGapMs=981;fusion=GPS_IMU
LOCATION,1790457723622,29.7796717,52.4962017,53.000,true,2.23,77.725,source=fused:fused;speedReason=OK;derived=87.22;locationGapMs=1017;callbackGapMs=1017;fusion=GPS_IMU
LOCATION,1790457724619,29.7798067,52.4964067,52.000,true,2.27,77.815,source=fused:fused;speedReason=OK;derived=87.50;locationGapMs=996;callbackGapMs=996;fusion=GPS_IMU
LOCATION,1790457725625,29.7799483,52.4966100,51.000,true,2.34,77.912,source=fused:fused;speedReason=OK;derived=89.77;locationGapMs=1007;callbackGapMs=1007;fusion=GPS_IMU
LOCATION,1790457726637,29.7801083,52.4968133,47.000,true,2.36,78.030,source=fused:fused;speedReason=OK;derived=89.93;locationGapMs=1011;callbackGapMs=1011;fusion=GPS_IMU
LOCATION,1790457727639,29.7802700,52.4970083,45.000,true,2.40,78.231,source=fused:fused;speedReason=OK;derived=93.75;locationGapMs=999;callbackGapMs=999;fusion=GPS_IMU
LOCATION,1790457728695,29.7804317,52.4971950,44.000,true,2.42,78.467,source=fused:fused;speedReason=OK;derived=93.75;locationGapMs=1059;callbackGapMs=1059;fusion=GPS_IMU
LOCATION,1790457729628,29.7806067,52.4973733,40.000,true,2.42,78.709,source=fused:fused;speedReason=OK;derived=93.75;locationGapMs=934;callbackGapMs=934;fusion=GPS_IMU
LOCATION,1790457730623,29.7807967,52.4975517,39.000,true,2.40,78.965,source=fused:fused;speedReason=OK;derived=98.50;locationGapMs=995;callbackGapMs=995;fusion=GPS_IMU
LOCATION,1790457731624,29.7809850,52.4977183,38.000,true,2.37,79.279,source=fused:fused;speedReason=OK;derived=98.50;locationGapMs=1001;callbackGapMs=1001;fusion=GPS_IMU
LOCATION,1790457732635,29.7811800,52.4978817,36.000,true,2.33,79.555,source=fused:fused;speedReason=OK;derived=95.43;locationGapMs=1010;callbackGapMs=1010;fusion=GPS_IMU
LOCATION,1790457733634,29.7813800,52.4980417,37.000,true,2.30,79.853,source=fused:fused;speedReason=OK;derived=95.43;locationGapMs=995;callbackGapMs=995;fusion=GPS_IMU
LOCATION,1790457734697,29.7815900,52.4981967,35.000,true,2.25,80.182,source=fused:fused;speedReason=OK;derived=95.43;locationGapMs=1068;callbackGapMs=1068;fusion=GPS_IMU
LOCATION,1790457735642,29.7818033,52.4983483,34.000,true,2.18,80.391,source=fused:fused;speedReason=OK;derived=97.81;locationGapMs=943;callbackGapMs=943;fusion=GPS_IMU
LOCATION,1790457736635,29.7820217,52.4985000,34.000,true,2.14,80.705,source=fused:fused;speedReason=OK;derived=102.52;locationGapMs=994;callbackGapMs=994;fusion=GPS_IMU
LOCATION,1790457737632,29.7822300,52.4986600,36.000,true,2.13,80.985,source=fused:fused;speedReason=OK;derived=102.52;locationGapMs=998;callbackGapMs=998;fusion=GPS_IMU
LOCATION,1790457738912,29.7824250,52.4988217,35.000,true,2.12,81.133,source=fused:fused;speedReason=OK;derived=100.26;locationGapMs=994;callbackGapMs=994;fusion=GPS_IMU
LOCATION,1790457739620,29.7826100,52.4989683,34.000,true,2.13,81.250,source=fused:fused;speedReason=OK;derived=96.62;locationGapMs=994;callbackGapMs=994;fusion=GPS_IMU
LOCATION,1790457740681,29.7827700,52.4990950,36.000,true,2.17,81.293,source=fused:fused;speedReason=OK;derived=90.29;locationGapMs=1059;callbackGapMs=1059;fusion=GPS_IMU
LOCATION,1790457741617,29.7829033,52.4992067,35.000,true,2.20,81.263,source=fused:fused;speedReason=OK;derived=73.28;locationGapMs=939;callbackGapMs=939;fusion=GPS_IMU
LOCATION,1790457742628,29.7830300,52.4993150,35.000,true,2.22,81.090,source=fused:fused;speedReason=OK;derived=70.17;locationGapMs=1008;callbackGapMs=1008;fusion=GPS_IMU
LOCATION,1790457743628,29.7831533,52.4994283,35.000,true,2.24,80.859,source=fused:fused;speedReason=OK;derived=62.87;locationGapMs=1003;callbackGapMs=1003;fusion=GPS_IMU
LOCATION,1790457744633,29.7832933,52.4995367,34.000,true,2.24,80.698,source=fused:fused;speedReason=OK;derived=62.87;locationGapMs=1003;callbackGapMs=1003;fusion=GPS_IMU
LOCATION,1790457745629,29.7834267,52.4996500,37.000,true,2.24,80.488,source=fused:fused;speedReason=OK;derived=66.45;locationGapMs=997;callbackGapMs=997;fusion=GPS_IMU
LOCATION,1790457746678,29.7835617,52.4997650,35.000,true,2.24,80.287,source=fused:fused;speedReason=OK;derived=66.45;locationGapMs=1048;callbackGapMs=1048;fusion=GPS_IMU
LOCATION,1790457747632,29.7837017,52.4998800,34.000,true,2.28,80.140,source=fused:fused;speedReason=OK;derived=66.45;locationGapMs=952;callbackGapMs=952;fusion=GPS_IMU
LOCATION,1790457748630,29.7838450,52.4999950,34.000,true,2.30,79.976,source=fused:fused;speedReason=OK;derived=69.80;locationGapMs=1000;callbackGapMs=1000;fusion=GPS_IMU
LOCATION,1790457749636,29.7839933,52.5001117,33.000,true,2.36,79.834,source=fused:fused;speedReason=OK;derived=71.28;locationGapMs=1007;callbackGapMs=1007;fusion=GPS_IMU
LOCATION,1790457750629,29.7841467,52.5002400,34.000,true,2.35,79.733,source=fused:fused;speedReason=OK;derived=71.28;locationGapMs=992;callbackGapMs=992;fusion=GPS_IMU
LOCATION,1790457751622,29.7842983,52.5003717,36.000,true,2.33,79.623,source=fused:fused;speedReason=OK;derived=76.29;locationGapMs=995;callbackGapMs=995;fusion=GPS_IMU
LOCATION,1790457752695,29.7844467,52.5005017,36.000,true,2.32,79.539,source=fused:fused;speedReason=OK;derived=76.29;locationGapMs=1073;callbackGapMs=1073;fusion=GPS_IMU
LOCATION,1790457753642,29.7846033,52.5006350,36.000,true,2.30,79.468,source=fused:fused;speedReason=OK;derived=76.29;locationGapMs=946;callbackGapMs=946;fusion=GPS_IMU
LOCATION,1790457754627,29.7847633,52.5007667,34.000,true,2.30,79.429,source=fused:fused;speedReason=OK;derived=79.80;locationGapMs=985;callbackGapMs=985;fusion=GPS_IMU
LOCATION,1790457755637,29.7849317,52.5008900,31.000,true,2.26,79.408,source=fused:fused;speedReason=OK;derived=79.80;locationGapMs=1010;callbackGapMs=1010;fusion=GPS_IMU
LOCATION,1790457756623,29.7851167,52.5010050,29.000,true,2.25,79.403,source=fused:fused;speedReason=OK;derived=79.80;locationGapMs=985;callbackGapMs=985;fusion=GPS_IMU
LOCATION,1790457757584,29.7852917,52.5011133,28.000,true,2.27,79.389,source=fused:fused;speedReason=OK;derived=82.41;locationGapMs=963;callbackGapMs=963;fusion=GPS_IMU
LOCATION,1790457758701,29.7854717,52.5012100,23.000,true,2.27,79.386,source=fused:fused;speedReason=OK;derived=82.41;locationGapMs=1114;callbackGapMs=1114;fusion=GPS_IMU
LOCATION,1790457759627,29.7856600,52.5012933,19.000,true,2.27,79.392,source=fused:fused;speedReason=OK;derived=82.41;locationGapMs=925;callbackGapMs=925;fusion=GPS_IMU
LOCATION,1790457760627,29.7858500,52.5013650,17.000,true,2.28,79.399,source=fused:fused;speedReason=OK;derived=79.66;locationGapMs=1002;callbackGapMs=1002;fusion=GPS_IMU
LOCATION,1790457761629,29.7860150,52.5014250,14.000,true,2.32,79.389,source=fused:fused;speedReason=OK;derived=79.66;locationGapMs=1002;callbackGapMs=1002;fusion=GPS_IMU
LOCATION,1790457762617,29.7861967,52.5014650,10.000,true,2.32,79.345,source=fused:fused;speedReason=OK;derived=74.73;locationGapMs=988;callbackGapMs=988;fusion=GPS_IMU
LOCATION,1790457763625,29.7863817,52.5014950,7.000,true,2.33,79.289,source=fused:fused;speedReason=OK;derived=73.82;locationGapMs=1010;callbackGapMs=1010;fusion=GPS_IMU
LOCATION,1790457764622,29.7865633,52.5015233,7.000,true,2.35,79.234,source=fused:fused;speedReason=OK;derived=73.82;locationGapMs=996;callbackGapMs=996;fusion=GPS_IMU
LOCATION,1790457765621,29.7867533,52.5015417,3.000,true,2.37,79.194,source=fused:fused;speedReason=OK;derived=73.82;locationGapMs=998;callbackGapMs=998;fusion=GPS_IMU
LOCATION,1790457766628,29.7869417,52.5015500,2.000,true,2.35,79.129,source=fused:fused;speedReason=OK;derived=74.64;locationGapMs=1008;callbackGapMs=1008;fusion=GPS_IMU
LOCATION,1790457767633,29.7871217,52.5015567,1.000,true,2.34,79.026,source=fused:fused;speedReason=OK;derived=74.64;locationGapMs=1005;callbackGapMs=1005;fusion=GPS_IMU
LOCATION,1790457768635,29.7873033,52.5015600,359.000,true,2.30,78.896,source=fused:fused;speedReason=OK;derived=72.33;locationGapMs=1002;callbackGapMs=1002;fusion=GPS_IMU
LOCATION,1790457769695,29.7874783,52.5015567,357.000,true,2.26,78.725,source=fused:fused;speedReason=OK;derived=71.51;locationGapMs=1059;callbackGapMs=1059;fusion=GPS_IMU
LOCATION,1790457770623,29.7876350,52.5015433,354.000,true,2.25,78.571,source=fused:fused;speedReason=OK;derived=67.50;locationGapMs=929;callbackGapMs=929;fusion=GPS_IMU
LOCATION,1790457771620,29.7877750,52.5015217,351.000,true,2.22,78.360,source=fused:fused;speedReason=OK;derived=65.95;locationGapMs=997;callbackGapMs=997;fusion=GPS_IMU
LOCATION,1790457772625,29.7879133,52.5014933,348.000,true,2.20,78.135,source=fused:fused;speedReason=OK;derived=56.54;locationGapMs=1006;callbackGapMs=1006;fusion=GPS_IMU
LOCATION,1790457773616,29.7880567,52.5014583,346.000,true,2.20,77.893,source=fused:fused;speedReason=OK;derived=56.54;locationGapMs=991;callbackGapMs=991;fusion=GPS_IMU
LOCATION,1790457774629,29.7881950,52.5014200,346.000,true,2.20,77.653,source=fused:fused;speedReason=OK;derived=56.10;locationGapMs=1012;callbackGapMs=1012;fusion=GPS_IMU
LOCATION,1790457775693,29.7883250,52.5013800,343.000,true,2.20,77.341,source=fused:fused;speedReason=OK;derived=56.10;locationGapMs=1062;callbackGapMs=1062;fusion=GPS_IMU
LOCATION,1790457776634,29.7884600,52.5013283,339.000,true,2.20,77.062,source=fused:fused;speedReason=OK;derived=56.10;locationGapMs=942;callbackGapMs=942;fusion=GPS_IMU
LOCATION,1790457777627,29.7885967,52.5012633,336.000,true,2.20,76.787,source=fused:fused;speedReason=OK;derived=59.53;locationGapMs=992;callbackGapMs=992;fusion=GPS_IMU
LOCATION,1790457778617,29.7887400,52.5011867,333.000,true,2.18,76.532,source=fused:fused;speedReason=OK;derived=60.30;locationGapMs=991;callbackGapMs=991;fusion=GPS_IMU
LOCATION,1790457779626,29.7888833,52.5011083,335.000,true,2.17,76.355,source=fused:fused;speedReason=OK;derived=62.86;locationGapMs=1008;callbackGapMs=1008;fusion=GPS_IMU
LOCATION,1790457780604,29.7890400,52.5010217,334.000,true,2.15,76.167,source=fused:fused;speedReason=OK;derived=63.67;locationGapMs=981;callbackGapMs=981;fusion=GPS_IMU
LOCATION,1790457781696,29.7891833,52.5009283,329.000,true,2.15,75.974,source=fused:fused;speedReason=OK;derived=62.86;locationGapMs=1090;callbackGapMs=1090;fusion=GPS_IMU
LOCATION,1790457782632,29.7893217,52.5008267,327.000,true,2.14,75.799,source=fused:fused;speedReason=OK;derived=69.99;locationGapMs=937;callbackGapMs=937;fusion=GPS_IMU
LOCATION,1790457783622,29.7894583,52.5007167,324.000,true,2.16,75.660,source=fused:fused;speedReason=OK;derived=67.42;locationGapMs=988;callbackGapMs=988;fusion=GPS_IMU
LOCATION,1790457784639,29.7895967,52.5005867,320.000,true,2.18,75.528,source=fused:fused;speedReason=OK;derived=69.99;locationGapMs=1017;callbackGapMs=1017;fusion=GPS_IMU
LOCATION,1790457785630,29.7897350,52.5004500,320.000,true,2.20,75.444,source=fused:fused;speedReason=OK;derived=70.21;locationGapMs=994;callbackGapMs=994;fusion=GPS_IMU
LOCATION,1790457786630,29.7898567,52.5003217,318.000,true,2.20,75.354,source=fused:fused;speedReason=OK;derived=70.21;locationGapMs=998;callbackGapMs=998;fusion=GPS_IMU
LOCATION,1790457787688,29.7899783,52.5001900,318.000,true,2.20,75.272,source=fused:fused;speedReason=OK;derived=66.11;locationGapMs=1059;callbackGapMs=1059;fusion=GPS_IMU
LOCATION,1790457788630,29.7900983,52.5000600,319.000,true,2.20,75.176,source=fused:fused;speedReason=OK;derived=66.11;locationGapMs=941;callbackGapMs=941;fusion=GPS_IMU
LOCATION,1790457789624,29.7902233,52.4999333,318.000,true,2.22,75.080,source=fused:fused;speedReason=OK;derived=66.98;locationGapMs=994;callbackGapMs=994;fusion=GPS_IMU
LOCATION,1790457790625,29.7903517,52.4998083,320.000,true,2.25,74.987,source=fused:fused;speedReason=OK;derived=67.09;locationGapMs=1002;callbackGapMs=1002;fusion=GPS_IMU
LOCATION,1790457791629,29.7904783,52.4996933,321.000,true,2.28,74.877,source=fused:fused;speedReason=OK;derived=66.98;locationGapMs=1003;callbackGapMs=1003;fusion=GPS_IMU
LOCATION,1790457792625,29.7905933,52.4995833,321.000,true,2.34,74.730,source=fused:fused;speedReason=OK;derived=64.26;locationGapMs=996;callbackGapMs=996;fusion=GPS_IMU
LOCATION,1790457793697,29.7907000,52.4994883,322.000,true,2.40,74.515,source=fused:fused;speedReason=OK;derived=60.01;locationGapMs=1072;callbackGapMs=1072;fusion=GPS_IMU
LOCATION,1790457794639,29.7907950,52.4993933,324.000,true,2.42,74.216,source=fused:fused;speedReason=OK;derived=53.52;locationGapMs=940;callbackGapMs=940;fusion=GPS_IMU
LOCATION,1790457795629,29.7908933,52.4993033,322.000,true,2.40,73.936,source=fused:fused;speedReason=OK;derived=50.55;locationGapMs=993;callbackGapMs=993;fusion=GPS_IMU
LOCATION,1790457796631,29.7909817,52.4992317,326.000,true,2.38,73.761,source=fused:fused;speedReason=OK;derived=50.55;locationGapMs=1000;callbackGapMs=1000;fusion=GPS_IMU
LOCATION,1790457797624,29.7910517,52.4991783,326.000,true,2.36,73.545,source=fused:fused;speedReason=OK;derived=43.19;locationGapMs=993;callbackGapMs=993;fusion=GPS_IMU
LOCATION,1790457798629,29.7911250,52.4991300,331.000,true,2.38,73.263,source=fused:fused;speedReason=OK;derived=33.79;locationGapMs=1007;callbackGapMs=1007;fusion=GPS_IMU
LOCATION,1790457799696,29.7911850,52.4990867,329.000,true,2.40,72.928,source=fused:fused;speedReason=OK;derived=33.50;locationGapMs=1066;callbackGapMs=1066;fusion=GPS_IMU
LOCATION,1790457800631,29.7912533,52.4990533,333.000,true,2.48,72.538,source=fused:fused;speedReason=OK;derived=31.66;locationGapMs=936;callbackGapMs=936;fusion=GPS_IMU
LOCATION,1790457801621,29.7913283,52.4990267,340.000,true,2.53,72.181,source=fused:fused;speedReason=OK;derived=31.66;locationGapMs=988;callbackGapMs=988;fusion=GPS_IMU
LOCATION,1790457802626,29.7914067,52.4989983,343.000,true,2.62,71.720,source=fused:fused;speedReason=OK;derived=31.71;locationGapMs=1007;callbackGapMs=1007;fusion=GPS_IMU
LOCATION,1790457803635,29.7914983,52.4989683,346.000,true,2.74,71.276,source=fused:fused;speedReason=OK;derived=32.58;locationGapMs=1009;callbackGapMs=1009;fusion=GPS_IMU
LOCATION,1790457804631,29.7915833,52.4989600,349.000,true,2.78,70.772,source=fused:fused;speedReason=OK;derived=34.21;locationGapMs=995;callbackGapMs=995;fusion=GPS_IMU
LOCATION,1790457805701,29.7916767,52.4989433,347.000,true,2.78,70.333,source=fused:fused;speedReason=OK;derived=35.22;locationGapMs=1071;callbackGapMs=1071;fusion=GPS_IMU
LOCATION,1790457806626,29.7917750,52.4989167,345.000,true,2.80,69.855,source=fused:fused;speedReason=OK;derived=35.22;locationGapMs=924;callbackGapMs=924;fusion=GPS_IMU
LOCATION,1790457807639,29.7918567,52.4988817,337.000,true,2.80,69.411,source=fused:fused;speedReason=OK;derived=35.22;locationGapMs=1013;callbackGapMs=1013;fusion=GPS_IMU
LOCATION,1790457808610,29.7919433,52.4988300,330.000,true,2.78,68.861,source=fused:fused;speedReason=OK;derived=40.13;locationGapMs=971;callbackGapMs=971;fusion=GPS_IMU
LOCATION,1790457809625,29.7920317,52.4987667,324.000,true,2.77,68.406,source=fused:fused;speedReason=OK;derived=40.13;locationGapMs=1014;callbackGapMs=1014;fusion=GPS_IMU
LOCATION,1790457810629,29.7921167,52.4986850,318.000,true,2.72,67.869,source=fused:fused;speedReason=OK;derived=41.02;locationGapMs=1005;callbackGapMs=1005;fusion=GPS_IMU
LOCATION,1790457811692,29.7922267,52.4985983,314.000,true,2.64,67.472,source=fused:fused;speedReason=OK;derived=44.04;locationGapMs=1063;callbackGapMs=1063;fusion=GPS_IMU
LOCATION,1790457812634,29.7923083,52.4984883,309.000,true,2.60,67.030,source=fused:fused;speedReason=OK;derived=50.11;locationGapMs=942;callbackGapMs=942;fusion=GPS_IMU
LOCATION,1790457813629,29.7923850,52.4983733,305.000,true,2.48,66.723,source=fused:fused;speedReason=OK;derived=50.64;locationGapMs=995;callbackGapMs=995;fusion=GPS_IMU
LOCATION,1790457814629,29.7924617,52.4982450,302.000,true,2.40,66.470,source=fused:fused;speedReason=OK;derived=53.36;locationGapMs=1000;callbackGapMs=1000;fusion=GPS_IMU
LOCATION,1790457815628,29.7925450,52.4981167,303.000,true,2.32,66.220,source=fused:fused;speedReason=OK;derived=54.14;locationGapMs=999;callbackGapMs=999;fusion=GPS_IMU
LOCATION,1790457816646,29.7926167,52.4979933,302.000,true,2.30,66.002,source=fused:fused;speedReason=OK;derived=54.14;locationGapMs=1017;callbackGapMs=1017;fusion=GPS_IMU
LOCATION,1790457817688,29.7926917,52.4978583,298.000,true,2.25,65.787,source=fused:fused;speedReason=OK;derived=53.41;locationGapMs=1043;callbackGapMs=1043;fusion=GPS_IMU
LOCATION,1790457818634,29.7927550,52.4977267,298.000,true,2.18,65.558,source=fused:fused;speedReason=OK;derived=53.41;locationGapMs=945;callbackGapMs=945;fusion=GPS_IMU
LOCATION,1790457819631,29.7928150,52.4975967,301.000,true,2.14,65.332,source=fused:fused;speedReason=OK;derived=53.41;locationGapMs=999;callbackGapMs=999;fusion=GPS_IMU
LOCATION,1790457820625,29.7928783,52.4974717,301.000,true,2.13,65.100,source=fused:fused;speedReason=OK;derived=51.24;locationGapMs=992;callbackGapMs=992;fusion=GPS_IMU
LOCATION,1790457821634,29.7929367,52.4973533,301.000,true,2.13,64.864,source=fused:fused;speedReason=OK;derived=50.72;locationGapMs=1010;callbackGapMs=1010;fusion=GPS_IMU
LOCATION,1790457822632,29.7929983,52.4972450,303.000,true,2.12,64.513,source=fused:fused;speedReason=OK;derived=46.88;locationGapMs=997;callbackGapMs=997;fusion=GPS_IMU
LOCATION,1790457823700,29.7930733,52.4971317,308.000,true,2.12,64.120,source=fused:fused;speedReason=OK;derived=46.27;locationGapMs=1070;callbackGapMs=1070;fusion=GPS_IMU
LOCATION,1790457824625,29.7931600,52.4970233,313.000,true,2.12,63.836,source=fused:fused;speedReason=OK;derived=46.27;locationGapMs=926;callbackGapMs=926;fusion=GPS_IMU
LOCATION,1790457825636,29.7932533,52.4969133,313.000,true,2.14,63.542,source=fused:fused;speedReason=OK;derived=52.88;locationGapMs=1010;callbackGapMs=1010;fusion=GPS_IMU
LOCATION,1790457826624,29.7933500,52.4968017,314.000,true,2.14,63.372,source=fused:fused;speedReason=OK;derived=55.28;locationGapMs=988;callbackGapMs=988;fusion=GPS_IMU
LOCATION,1790457827640,29.7934583,52.4966883,320.000,true,2.16,63.277,source=fused:fused;speedReason=OK;derived=55.42;locationGapMs=1016;callbackGapMs=1016;fusion=GPS_IMU
LOCATION,1790457828639,29.7935750,52.4965733,320.000,true,2.18,63.232,source=fused:fused;speedReason=OK;derived=57.61;locationGapMs=998;callbackGapMs=998;fusion=GPS_IMU
LOCATION,1790457829697,29.7936917,52.4964617,320.000,true,2.22,63.211,source=fused:fused;speedReason=OK;derived=57.61;locationGapMs=1058;callbackGapMs=1058;fusion=GPS_IMU
LOCATION,1790457830636,29.7938050,52.4963417,316.000,true,2.23,63.209,source=fused:fused;speedReason=OK;derived=61.53;locationGapMs=939;callbackGapMs=939;fusion=GPS_IMU
LOCATION,1790457831625,29.7939150,52.4962117,313.000,true,2.27,63.206,source=fused:fused;speedReason=OK;derived=63.68;locationGapMs=990;callbackGapMs=990;fusion=GPS_IMU
LOCATION,1790457832634,29.7940250,52.4960817,314.000,true,2.30,63.212,source=fused:fused;speedReason=OK;derived=63.68;locationGapMs=1009;callbackGapMs=1009;fusion=GPS_IMU
LOCATION,1790457833636,29.7941467,52.4959533,317.000,true,2.32,63.218,source=fused:fused;speedReason=OK;derived=63.68;locationGapMs=1002;callbackGapMs=1002;fusion=GPS_IMU
LOCATION,1790457834625,29.7942733,52.4958283,317.000,true,2.33,63.240,source=fused:fused;speedReason=OK;derived=65.87;locationGapMs=989;callbackGapMs=989;fusion=GPS_IMU
LOCATION,1790457835698,29.7944000,52.4956983,317.000,true,2.32,63.289,source=fused:fused;speedReason=OK;derived=65.87;locationGapMs=1073;callbackGapMs=1073;fusion=GPS_IMU
LOCATION,1790457836625,29.7945200,52.4955667,315.000,true,2.28,63.345,source=fused:fused;speedReason=OK;derived=67.41;locationGapMs=927;callbackGapMs=927;fusion=GPS_IMU
LOCATION,1790457837629,29.7946533,52.4954267,315.000,true,2.27,63.402,source=fused:fused;speedReason=OK;derived=71.49;locationGapMs=1002;callbackGapMs=1002;fusion=GPS_IMU
LOCATION,1790457838638,29.7947850,52.4952900,318.000,true,2.24,63.494,source=fused:fused;speedReason=OK;derived=71.49;locationGapMs=1008;callbackGapMs=1008;fusion=GPS_IMU
LOCATION,1790457839631,29.7949200,52.4951517,315.000,true,2.24,63.627,source=fused:fused;speedReason=OK;derived=72.00;locationGapMs=997;callbackGapMs=997;fusion=GPS_IMU
LOCATION,1790457840626,29.7950417,52.4950117,312.000,true,2.25,63.744,source=fused:fused;speedReason=OK;derived=70.33;locationGapMs=994;callbackGapMs=994;fusion=GPS_IMU
LOCATION,1790457841696,29.7951567,52.4948733,311.000,true,2.28,63.814,source=fused:fused;speedReason=OK;derived=69.21;locationGapMs=1070;callbackGapMs=1070;fusion=GPS_IMU
LOCATION,1790457842625,29.7952833,52.4947483,311.000,true,2.30,63.854,source=fused:fused;speedReason=OK;derived=69.21;locationGapMs=928;callbackGapMs=928;fusion=GPS_IMU
LOCATION,1790457843626,29.7954050,52.4946067,310.000,true,2.28,63.898,source=fused:fused;speedReason=OK;derived=69.19;locationGapMs=1000;callbackGapMs=1000;fusion=GPS_IMU
LOCATION,1790457844621,29.7955183,52.4944650,309.000,true,2.25,63.963,source=fused:fused;speedReason=OK;derived=69.19;locationGapMs=997;callbackGapMs=997;fusion=GPS_IMU
LOCATION,1790457845635,29.7956367,52.4943133,310.000,true,2.20,64.033,source=fused:fused;speedReason=OK;derived=69.19;locationGapMs=1014;callbackGapMs=1014;fusion=GPS_IMU
LOCATION,1790457846638,29.7957567,52.4941667,310.000,true,2.18,64.124,source=fused:fused;speedReason=OK;derived=69.84;locationGapMs=1002;callbackGapMs=1002;fusion=GPS_IMU
LOCATION,1790457847693,29.7958750,52.4940250,312.000,true,2.12,64.213,source=fused:fused;speedReason=OK;derived=69.84;locationGapMs=1055;callbackGapMs=1055;fusion=GPS_IMU
LOCATION,1790457848634,29.7959783,52.4939017,311.000,true,2.08,64.217,source=fused:fused;speedReason=OK;derived=64.71;locationGapMs=940;callbackGapMs=940;fusion=GPS_IMU
LOCATION,1790457849632,29.7960667,52.4937917,309.000,true,2.08,64.011,source=fused:fused;speedReason=OK;derived=63.31;locationGapMs=1000;callbackGapMs=1000;fusion=GPS_IMU
LOCATION,1790457850633,29.7961500,52.4936850,310.000,true,2.08,63.705,source=fused:fused;speedReason=OK;derived=52.06;locationGapMs=1000;callbackGapMs=1000;fusion=GPS_IMU
LOCATION,1790457851642,29.7962350,52.4935733,308.000,true,2.08,63.309,source=fused:fused;speedReason=OK;derived=51.13;locationGapMs=1009;callbackGapMs=1009;fusion=GPS_IMU
LOCATION,1790457852636,29.7963217,52.4934583,308.000,true,2.08,62.983,source=fused:fused;speedReason=OK;derived=51.13;locationGapMs=994;callbackGapMs=994;fusion=GPS_IMU
LOCATION,1790457853710,29.7964100,52.4933433,309.000,true,2.10,62.731,source=fused:fused;speedReason=OK;derived=51.13;locationGapMs=1075;callbackGapMs=1075;fusion=GPS_IMU
LOCATION,1790457854638,29.7965017,52.4932183,309.000,true,2.08,62.590,source=fused:fused;speedReason=OK;derived=53.23;locationGapMs=928;callbackGapMs=928;fusion=GPS_IMU
LOCATION,1790457855620,29.7965967,52.4930900,309.000,true,2.07,62.469,source=fused:fused;speedReason=OK;derived=59.65;locationGapMs=982;callbackGapMs=982;fusion=GPS_IMU
LOCATION,1790457856621,29.7966917,52.4929533,307.000,true,2.05,62.373,source=fused:fused;speedReason=OK;derived=60.84;locationGapMs=1000;callbackGapMs=1000;fusion=GPS_IMU
LOCATION,1790457857634,29.7967833,52.4928100,307.000,true,2.03,62.305,source=fused:fused;speedReason=OK;derived=60.84;locationGapMs=1013;callbackGapMs=1013;fusion=GPS_IMU
LOCATION,1790457858637,29.7968783,52.4926583,306.000,true,2.02,62.301,source=fused:fused;speedReason=OK;derived=61.04;locationGapMs=1004;callbackGapMs=1004;fusion=GPS_IMU
LOCATION,1790457859691,29.7969767,52.4925067,306.000,true,1.98,62.340,source=fused:fused;speedReason=OK;derived=62.46;locationGapMs=1053;callbackGapMs=1053;fusion=GPS_IMU
LOCATION,1790457860625,29.7970750,52.4923500,306.000,true,1.96,62.420,source=fused:fused;speedReason=OK;derived=64.74;locationGapMs=935;callbackGapMs=935;fusion=GPS_IMU
LOCATION,1790457861619,29.7971750,52.4921850,303.000,true,1.95,62.543,source=fused:fused;speedReason=OK;derived=70.35;locationGapMs=994;callbackGapMs=994;fusion=GPS_IMU
LOCATION,1790457862630,29.7972667,52.4920150,302.000,true,1.92,62.675,source=fused:fused;speedReason=OK;derived=70.35;locationGapMs=1011;callbackGapMs=1011;fusion=GPS_IMU
LOCATION,1790457863631,29.7973550,52.4918583,303.000,true,1.93,62.804,source=fused:fused;speedReason=OK;derived=68.81;locationGapMs=1000;callbackGapMs=1000;fusion=GPS_IMU
LOCATION,1790457864629,29.7974483,52.4916983,303.000,true,1.93,62.948,source=fused:fused;speedReason=OK;derived=67.12;locationGapMs=998;callbackGapMs=998;fusion=GPS_IMU
LOCATION,1790457865685,29.7975367,52.4915383,303.000,true,1.96,63.037,source=fused:fused;speedReason=OK;derived=64.93;locationGapMs=1058;callbackGapMs=1058;fusion=GPS_IMU
LOCATION,1790457866629,29.7976267,52.4913767,302.000,true,1.98,63.153,source=fused:fused;speedReason=OK;derived=67.12;locationGapMs=942;callbackGapMs=942;fusion=GPS_IMU
LOCATION,1790457867640,29.7977200,52.4912050,302.000,true,2.00,63.253,source=fused:fused;speedReason=OK;derived=69.71;locationGapMs=1010;callbackGapMs=1010;fusion=GPS_IMU
LOCATION,1790457868625,29.7978117,52.4910350,301.000,true,2.02,63.365,source=fused:fused;speedReason=OK;derived=70.49;locationGapMs=987;callbackGapMs=987;fusion=GPS_IMU
LOCATION,1790457869633,29.7979033,52.4908667,302.000,true,2.04,63.475,source=fused:fused;speedReason=OK;derived=69.71;locationGapMs=1006;callbackGapMs=1006;fusion=GPS_IMU
LOCATION,1790457870636,29.7979933,52.4906967,301.000,true,2.05,63.583,source=fused:fused;speedReason=OK;derived=68.87;locationGapMs=1005;callbackGapMs=1005;fusion=GPS_IMU
LOCATION,1790457871702,29.7980783,52.4905283,300.000,true,2.10,63.689,source=fused:fused;speedReason=OK;derived=68.63;locationGapMs=1066;callbackGapMs=1066;fusion=GPS_IMU
LOCATION,1790457872626,29.7981617,52.4903550,299.000,true,2.12,63.793,source=fused:fused;speedReason=OK;derived=68.87;locationGapMs=924;callbackGapMs=924;fusion=GPS_IMU
LOCATION,1790457873624,29.7982467,52.4901800,301.000,true,2.16,63.917,source=fused:fused;speedReason=OK;derived=69.86;locationGapMs=998;callbackGapMs=998;fusion=GPS_IMU
LOCATION,1790457874626,29.7983367,52.4900083,301.000,true,2.17,64.055,source=fused:fused;speedReason=OK;derived=69.86;locationGapMs=1001;callbackGapMs=1001;fusion=GPS_IMU
LOCATION,1790457875638,29.7984217,52.4898400,301.000,true,2.18,64.158,source=fused:fused;speedReason=OK;derived=69.65;locationGapMs=1012;callbackGapMs=1012;fusion=GPS_IMU
LOCATION,1790457876624,29.7985083,52.4896767,301.000,true,2.17,64.264,source=fused:fused;speedReason=OK;derived=67.46;locationGapMs=986;callbackGapMs=986;fusion=GPS_IMU
LOCATION,1790457877687,29.7985933,52.4895050,299.000,true,2.15,64.326,source=fused:fused;speedReason=OK;derived=66.89;locationGapMs=1061;callbackGapMs=1061;fusion=GPS_IMU
LOCATION,1790457878627,29.7986750,52.4893333,298.000,true,2.14,64.381,source=fused:fused;speedReason=OK;derived=67.46;locationGapMs=943;callbackGapMs=943;fusion=GPS_IMU
LOCATION,1790457879629,29.7987550,52.4891583,300.000,true,2.14,64.419,source=fused:fused;speedReason=OK;derived=68.91;locationGapMs=998;callbackGapMs=998;fusion=GPS_IMU
LOCATION,1790457880635,29.7988383,52.4889867,299.000,true,2.17,64.447,source=fused:fused;speedReason=OK;derived=68.91;locationGapMs=1005;callbackGapMs=1005;fusion=GPS_IMU
LOCATION,1790457881624,29.7989200,52.4888283,301.000,true,2.20,64.472,source=fused:fused;speedReason=OK;derived=68.01;locationGapMs=993;callbackGapMs=993;fusion=GPS_IMU
LOCATION,1790457882624,29.7989983,52.4886750,300.000,true,2.26,64.437,source=fused:fused;speedReason=OK;derived=64.50;locationGapMs=999;callbackGapMs=999;fusion=GPS_IMU
LOCATION,1790457883697,29.7990767,52.4885217,300.000,true,2.28,64.403,source=fused:fused;speedReason=OK;derived=61.89;locationGapMs=1074;callbackGapMs=1074;fusion=GPS_IMU
LOCATION,1790457884639,29.7991600,52.4883617,301.000,true,2.34,64.385,source=fused:fused;speedReason=OK;derived=61.89;locationGapMs=940;callbackGapMs=940;fusion=GPS_IMU
LOCATION,1790457885630,29.7992433,52.4882050,300.000,true,2.35,64.370,source=fused:fused;speedReason=OK;derived=64.32;locationGapMs=993;callbackGapMs=993;fusion=GPS_IMU
LOCATION,1790457886633,29.7993217,52.4880550,299.000,true,2.38,64.358,source=fused:fused;speedReason=OK;derived=64.32;locationGapMs=1004;callbackGapMs=1004;fusion=GPS_IMU
LOCATION,1790457887629,29.7993933,52.4879100,299.000,true,2.40,64.252,source=fused:fused;speedReason=OK;derived=60.62;locationGapMs=996;callbackGapMs=996;fusion=GPS_IMU
LOCATION,1790457888634,29.7994733,52.4877617,302.000,true,2.40,64.161,source=fused:fused;speedReason=OK;derived=60.39;locationGapMs=1005;callbackGapMs=1005;fusion=GPS_IMU
LOCATION,1790457889693,29.7995467,52.4876117,299.000,true,2.40,64.097,source=fused:fused;speedReason=OK;derived=58.23;locationGapMs=1055;callbackGapMs=1055;fusion=GPS_IMU
LOCATION,1790457890632,29.7996233,52.4874567,300.000,true,2.40,64.072,source=fused:fused;speedReason=OK;derived=60.39;locationGapMs=943;callbackGapMs=943;fusion=GPS_IMU
LOCATION,1790457891619,29.7997083,52.4872983,302.000,true,2.40,64.065,source=fused:fused;speedReason=OK;derived=65.58;locationGapMs=987;callbackGapMs=987;fusion=GPS_IMU
LOCATION,1790457892626,29.7997983,52.4871333,301.000,true,2.40,64.096,source=fused:fused;speedReason=OK;derived=65.75;locationGapMs=1007;callbackGapMs=1007;fusion=GPS_IMU
LOCATION,1790457893625,29.7998883,52.4869650,300.000,true,2.40,64.163,source=fused:fused;speedReason=OK;derived=67.26;locationGapMs=997;callbackGapMs=997;fusion=GPS_IMU
LOCATION,1790457894616,29.7999783,52.4867967,299.000,true,2.40,64.221,source=fused:fused;speedReason=OK;derived=68.92;locationGapMs=992;callbackGapMs=992;fusion=GPS_IMU
LOCATION,1790457895700,29.8000650,52.4866283,300.000,true,2.40,64.286,source=fused:fused;speedReason=OK;derived=68.92;locationGapMs=1079;callbackGapMs=1079;fusion=GPS_IMU
LOCATION,1790457896620,29.8001500,52.4864650,300.000,true,2.40,64.334,source=fused:fused;speedReason=OK;derived=69.26;locationGapMs=925;callbackGapMs=925;fusion=GPS_IMU
LOCATION,1790457897619,29.8002333,52.4863083,302.000,true,2.42,64.341,source=fused:fused;speedReason=OK;derived=63.93;locationGapMs=999;callbackGapMs=999;fusion=GPS_IMU
LOCATION,1790457898632,29.8003200,52.4861567,302.000,true,2.44,64.332,source=fused:fused;speedReason=OK;derived=63.93;locationGapMs=1013;callbackGapMs=1013;fusion=GPS_IMU
LOCATION,1790457899626,29.8004100,52.4860067,303.000,true,2.46,64.319,source=fused:fused;speedReason=OK;derived=63.69;locationGapMs=995;callbackGapMs=995;fusion=GPS_IMU
LOCATION,1790457900629,29.8004983,52.4858533,301.000,true,2.48,64.313,source=fused:fused;speedReason=OK;derived=63.69;locationGapMs=1002;callbackGapMs=1002;fusion=GPS_IMU
LOCATION,1790457901992,29.8005850,52.4856917,300.000,true,2.50,64.305,source=fused:fused;speedReason=OK;derived=63.69;locationGapMs=1063;callbackGapMs=1063;fusion=GPS_IMU
LOCATION,1790457902630,29.8006767,52.4855283,301.000,true,2.50,64.351,source=fused:fused;speedReason=OK;derived=63.84;locationGapMs=939;callbackGapMs=939;fusion=GPS_IMU
LOCATION,1790457903618,29.8007717,52.4853567,301.000,true,2.50,64.448,source=fused:fused;speedReason=OK;derived=71.60;locationGapMs=988;callbackGapMs=988;fusion=GPS_IMU
LOCATION,1790457904620,29.8008667,52.4851767,303.000,true,2.48,64.561,source=fused:fused;speedReason=OK;derived=72.02;locationGapMs=1003;callbackGapMs=1003;fusion=GPS_IMU
LOCATION,1790457905617,29.8009600,52.4849900,299.000,true,2.45,64.684,source=fused:fused;speedReason=OK;derived=73.01;locationGapMs=996;callbackGapMs=996;fusion=GPS_IMU
LOCATION,1790457906592,29.8010483,52.4847967,300.000,true,2.42,64.778,source=fused:fused;speedReason=OK;derived=75.19;locationGapMs=975;callbackGapMs=975;fusion=GPS_IMU
LOCATION,1790457907937,29.8011433,52.4846100,301.000,true,2.34,64.916,source=fused:fused;speedReason=OK;derived=75.19;locationGapMs=1043;callbackGapMs=1043;fusion=GPS_IMU
LOCATION,1790457908622,29.8012467,52.4844217,302.000,true,2.32,65.038,source=fused:fused;speedReason=OK;derived=77.89;locationGapMs=987;callbackGapMs=987;fusion=GPS_IMU
LOCATION,1790457909625,29.8013550,52.4842333,303.000,true,2.28,65.179,source=fused:fused;speedReason=OK;derived=78.30;locationGapMs=1003;callbackGapMs=1003;fusion=GPS_IMU
LOCATION,1790457910626,29.8014650,52.4840450,304.000,true,2.28,65.308,source=fused:fused;speedReason=OK;derived=78.46;locationGapMs=1002;callbackGapMs=1002;fusion=GPS_IMU
LOCATION,1790457911673,29.8015667,52.4838600,301.000,true,2.30,65.424,source=fused:fused;speedReason=OK;derived=78.30;locationGapMs=1045;callbackGapMs=1045;fusion=GPS_IMU
LOCATION,1790457912913,29.8016633,52.4836750,301.000,true,2.35,65.448,source=fused:fused;speedReason=OK;derived=78.72;locationGapMs=953;callbackGapMs=953;fusion=GPS_IMU
LOCATION,1790457913615,29.8017650,52.4834917,302.000,true,2.43,65.525,source=fused:fused;speedReason=OK;derived=76.53;locationGapMs=988;callbackGapMs=988;fusion=GPS_IMU
LOCATION,1790457914621,29.8018667,52.4833000,302.000,true,2.56,65.645,source=fused:fused;speedReason=OK;derived=77.47;locationGapMs=1008;callbackGapMs=1008;fusion=GPS_IMU
LOCATION,1790457915625,29.8019683,52.4831083,300.000,true,2.58,65.841,source=fused:fused;speedReason=OK;derived=77.47;locationGapMs=1003;callbackGapMs=1003;fusion=GPS_IMU
LOCATION,1790457916913,29.8020667,52.4829233,303.000,true,2.63,66.056,source=fused:fused;speedReason=OK;derived=77.47;locationGapMs=1001;callbackGapMs=1001;fusion=GPS_IMU
LOCATION,1790457917689,29.8021650,52.4827400,302.000,true,2.67,66.237,source=fused:fused;speedReason=OK;derived=75.34;locationGapMs=1062;callbackGapMs=1062;fusion=GPS_IMU
LOCATION,1790457918932,29.8022650,52.4825500,301.000,true,2.67,66.393,source=fused:fused;speedReason=OK;derived=75.34;locationGapMs=932;callbackGapMs=932;fusion=GPS_IMU
LOCATION,1790457919616,29.8023583,52.4823617,301.000,true,2.62,66.612,source=fused:fused;speedReason=OK;derived=75.75;locationGapMs=995;callbackGapMs=995;fusion=GPS_IMU
LOCATION,1790457920912,29.8024550,52.4821733,300.000,true,2.54,66.826,source=fused:fused;speedReason=OK;derived=75.75;locationGapMs=1010;callbackGapMs=1010;fusion=GPS_IMU
LOCATION,1790457921630,29.8025467,52.4819967,301.000,true,2.52,66.991,source=fused:fused;speedReason=OK;derived=75.33;locationGapMs=1000;callbackGapMs=1000;fusion=GPS_IMU
LOCATION,1790457922882,29.8026367,52.4818250,301.000,true,2.47,67.056,source=fused:fused;speedReason=OK;derived=71.53;locationGapMs=981;callbackGapMs=981;fusion=GPS_IMU
LOCATION,1790457924214,29.8027250,52.4816633,302.000,true,2.43,67.093,source=fused:fused;speedReason=OK;derived=71.07;locationGapMs=1072;callbackGapMs=1072;fusion=GPS_IMU
LOCATION,1790457924628,29.8028100,52.4815083,302.000,true,2.40,67.071,source=fused:fused;speedReason=OK;derived=67.72;locationGapMs=941;callbackGapMs=941;fusion=GPS_IMU
LOCATION,1790457925930,29.8028883,52.4813583,300.000,true,2.38,66.983,source=fused:fused;speedReason=OK;derived=61.94;locationGapMs=1008;callbackGapMs=1008;fusion=GPS_IMU
LOCATION,1790457927271,29.8029650,52.4812050,302.000,true,2.37,66.841,source=fused:fused;speedReason=OK;derived=61.88;locationGapMs=994;callbackGapMs=994;fusion=GPS_IMU
LOCATION,1790457927629,29.8030467,52.4810517,302.000,true,2.34,66.703,source=fused:fused;speedReason=OK;derived=61.88;locationGapMs=997;callbackGapMs=997;fusion=GPS_IMU
LOCATION,1790457928910,29.8031267,52.4809067,301.000,true,2.32,66.586,source=fused:fused;speedReason=OK;derived=61.88;locationGapMs=1004;callbackGapMs=1004;fusion=GPS_IMU
LOCATION,1790457929625,29.8031967,52.4807700,301.000,true,2.30,66.353,source=fused:fused;speedReason=OK;derived=59.48;locationGapMs=999;callbackGapMs=999;fusion=GPS_IMU
LOCATION,1790457930620,29.8032667,52.4806367,302.000,true,2.30,66.074,source=fused:fused;speedReason=OK;derived=55.23;locationGapMs=999;callbackGapMs=999;fusion=GPS_IMU
LOCATION,1790457931624,29.8033317,52.4805083,300.000,true,2.30,65.765,source=fused:fused;speedReason=OK;derived=54.21;locationGapMs=1005;callbackGapMs=1005;fusion=GPS_IMU
LOCATION,1790457932631,29.8033933,52.4803867,302.000,true,2.30,65.431,source=fused:fused;speedReason=OK;derived=51.41;locationGapMs=1003;callbackGapMs=1003;fusion=GPS_IMU
LOCATION,1790457933625,29.8034517,52.4802817,300.000,true,2.30,65.006,source=fused:fused;speedReason=OK;derived=48.80;locationGapMs=999;callbackGapMs=999;fusion=GPS_IMU
LOCATION,1790457934620,29.8035083,52.4801867,300.000,true,2.30,64.550,source=fused:fused;speedReason=OK;derived=43.39;locationGapMs=993;callbackGapMs=993;fusion=GPS_IMU
LOCATION,1790457935641,29.8035617,52.4800900,303.000,true,2.30,64.020,source=fused:fused;speedReason=OK;derived=40.32;locationGapMs=1017;callbackGapMs=1017;fusion=GPS_IMU
LOCATION,1790457936633,29.8036167,52.4799933,301.000,true,2.30,63.502,source=fused:fused;speedReason=OK;derived=40.32;locationGapMs=996;callbackGapMs=996;fusion=GPS_IMU
LOCATION,1790457937624,29.8036733,52.4798933,302.000,true,2.30,62.938,source=fused:fused;speedReason=OK;derived=40.34;locationGapMs=992;callbackGapMs=992;fusion=GPS_IMU
LOCATION,1790457938629,29.8037300,52.4798033,305.000,true,2.30,62.388,source=fused:fused;speedReason=OK;derived=40.34;locationGapMs=1005;callbackGapMs=1005;fusion=GPS_IMU
LOCATION,1790457939696,29.8037883,52.4797083,306.000,true,2.30,61.767,source=fused:fused;speedReason=OK;derived=38.45;locationGapMs=1066;callbackGapMs=1066;fusion=GPS_IMU
LOCATION,1790457940631,29.8038450,52.4796167,306.000,true,2.28,61.220,source=fused:fused;speedReason=OK;derived=38.45;locationGapMs=936;callbackGapMs=936;fusion=GPS_IMU
LOCATION,1790457941625,29.8039000,52.4795250,305.000,true,2.27,60.667,source=fused:fused;speedReason=OK;derived=39.08;locationGapMs=991;callbackGapMs=991;fusion=GPS_IMU
LOCATION,1790457942625,29.8039567,52.4794300,306.000,true,2.24,60.043,source=fused:fused;speedReason=OK;derived=39.98;locationGapMs=1002;callbackGapMs=1002;fusion=GPS_IMU
LOCATION,1790457943626,29.8040117,52.4793383,305.000,true,2.23,59.517,source=fused:fused;speedReason=OK;derived=39.08;locationGapMs=1003;callbackGapMs=1003;fusion=GPS_IMU
LOCATION,1790457944626,29.8040650,52.4792467,305.000,true,2.22,58.969,source=fused:fused;speedReason=OK;derived=38.62;locationGapMs=999;callbackGapMs=999;fusion=GPS_IMU
LOCATION,1790457945697,29.8041167,52.4791633,308.000,true,2.20,58.433,source=fused:fused;speedReason=OK;derived=38.36;locationGapMs=1071;callbackGapMs=1071;fusion=GPS_IMU
LOCATION,1790457946634,29.8041717,52.4790967,314.000,true,2.20,57.812,source=fused:fused;speedReason=OK;derived=34.25;locationGapMs=932;callbackGapMs=932;fusion=GPS_IMU
LOCATION,1790457947630,29.8042300,52.4790383,321.000,true,2.20,57.318,source=fused:fused;speedReason=OK;derived=33.25;locationGapMs=1000;callbackGapMs=1000;fusion=GPS_IMU
LOCATION,1790457948635,29.8042933,52.4789933,327.000,true,2.20,56.741,source=fused:fused;speedReason=OK;derived=30.89;locationGapMs=1005;callbackGapMs=1005;fusion=GPS_IMU
LOCATION,1790457949629,29.8043633,52.4789500,333.000,true,2.22,56.551,source=fused:fused;speedReason=OK;derived=30.89;locationGapMs=994;callbackGapMs=994;fusion=GPS_IMU
LOCATION,1790457950634,29.8044350,52.4789167,336.000,true,2.27,56.425,source=fused:fused;speedReason=OK;derived=30.69;locationGapMs=1006;callbackGapMs=1006;fusion=GPS_IMU
LOCATION,1790457951703,29.8045117,52.4789033,342.000,true,2.38,56.299,source=fused:fused;speedReason=OK;derived=30.69;locationGapMs=1064;callbackGapMs=1064;fusion=GPS_IMU
LOCATION,1790457952640,29.8046000,52.4789150,353.000,true,2.50,56.187,source=fused:fused;speedReason=OK;derived=30.69;locationGapMs=941;callbackGapMs=941;fusion=GPS_IMU
LOCATION,1790457953641,29.8046983,52.4789450,357.000,true,2.57,56.072,source=fused:fused;speedReason=OK;derived=37.70;locationGapMs=1000;callbackGapMs=1000;fusion=GPS_IMU
LOCATION,1790457954635,29.8048017,52.4789967,6.000,true,2.76,55.966,source=fused:fused;speedReason=OK;derived=40.59;locationGapMs=996;callbackGapMs=996;fusion=GPS_IMU
LOCATION,1790457955642,29.8049267,52.4790750,15.000,true,2.84,55.856,source=fused:fused;speedReason=OK;derived=45.20;locationGapMs=1004;callbackGapMs=1004;fusion=GPS_IMU
LOCATION,1790457956629,29.8050550,52.4791583,23.000,true,2.83,55.706,source=fused:fused;speedReason=OK;derived=56.61;locationGapMs=989;callbackGapMs=989;fusion=GPS_IMU
LOCATION,1790457957679,29.8051850,52.4792450,27.000,true,2.83,55.632,source=fused:fused;speedReason=OK;derived=57.16;locationGapMs=1050;callbackGapMs=1050;fusion=GPS_IMU
LOCATION,1790457958626,29.8053133,52.4793350,29.000,true,2.82,55.657,source=fused:fused;speedReason=OK;derived=59.49;locationGapMs=948;callbackGapMs=948;fusion=GPS_IMU
LOCATION,1790457959622,29.8054567,52.4794367,30.000,true,2.75,55.682,source=fused:fused;speedReason=OK;derived=63.31;locationGapMs=996;callbackGapMs=996;fusion=GPS_IMU
LOCATION,1790457960631,29.8055833,52.4795350,30.000,true,2.67,55.709,source=fused:fused;speedReason=OK;derived=63.31;locationGapMs=1008;callbackGapMs=1008;fusion=GPS_IMU
LOCATION,1790457961629,29.8057067,52.4796200,27.000,true,2.52,55.733,source=fused:fused;speedReason=OK;derived=60.53;locationGapMs=999;callbackGapMs=999;fusion=GPS_IMU
LOCATION,1790457962634,29.8058233,52.4797033,29.000,true,2.42,55.731,source=fused:fused;speedReason=OK;derived=57.50;locationGapMs=1004;callbackGapMs=1004;fusion=GPS_IMU
LOCATION,1790457963637,29.8059367,52.4797833,30.000,true,2.32,55.725,source=fused:fused;speedReason=OK;derived=54.60;locationGapMs=999;callbackGapMs=999;fusion=GPS_IMU
LOCATION,1790457964636,29.8060417,52.4798583,30.000,true,2.26,55.610,source=fused:fused;speedReason=OK;derived=53.19;locationGapMs=1003;callbackGapMs=1003;fusion=GPS_IMU
LOCATION,1790457965633,29.8061417,52.4799333,31.000,true,2.22,55.458,source=fused:fused;speedReason=OK;derived=49.22;locationGapMs=998;callbackGapMs=998;fusion=GPS_IMU
LOCATION,1790457966634,29.8062350,52.4800033,31.000,true,2.20,55.171,source=fused:fused;speedReason=OK;derived=47.78;locationGapMs=1000;callbackGapMs=1000;fusion=GPS_IMU
LOCATION,1790457967634,29.8063250,52.4800700,30.000,true,2.22,54.911,source=fused:fused;speedReason=OK;derived=44.49;locationGapMs=1001;callbackGapMs=1001;fusion=GPS_IMU
LOCATION,1790457968689,29.8064050,52.4801317,32.000,true,2.23,54.658,source=fused:fused;speedReason=OK;derived=42.72;locationGapMs=1052;callbackGapMs=1052;fusion=GPS_IMU
LOCATION,1790457969638,29.8064750,52.4801850,31.000,true,2.25,54.281,source=fused:fused;speedReason=OK;derived=36.57;locationGapMs=952;callbackGapMs=952;fusion=GPS_IMU
LOCATION,1790457970632,29.8065367,52.4802300,30.000,true,2.27,53.915,source=fused:fused;speedReason=OK;derived=35.22;locationGapMs=992;callbackGapMs=992;fusion=GPS_IMU
LOCATION,1790457971640,29.8065900,52.4802683,29.000,true,2.30,53.418,source=fused:fused;speedReason=OK;derived=29.42;locationGapMs=1010;callbackGapMs=1010;fusion=GPS_IMU
LOCATION,1790457972634,29.8066383,52.4803017,30.000,true,2.32,53.015,source=fused:fused;speedReason=OK;derived=24.85;locationGapMs=993;callbackGapMs=993;fusion=GPS_IMU
LOCATION,1790457973630,29.8066900,52.4803417,34.000,true,2.34,52.572,source=fused:fused;speedReason=OK;derived=24.85;locationGapMs=995;callbackGapMs=995;fusion=GPS_IMU
LOCATION,1790457974622,29.8067500,52.4803867,31.000,true,2.35,52.169,source=fused:fused;speedReason=OK;derived=25.01;locationGapMs=991;callbackGapMs=991;fusion=GPS_IMU
LOCATION,1790457975647,29.8068200,52.4804367,31.000,true,2.38,51.895,source=fused:fused;speedReason=OK;derived=28.87;locationGapMs=1028;callbackGapMs=1028;fusion=GPS_IMU
LOCATION,1790457976638,29.8068967,52.4804850,27.000,true,2.42,51.682,source=fused:fused;speedReason=OK;derived=32.01;locationGapMs=990;callbackGapMs=990;fusion=GPS_IMU
LOCATION,1790457977636,29.8069783,52.4805367,30.000,true,2.44,51.467,source=fused:fused;speedReason=OK;derived=35.27;locationGapMs=1000;callbackGapMs=1000;fusion=GPS_IMU
LOCATION,1790457978604,29.8070650,52.4805967,31.000,true,2.47,51.260,source=fused:fused;speedReason=OK;derived=37.20;locationGapMs=964;callbackGapMs=964;fusion=GPS_IMU
LOCATION,1790457979625,29.8071500,52.4806583,31.000,true,2.50,51.054,source=fused:fused;speedReason=OK;derived=39.38;locationGapMs=1019;callbackGapMs=1019;fusion=GPS_IMU
LOCATION,1790457980612,29.8072350,52.4807183,31.000,true,2.53,50.834,source=fused:fused;speedReason=OK;derived=40.11;locationGapMs=993;callbackGapMs=993;fusion=GPS_IMU
LOCATION,1790457981627,29.8073300,52.4807850,32.000,true,2.57,50.693,source=fused:fused;speedReason=OK;derived=40.11;locationGapMs=1013;callbackGapMs=1013;fusion=GPS_IMU
LOCATION,1790457982635,29.8074317,52.4808517,30.000,true,2.58,50.617,source=fused:fused;speedReason=OK;derived=43.88;locationGapMs=1009;callbackGapMs=1009;fusion=GPS_IMU
LOCATION,1790457983631,29.8075333,52.4809217,32.000,true,2.60,50.577,source=fused:fused;speedReason=OK;derived=46.34;locationGapMs=994;callbackGapMs=994;fusion=GPS_IMU
LOCATION,1790457984698,29.8076383,52.4809950,32.000,true,2.60,50.547,source=fused:fused;speedReason=OK;derived=46.34;locationGapMs=1066;callbackGapMs=1066;fusion=GPS_IMU
LOCATION,1790457985641,29.8077450,52.4810650,31.000,true,2.60,50.540,source=fused:fused;speedReason=OK;derived=47.59;locationGapMs=945;callbackGapMs=945;fusion=GPS_IMU
LOCATION,1790457986637,29.8078583,52.4811417,31.000,true,2.60,50.535,source=fused:fused;speedReason=OK;derived=51.91;locationGapMs=997;callbackGapMs=997;fusion=GPS_IMU
LOCATION,1790457987637,29.8079717,52.4812167,30.000,true,2.60,50.577,source=fused:fused;speedReason=OK;derived=52.29;locationGapMs=999;callbackGapMs=999;fusion=GPS_IMU
LOCATION,1790457988637,29.8080883,52.4812950,30.000,true,2.60,50.620,source=fused:fused;speedReason=OK;derived=52.66;locationGapMs=1001;callbackGapMs=1001;fusion=GPS_IMU
LOCATION,1790457989642,29.8082050,52.4813733,31.000,true,2.60,50.673,source=fused:fused;speedReason=OK;derived=53.74;locationGapMs=1004;callbackGapMs=1004;fusion=GPS_IMU
LOCATION,1790457990709,29.8083250,52.4814500,30.000,true,2.60,50.710,source=fused:fused;speedReason=OK;derived=53.74;locationGapMs=1061;callbackGapMs=1061;fusion=GPS_IMU
LOCATION,1790457991636,29.8084467,52.4815267,30.000,true,2.60,50.749,source=fused:fused;speedReason=OK;derived=53.74;locationGapMs=932;callbackGapMs=932;fusion=GPS_IMU
LOCATION,1790457992633,29.8085667,52.4816167,32.000,true,2.57,50.821,source=fused:fused;speedReason=OK;derived=57.28;locationGapMs=999;callbackGapMs=999;fusion=GPS_IMU
LOCATION,1790457993629,29.8086850,52.4817033,32.000,true,2.53,50.916,source=fused:fused;speedReason=OK;derived=57.28;locationGapMs=996;callbackGapMs=996;fusion=GPS_IMU
LOCATION,1790457994623,29.8088117,52.4817867,29.000,true,2.50,50.995,source=fused:fused;speedReason=OK;derived=57.28;locationGapMs=993;callbackGapMs=993;fusion=GPS_IMU
LOCATION,1790457995619,29.8089433,52.4818667,27.000,true,2.48,51.115,source=fused:fused;speedReason=OK;derived=58.71;locationGapMs=996;callbackGapMs=996;fusion=GPS_IMU
LOCATION,1790457996707,29.8090450,52.4819583,28.000,true,2.42,51.246,source=fused:fused;speedReason=OK;derived=58.71;locationGapMs=1082;callbackGapMs=1082;fusion=GPS_IMU
LOCATION,1790457997642,29.8091750,52.4820400,28.000,true,2.42,51.366,source=fused:fused;speedReason=OK;derived=59.68;locationGapMs=940;callbackGapMs=940;fusion=GPS_IMU
LOCATION,1790457998635,29.8092917,52.4821250,27.000,true,2.40,51.482,source=fused:fused;speedReason=OK;derived=55.50;locationGapMs=994;callbackGapMs=994;fusion=GPS_IMU
LOCATION,1790457999624,29.8094133,52.4821933,25.000,true,2.38,51.562,source=fused:fused;speedReason=OK;derived=55.50;locationGapMs=990;callbackGapMs=990;fusion=GPS_IMU
LOCATION,1790458000647,29.8095300,52.4822583,26.000,true,2.34,51.586,source=fused:fused;speedReason=OK;derived=54.58;locationGapMs=1023;callbackGapMs=1023;fusion=GPS_IMU
LOCATION,1790458001635,29.8096467,52.4823233,22.000,true,2.32,51.598,source=fused:fused;speedReason=OK;derived=52.40;locationGapMs=988;callbackGapMs=988;fusion=GPS_IMU
LOCATION,1790458002701,29.8097567,52.4823817,22.000,true,2.28,51.547,source=fused:fused;speedReason=OK;derived=50.61;locationGapMs=1061;callbackGapMs=1061;fusion=GPS_IMU
LOCATION,1790458003601,29.8098600,52.4824383,23.000,true,2.23,51.491,source=fused:fused;speedReason=OK;derived=50.48;locationGapMs=905;callbackGapMs=905;fusion=GPS_IMU
LOCATION,1790458004624,29.8099617,52.4824933,22.000,true,2.20,51.442,source=fused:fused;speedReason=OK;derived=45.59;locationGapMs=1022;callbackGapMs=1022;fusion=GPS_IMU
LOCATION,1790458005622,29.8100550,52.4825450,23.000,true,2.18,51.357,source=fused:fused;speedReason=OK;derived=43.91;locationGapMs=999;callbackGapMs=999;fusion=GPS_IMU
LOCATION,1790458006625,29.8101450,52.4825917,22.000,true,2.18,51.254,source=fused:fused;speedReason=OK;derived=41.39;locationGapMs=1000;callbackGapMs=1000;fusion=GPS_IMU
LOCATION,1790458007628,29.8102233,52.4826250,14.000,true,2.20,51.133,source=fused:fused;speedReason=OK;derived=39.42;locationGapMs=1005;callbackGapMs=1005;fusion=GPS_IMU
LOCATION,1790458008606,29.8102917,52.4826283,10.000,true,2.26,50.898,source=fused:fused;speedReason=OK;derived=33.16;locationGapMs=977;callbackGapMs=977;fusion=GPS_IMU
LOCATION,1790458009620,29.8103617,52.4826283,0.000,true,2.28,50.669,source=fused:fused;speedReason=OK;derived=27.96;locationGapMs=1016;callbackGapMs=1016;fusion=GPS_IMU
LOCATION,1790458010632,29.8104300,52.4826250,356.000,true,2.40,50.561,source=fused:fused;speedReason=OK;derived=27.49;locationGapMs=1011;callbackGapMs=1011;fusion=GPS_IMU
LOCATION,1790458011634,29.8104833,52.4826133,354.000,true,2.50,50.462,source=fused:fused;speedReason=OK;derived=26.98;locationGapMs=1003;callbackGapMs=1003;fusion=GPS_IMU
LOCATION,1790458012624,29.8105250,52.4826067,353.000,true,2.64,50.349,source=fused:fused;speedReason=OK;derived=21.59;locationGapMs=990;callbackGapMs=990;fusion=GPS_IMU
LOCATION,1790458013688,29.8105383,52.4825900,355.000,true,2.80,50.252,source=fused:fused;speedReason=OK;derived=16.97;locationGapMs=1058;callbackGapMs=1058;fusion=GPS_IMU
LOCATION,1790458014632,29.8105367,52.4825783,353.000,true,3.00,50.142,source=fused:fused;speedReason=OK;derived=7.44;locationGapMs=949;callbackGapMs=949;fusion=GPS_IMU
LOCATION,1790458015631,29.8105083,52.4825650,353.000,true,3.08,50.012,source=fused:fused;speedReason=OK;derived=7.44;locationGapMs=999;callbackGapMs=999;fusion=GPS_IMU
LOCATION,1790458016633,29.8104933,52.4825550,353.000,true,3.36,49.875,source=fused:fused;speedReason=OK;derived=6.91;locationGapMs=1002;callbackGapMs=1002;fusion=GPS_IMU
LOCATION,1790458017632,29.8103883,52.4825150,203.000,true,3.50,49.725,source=fused:fused;speedReason=OK;derived=12.25;locationGapMs=999;callbackGapMs=999;fusion=GPS_IMU
LOCATION,1790458018645,29.8102000,52.4824383,202.000,true,3.50,49.578,source=fused:fused;speedReason=OK;derived=44.20;locationGapMs=1011;callbackGapMs=1011;fusion=GPS_IMU
LOCATION,1790458019707,29.8100667,52.4823783,202.000,true,3.54,49.372,source=fused:fused;speedReason=OK;derived=53.91;locationGapMs=1060;callbackGapMs=1060;fusion=GPS_IMU
LOCATION,1790458020630,29.8099583,52.4823267,203.000,true,3.50,49.215,source=fused:fused;speedReason=OK;derived=53.91;locationGapMs=927;callbackGapMs=927;fusion=GPS_IMU
LOCATION,1790458021637,29.8098400,52.4822650,203.000,true,3.45,49.053,source=fused:fused;speedReason=OK;derived=51.45;locationGapMs=1008;callbackGapMs=1008;fusion=GPS_IMU
LOCATION,1790458022634,29.8097183,52.4822017,206.000,true,3.28,48.975,source=fused:fused;speedReason=OK;derived=51.45;locationGapMs=997;callbackGapMs=997;fusion=GPS_IMU
LOCATION,1790458023628,29.8095250,52.4821183,202.000,true,3.18,48.972,source=fused:fused;speedReason=OK;derived=53.49;locationGapMs=995;callbackGapMs=995;fusion=GPS_IMU
LOCATION,1790458024592,29.8093733,52.4820433,206.000,true,3.02,49.014,source=fused:fused;speedReason=OK;derived=68.39;locationGapMs=964;callbackGapMs=964;fusion=GPS_IMU
LOCATION,1790458025638,29.8092583,52.4819783,206.000,true,2.76,49.055,source=fused:fused;speedReason=OK;derived=68.39;locationGapMs=1039;callbackGapMs=1039;fusion=GPS_IMU
LOCATION,1790458026667,29.8091500,52.4819183,206.000,true,2.68,49.043,source=fused:fused;speedReason=OK;derived=49.24;locationGapMs=1038;callbackGapMs=1038;fusion=GPS_IMU
LOCATION,1790458027589,29.8090300,52.4818483,205.000,true,2.53,49.028,source=fused:fused;speedReason=OK;derived=49.24;locationGapMs=920;callbackGapMs=920;fusion=GPS_IMU
LOCATION,1790458028600,29.8089317,52.4817917,205.000,true,2.40,48.987,source=fused:fused;speedReason=OK;derived=46.24;locationGapMs=1010;callbackGapMs=1010;fusion=GPS_IMU
LOCATION,1790458029594,29.8088517,52.4817383,208.000,true,2.30,48.866,source=fused:fused;speedReason=OK;derived=43.46;locationGapMs=994;callbackGapMs=994;fusion=GPS_IMU
LOCATION,1790458030597,29.8087933,52.4816950,208.000,true,2.32,48.636,source=fused:fused;speedReason=OK;derived=37.16;locationGapMs=1004;callbackGapMs=1004;fusion=GPS_IMU
LOCATION,1790458031609,29.8087450,52.4816583,206.000,true,2.34,48.396,source=fused:fused;speedReason=OK;derived=27.64;locationGapMs=1008;callbackGapMs=1008;fusion=GPS_IMU
LOCATION,1790458032602,29.8087067,52.4816250,212.000,true,2.36,48.096,source=fused:fused;speedReason=OK;derived=22.94;locationGapMs=996;callbackGapMs=996;fusion=GPS_IMU
LOCATION,1790458033604,29.8086850,52.4815933,223.000,true,2.40,47.846,source=fused:fused;speedReason=OK;derived=19.26;locationGapMs=1003;callbackGapMs=1003;fusion=GPS_IMU
LOCATION,1790458034601,29.8086767,52.4815633,235.000,true,2.46,47.651,source=fused:fused;speedReason=OK;derived=13.98;locationGapMs=995;callbackGapMs=995;fusion=GPS_IMU
LOCATION,1790458035606,29.8086767,52.4815267,250.000,true,2.52,47.488,source=fused:fused;speedReason=OK;derived=12.66;locationGapMs=1006;callbackGapMs=1006;fusion=GPS_IMU
LOCATION,1790458036615,29.8086867,52.4814867,266.000,true,2.58,47.314,source=fused:fused;speedReason=OK;derived=12.66;locationGapMs=1003;callbackGapMs=1003;fusion=GPS_IMU
LOCATION,1790458037613,29.8087117,52.4814383,279.000,true,2.72,47.117,source=fused:fused;speedReason=OK;derived=14.44;locationGapMs=1004;callbackGapMs=1004;fusion=GPS_IMU
LOCATION,1790458038593,29.8087267,52.4813883,280.000,true,2.78,46.966,source=fused:fused;speedReason=OK;derived=18.78;locationGapMs=980;callbackGapMs=980;fusion=GPS_IMU
LOCATION,1790458039586,29.8087533,52.4813400,294.000,true,2.88,46.789,source=fused:fused;speedReason=OK;derived=19.50;locationGapMs=995;callbackGapMs=995;fusion=GPS_IMU
LOCATION,1790458040608,29.8087883,52.4812817,299.000,true,3.02,46.499,source=fused:fused;speedReason=OK;derived=19.98;locationGapMs=1020;callbackGapMs=1020;fusion=GPS_IMU
LOCATION,1790458041598,29.8088300,52.4812100,301.000,true,3.03,46.281,source=fused:fused;speedReason=OK;derived=24.15;locationGapMs=989;callbackGapMs=989;fusion=GPS_IMU
LOCATION,1790458042612,29.8088700,52.4811283,297.000,true,3.07,45.985,source=fused:fused;speedReason=OK;derived=30.33;locationGapMs=1011;callbackGapMs=1011;fusion=GPS_IMU
LOCATION,1790458043600,29.8089117,52.4810383,297.000,true,3.10,45.763,source=fused:fused;speedReason=OK;derived=32.25;locationGapMs=993;callbackGapMs=993;fusion=GPS_IMU
LOCATION,1790458044599,29.8089600,52.4809150,293.000,true,3.08,45.620,source=fused:fused;speedReason=OK;derived=35.72;locationGapMs=997;callbackGapMs=997;fusion=GPS_IMU
LOCATION,1790458045594,29.8089967,52.4807783,285.000,true,3.07,45.517,source=fused:fused;speedReason=OK;derived=47.18;locationGapMs=997;callbackGapMs=997;fusion=GPS_IMU
LOCATION,1790458046601,29.8090367,52.4806383,287.000,true,3.05,45.427,source=fused:fused;speedReason=OK;derived=49.93;locationGapMs=1005;callbackGapMs=1005;fusion=GPS_IMU
LOCATION,1790458047605,29.8090750,52.4804967,287.000,true,3.02,45.386,source=fused:fused;speedReason=OK;derived=51.02;locationGapMs=1004;callbackGapMs=1004;fusion=GPS_IMU
LOCATION,1790458048598,29.8091250,52.4803583,290.000,true,2.98,45.356,source=fused:fused;speedReason=OK;derived=51.39;locationGapMs=992;callbackGapMs=992;fusion=GPS_IMU
LOCATION,1790458049602,29.8091567,52.4802317,286.000,true,2.94,45.315,source=fused:fused;speedReason=OK;derived=51.39;locationGapMs=1006;callbackGapMs=1006;fusion=GPS_IMU
LOCATION,1790458050612,29.8091800,52.4801117,282.000,true,2.92,45.241,source=fused:fused;speedReason=OK;derived=45.57;locationGapMs=1010;callbackGapMs=1010;fusion=GPS_IMU
LOCATION,1790458051614,29.8091933,52.4799983,275.000,true,2.90,45.162,source=fused:fused;speedReason=OK;derived=42.36;locationGapMs=1002;callbackGapMs=1002;fusion=GPS_IMU
LOCATION,1790458052609,29.8091983,52.4798883,269.000,true,2.90,45.061,source=fused:fused;speedReason=OK;derived=39.74;locationGapMs=994;callbackGapMs=994;fusion=GPS_IMU
LOCATION,1790458053618,29.8092033,52.4797883,268.000,true,2.90,44.958,source=fused:fused;speedReason=OK;derived=38.56;locationGapMs=1005;callbackGapMs=1005;fusion=GPS_IMU
LOCATION,1790458054590,29.8092083,52.4796950,272.000,true,2.90,44.852,source=fused:fused;speedReason=OK;derived=34.69;locationGapMs=978;callbackGapMs=978;fusion=GPS_IMU
LOCATION,1790458055607,29.8092183,52.4796050,275.000,true,2.90,44.712,source=fused:fused;speedReason=OK;derived=33.26;locationGapMs=1016;callbackGapMs=1016;fusion=GPS_IMU
LOCATION,1790458056607,29.8092267,52.4795033,274.000,true,2.90,44.574,source=fused:fused;speedReason=OK;derived=33.26;locationGapMs=998;callbackGapMs=998;fusion=GPS_IMU
LOCATION,1790458057606,29.8092283,52.4794000,270.000,true,2.90,44.456,source=fused:fused;speedReason=OK;derived=35.62;locationGapMs=1001;callbackGapMs=1001;fusion=GPS_IMU
LOCATION,1790458058597,29.8092217,52.4793000,264.000,true,2.90,44.359,source=fused:fused;speedReason=OK;derived=35.62;locationGapMs=991;callbackGapMs=991;fusion=GPS_IMU
LOCATION,1790458059609,29.8092133,52.4792100,258.000,true,2.90,44.274,source=fused:fused;speedReason=OK;derived=35.22;locationGapMs=1009;callbackGapMs=1009;fusion=GPS_IMU
LOCATION,1790458060606,29.8092100,52.4791350,261.000,true,2.90,44.202,source=fused:fused;speedReason=OK;derived=31.22;locationGapMs=1001;callbackGapMs=1001;fusion=GPS_IMU
LOCATION,1790458061608,29.8092067,52.4790733,261.000,true,2.92,44.126,source=fused:fused;speedReason=OK;derived=26.11;locationGapMs=1001;callbackGapMs=1001;fusion=GPS_IMU
LOCATION,1790458062606,29.8092167,52.4790183,272.000,true,2.98,44.059,source=fused:fused;speedReason=OK;derived=21.49;locationGapMs=998;callbackGapMs=998;fusion=GPS_IMU
LOCATION,1790458063607,29.8092367,52.4789850,282.000,true,3.04,43.925,source=fused:fused;speedReason=OK;derived=19.59;locationGapMs=1000;callbackGapMs=1000;fusion=GPS_IMU
LOCATION,1790458064604,29.8092667,52.4789550,299.000,true,3.07,43.767,source=fused:fused;speedReason=OK;derived=15.92;locationGapMs=998;callbackGapMs=998;fusion=GPS_IMU
LOCATION,1790458065606,29.8093067,52.4789250,312.000,true,3.12,43.630,source=fused:fused;speedReason=OK;derived=15.92;locationGapMs=999;callbackGapMs=999;fusion=GPS_IMU
LOCATION,1790458066608,29.8093517,52.4788967,322.000,true,3.15,43.345,source=fused:fused;speedReason=OK;derived=19.09;locationGapMs=1004;callbackGapMs=1004;fusion=GPS_IMU
LOCATION,1790458067601,29.8094017,52.4788683,327.000,true,3.17,43.071,source=fused:fused;speedReason=OK;derived=20.40;locationGapMs=994;callbackGapMs=994;fusion=GPS_IMU
LOCATION,1790458068601,29.8094567,52.4788483,339.000,true,3.15,42.863,source=fused:fused;speedReason=OK;derived=22.40;locationGapMs=999;callbackGapMs=999;fusion=GPS_IMU
LOCATION,1790458069603,29.8095167,52.4788183,341.000,true,3.12,42.699,source=fused:fused;speedReason=OK;derived=23.05;locationGapMs=1003;callbackGapMs=1003;fusion=GPS_IMU
LOCATION,1790458070622,29.8095817,52.4788067,348.000,true,3.10,42.517,source=fused:fused;speedReason=OK;derived=25.94;locationGapMs=1012;callbackGapMs=1012;fusion=GPS_IMU
LOCATION,1790458071602,29.8096583,52.4787883,348.000,true,3.10,42.331,source=fused:fused;speedReason=OK;derived=26.04;locationGapMs=989;callbackGapMs=989;fusion=GPS_IMU
LOCATION,1790458072597,29.8097333,52.4787883,357.000,true,3.10,42.155,source=fused:fused;speedReason=OK;derived=30.11;locationGapMs=994;callbackGapMs=994;fusion=GPS_IMU
LOCATION,1790458073605,29.8098083,52.4787733,351.000,true,3.10,41.998,source=fused:fused;speedReason=OK;derived=30.26;locationGapMs=1004;callbackGapMs=1004;fusion=GPS_IMU
LOCATION,1790458074603,29.8098800,52.4787583,352.000,true,3.08,41.807,source=fused:fused;speedReason=OK;derived=30.11;locationGapMs=999;callbackGapMs=999;fusion=GPS_IMU
LOCATION,1790458075602,29.8099517,52.4787533,354.000,true,3.07,41.596,source=fused:fused;speedReason=OK;derived=29.11;locationGapMs=1001;callbackGapMs=1001;fusion=GPS_IMU
LOCATION,1790458076605,29.8100200,52.4787450,353.000,true,3.05,41.386,source=fused:fused;speedReason=OK;derived=28.64;locationGapMs=998;callbackGapMs=998;fusion=GPS_IMU
LOCATION,1790458077604,29.8100917,52.4787417,357.000,true,3.03,41.235,source=fused:fused;speedReason=OK;derived=28.52;locationGapMs=1004;callbackGapMs=1004;fusion=GPS_IMU
LOCATION,1790458078612,29.8101583,52.4787317,358.000,true,3.00,41.119,source=fused:fused;speedReason=OK;derived=27.46;locationGapMs=1003;callbackGapMs=1003;fusion=GPS_IMU
LOCATION,1790458079567,29.8102200,52.4787383,4.000,true,3.00,41.011,source=fused:fused;speedReason=OK;derived=26.72;locationGapMs=961;callbackGapMs=961;fusion=GPS_IMU
LOCATION,1790458080583,29.8102800,52.4787400,4.000,true,3.02,40.934,source=fused:fused;speedReason=OK;derived=25.73;locationGapMs=1011;callbackGapMs=1011;fusion=GPS_IMU
LOCATION,1790458081597,29.8103233,52.4787450,7.000,true,3.03,40.882,source=fused:fused;speedReason=OK;derived=23.69;locationGapMs=1018;callbackGapMs=1018;fusion=GPS_IMU
LOCATION,1790458082597,29.8103383,52.4787567,24.000,true,3.06,40.776,source=fused:fused;speedReason=OK;derived=17.06;locationGapMs=998;callbackGapMs=998;fusion=GPS_IMU
LOCATION,1790458083599,29.8103350,52.4787667,36.000,true,3.07,40.611,source=fused:fused;speedReason=OK;derived=7.25;locationGapMs=1004;callbackGapMs=1004;fusion=GPS_IMU
LOCATION,1790458084612,29.8103167,52.4787967,93.000,true,3.10,40.379,source=fused:fused;speedReason=OK;derived=7.25;locationGapMs=1008;callbackGapMs=1008;fusion=GPS_IMU
LOCATION,1790458085607,29.8103033,52.4788283,92.000,true,3.08,40.166,source=fused:fused;speedReason=OK;derived=12.27;locationGapMs=997;callbackGapMs=997;fusion=GPS_IMU
LOCATION,1790458086609,29.8103050,52.4788633,82.000,true,3.06,39.871,source=fused:fused;speedReason=OK;derived=12.27;locationGapMs=1004;callbackGapMs=1004;fusion=GPS_IMU
LOCATION,1790458087604,29.8102950,52.4789000,99.000,true,3.06,39.611,source=fused:fused;speedReason=OK;derived=12.27;locationGapMs=992;callbackGapMs=992;fusion=GPS_IMU
LOCATION,1790458088611,29.8102833,52.4789283,97.000,true,3.08,39.375,source=fused:fused;speedReason=OK;derived=12.15;locationGapMs=1010;callbackGapMs=1010;fusion=GPS_IMU
LOCATION,1790458089611,29.8102933,52.4789533,88.000,true,3.10,39.146,source=fused:fused;speedReason=OK;derived=10.79;locationGapMs=998;callbackGapMs=998;fusion=GPS_IMU
LOCATION,1790458090611,29.8103033,52.4789783,64.000,true,3.16,38.965,source=fused:fused;speedReason=OK;derived=9.59;locationGapMs=998;callbackGapMs=998;fusion=GPS_IMU
LOCATION,1790458091615,29.8103133,52.4789983,56.000,true,3.22,38.765,source=fused:fused;speedReason=OK;derived=9.59;locationGapMs=1011;callbackGapMs=1011;fusion=GPS_IMU
LOCATION,1790458092597,29.8103167,52.4790083,56.000,true,3.23,38.484,source=fused:fused;speedReason=OK;derived=7.94;locationGapMs=980;callbackGapMs=980;fusion=GPS_IMU
LOCATION,1790458093608,29.8103300,52.4790033,56.000,true,3.28,0.000,source=fused:fused;speedReason=OK;derived=5.55;locationGapMs=1006;callbackGapMs=1006;fusion=GPS_IMU
LOCATION,1790458094606,29.8103283,52.4790033,56.000,true,3.32,0.000,source=fused:fused;speedReason=OK;derived=3.81;locationGapMs=1002;callbackGapMs=1002;fusion=GPS_IMU
LOCATION,1790458095594,29.8103283,52.4790033,56.000,true,3.37,0.000,source=fused:fused;speedReason=OK;derived=0.68;locationGapMs=986;callbackGapMs=986;fusion=GPS_IMU
LOCATION,1790458096574,29.8103283,52.4790033,56.000,true,3.40,0.000,source=fused:fused;speedReason=OK;derived=0.00;locationGapMs=982;callbackGapMs=982;fusion=GPS_IMU
LOCATION,1790458097610,29.8103283,52.4790033,56.000,true,3.48,0.000,source=fused:fused;speedReason=OK;derived=0.00;locationGapMs=1036;callbackGapMs=1036;fusion=GPS_IMU
LOCATION,1790458098646,29.8103283,52.4790033,56.000,true,3.52,0.000,source=fused:fused;speedReason=OK;derived=0.00;locationGapMs=1023;callbackGapMs=1023;fusion=GPS_IMU
LOCATION,1790458099611,29.8103283,52.4790033,56.000,true,3.56,0.000,source=fused:fused;speedReason=OK;derived=0.00;locationGapMs=979;callbackGapMs=979;fusion=GPS_IMU
LOCATION,1790458100617,29.8103283,52.4790033,,false,3.52,0.000,source=fused:fused;speedReason=OK;derived=0.00;locationGapMs=1009;callbackGapMs=1009;fusion=GPS_IMU
LOCATION,1790458101565,29.8103283,52.4790033,,false,3.45,0.000,source=fused:fused;speedReason=OK;derived=0.00;locationGapMs=948;callbackGapMs=948;fusion=GPS_IMU
LOCATION,1790458102563,29.8103283,52.4790033,,false,3.35,0.000,source=fused:fused;speedReason=OK;derived=0.00;locationGapMs=999;callbackGapMs=999;fusion=GPS_IMU
LOCATION_ONLY,1790458103439,29.8103283,52.4790033,,false,8.43,0.000,source=fused:fused;speedReason=NO_SPEED;derived=0.00;locationGapMs=874;callbackGapMs=874;fusion=GPS_IMU
LOCATION,1790458104563,29.8103283,52.4790033,,false,7.46,0.000,source=fused:fused;speedReason=OK;derived=0.00;locationGapMs=1125;callbackGapMs=1125;fusion=GPS_IMU
LOCATION,1790458105568,29.8103283,52.4790033,,false,7.29,0.000,source=fused:fused;speedReason=OK;derived=0.00;locationGapMs=1005;callbackGapMs=1005;fusion=GPS_IMU
LOCATION,1790458106611,29.8103283,52.4790033,,false,7.83,0.000,source=fused:fused;speedReason=OK;derived=0.00;locationGapMs=1044;callbackGapMs=1044;fusion=GPS_IMU
LOCATION,1790458107595,29.8103283,52.4790033,,false,7.73,0.000,source=fused:fused;speedReason=OK;derived=0.00;locationGapMs=983;callbackGapMs=983;fusion=GPS_IMU
LOCATION,1790458108586,29.8103283,52.4790033,,false,2.43,0.000,source=fused:fused;speedReason=OK;derived=0.00;locationGapMs=991;callbackGapMs=991;fusion=GPS_IMU
LOCATION,1790458109604,29.8103283,52.4790033,,false,2.32,0.000,source=fused:fused;speedReason=OK;derived=0.00;locationGapMs=1018;callbackGapMs=1018;fusion=GPS_IMU
LOCATION,1790458110594,29.8103283,52.4790033,,false,2.26,0.000,source=fused:fused;speedReason=OK;derived=0.00;locationGapMs=990;callbackGapMs=990;fusion=GPS_IMU
LOCATION,1790458111586,29.8103283,52.4790033,,false,2.23,0.000,source=fused:fused;speedReason=OK;derived=0.00;locationGapMs=993;callbackGapMs=993;fusion=GPS_IMU
