record_type,wall_time_ms,lat,lon,bearing_deg,bearing_valid,gps_accuracy_m,fused_speed_kmh,details
LOCATION_ONLY,1790492849530,29.8102428,52.4786614,,false,42.50,0.000,source=fused:fused;speedReason=NO_SPEED;derived=;locationGapMs=0;callbackGapMs=-1;fusion=POSITION_OR_SPEED
LOCATION,1790492850662,29.8102287,52.4786552,,false,26.55,0.004,source=fused:fused;speedReason=OK;derived=;locationGapMs=1132;callbackGapMs=1132;fusion=GPS_IMU
LOCATION,1790492851659,29.8102025,52.4787172,,false,20.10,0.000,source=fused:fused;speedReason=OK;derived=24.05;locationGapMs=997;callbackGapMs=997;fusion=GPS_IMU
LOCATION,1790492852642,29.8102295,52.4786974,,false,16.48,0.000,source=fused:fused;speedReason=OK;derived=24.05;locationGapMs=982;callbackGapMs=982;fusion=GPS_IMU
LOCATION,1790492853643,29.8102423,52.4786891,249.870,true,14.00,0.095,source=fused:fused;speedReason=OK;derived=13.02;locationGapMs=961;callbackGapMs=961;fusion=GPS_IMU
LOCATION,1790492854615,29.8102321,52.4787032,263.671,true,6.22,1.194,source=fused:fused;speedReason=OK;derived=6.32;locationGapMs=1009;callbackGapMs=1009;fusion=GPS_IMU
LOCATION,1790492855603,29.8102301,52.4787054,92.531,true,5.82,2.573,source=fused:fused;speedReason=OK;derived=6.11;locationGapMs=990;callbackGapMs=990;fusion=GPS_IMU
LOCATION,1790492856114,29.8102304,52.4787098,90.763,true,4.76,4.086,source=fused:fused;speedReason=OK;derived=3.01;locationGapMs=510;callbackGapMs=510;fusion=GPS_IMU
LOCATION,1790492856602,29.8102256,52.4787079,224.091,true,4.63,5.700,source=fused:fused;speedReason=OK;derived=3.01;locationGapMs=489;callbackGapMs=489;fusion=GPS_IMU
LOCATION,1790492857602,29.8102120,52.4786893,227.188,true,4.18,5.152,source=fused:fused;speedReason=OK;derived=4.14;locationGapMs=999;callbackGapMs=999;fusion=GPS_IMU
LOCATION,1790492858077,29.8102076,52.4786834,226.920,true,4.07,5.153,source=fused:fused;speedReason=OK;derived=5.68;locationGapMs=476;callbackGapMs=476;fusion=GPS_IMU
LOCATION,1790492858651,29.8101971,52.4786804,226.920,true,4.21,5.755,source=fused:fused;speedReason=OK;derived=7.87;locationGapMs=549;callbackGapMs=549;fusion=GPS_IMU
LOCATION,1790492859270,29.8101876,52.4786786,226.920,true,4.20,5.297,source=fused:fused;speedReason=OK;derived=5.99;locationGapMs=641;callbackGapMs=641;fusion=GPS_IMU
LOCATION,1790492860065,29.8101760,52.4786820,226.920,true,4.10,4.794,source=fused:fused;speedReason=OK;derived=5.99;locationGapMs=797;callbackGapMs=797;fusion=GPS_IMU
LOCATION,1790492860632,29.8101747,52.4786805,226.920,true,4.00,3.287,source=fused:fused;speedReason=OK;derived=5.99;locationGapMs=568;callbackGapMs=568;fusion=GPS_IMU
LOCATION,1790492861197,29.8101716,52.4786786,226.920,true,3.88,2.548,source=fused:fused;speedReason=OK;derived=2.48;locationGapMs=565;callbackGapMs=565;fusion=GPS_IMU
LOCATION,1790492861729,29.8101643,52.4786802,226.920,true,3.76,2.944,source=fused:fused;speedReason=OK;derived=2.48;locationGapMs=529;callbackGapMs=529;fusion=GPS_IMU
LOCATION,1790492862531,29.8101535,52.4786861,226.920,true,3.70,3.332,source=fused:fused;speedReason=OK;derived=5.61;locationGapMs=806;callbackGapMs=806;fusion=GPS_IMU
LOCATION,1790492864605,29.8101227,52.4787115,123.549,true,3.16,4.102,source=fused:fused;speedReason=OK;derived=5.92;locationGapMs=2062;callbackGapMs=2062;fusion=GPS_IMU
LOCATION,1790492865580,29.8101095,52.4787314,127.540,true,3.02,6.386,source=fused:fused;speedReason=OK;derived=7.34;locationGapMs=987;callbackGapMs=987;fusion=GPS_IMU
LOCATION,1790492866572,29.8100858,52.4787387,135.245,true,3.07,6.882,source=fused:fused;speedReason=OK;derived=8.82;locationGapMs=990;callbackGapMs=990;fusion=GPS_IMU
LOCATION,1790492867418,29.8100715,52.4787468,148.749,true,3.20,6.965,source=fused:fused;speedReason=OK;derived=8.82;locationGapMs=843;callbackGapMs=843;fusion=GPS_IMU
LOCATION,1790492868532,29.8100444,52.4787310,223.892,true,3.50,6.409,source=fused:fused;speedReason=OK;derived=9.89;locationGapMs=1116;callbackGapMs=1116;fusion=GPS_IMU
LOCATION,1790492869638,29.8100109,52.4786827,206.023,true,3.55,6.442,source=fused:fused;speedReason=OK;derived=10.87;locationGapMs=1088;callbackGapMs=1088;fusion=GPS_IMU
LOCATION,1790492870527,29.8099870,52.4786732,198.512,true,4.02,9.155,source=fused:fused;speedReason=OK;derived=11.13;locationGapMs=907;callbackGapMs=907;fusion=GPS_IMU
LOCATION,1790492871596,29.8099524,52.4787217,121.119,true,4.85,11.016,source=fused:fused;speedReason=OK;derived=19.74;locationGapMs=1070;callbackGapMs=1070;fusion=GPS_IMU
LOCATION,1790492872391,29.8099423,52.4787511,109.799,true,5.33,10.769,source=fused:fused;speedReason=OK;derived=13.85;locationGapMs=794;callbackGapMs=794;fusion=GPS_IMU
LOCATION,1790492872915,29.8099374,52.4787714,108.389,true,7.03,10.888,source=fused:fused;speedReason=OK;derived=14.02;locationGapMs=523;callbackGapMs=523;fusion=GPS_IMU
LOCATION,1790492873589,29.8099312,52.4787977,106.290,true,9.14,11.477,source=fused:fused;speedReason=OK;derived=14.02;locationGapMs=676;callbackGapMs=676;fusion=GPS_IMU
LOCATION,1790492874604,29.8099219,52.4788382,104.169,true,10.69,12.222,source=fused:fused;speedReason=OK;derived=14.03;locationGapMs=1015;callbackGapMs=1015;fusion=GPS_IMU
LOCATION,1790492875336,29.8099139,52.4788710,109.672,true,11.56,13.510,source=fused:fused;speedReason=OK;derived=14.36;locationGapMs=723;callbackGapMs=723;fusion=GPS_IMU
LOCATION,1790492876495,29.8098890,52.4789219,144.689,true,14.43,14.248,source=fused:fused;speedReason=OK;derived=16.39;locationGapMs=1168;callbackGapMs=1168;fusion=GPS_IMU
LOCATION,1790492877034,29.8098682,52.4789384,149.468,true,16.39,15.158,source=fused:fused;speedReason=OK;derived=17.39;locationGapMs=537;callbackGapMs=537;fusion=GPS_IMU
LOCATION,1790492877583,29.8098502,52.4789555,146.251,true,17.61,16.269,source=fused:fused;speedReason=OK;derived=17.39;locationGapMs=554;callbackGapMs=554;fusion=GPS_IMU
LOCATION,1790492878595,29.8095384,52.4787021,133.875,true,16.81,15.508,source=fused:fused;speedReason=OK;derived=18.80;locationGapMs=1010;callbackGapMs=1010;fusion=GPS_IMU
LOCATION,1790492879665,29.8094855,52.4786973,142.053,true,15.22,18.244,source=fused:fused;speedReason=OK;derived=19.79;locationGapMs=1070;callbackGapMs=1070;fusion=GPS_IMU
LOCATION,1790492880599,29.8094438,52.4786880,154.335,true,13.40,18.955,source=fused:fused;speedReason=OK;derived=19.79;locationGapMs=931;callbackGapMs=931;fusion=GPS_IMU
LOCATION,1790492881195,29.8094284,52.4786748,172.546,true,10.90,17.193,source=fused:fused;speedReason=OK;derived=18.21;locationGapMs=600;callbackGapMs=600;fusion=GPS_IMU
LOCATION,1790492882575,29.8093661,52.4786339,214.531,true,6.11,15.242,source=fused:fused;speedReason=OK;derived=18.21;locationGapMs=1380;callbackGapMs=1380;fusion=GPS_IMU
LOCATION,1790492883551,29.8093368,52.4786029,219.990,true,5.06,14.811,source=fused:fused;speedReason=OK;derived=16.33;locationGapMs=974;callbackGapMs=974;fusion=GPS_IMU
LOCATION,1790492884394,29.8092891,52.4786085,207.648,true,5.51,14.329,source=fused:fused;speedReason=OK;derived=20.76;locationGapMs=841;callbackGapMs=841;fusion=GPS_IMU
LOCATION,1790492884873,29.8092639,52.4786117,204.279,true,5.59,14.235,source=fused:fused;speedReason=OK;derived=21.08;locationGapMs=480;callbackGapMs=480;fusion=GPS_IMU
LOCATION,1790492885428,29.8092418,52.4786081,200.453,true,5.58,14.178,source=fused:fused;speedReason=OK;derived=21.08;locationGapMs=556;callbackGapMs=556;fusion=GPS_IMU
LOCATION,1790492886579,29.8092053,52.4785995,194.994,true,6.03,14.691,source=fused:fused;speedReason=OK;derived=16.02;locationGapMs=1147;callbackGapMs=1147;fusion=GPS_IMU
LOCATION,1790492887619,29.8091787,52.4785800,194.754,true,6.10,14.764,source=fused:fused;speedReason=OK;derived=12.96;locationGapMs=1043;callbackGapMs=1043;fusion=GPS_IMU
LOCATION,1790492888621,29.8091561,52.4785588,190.024,true,5.53,13.616,source=fused:fused;speedReason=OK;derived=12.08;locationGapMs=1002;callbackGapMs=1002;fusion=GPS_IMU
LOCATION,1790492889628,29.8092050,52.4785917,119.000,true,5.00,11.844,source=fused:fused;speedReason=OK;derived=12.08;locationGapMs=1007;callbackGapMs=1007;fusion=GPS_IMU
LOCATION_ONLY,1790492890432,29.8092050,52.4785917,119.000,true,9.16,11.050,source=fused:fused;speedReason=NO_SPEED;derived=11.63;locationGapMs=804;callbackGapMs=804;fusion=GPS_IMU
LOCATION,1790492891655,29.8091833,52.4786717,101.000,true,8.78,12.290,source=fused:fused;speedReason=OK;derived=22.47;locationGapMs=1209;callbackGapMs=1209;fusion=GPS_IMU
LOCATION,1790492892627,29.8091867,52.4787250,86.000,true,8.09,13.282,source=fused:fused;speedReason=OK;derived=18.90;locationGapMs=984;callbackGapMs=984;fusion=GPS_IMU
LOCATION,1790492893632,29.8091983,52.4787933,82.000,true,7.51,10.189,source=fused:fused;speedReason=OK;derived=24.07;locationGapMs=1006;callbackGapMs=1006;fusion=GPS_IMU
LOCATION,1790492894621,29.8092117,52.4788683,82.000,true,7.52,8.318,source=fused:fused;speedReason=OK;derived=24.07;locationGapMs=990;callbackGapMs=990;fusion=GPS_IMU
LOCATION,1790492895623,29.8092200,52.4789383,82.000,true,2.26,8.521,source=fused:fused;speedReason=OK;derived=24.54;locationGapMs=1002;callbackGapMs=1002;fusion=GPS_IMU
LOCATION,1790492896623,29.8092300,52.4790050,79.000,true,2.25,10.988,source=fused:fused;speedReason=OK;derived=24.54;locationGapMs=1003;callbackGapMs=1003;fusion=GPS_IMU
LOCATION,1790492897627,29.8092417,52.4790817,80.000,true,2.28,12.533,source=fused:fused;speedReason=OK;derived=24.54;locationGapMs=989;callbackGapMs=989;fusion=GPS_IMU
LOCATION,1790492898620,29.8092517,52.4791517,80.000,true,2.33,12.984,source=fused:fused;speedReason=OK;derived=24.54;locationGapMs=1006;callbackGapMs=1006;fusion=GPS_IMU
LOCATION,1790492899610,29.8092617,52.4792283,79.000,true,2.40,14.078,source=fused:fused;speedReason=OK;derived=27.23;locationGapMs=990;callbackGapMs=990;fusion=GPS_IMU
LOCATION,1790492900627,29.8092733,52.4793067,77.000,true,2.50,16.084,source=fused:fused;speedReason=OK;derived=27.23;locationGapMs=1016;callbackGapMs=1016;fusion=GPS_IMU
LOCATION,1790492901625,29.8092783,52.4793833,79.000,true,2.62,17.878,source=fused:fused;speedReason=OK;derived=27.23;locationGapMs=998;callbackGapMs=998;fusion=GPS_IMU
LOCATION,1790492902635,29.8092783,52.4794750,88.000,true,2.74,20.376,source=fused:fused;speedReason=OK;derived=27.24;locationGapMs=998;callbackGapMs=998;fusion=GPS_IMU
LOCATION,1790492903624,29.8092733,52.4795600,93.000,true,2.80,22.551,source=fused:fused;speedReason=OK;derived=29.65;locationGapMs=1000;callbackGapMs=1000;fusion=GPS_IMU
LOCATION,1790492904626,29.8092567,52.4796483,98.000,true,2.74,23.701,source=fused:fused;speedReason=OK;derived=31.34;locationGapMs=1003;callbackGapMs=1003;fusion=GPS_IMU
LOCATION,1790492905596,29.8092450,52.4797400,99.000,true,2.72,24.593,source=fused:fused;speedReason=OK;derived=31.34;locationGapMs=974;callbackGapMs=974;fusion=GPS_IMU
LOCATION,1790492906591,29.8092300,52.4798283,100.000,true,2.68,24.782,source=fused:fused;speedReason=OK;derived=31.56;locationGapMs=992;callbackGapMs=992;fusion=GPS_IMU
LOCATION,1790492907614,29.8092083,52.4799283,99.000,true,2.60,25.401,source=fused:fused;speedReason=OK;derived=33.11;locationGapMs=1022;callbackGapMs=1022;fusion=GPS_IMU
LOCATION,1790492908628,29.8091900,52.4800333,99.000,true,2.47,25.684,source=fused:fused;speedReason=OK;derived=35.09;locationGapMs=1001;callbackGapMs=1001;fusion=GPS_IMU
LOCATION,1790492909600,29.8091733,52.4801333,98.000,true,2.38,26.521,source=fused:fused;speedReason=OK;derived=35.94;locationGapMs=986;callbackGapMs=986;fusion=GPS_IMU
LOCATION,1790492910609,29.8091567,52.4802267,101.000,true,2.34,28.311,source=fused:fused;speedReason=OK;derived=35.94;locationGapMs=1010;callbackGapMs=1010;fusion=GPS_IMU
LOCATION,1790492911630,29.8091400,52.4803183,104.000,true,2.26,29.113,source=fused:fused;speedReason=OK;derived=32.84;locationGapMs=1019;callbackGapMs=1019;fusion=GPS_IMU
LOCATION,1790492912673,29.8091167,52.4804100,106.000,true,2.22,29.921,source=fused:fused;speedReason=OK;derived=31.96;locationGapMs=1043;callbackGapMs=1043;fusion=GPS_IMU
LOCATION,1790492913629,29.8090833,52.4804867,111.000,true,2.18,30.898,source=fused:fused;speedReason=OK;derived=31.87;locationGapMs=943;callbackGapMs=943;fusion=GPS_IMU
LOCATION,1790492914623,29.8090500,52.4805667,112.000,true,2.12,31.581,source=fused:fused;speedReason=OK;derived=31.64;locationGapMs=1007;callbackGapMs=1007;fusion=GPS_IMU
LOCATION,1790492915587,29.8090167,52.4806500,113.000,true,2.08,31.547,source=fused:fused;speedReason=OK;derived=31.64;locationGapMs=967;callbackGapMs=967;fusion=GPS_IMU
LOCATION,1790492916614,29.8089817,52.4807300,115.000,true,1.98,31.112,source=fused:fused;speedReason=OK;derived=30.64;locationGapMs=1024;callbackGapMs=1024;fusion=GPS_IMU
LOCATION,1790492917613,29.8089483,52.4808117,116.000,true,1.92,31.057,source=fused:fused;speedReason=OK;derived=31.40;locationGapMs=1000;callbackGapMs=1000;fusion=GPS_IMU
LOCATION,1790492918678,29.8089150,52.4808933,117.000,true,1.84,31.058,source=fused:fused;speedReason=OK;derived=30.42;locationGapMs=1056;callbackGapMs=1056;fusion=GPS_IMU
LOCATION,1790492919620,29.8088783,52.4809733,119.000,true,1.83,31.056,source=fused:fused;speedReason=OK;derived=31.40;locationGapMs=950;callbackGapMs=950;fusion=GPS_IMU
LOCATION,1790492920624,29.8088383,52.4810517,121.000,true,1.80,31.109,source=fused:fused;speedReason=OK;derived=31.48;locationGapMs=1004;callbackGapMs=1004;fusion=GPS_IMU
LOCATION,1790492921607,29.8087967,52.4811283,122.000,true,1.80,31.224,source=fused:fused;speedReason=OK;derived=31.95;locationGapMs=983;callbackGapMs=983;fusion=GPS_IMU
LOCATION,1790492922620,29.8087550,52.4812050,122.000,true,1.78,30.807,source=fused:fused;speedReason=OK;derived=31.48;locationGapMs=1014;callbackGapMs=1014;fusion=GPS_IMU
LOCATION,1790492923617,29.8087100,52.4812767,124.000,true,1.77,29.654,source=fused:fused;speedReason=OK;derived=31.02;locationGapMs=998;callbackGapMs=998;fusion=GPS_IMU
LOCATION,1790492924675,29.8086667,52.4813467,124.000,true,1.75,27.029,source=fused:fused;speedReason=OK;derived=30.80;locationGapMs=1045;callbackGapMs=1045;fusion=GPS_IMU
LOCATION,1790492925622,29.8086317,52.4814000,125.000,true,1.73,25.315,source=fused:fused;speedReason=OK;derived=28.58;locationGapMs=959;callbackGapMs=959;fusion=GPS_IMU
LOCATION,1790492926625,29.8085967,52.4814450,133.000,true,1.72,23.375,source=fused:fused;speedReason=OK;derived=24.21;locationGapMs=1002;callbackGapMs=1002;fusion=GPS_IMU
LOCATION,1790492927604,29.8085600,52.4814683,146.000,true,1.73,22.442,source=fused:fused;speedReason=OK;derived=20.94;locationGapMs=981;callbackGapMs=981;fusion=GPS_IMU
LOCATION,1790492928630,29.8085117,52.4814750,164.000,true,1.78,21.468,source=fused:fused;speedReason=OK;derived=18.98;locationGapMs=1023;callbackGapMs=1023;fusion=GPS_IMU
LOCATION,1790492929615,29.8084533,52.4814500,188.000,true,1.84,23.391,source=fused:fused;speedReason=OK;derived=18.98;locationGapMs=987;callbackGapMs=987;fusion=GPS_IMU
LOCATION,1790492930691,29.8083800,52.4814083,199.000,true,1.92,26.972,source=fused:fused;speedReason=OK;derived=25.20;locationGapMs=1064;callbackGapMs=1064;fusion=GPS_IMU
LOCATION,1790492931629,29.8082900,52.4813450,205.000,true,1.95,28.511,source=fused:fused;speedReason=OK;derived=30.69;locationGapMs=949;callbackGapMs=949;fusion=GPS_IMU
LOCATION,1790492932600,29.8081950,52.4812683,210.000,true,2.04,32.456,source=fused:fused;speedReason=OK;derived=44.40;locationGapMs=973;callbackGapMs=973;fusion=GPS_IMU
LOCATION,1790492933631,29.8081017,52.4812000,211.000,true,2.04,37.871,source=fused:fused;speedReason=OK;derived=44.40;locationGapMs=1028;callbackGapMs=1028;fusion=GPS_IMU
LOCATION,1790492934623,29.8080050,52.4811317,209.000,true,2.02,41.332,source=fused:fused;speedReason=OK;derived=45.64;locationGapMs=993;callbackGapMs=993;fusion=GPS_IMU
LOCATION,1790492935616,29.8079017,52.4810617,210.000,true,1.98,43.332,source=fused:fused;speedReason=OK;derived=45.64;locationGapMs=994;callbackGapMs=994;fusion=GPS_IMU
LOCATION,1790492936590,29.8077950,52.4809917,211.000,true,1.93,44.956,source=fused:fused;speedReason=OK;derived=48.17;locationGapMs=967;callbackGapMs=967;fusion=GPS_IMU
LOCATION,1790492937620,29.8076883,52.4809183,212.000,true,1.84,46.302,source=fused:fused;speedReason=OK;derived=48.17;locationGapMs=1036;callbackGapMs=1036;fusion=GPS_IMU
LOCATION,1790492938615,29.8075800,52.4808433,211.000,true,1.82,46.984,source=fused:fused;speedReason=OK;derived=50.73;locationGapMs=995;callbackGapMs=995;fusion=GPS_IMU
LOCATION,1790492939614,29.8074717,52.4807650,211.000,true,1.78,47.554,source=fused:fused;speedReason=OK;derived=50.74;locationGapMs=1001;callbackGapMs=1001;fusion=GPS_IMU
LOCATION,1790492940606,29.8073650,52.4806917,211.000,true,1.75,46.854,source=fused:fused;speedReason=OK;derived=50.74;locationGapMs=991;callbackGapMs=991;fusion=GPS_IMU
LOCATION,1790492941637,29.8072683,52.4806200,212.000,true,1.72,43.849,source=fused:fused;speedReason=OK;derived=50.09;locationGapMs=1020;callbackGapMs=1020;fusion=GPS_IMU
LOCATION,1790492942677,29.8071817,52.4805550,212.000,true,1.72,41.210,source=fused:fused;speedReason=OK;derived=45.05;locationGapMs=1051;callbackGapMs=1051;fusion=GPS_IMU
LOCATION,1790492943626,29.8071083,52.4805000,211.000,true,1.70,38.914,source=fused:fused;speedReason=OK;derived=39.30;locationGapMs=948;callbackGapMs=948;fusion=GPS_IMU
LOCATION,1790492944616,29.8070483,52.4804550,210.000,true,1.70,34.508,source=fused:fused;speedReason=OK;derived=36.91;locationGapMs=991;callbackGapMs=991;fusion=GPS_IMU
LOCATION,1790492945620,29.8070000,52.4804233,210.000,true,1.70,30.623,source=fused:fused;speedReason=OK;derived=28.87;locationGapMs=1003;callbackGapMs=1003;fusion=GPS_IMU
LOCATION,1790492946640,29.8069667,52.4804000,211.000,true,1.70,27.610,source=fused:fused;speedReason=OK;derived=22.14;locationGapMs=1008;callbackGapMs=1008;fusion=GPS_IMU
LOCATION,1790492947648,29.8069433,52.4803800,216.000,true,1.70,20.951,source=fused:fused;speedReason=OK;derived=15.44;locationGapMs=1020;callbackGapMs=1020;fusion=GPS_IMU
LOCATION,1790492948627,29.8069233,52.4803650,217.000,true,1.70,17.977,source=fused:fused;speedReason=OK;derived=11.42;locationGapMs=979;callbackGapMs=979;fusion=GPS_IMU
LOCATION,1790492949615,29.8069083,52.4803500,219.000,true,1.70,15.496,source=fused:fused;speedReason=OK;derived=9.74;locationGapMs=990;callbackGapMs=990;fusion=GPS_IMU
LOCATION,1790492950621,29.8068933,52.4803350,214.000,true,1.68,12.892,source=fused:fused;speedReason=OK;derived=8.02;locationGapMs=1005;callbackGapMs=1005;fusion=GPS_IMU
LOCATION,1790492951616,29.8068750,52.4803217,213.000,true,1.67,11.791,source=fused:fused;speedReason=OK;derived=8.02;locationGapMs=996;callbackGapMs=996;fusion=GPS_IMU
LOCATION,1790492952632,29.8068567,52.4803083,206.000,true,1.65,10.613,source=fused:fused;speedReason=OK;derived=8.63;locationGapMs=1004;callbackGapMs=1004;fusion=GPS_IMU
LOCATION,1790492953680,29.8068383,52.4802950,199.000,true,1.63,10.679,source=fused:fused;speedReason=OK;derived=8.63;locationGapMs=1058;callbackGapMs=1058;fusion=GPS_IMU
LOCATION,1790492954613,29.8068150,52.4802850,196.000,true,1.62,11.365,source=fused:fused;speedReason=OK;derived=8.63;locationGapMs=934;callbackGapMs=934;fusion=GPS_IMU
LOCATION,1790492955621,29.8067900,52.4802783,191.000,true,1.60,11.345,source=fused:fused;speedReason=OK;derived=10.16;locationGapMs=1008;callbackGapMs=1008;fusion=GPS_IMU
LOCATION,1790492956913,29.8067567,52.4802767,181.000,true,1.60,10.933,source=fused:fused;speedReason=OK;derived=10.63;locationGapMs=994;callbackGapMs=994;fusion=GPS_IMU
LOCATION,1790492957615,29.8067200,52.4802783,175.000,true,1.60,11.699,source=fused:fused;speedReason=OK;derived=13.38;locationGapMs=1000;callbackGapMs=1000;fusion=GPS_IMU
LOCATION,1790492958622,29.8066783,52.4802883,167.000,true,1.60,12.247,source=fused:fused;speedReason=OK;derived=14.66;locationGapMs=1004;callbackGapMs=1004;fusion=GPS_IMU
LOCATION,1790492959658,29.8066350,52.4803067,157.000,true,1.62,14.431,source=fused:fused;speedReason=OK;derived=16.93;locationGapMs=1040;callbackGapMs=1040;fusion=GPS_IMU
LOCATION,1790492960620,29.8065867,52.4803383,147.000,true,1.64,13.421,source=fused:fused;speedReason=OK;derived=17.72;locationGapMs=961;callbackGapMs=961;fusion=GPS_IMU
LOCATION,1790492961612,29.8065417,52.4803800,136.000,true,1.67,11.632,source=fused:fused;speedReason=OK;derived=23.09;locationGapMs=991;callbackGapMs=991;fusion=GPS_IMU
LOCATION,1790492962613,29.8065017,52.4804283,137.000,true,1.70,10.856,source=fused:fused;speedReason=OK;derived=23.16;locationGapMs=1001;callbackGapMs=1001;fusion=GPS_IMU
LOCATION,1790492963616,29.8064617,52.4804783,138.000,true,1.78,14.807,source=fused:fused;speedReason=OK;derived=23.30;locationGapMs=1004;callbackGapMs=1004;fusion=GPS_IMU
LOCATION,1790492964622,29.8064350,52.4805417,122.000,true,1.82,18.453,source=fused:fused;speedReason=OK;derived=23.52;locationGapMs=1000;callbackGapMs=1000;fusion=GPS_IMU
LOCATION,1790492965664,29.8064050,52.4806183,120.000,true,1.82,22.220,source=fused:fused;speedReason=OK;derived=24.50;locationGapMs=1048;callbackGapMs=1048;fusion=GPS_IMU
LOCATION,1790492966589,29.8063683,52.4806983,119.000,true,1.83,25.259,source=fused:fused;speedReason=OK;derived=27.88;locationGapMs=926;callbackGapMs=926;fusion=GPS_IMU
LOCATION,1790492967570,29.8063300,52.4807850,120.000,true,1.82,27.781,source=fused:fused;speedReason=OK;derived=33.97;locationGapMs=982;callbackGapMs=982;fusion=GPS_IMU
LOCATION,1790492968590,29.8062917,52.4808700,119.000,true,1.82,29.371,source=fused:fused;speedReason=OK;derived=33.97;locationGapMs=1020;callbackGapMs=1020;fusion=GPS_IMU
LOCATION,1790492969571,29.8062533,52.4809567,120.000,true,1.80,30.298,source=fused:fused;speedReason=OK;derived=34.44;locationGapMs=982;callbackGapMs=982;fusion=GPS_IMU
LOCATION,1790492970572,29.8062117,52.4810450,121.000,true,1.78,31.516,source=fused:fused;speedReason=OK;derived=34.46;locationGapMs=997;callbackGapMs=997;fusion=GPS_IMU
LOCATION,1790492971568,29.8061683,52.4811350,121.000,true,1.77,32.578,source=fused:fused;speedReason=OK;derived=35.03;locationGapMs=1000;callbackGapMs=1000;fusion=GPS_IMU
LOCATION,1790492972622,29.8061233,52.4812283,121.000,true,1.78,33.183,source=fused:fused;speedReason=OK;derived=35.20;locationGapMs=1054;callbackGapMs=1054;fusion=GPS_IMU
LOCATION,1790492973656,29.8060733,52.4813233,120.000,true,1.80,34.095,source=fused:fused;speedReason=OK;derived=35.79;locationGapMs=1034;callbackGapMs=1034;fusion=GPS_IMU
LOCATION,1790492974621,29.8060267,52.4814217,118.000,true,1.82,35.240,source=fused:fused;speedReason=OK;derived=37.35;locationGapMs=965;callbackGapMs=965;fusion=GPS_IMU
LOCATION,1790492975616,29.8059817,52.4815217,119.000,true,1.84,36.237,source=fused:fused;speedReason=OK;derived=39.44;locationGapMs=993;callbackGapMs=993;fusion=GPS_IMU
LOCATION,1790492976598,29.8059333,52.4816233,120.000,true,1.88,36.787,source=fused:fused;speedReason=OK;derived=40.38;locationGapMs=983;callbackGapMs=983;fusion=GPS_IMU
LOCATION,1790492977586,29.8058850,52.4817200,121.000,true,1.88,38.192,source=fused:fused;speedReason=OK;derived=39.44;locationGapMs=987;callbackGapMs=987;fusion=GPS_IMU
LOCATION,1790492978615,29.8058250,52.4818200,119.000,true,1.90,38.514,source=fused:fused;speedReason=OK;derived=40.99;locationGapMs=1028;callbackGapMs=1028;fusion=GPS_IMU
LOCATION,1790492979606,29.8057667,52.4819200,121.000,true,1.90,40.211,source=fused:fused;speedReason=OK;derived=41.09;locationGapMs=991;callbackGapMs=991;fusion=GPS_IMU
LOCATION,1790492980616,29.8057067,52.4820267,122.000,true,1.88,38.795,source=fused:fused;speedReason=OK;derived=42.24;locationGapMs=1010;callbackGapMs=1010;fusion=GPS_IMU
LOCATION,1790492981631,29.8056517,52.4821267,121.000,true,1.86,38.572,source=fused:fused;speedReason=OK;derived=42.24;locationGapMs=1010;callbackGapMs=1010;fusion=GPS_IMU
LOCATION,1790492982615,29.8055983,52.4822183,123.000,true,1.84,37.751,source=fused:fused;speedReason=OK;derived=40.74;locationGapMs=989;callbackGapMs=989;fusion=GPS_IMU
LOCATION,1790492983617,29.8055483,52.4823033,121.000,true,1.84,34.433,source=fused:fused;speedReason=OK;derived=38.77;locationGapMs=1002;callbackGapMs=1002;fusion=GPS_IMU
LOCATION,1790492984619,29.8055017,52.4823783,123.000,true,1.86,31.669,source=fused:fused;speedReason=OK;derived=35.61;locationGapMs=1002;callbackGapMs=1002;fusion=GPS_IMU
LOCATION,1790492985614,29.8054567,52.4824567,123.000,true,1.92,30.320,source=fused:fused;speedReason=OK;derived=32.80;locationGapMs=996;callbackGapMs=996;fusion=GPS_IMU
LOCATION,1790492986622,29.8054183,52.4825183,121.000,true,2.00,33.338,source=fused:fused;speedReason=OK;derived=31.98;locationGapMs=1008;callbackGapMs=1008;fusion=GPS_IMU
LOCATION,1790492987658,29.8053750,52.4826000,121.000,true,2.16,34.645,source=fused:fused;speedReason=OK;derived=32.27;locationGapMs=1031;callbackGapMs=1031;fusion=GPS_IMU
LOCATION,1790492988617,29.8053267,52.4826933,120.000,true,2.22,35.461,source=fused:fused;speedReason=OK;derived=32.27;locationGapMs=963;callbackGapMs=963;fusion=GPS_IMU
LOCATION,1790492989618,29.8052750,52.4828000,120.000,true,2.38,36.592,source=fused:fused;speedReason=OK;derived=39.21;locationGapMs=999;callbackGapMs=999;fusion=GPS_IMU
LOCATION,1790492990621,29.8052217,52.4829183,117.000,true,2.44,36.322,source=fused:fused;speedReason=OK;derived=42.52;locationGapMs=1004;callbackGapMs=1004;fusion=GPS_IMU
LOCATION,1790492991612,29.8051650,52.4830267,120.000,true,2.45,34.852,source=fused:fused;speedReason=OK;derived=44.35;locationGapMs=992;callbackGapMs=992;fusion=GPS_IMU
LOCATION,1790492992630,29.8051050,52.4831433,120.000,true,2.50,35.835,source=fused:fused;speedReason=OK;derived=46.16;locationGapMs=1016;callbackGapMs=1016;fusion=GPS_IMU
LOCATION,1790492993673,29.8050433,52.4832583,120.000,true,2.54,39.134,source=fused:fused;speedReason=OK;derived=45.14;locationGapMs=1041;callbackGapMs=1041;fusion=GPS_IMU
LOCATION,1790492994608,29.8049767,52.4833767,121.000,true,2.57,41.315,source=fused:fused;speedReason=OK;derived=46.38;locationGapMs=937;callbackGapMs=937;fusion=GPS_IMU
LOCATION,1790492995617,29.8049033,52.4835000,123.000,true,2.62,42.929,source=fused:fused;speedReason=OK;derived=51.39;locationGapMs=1011;callbackGapMs=1011;fusion=GPS_IMU
LOCATION,1790492996617,29.8048350,52.4836183,121.000,true,2.66,44.899,source=fused:fused;speedReason=OK;derived=51.39;locationGapMs=999;callbackGapMs=999;fusion=GPS_IMU
LOCATION,1790492997617,29.8047683,52.4837450,120.000,true,2.67,46.620,source=fused:fused;speedReason=OK;derived=51.39;locationGapMs=1000;callbackGapMs=1000;fusion=GPS_IMU
LOCATION,1790492998618,29.8047000,52.4838750,120.000,true,2.68,47.984,source=fused:fused;speedReason=OK;derived=51.51;locationGapMs=1002;callbackGapMs=1002;fusion=GPS_IMU
LOCATION,1790492999671,29.8046350,52.4840083,120.000,true,2.70,49.039,source=fused:fused;speedReason=OK;derived=51.51;locationGapMs=1048;callbackGapMs=1048;fusion=GPS_IMU
LOCATION,1790493000619,29.8045700,52.4841383,120.000,true,2.70,49.767,source=fused:fused;speedReason=OK;derived=52.71;locationGapMs=953;callbackGapMs=953;fusion=GPS_IMU
LOCATION,1790493001614,29.8044983,52.4842733,121.000,true,2.70,50.443,source=fused:fused;speedReason=OK;derived=54.72;locationGapMs=995;callbackGapMs=995;fusion=GPS_IMU
LOCATION,1790493002629,29.8044317,52.4844083,121.000,true,2.70,50.845,source=fused:fused;speedReason=OK;derived=54.72;locationGapMs=1015;callbackGapMs=1015;fusion=GPS_IMU
LOCATION,1790493003628,29.8043650,52.4845483,120.000,true,2.70,51.391,source=fused:fused;speedReason=OK;derived=55.29;locationGapMs=999;callbackGapMs=999;fusion=GPS_IMU
LOCATION,1790493004609,29.8042983,52.4846800,122.000,true,2.70,51.648,source=fused:fused;speedReason=OK;derived=54.09;locationGapMs=980;callbackGapMs=980;fusion=GPS_IMU
LOCATION,1790493005603,29.8042300,52.4848167,120.000,true,2.70,52.177,source=fused:fused;speedReason=OK;derived=55.27;locationGapMs=992;callbackGapMs=992;fusion=GPS_IMU
LOCATION,1790493006623,29.8041583,52.4849567,121.000,true,2.70,52.629,source=fused:fused;speedReason=OK;derived=55.23;locationGapMs=1023;callbackGapMs=1023;fusion=GPS_IMU
LOCATION,1790493007621,29.8040833,52.4850950,122.000,true,2.70,53.177,source=fused:fused;speedReason=OK;derived=55.27;locationGapMs=996;callbackGapMs=996;fusion=GPS_IMU
LOCATION,1790493008590,29.8040067,52.4852383,122.000,true,2.70,53.672,source=fused:fused;speedReason=OK;derived=56.91;locationGapMs=973;callbackGapMs=973;fusion=GPS_IMU
LOCATION,1790493009614,29.8039333,52.4853767,121.000,true,2.70,54.690,source=fused:fused;speedReason=OK;derived=56.91;locationGapMs=1023;callbackGapMs=1023;fusion=GPS_IMU
LOCATION,1790493010677,29.8038617,52.4855150,120.000,true,2.70,55.350,source=fused:fused;speedReason=OK;derived=55.11;locationGapMs=1056;callbackGapMs=1056;fusion=GPS_IMU
LOCATION,1790493011616,29.8037900,52.4856533,120.000,true,2.70,55.722,source=fused:fused;speedReason=OK;derived=55.11;locationGapMs=946;callbackGapMs=946;fusion=GPS_IMU
LOCATION,1790493012617,29.8037167,52.4857883,122.000,true,2.70,55.720,source=fused:fused;speedReason=OK;derived=55.29;locationGapMs=1001;callbackGapMs=1001;fusion=GPS_IMU
LOCATION,1790493013622,29.8036417,52.4859267,121.000,true,2.70,56.366,source=fused:fused;speedReason=OK;derived=56.48;locationGapMs=1004;callbackGapMs=1004;fusion=GPS_IMU
LOCATION,1790493014616,29.8035733,52.4860617,119.000,true,2.70,56.650,source=fused:fused;speedReason=OK;derived=55.29;locationGapMs=995;callbackGapMs=995;fusion=GPS_IMU
LOCATION,1790493015611,29.8035083,52.4861900,119.000,true,2.70,56.706,source=fused:fused;speedReason=OK;derived=54.61;locationGapMs=995;callbackGapMs=995;fusion=GPS_IMU
LOCATION,1790493016595,29.8034367,52.4863250,120.000,true,2.70,56.213,source=fused:fused;speedReason=OK;derived=54.61;locationGapMs=980;callbackGapMs=980;fusion=GPS_IMU
LOCATION,1790493017576,29.8033617,52.4864583,122.000,true,2.70,55.825,source=fused:fused;speedReason=OK;derived=56.05;locationGapMs=985;callbackGapMs=985;fusion=GPS_IMU
LOCATION,1790493018621,29.8032900,52.4865917,121.000,true,2.70,55.448,source=fused:fused;speedReason=OK;derived=56.05;locationGapMs=1044;callbackGapMs=1044;fusion=GPS_IMU
LOCATION,1790493019628,29.8032183,52.4867167,123.000,true,2.70,54.571,source=fused:fused;speedReason=OK;derived=52.24;locationGapMs=1007;callbackGapMs=1007;fusion=GPS_IMU
LOCATION,1790493020619,29.8031467,52.4868467,121.000,true,2.70,54.729,source=fused:fused;speedReason=OK;derived=52.24;locationGapMs=990;callbackGapMs=990;fusion=GPS_IMU
LOCATION,1790493021625,29.8030750,52.4869800,121.000,true,2.70,55.343,source=fused:fused;speedReason=OK;derived=54.05;locationGapMs=1003;callbackGapMs=1003;fusion=GPS_IMU
LOCATION,1790493022638,29.8030033,52.4871167,120.000,true,2.70,55.895,source=fused:fused;speedReason=OK;derived=54.34;locationGapMs=1017;callbackGapMs=1017;fusion=GPS_IMU
LOCATION,1790493023582,29.8029333,52.4872567,120.000,true,2.70,56.224,source=fused:fused;speedReason=OK;derived=54.59;locationGapMs=946;callbackGapMs=946;fusion=GPS_IMU
LOCATION,1790493024603,29.8028617,52.4873983,120.000,true,2.68,56.268,source=fused:fused;speedReason=OK;derived=55.90;locationGapMs=1019;callbackGapMs=1019;fusion=GPS_IMU
LOCATION,1790493025624,29.8027933,52.4875433,118.000,true,2.66,56.059,source=fused:fused;speedReason=OK;derived=56.25;locationGapMs=1020;callbackGapMs=1020;fusion=GPS_IMU
LOCATION,1790493026617,29.8027183,52.4876917,120.000,true,2.64,56.137,source=fused:fused;speedReason=OK;derived=56.25;locationGapMs=995;callbackGapMs=995;fusion=GPS_IMU
LOCATION,1790493027618,29.8026383,52.4878433,121.000,true,2.63,57.000,source=fused:fused;speedReason=OK;derived=59.99;locationGapMs=995;callbackGapMs=995;fusion=GPS_IMU
LOCATION,1790493028619,29.8025567,52.4879967,120.000,true,2.60,57.389,source=fused:fused;speedReason=OK;derived=61.98;locationGapMs=1008;callbackGapMs=1008;fusion=GPS_IMU
LOCATION,1790493029621,29.8024800,52.4881417,120.000,true,2.60,57.534,source=fused:fused;speedReason=OK;derived=61.98;locationGapMs=1000;callbackGapMs=1000;fusion=GPS_IMU
LOCATION,1790493030613,29.8024050,52.4882867,120.000,true,2.60,57.668,source=fused:fused;speedReason=OK;derived=59.21;locationGapMs=991;callbackGapMs=991;fusion=GPS_IMU
LOCATION,1790493031625,29.8023317,52.4884383,119.000,true,2.60,57.760,source=fused:fused;speedReason=OK;derived=59.21;locationGapMs=1012;callbackGapMs=1012;fusion=GPS_IMU
LOCATION,1790493032639,29.8022600,52.4885867,119.000,true,2.60,57.825,source=fused:fused;speedReason=OK;derived=59.21;locationGapMs=1009;callbackGapMs=1009;fusion=GPS_IMU
LOCATION,1790493033677,29.8021917,52.4887350,117.000,true,2.60,57.877,source=fused:fused;speedReason=OK;derived=58.52;locationGapMs=1043;callbackGapMs=1043;fusion=GPS_IMU
LOCATION,1790493034628,29.8021267,52.4888850,117.000,true,2.60,57.899,source=fused:fused;speedReason=OK;derived=58.52;locationGapMs=951;callbackGapMs=951;fusion=GPS_IMU
LOCATION,1790493035630,29.8020633,52.4890350,117.000,true,2.56,57.866,source=fused:fused;speedReason=OK;derived=57.90;locationGapMs=1002;callbackGapMs=1002;fusion=GPS_IMU
LOCATION,1790493036611,29.8020050,52.4891850,116.000,true,2.52,57.844,source=fused:fused;speedReason=OK;derived=58.20;locationGapMs=982;callbackGapMs=982;fusion=GPS_IMU
LOCATION,1790493037605,29.8019500,52.4893333,116.000,true,2.47,57.910,source=fused:fused;speedReason=OK;derived=57.90;locationGapMs=995;callbackGapMs=995;fusion=GPS_IMU
LOCATION,1790493038622,29.8018917,52.4894850,116.000,true,2.40,58.036,source=fused:fused;speedReason=OK;derived=57.01;locationGapMs=1012;callbackGapMs=1012;fusion=GPS_IMU
LOCATION,1790493039679,29.8018283,52.4896333,116.000,true,2.30,58.133,source=fused:fused;speedReason=OK;derived=56.37;locationGapMs=1061;callbackGapMs=1061;fusion=GPS_IMU
LOCATION,1790493040618,29.8017650,52.4897900,115.000,true,2.28,58.097,source=fused:fused;speedReason=OK;derived=57.01;locationGapMs=939;callbackGapMs=939;fusion=GPS_IMU
LOCATION,1790493041624,29.8017033,52.4899467,113.000,true,2.24,58.061,source=fused:fused;speedReason=OK;derived=59.48;locationGapMs=1006;callbackGapMs=1006;fusion=GPS_IMU
LOCATION,1790493042626,29.8016417,52.4901067,113.000,true,2.22,58.061,source=fused:fused;speedReason=OK;derived=60.75;locationGapMs=1002;callbackGapMs=1002;fusion=GPS_IMU
LOCATION,1790493043625,29.8015800,52.4902683,113.000,true,2.22,58.116,source=fused:fused;speedReason=OK;derived=60.75;locationGapMs=997;callbackGapMs=997;fusion=GPS_IMU
LOCATION,1790493044608,29.8015250,52.4904217,111.000,true,2.22,58.158,source=fused:fused;speedReason=OK;derived=60.75;locationGapMs=985;callbackGapMs=985;fusion=GPS_IMU
LOCATION,1790493045678,29.8014733,52.4905767,112.000,true,2.22,58.164,source=fused:fused;speedReason=OK;derived=58.60;locationGapMs=1069;callbackGapMs=1069;fusion=GPS_IMU
LOCATION,1790493046617,29.8014200,52.4907233,112.000,true,2.25,58.142,source=fused:fused;speedReason=OK;derived=58.60;locationGapMs=940;callbackGapMs=940;fusion=GPS_IMU
LOCATION,1790493047624,29.8013683,52.4908667,112.000,true,2.28,58.051,source=fused:fused;speedReason=OK;derived=54.03;locationGapMs=1007;callbackGapMs=1007;fusion=GPS_IMU
LOCATION,1790493048623,29.8013183,52.4910083,111.000,true,2.33,57.923,source=fused:fused;speedReason=OK;derived=53.63;locationGapMs=998;callbackGapMs=998;fusion=GPS_IMU
LOCATION,1790493049616,29.8012700,52.4911467,111.000,true,2.42,57.713,source=fused:fused;speedReason=OK;derived=53.27;locationGapMs=994;callbackGapMs=994;fusion=GPS_IMU
LOCATION,1790493050628,29.8012250,52.4912800,111.000,true,2.43,57.394,source=fused:fused;speedReason=OK;derived=52.20;locationGapMs=1012;callbackGapMs=1012;fusion=GPS_IMU
LOCATION,1790493051667,29.8011617,52.4913983,115.000,true,2.45,57.116,source=fused:fused;speedReason=OK;derived=49.16;locationGapMs=1039;callbackGapMs=1039;fusion=GPS_IMU
LOCATION,1790493052623,29.8011017,52.4915183,116.000,true,2.44,56.846,source=fused:fused;speedReason=OK;derived=49.16;locationGapMs=956;callbackGapMs=956;fusion=GPS_IMU
LOCATION,1790493053631,29.8010467,52.4916233,118.000,true,2.40,56.523,source=fused:fused;speedReason=OK;derived=46.49;locationGapMs=1005;callbackGapMs=1005;fusion=GPS_IMU
LOCATION,1790493054624,29.8009983,52.4917217,117.000,true,2.34,56.160,source=fused:fused;speedReason=OK;derived=42.42;locationGapMs=996;callbackGapMs=996;fusion=GPS_IMU
LOCATION,1790493055616,29.8009550,52.4918083,118.000,true,2.33,55.732,source=fused:fused;speedReason=OK;derived=39.48;locationGapMs=992;callbackGapMs=992;fusion=GPS_IMU
LOCATION,1790493056617,29.8009150,52.4918883,119.000,true,2.32,55.249,source=fused:fused;speedReason=OK;derived=35.02;locationGapMs=1001;callbackGapMs=1001;fusion=GPS_IMU
LOCATION,1790493057675,29.8008783,52.4919517,122.000,true,2.33,54.724,source=fused:fused;speedReason=OK;derived=32.06;locationGapMs=1059;callbackGapMs=1059;fusion=GPS_IMU
LOCATION,1790493058620,29.8008450,52.4920033,124.000,true,2.38,54.241,source=fused:fused;speedReason=OK;derived=25.01;locationGapMs=944;callbackGapMs=944;fusion=GPS_IMU
LOCATION,1790493059616,29.8008233,52.4920433,121.000,true,2.45,53.776,source=fused:fused;speedReason=OK;derived=23.67;locationGapMs=995;callbackGapMs=995;fusion=GPS_IMU
LOCATION,1790493060629,29.8008083,52.4920650,122.000,true,2.60,53.332,source=fused:fused;speedReason=OK;derived=16.48;locationGapMs=1014;callbackGapMs=1014;fusion=GPS_IMU
LOCATION,1790493061616,29.8007917,52.4920733,128.000,true,2.63,52.726,source=fused:fused;speedReason=OK;derived=9.50;locationGapMs=987;callbackGapMs=987;fusion=GPS_IMU
LOCATION,1790493062616,29.8007983,52.4920633,128.000,true,2.74,51.919,source=fused:fused;speedReason=OK;derived=7.32;locationGapMs=1000;callbackGapMs=1000;fusion=GPS_IMU
LOCATION,1790493063630,29.8008033,52.4920433,128.000,true,2.78,50.781,source=fused:fused;speedReason=OK;derived=7.14;locationGapMs=1014;callbackGapMs=1014;fusion=GPS_IMU
LOCATION,1790493064628,29.8008083,52.4920250,128.000,true,2.78,0.000,source=fused:fused;speedReason=OK;derived=6.69;locationGapMs=998;callbackGapMs=998;fusion=GPS_IMU
LOCATION,1790493065621,29.8008117,52.4920100,128.000,true,2.75,0.000,source=fused:fused;speedReason=OK;derived=6.69;locationGapMs=993;callbackGapMs=993;fusion=GPS_IMU
LOCATION,1790493066618,29.8008117,52.4920100,128.000,true,2.70,0.000,source=fused:fused;speedReason=OK;derived=5.43;locationGapMs=999;callbackGapMs=999;fusion=GPS_IMU
LOCATION,1790493067623,29.8008117,52.4920100,128.000,true,2.64,0.000,source=fused:fused;speedReason=OK;derived=0.00;locationGapMs=1003;callbackGapMs=1003;fusion=GPS_IMU
LOCATION,1790493068610,29.8008117,52.4920100,128.000,true,2.40,0.000,source=fused:fused;speedReason=OK;derived=0.00;locationGapMs=988;callbackGapMs=988;fusion=GPS_IMU
LOCATION,1790493069617,29.8008117,52.4920100,128.000,true,2.25,0.000,source=fused:fused;speedReason=OK;derived=0.00;locationGapMs=1006;callbackGapMs=1006;fusion=GPS_IMU
LOCATION,1790493070616,29.8008117,52.4920100,,false,1.92,0.000,source=fused:fused;speedReason=OK;derived=0.00;locationGapMs=1002;callbackGapMs=1002;fusion=GPS_IMU
LOCATION,1790493071624,29.8008117,52.4920100,,false,1.80,0.000,source=fused:fused;speedReason=OK;derived=0.00;locationGapMs=1008;callbackGapMs=1008;fusion=GPS_IMU
LOCATION,1790493072611,29.8008117,52.4920100,,false,1.59,0.000,source=fused:fused;speedReason=OK;derived=0.00;locationGapMs=987;callbackGapMs=987;fusion=GPS_IMU
LOCATION,1790493073619,29.8008117,52.4920100,,false,1.42,0.000,source=fused:fused;speedReason=OK;derived=0.00;locationGapMs=1008;callbackGapMs=1008;fusion=GPS_IMU
LOCATION,1790493074622,29.8008117,52.4920100,,false,1.10,0.000,source=fused:fused;speedReason=OK;derived=0.00;locationGapMs=1003;callbackGapMs=1003;fusion=GPS_IMU
LOCATION_ONLY,1790493075502,29.8008117,52.4920100,,false,6.74,0.000,source=fused:fused;speedReason=NO_SPEED;derived=0.00;locationGapMs=880;callbackGapMs=880;fusion=GPS_IMU
LOCATION,1790493076616,29.8008117,52.4920100,,false,5.94,0.000,source=fused:fused;speedReason=OK;derived=0.00;locationGapMs=1114;callbackGapMs=1114;fusion=GPS_IMU
LOCATION,1790493077615,29.8008117,52.4920100,,false,5.94,0.000,source=fused:fused;speedReason=OK;derived=0.00;locationGapMs=999;callbackGapMs=999;fusion=GPS_IMU
LOCATION,1790493078616,29.8008117,52.4920100,,false,5.94,0.000,source=fused:fused;speedReason=OK;derived=0.00;locationGapMs=1001;callbackGapMs=1001;fusion=GPS_IMU
LOCATION,1790493079617,29.8008117,52.4920100,,false,5.94,0.000,source=fused:fused;speedReason=OK;derived=0.00;locationGapMs=1001;callbackGapMs=1001;fusion=GPS_IMU
LOCATION,1790493080594,29.8008117,52.4920100,,false,1.10,0.000,source=fused:fused;speedReason=OK;derived=0.00;locationGapMs=977;callbackGapMs=977;fusion=GPS_IMU
LOCATION,1790493081619,29.8008117,52.4920100,,false,1.10,0.000,source=fused:fused;speedReason=OK;derived=0.00;locationGapMs=1025;callbackGapMs=1025;fusion=GPS_IMU
LOCATION,1790493082613,29.8008117,52.4920100,,false,1.10,0.000,source=fused:fused;speedReason=OK;derived=0.00;locationGapMs=994;callbackGapMs=994;fusion=GPS_IMU
LOCATION,1790493083620,29.8008117,52.4920100,,false,1.10,0.000,source=fused:fused;speedReason=OK;derived=0.00;locationGapMs=1007;callbackGapMs=1007;fusion=GPS_IMU
LOCATION,1790493084618,29.8008117,52.4920100,,false,1.10,0.000,source=fused:fused;speedReason=OK;derived=0.00;locationGapMs=998;callbackGapMs=998;fusion=GPS_IMU
LOCATION,1790493085660,29.8008117,52.4920100,,false,1.10,0.000,source=fused:fused;speedReason=OK;derived=0.00;locationGapMs=1042;callbackGapMs=1042;fusion=GPS_IMU
LOCATION,1790493086610,29.8008117,52.4920100,,false,1.10,0.000,source=fused:fused;speedReason=OK;derived=0.00;locationGapMs=950;callbackGapMs=950;fusion=GPS_IMU
LOCATION,1790493087614,29.8008117,52.4920100,,false,1.10,0.000,source=fused:fused;speedReason=OK;derived=0.00;locationGapMs=1004;callbackGapMs=1004;fusion=GPS_IMU
LOCATION,1790493088616,29.8008117,52.4920100,,false,1.10,0.000,source=fused:fused;speedReason=OK;derived=0.00;locationGapMs=1002;callbackGapMs=1002;fusion=GPS_IMU
LOCATION_ONLY,1790493089219,29.8008117,52.4920100,,false,4.88,0.000,source=fused:fused;speedReason=NO_SPEED;derived=0.00;locationGapMs=603;callbackGapMs=603;fusion=GPS_IMU
LOCATION,1790493090617,29.8008117,52.4920100,,false,4.34,0.000,source=fused:fused;speedReason=OK;derived=0.00;locationGapMs=1397;callbackGapMs=1397;fusion=GPS_IMU
LOCATION,1790493091608,29.8008117,52.4920100,,false,4.88,0.000,source=fused:fused;speedReason=OK;derived=0.00;locationGapMs=992;callbackGapMs=992;fusion=GPS_IMU
LOCATION,1790493092619,29.8008117,52.4920100,,false,4.88,0.000,source=fused:fused;speedReason=OK;derived=0.00;locationGapMs=1011;callbackGapMs=1011;fusion=GPS_IMU
LOCATION,1790493093619,29.8008117,52.4920100,,false,4.88,0.000,source=fused:fused;speedReason=OK;derived=0.00;locationGapMs=1000;callbackGapMs=1000;fusion=GPS_IMU
LOCATION,1790493094606,29.8008117,52.4920100,,false,1.10,0.000,source=fused:fused;speedReason=OK;derived=0.00;locationGapMs=987;callbackGapMs=987;fusion=GPS_IMU
LOCATION,1790493095614,29.8008117,52.4920100,,false,1.15,0.000,source=fused:fused;speedReason=OK;derived=0.00;locationGapMs=1008;callbackGapMs=1008;fusion=GPS_IMU
LOCATION,1790493096662,29.8008117,52.4920100,,false,3.46,0.000,source=fused:fused;speedReason=OK;derived=0.00;locationGapMs=1048;callbackGapMs=1048;fusion=GPS_IMU
LOCATION,1790493097622,29.8008117,52.4920100,,false,3.56,0.000,source=fused:fused;speedReason=OK;derived=0.00;locationGapMs=960;callbackGapMs=960;fusion=GPS_IMU
LOCATION,1790493098623,29.8008117,52.4920100,,false,3.68,0.000,source=fused:fused;speedReason=OK;derived=0.00;locationGapMs=1001;callbackGapMs=1001;fusion=GPS_IMU
LOCATION,1790493099617,29.8008117,52.4920100,,false,3.83,0.000,source=fused:fused;speedReason=OK;derived=0.00;locationGapMs=994;callbackGapMs=994;fusion=GPS_IMU
LOCATION,1790493100615,29.8008117,52.4920100,,false,3.79,0.000,source=fused:fused;speedReason=OK;derived=0.00;locationGapMs=998;callbackGapMs=998;fusion=GPS_IMU
LOCATION,1790493101616,29.8008117,52.4920100,,false,1.55,0.000,source=fused:fused;speedReason=OK;derived=0.00;locationGapMs=1001;callbackGapMs=1001;fusion=GPS_IMU
LOCATION,1790493102668,29.8008117,52.4920100,,false,1.48,0.000,source=fused:fused;speedReason=OK;derived=0.00;locationGapMs=1052;callbackGapMs=1052;fusion=GPS_IMU
LOCATION,1790493103635,29.8008117,52.4920100,,false,1.95,0.000,source=fused:fused;speedReason=OK;derived=0.00;locationGapMs=967;callbackGapMs=967;fusion=GPS_IMU
LOCATION,1790493104616,29.8008117,52.4920100,,false,1.80,0.000,source=fused:fused;speedReason=OK;derived=0.00;locationGapMs=981;callbackGapMs=981;fusion=GPS_IMU
LOCATION,1790493105615,29.8008117,52.4920100,,false,1.70,0.000,source=fused:fused;speedReason=OK;derived=0.00;locationGapMs=999;callbackGapMs=999;fusion=GPS_IMU
LOCATION,1790493106622,29.8008117,52.4920100,,false,1.78,0.000,source=fused:fused;speedReason=OK;derived=0.00;locationGapMs=1007;callbackGapMs=1007;fusion=GPS_IMU
LOCATION,1790493107621,29.8008117,52.4920100,,false,1.78,0.000,source=fused:fused;speedReason=OK;derived=0.00;locationGapMs=999;callbackGapMs=999;fusion=GPS_IMU
LOCATION,1790493108614,29.8008117,52.4920100,,false,1.10,0.000,source=fused:fused;speedReason=OK;derived=0.00;locationGapMs=993;callbackGapMs=993;fusion=GPS_IMU
LOCATION_ONLY,1790493109553,29.8008117,52.4920100,,false,7.17,0.000,source=fused:fused;speedReason=NO_SPEED;derived=0.00;locationGapMs=939;callbackGapMs=939;fusion=GPS_IMU
LOCATION,1790493110624,29.8008117,52.4920100,,false,7.17,0.000,source=fused:fused;speedReason=OK;derived=0.00;locationGapMs=1071;callbackGapMs=1071;fusion=GPS_IMU
LOCATION,1790493111621,29.8008117,52.4920100,,false,6.30,0.000,source=fused:fused;speedReason=OK;derived=0.00;locationGapMs=997;callbackGapMs=997;fusion=GPS_IMU
LOCATION,1790493112606,29.8008117,52.4920100,,false,6.30,0.000,source=fused:fused;speedReason=OK;derived=0.00;locationGapMs=985;callbackGapMs=985;fusion=GPS_IMU
LOCATION,1790493113660,29.8008117,52.4920100,,false,7.17,0.000,source=fused:fused;speedReason=OK;derived=0.00;locationGapMs=1054;callbackGapMs=1054;fusion=GPS_IMU
LOCATION,1790493114606,29.8008117,52.4920100,,false,1.10,0.000,source=fused:fused;speedReason=OK;derived=0.00;locationGapMs=946;callbackGapMs=946;fusion=GPS_IMU
LOCATION,1790493115616,29.8008117,52.4920100,,false,1.10,0.000,source=fused:fused;speedReason=OK;derived=0.00;locationGapMs=1010;callbackGapMs=1010;fusion=GPS_IMU
LOCATION_ONLY,1790493116434,29.8008117,52.4920100,,false,6.33,0.000,source=fused:fused;speedReason=NO_SPEED;derived=0.00;locationGapMs=818;callbackGapMs=818;fusion=GPS_IMU
LOCATION,1790493117622,29.8008117,52.4920100,,false,6.33,0.000,source=fused:fused;speedReason=OK;derived=0.00;locationGapMs=1188;callbackGapMs=1188;fusion=GPS_IMU
LOCATION,1790493118619,29.8008117,52.4920100,,false,5.59,0.000,source=fused:fused;speedReason=OK;derived=0.00;locationGapMs=997;callbackGapMs=997;fusion=GPS_IMU
LOCATION,1790493119621,29.8008117,52.4920100,,false,6.33,0.000,source=fused:fused;speedReason=OK;derived=0.00;locationGapMs=1002;callbackGapMs=1002;fusion=GPS_IMU
LOCATION,1790493120620,29.8008117,52.4920100,,false,6.38,0.000,source=fused:fused;speedReason=OK;derived=0.00;locationGapMs=999;callbackGapMs=999;fusion=GPS_IMU
LOCATION,1790493121584,29.8008117,52.4920100,,false,1.22,0.000,source=fused:fused;speedReason=OK;derived=0.00;locationGapMs=964;callbackGapMs=964;fusion=GPS_IMU
LOCATION,1790493122599,29.8008117,52.4920100,,false,1.32,0.000,source=fused:fused;speedReason=OK;derived=0.00;locationGapMs=1015;callbackGapMs=1015;fusion=GPS_IMU
LOCATION_ONLY,1790493123106,29.8008117,52.4920100,,false,4.65,0.000,source=fused:fused;speedReason=NO_SPEED;derived=0.00;locationGapMs=507;callbackGapMs=507;fusion=GPS_IMU
LOCATION,1790493123583,29.8008117,52.4920100,,false,4.26,0.000,source=fused:fused;speedReason=OK;derived=0.00;locationGapMs=477;callbackGapMs=477;fusion=GPS_IMU
LOCATION,1790493124610,29.8008117,52.4920100,,false,4.40,0.000,source=fused:fused;speedReason=OK;derived=0.00;locationGapMs=1027;callbackGapMs=1027;fusion=GPS_IMU
LOCATION,1790493125577,29.8008317,52.4920167,,false,4.56,0.000,source=fused:fused;speedReason=OK;derived=0.00;locationGapMs=967;callbackGapMs=967;fusion=GPS_IMU
LOCATION,1790493126599,29.8008233,52.4920367,120.000,true,5.22,0.627,source=fused:fused;speedReason=OK;derived=7.57;locationGapMs=1020;callbackGapMs=1020;fusion=GPS_IMU
LOCATION,1790493127599,29.8008083,52.4920700,120.000,true,4.83,1.356,source=fused:fused;speedReason=OK;derived=8.60;locationGapMs=1000;callbackGapMs=1000;fusion=GPS_IMU
LOCATION,1790493128605,29.8007917,52.4921150,118.000,true,2.34,2.247,source=fused:fused;speedReason=OK;derived=13.04;locationGapMs=1005;callbackGapMs=1005;fusion=GPS_IMU
LOCATION,1790493129607,29.8007783,52.4921550,109.000,true,2.40,2.679,source=fused:fused;speedReason=OK;derived=14.87;locationGapMs=1003;callbackGapMs=1003;fusion=GPS_IMU
LOCATION,1790493130598,29.8007550,52.4922100,117.000,true,2.60,3.064,source=fused:fused;speedReason=OK;derived=16.92;locationGapMs=988;callbackGapMs=988;fusion=GPS_IMU
LOCATION,1790493131623,29.8007233,52.4922817,120.000,true,2.74,3.558,source=fused:fused;speedReason=OK;derived=21.54;locationGapMs=1027;callbackGapMs=1027;fusion=GPS_IMU
LOCATION,1790493132617,29.8006867,52.4923600,120.000,true,2.84,4.366,source=fused:fused;speedReason=OK;derived=27.24;locationGapMs=996;callbackGapMs=996;fusion=GPS_IMU
LOCATION,1790493133620,29.8006417,52.4924617,118.000,true,2.92,5.446,source=fused:fused;speedReason=OK;derived=31.04;locationGapMs=1001;callbackGapMs=1001;fusion=GPS_IMU
LOCATION,1790493134625,29.8005933,52.4925617,121.000,true,2.98,6.868,source=fused:fused;speedReason=OK;derived=39.65;locationGapMs=1004;callbackGapMs=1004;fusion=GPS_IMU
LOCATION,1790493135620,29.8005433,52.4926633,120.000,true,2.98,8.661,source=fused:fused;speedReason=OK;derived=39.65;locationGapMs=996;callbackGapMs=996;fusion=GPS_IMU
LOCATION,1790493136669,29.8004950,52.4927633,119.000,true,2.97,10.752,source=fused:fused;speedReason=OK;derived=39.65;locationGapMs=1049;callbackGapMs=1049;fusion=GPS_IMU
LOCATION,1790493137620,29.8004383,52.4928767,119.000,true,2.94,12.580,source=fused:fused;speedReason=OK;derived=40.77;locationGapMs=951;callbackGapMs=951;fusion=GPS_IMU
LOCATION,1790493138627,29.8003850,52.4929900,118.000,true,2.92,14.142,source=fused:fused;speedReason=OK;derived=44.45;locationGapMs=1008;callbackGapMs=1008;fusion=GPS_IMU
LOCATION,1790493139621,29.8003317,52.4931017,119.000,true,2.88,15.624,source=fused:fused;speedReason=OK;derived=44.63;locationGapMs=993;callbackGapMs=993;fusion=GPS_IMU
LOCATION,1790493140617,29.8002733,52.4932167,120.000,true,2.82,17.108,source=fused:fused;speedReason=OK;derived=44.63;locationGapMs=997;callbackGapMs=997;fusion=GPS_IMU
LOCATION,1790493141612,29.8002150,52.4933283,120.000,true,2.78,18.422,source=fused:fused;speedReason=OK;derived=45.55;locationGapMs=994;callbackGapMs=994;fusion=GPS_IMU
LOCATION,1790493142670,29.8001517,52.4934450,121.000,true,4.22,20.788,source=fused:fused;speedReason=OK;derived=45.55;locationGapMs=1059;callbackGapMs=1059;fusion=GPS_IMU
LOCATION,1790493143617,29.8000850,52.4935717,121.000,true,5.63,23.112,source=fused:fused;speedReason=OK;derived=45.55;locationGapMs=945;callbackGapMs=945;fusion=GPS_IMU
LOCATION,1790493144612,29.8000217,52.4936933,121.000,true,7.07,25.060,source=fused:fused;speedReason=OK;derived=49.49;locationGapMs=996;callbackGapMs=996;fusion=GPS_IMU
LOCATION,1790493145615,29.7999650,52.4938133,121.000,true,8.50,26.680,source=fused:fused;speedReason=OK;derived=49.49;locationGapMs=1002;callbackGapMs=1002;fusion=GPS_IMU
LOCATION,1790493146621,29.7999033,52.4939333,120.000,true,11.40,27.844,source=fused:fused;speedReason=OK;derived=48.19;locationGapMs=1006;callbackGapMs=1006;fusion=GPS_IMU
LOCATION,1790493147615,29.7998450,52.4940617,120.000,true,11.38,29.165,source=fused:fused;speedReason=OK;derived=48.19;locationGapMs=995;callbackGapMs=995;fusion=GPS_IMU
LOCATION,1790493148674,29.7997733,52.4941933,120.000,true,11.36,30.203,source=fused:fused;speedReason=OK;derived=50.64;locationGapMs=1059;callbackGapMs=1059;fusion=GPS_IMU
LOCATION,1790493149618,29.7997117,52.4943217,120.000,true,11.34,31.224,source=fused:fused;speedReason=OK;derived=51.00;locationGapMs=943;callbackGapMs=943;fusion=GPS_IMU
LOCATION,1790493150610,29.7996450,52.4944550,120.000,true,11.33,32.183,source=fused:fused;speedReason=OK;derived=53.81;locationGapMs=994;callbackGapMs=994;fusion=GPS_IMU
LOCATION,1790493151617,29.7995783,52.4945917,120.000,true,11.30,32.991,source=fused:fused;speedReason=OK;derived=54.09;locationGapMs=1007;callbackGapMs=1007;fusion=GPS_IMU
LOCATION,1790493152622,29.7995050,52.4947317,120.000,true,11.30,33.856,source=fused:fused;speedReason=OK;derived=54.14;locationGapMs=1003;callbackGapMs=1003;fusion=GPS_IMU
LOCATION,1790493153620,29.7994317,52.4948600,120.000,true,11.30,34.643,source=fused:fused;speedReason=OK;derived=54.14;locationGapMs=998;callbackGapMs=998;fusion=GPS_IMU
LOCATION,1790493154672,29.7993633,52.4949883,120.000,true,11.30,35.558,source=fused:fused;speedReason=OK;derived=53.49;locationGapMs=1054;callbackGapMs=1054;fusion=GPS_IMU
LOCATION,1790493155620,29.7992933,52.4951150,120.000,true,11.30,36.384,source=fused:fused;speedReason=OK;derived=53.49;locationGapMs=948;callbackGapMs=948;fusion=GPS_IMU
LOCATION,1790493156627,29.7992217,52.4952450,120.000,true,11.32,37.134,source=fused:fused;speedReason=OK;derived=53.30;locationGapMs=1004;callbackGapMs=1004;fusion=GPS_IMU
LOCATION,1790493157629,29.7991517,52.4953817,120.000,true,11.34,37.767,source=fused:fused;speedReason=OK;derived=55.06;locationGapMs=1002;callbackGapMs=1002;fusion=GPS_IMU
LOCATION,1790493158624,29.7990817,52.4955233,120.000,true,11.36,38.441,source=fused:fused;speedReason=OK;derived=55.06;locationGapMs=997;callbackGapMs=997;fusion=GPS_IMU
LOCATION,1790493159627,29.7990117,52.4956667,120.000,true,11.35,39.213,source=fused:fused;speedReason=OK;derived=56.82;locationGapMs=1003;callbackGapMs=1003;fusion=GPS_IMU
LOCATION,1790493160683,29.7989417,52.4958117,120.000,true,11.36,39.845,source=fused:fused;speedReason=OK;derived=56.82;locationGapMs=1056;callbackGapMs=1056;fusion=GPS_IMU
LOCATION,1790493161624,29.7988583,52.4959550,119.000,true,11.34,40.400,source=fused:fused;speedReason=OK;derived=57.02;locationGapMs=942;callbackGapMs=942;fusion=GPS_IMU
LOCATION,1790493162623,29.7987817,52.4960967,119.000,true,11.35,40.907,source=fused:fused;speedReason=OK;derived=58.14;locationGapMs=998;callbackGapMs=998;fusion=GPS_IMU
LOCATION,1790493163616,29.7987067,52.4962367,119.000,true,11.35,41.433,source=fused:fused;speedReason=OK;derived=58.14;locationGapMs=993;callbackGapMs=993;fusion=GPS_IMU
LOCATION,1790493164625,29.7986200,52.4963700,120.000,true,11.35,42.035,source=fused:fused;speedReason=OK;derived=57.59;locationGapMs=1009;callbackGapMs=1009;fusion=GPS_IMU
LOCATION,1790493165612,29.7985333,52.4965033,121.000,true,11.37,42.611,source=fused:fused;speedReason=OK;derived=57.59;locationGapMs=987;callbackGapMs=987;fusion=GPS_IMU
LOCATION,1790493166673,29.7984483,52.4966350,121.000,true,11.38,43.055,source=fused:fused;speedReason=OK;derived=57.36;locationGapMs=1061;callbackGapMs=1061;fusion=GPS_IMU
LOCATION,1790493167622,29.7983683,52.4967600,121.000,true,11.40,43.469,source=fused:fused;speedReason=OK;derived=56.86;locationGapMs=949;callbackGapMs=949;fusion=GPS_IMU
LOCATION,1790493168583,29.7982933,52.4968867,121.000,true,11.40,43.802,source=fused:fused;speedReason=OK;derived=55.34;locationGapMs=963;callbackGapMs=963;fusion=GPS_IMU
LOCATION,1790493169609,29.7982200,52.4970167,120.000,true,11.40,44.125,source=fused:fused;speedReason=OK;derived=55.34;locationGapMs=1025;callbackGapMs=1025;fusion=GPS_IMU
LOCATION,1790493170618,29.7981500,52.4971467,120.000,true,11.40,44.417,source=fused:fused;speedReason=OK;derived=52.70;locationGapMs=1009;callbackGapMs=1009;fusion=GPS_IMU
LOCATION,1790493171628,29.7980817,52.4972800,121.000,true,11.40,44.700,source=fused:fused;speedReason=OK;derived=52.70;locationGapMs=1008;callbackGapMs=1008;fusion=GPS_IMU
LOCATION,1790493172664,29.7980150,52.4974000,121.000,true,11.38,44.992,source=fused:fused;speedReason=OK;derived=52.70;locationGapMs=1037;callbackGapMs=1037;fusion=GPS_IMU
LOCATION,1790493173632,29.7979550,52.4975067,122.000,true,11.38,44.992,source=fused:fused;speedReason=OK;derived=47.76;locationGapMs=968;callbackGapMs=968;fusion=GPS_IMU
LOCATION,1790493174622,29.7978933,52.4976117,121.000,true,11.36,44.958,source=fused:fused;speedReason=OK;derived=45.65;locationGapMs=990;callbackGapMs=990;fusion=GPS_IMU
LOCATION,1790493175628,29.7978300,52.4977250,120.000,true,11.34,44.931,source=fused:fused;speedReason=OK;derived=45.65;locationGapMs=1006;callbackGapMs=1006;fusion=GPS_IMU
LOCATION,1790493176618,29.7977700,52.4978450,119.000,true,11.33,45.026,source=fused:fused;speedReason=OK;derived=46.55;locationGapMs=991;callbackGapMs=991;fusion=GPS_IMU
LOCATION,1790493177612,29.7977150,52.4979600,118.000,true,11.32,45.117,source=fused:fused;speedReason=OK;derived=46.55;locationGapMs=992;callbackGapMs=992;fusion=GPS_IMU
LOCATION,1790493178682,29.7976600,52.4980733,118.000,true,11.32,45.133,source=fused:fused;speedReason=OK;derived=46.02;locationGapMs=1070;callbackGapMs=1070;fusion=GPS_IMU
LOCATION,1790493179617,29.7976050,52.4981883,119.000,true,11.30,45.146,source=fused:fused;speedReason=OK;derived=46.02;locationGapMs=936;callbackGapMs=936;fusion=GPS_IMU
LOCATION,1790493180624,29.7975450,52.4983050,120.000,true,11.30,45.186,source=fused:fused;speedReason=OK;derived=46.82;locationGapMs=1007;callbackGapMs=1007;fusion=GPS_IMU
LOCATION,1790493181624,29.7974817,52.4984283,120.000,true,11.30,45.260,source=fused:fused;speedReason=OK;derived=48.77;locationGapMs=998;callbackGapMs=998;fusion=GPS_IMU
LOCATION,1790493182608,29.7974183,52.4985533,120.000,true,11.30,45.410,source=fused:fused;speedReason=OK;derived=49.90;locationGapMs=987;callbackGapMs=987;fusion=GPS_IMU
LOCATION,1790493183615,29.7973533,52.4986800,120.000,true,11.30,45.597,source=fused:fused;speedReason=OK;derived=50.86;locationGapMs=1006;callbackGapMs=1006;fusion=GPS_IMU
LOCATION,1790493184583,29.7972850,52.4988000,120.000,true,11.30,45.770,source=fused:fused;speedReason=OK;derived=50.99;locationGapMs=970;callbackGapMs=970;fusion=GPS_IMU
LOCATION,1790493185609,29.7972217,52.4989283,120.000,true,11.30,45.912,source=fused:fused;speedReason=OK;derived=50.86;locationGapMs=1024;callbackGapMs=1024;fusion=GPS_IMU
LOCATION,1790493186620,29.7971583,52.4990517,120.000,true,11.30,46.003,source=fused:fused;speedReason=OK;derived=50.10;locationGapMs=1011;callbackGapMs=1011;fusion=GPS_IMU
LOCATION,1790493187619,29.7970933,52.4991783,120.000,true,11.30,46.090,source=fused:fused;speedReason=OK;derived=50.10;locationGapMs=999;callbackGapMs=999;fusion=GPS_IMU
LOCATION,1790493188616,29.7970400,52.4993067,120.000,true,11.30,46.229,source=fused:fused;speedReason=OK;derived=49.69;locationGapMs=996;callbackGapMs=996;fusion=GPS_IMU
LOCATION,1790493189617,29.7969850,52.4994400,121.000,true,11.30,46.421,source=fused:fused;speedReason=OK;derived=51.17;locationGapMs=1003;callbackGapMs=1003;fusion=GPS_IMU
LOCATION,1790493190662,29.7969217,52.4995700,122.000,true,11.32,46.687,source=fused:fused;speedReason=OK;derived=49.69;locationGapMs=1044;callbackGapMs=1044;fusion=GPS_IMU
LOCATION,1790493191597,29.7968533,52.4996967,122.000,true,11.33,46.903,source=fused:fused;speedReason=OK;derived=51.17;locationGapMs=937;callbackGapMs=937;fusion=GPS_IMU
LOCATION,1790493192616,29.7967800,52.4998217,123.000,true,11.35,47.111,source=fused:fused;speedReason=OK;derived=51.60;locationGapMs=1016;callbackGapMs=1016;fusion=GPS_IMU
LOCATION,1790493193627,29.7967117,52.4999417,123.000,true,11.36,47.333,source=fused:fused;speedReason=OK;derived=51.60;locationGapMs=1013;callbackGapMs=1013;fusion=GPS_IMU
LOCATION,1790493194627,29.7966467,52.5000500,124.000,true,11.36,47.433,source=fused:fused;speedReason=OK;derived=49.23;locationGapMs=1000;callbackGapMs=1000;fusion=GPS_IMU
LOCATION,1790493195593,29.7965833,52.5001550,126.000,true,11.35,47.418,source=fused:fused;speedReason=OK;derived=46.01;locationGapMs=966;callbackGapMs=966;fusion=GPS_IMU
LOCATION,1790493196662,29.7965150,52.5002533,128.000,true,11.32,47.358,source=fused:fused;speedReason=OK;derived=45.76;locationGapMs=1068;callbackGapMs=1068;fusion=GPS_IMU
LOCATION,1790493197632,29.7964450,52.5003467,130.000,true,11.30,47.245,source=fused:fused;speedReason=OK;derived=44.19;locationGapMs=970;callbackGapMs=970;fusion=GPS_IMU
LOCATION,1790493198622,29.7963717,52.5004367,131.000,true,11.30,47.148,source=fused:fused;speedReason=OK;derived=43.29;locationGapMs=990;callbackGapMs=990;fusion=GPS_IMU
LOCATION,1790493199615,29.7963017,52.5005217,133.000,true,11.30,46.997,source=fused:fused;speedReason=OK;derived=43.29;locationGapMs=993;callbackGapMs=993;fusion=GPS_IMU
LOCATION,1790493200617,29.7962317,52.5006033,134.000,true,11.30,46.822,source=fused:fused;speedReason=OK;derived=40.98;locationGapMs=1002;callbackGapMs=1002;fusion=GPS_IMU
LOCATION,1790493201624,29.7961683,52.5006750,135.000,true,11.30,46.495,source=fused:fused;speedReason=OK;derived=39.76;locationGapMs=1006;callbackGapMs=1006;fusion=GPS_IMU
LOCATION,1790493202613,29.7961067,52.5007367,137.000,true,11.32,46.062,source=fused:fused;speedReason=OK;derived=35.33;locationGapMs=990;callbackGapMs=990;fusion=GPS_IMU
LOCATION,1790493203627,29.7960367,52.5007967,141.000,true,11.34,45.647,source=fused:fused;speedReason=OK;derived=34.40;locationGapMs=1014;callbackGapMs=1014;fusion=GPS_IMU
LOCATION,1790493204619,29.7959517,52.5008517,147.000,true,11.36,45.367,source=fused:fused;speedReason=OK;derived=34.40;locationGapMs=992;callbackGapMs=992;fusion=GPS_IMU
LOCATION,1790493205628,29.7958617,52.5009017,155.000,true,11.38,45.172,source=fused:fused;speedReason=OK;derived=39.26;locationGapMs=1010;callbackGapMs=1010;fusion=GPS_IMU
LOCATION,1790493206605,29.7957600,52.5009433,164.000,true,11.38,45.032,source=fused:fused;speedReason=OK;derived=39.51;locationGapMs=976;callbackGapMs=976;fusion=GPS_IMU
LOCATION,1790493207600,29.7956500,52.5009633,173.000,true,11.40,44.987,source=fused:fused;speedReason=OK;derived=44.15;locationGapMs=996;callbackGapMs=996;fusion=GPS_IMU
LOCATION,1790493208674,29.7955367,52.5009550,184.000,true,11.40,44.971,source=fused:fused;speedReason=OK;derived=44.15;locationGapMs=1072;callbackGapMs=1072;fusion=GPS_IMU
LOCATION,1790493209628,29.7954233,52.5009233,193.000,true,11.40,45.012,source=fused:fused;speedReason=OK;derived=44.62;locationGapMs=955;callbackGapMs=955;fusion=GPS_IMU
LOCATION,1790493210617,29.7953133,52.5008700,201.000,true,11.40,45.055,source=fused:fused;speedReason=OK;derived=48.14;locationGapMs=990;callbackGapMs=990;fusion=GPS_IMU
LOCATION,1790493211628,29.7952100,52.5008067,205.000,true,11.40,45.091,source=fused:fused;speedReason=OK;derived=48.14;locationGapMs=1010;callbackGapMs=1010;fusion=GPS_IMU
LOCATION,1790493212636,29.7951133,52.5007417,208.000,true,11.42,45.104,source=fused:fused;speedReason=OK;derived=46.28;locationGapMs=1007;callbackGapMs=1007;fusion=GPS_IMU
LOCATION,1790493213625,29.7950167,52.5006783,209.000,true,11.44,45.063,source=fused:fused;speedReason=OK;derived=44.87;locationGapMs=990;callbackGapMs=990;fusion=GPS_IMU
LOCATION,1790493214671,29.7949183,52.5006133,209.000,true,11.47,45.022,source=fused:fused;speedReason=OK;derived=44.42;locationGapMs=1047;callbackGapMs=1047;fusion=GPS_IMU
LOCATION,1790493215630,29.7948200,52.5005483,208.000,true,11.52,44.997,source=fused:fused;speedReason=OK;derived=44.87;locationGapMs=958;callbackGapMs=958;fusion=GPS_IMU
LOCATION,1790493216624,29.7947183,52.5004833,208.000,true,11.55,44.970,source=fused:fused;speedReason=OK;derived=46.74;locationGapMs=994;callbackGapMs=994;fusion=GPS_IMU
LOCATION,1790493217632,29.7946083,52.5004150,209.000,true,11.55,45.029,source=fused:fused;speedReason=OK;derived=47.27;locationGapMs=1007;callbackGapMs=1007;fusion=GPS_IMU
LOCATION,1790493218615,29.7944950,52.5003450,209.000,true,11.53,45.198,source=fused:fused;speedReason=OK;derived=49.57;locationGapMs=984;callbackGapMs=984;fusion=GPS_IMU
LOCATION,1790493219618,29.7943700,52.5002733,210.000,true,11.52,45.318,source=fused:fused;speedReason=OK;derived=52.20;locationGapMs=1003;callbackGapMs=1003;fusion=GPS_IMU
LOCATION,1790493220671,29.7942433,52.5001967,212.000,true,11.47,45.621,source=fused:fused;speedReason=OK;derived=54.28;locationGapMs=1053;callbackGapMs=1053;fusion=GPS_IMU
LOCATION,1790493221621,29.7941033,52.5001117,211.000,true,9.88,45.947,source=fused:fused;speedReason=OK;derived=55.61;locationGapMs=949;callbackGapMs=949;fusion=GPS_IMU
LOCATION,1790493222629,29.7939867,52.5000067,213.000,true,9.52,46.535,source=fused:fused;speedReason=OK;derived=58.70;locationGapMs=1008;callbackGapMs=1008;fusion=GPS_IMU
LOCATION,1790493223627,29.7938600,52.4998967,213.000,true,9.50,47.264,source=fused:fused;speedReason=OK;derived=63.55;locationGapMs=998;callbackGapMs=998;fusion=GPS_IMU
LOCATION,1790493224600,29.7937317,52.4997917,213.000,true,9.80,47.963,source=fused:fused;speedReason=OK;derived=63.55;locationGapMs=975;callbackGapMs=975;fusion=GPS_IMU
LOCATION,1790493225620,29.7936033,52.4996933,212.000,true,9.48,48.450,source=fused:fused;speedReason=OK;derived=63.55;locationGapMs=1019;callbackGapMs=1019;fusion=GPS_IMU
LOCATION,1790493226678,29.7934767,52.4996000,211.000,true,9.78,48.846,source=fused:fused;speedReason=OK;derived=60.48;locationGapMs=1057;callbackGapMs=1057;fusion=GPS_IMU
LOCATION,1790493227634,29.7933417,52.4995117,214.000,true,11.32,49.173,source=fused:fused;speedReason=OK;derived=60.48;locationGapMs=956;callbackGapMs=956;fusion=GPS_IMU
LOCATION,1790493228621,29.7932100,52.4994117,218.000,true,11.30,49.763,source=fused:fused;speedReason=OK;derived=63.87;locationGapMs=987;callbackGapMs=987;fusion=GPS_IMU
LOCATION,1790493229610,29.7930933,52.4992983,224.000,true,11.30,50.232,source=fused:fused;speedReason=OK;derived=63.87;locationGapMs=990;callbackGapMs=990;fusion=GPS_IMU
LOCATION,1790493230634,29.7929900,52.4991750,229.000,true,11.30,50.587,source=fused:fused;speedReason=OK;derived=61.66;locationGapMs=1023;callbackGapMs=1023;fusion=GPS_IMU
LOCATION,1790493231616,29.7929017,52.4990500,234.000,true,11.30,50.806,source=fused:fused;speedReason=OK;derived=58.17;locationGapMs=984;callbackGapMs=984;fusion=GPS_IMU
LOCATION,1790493232669,29.7928283,52.4989250,238.000,true,11.30,50.940,source=fused:fused;speedReason=OK;derived=56.90;locationGapMs=1051;callbackGapMs=1051;fusion=GPS_IMU
LOCATION,1790493233623,29.7927683,52.4988033,243.000,true,11.30,50.982,source=fused:fused;speedReason=OK;derived=50.90;locationGapMs=956;callbackGapMs=956;fusion=GPS_IMU
LOCATION,1790493234621,29.7927250,52.4987067,246.000,true,11.30,50.685,source=fused:fused;speedReason=OK;derived=49.90;locationGapMs=996;callbackGapMs=996;fusion=GPS_IMU
LOCATION,1790493235616,29.7926917,52.4986117,248.000,true,11.30,50.121,source=fused:fused;speedReason=OK;derived=37.96;locationGapMs=996;callbackGapMs=996;fusion=GPS_IMU
LOCATION,1790493236621,29.7926617,52.4985167,250.000,true,11.30,49.569,source=fused:fused;speedReason=OK;derived=35.78;locationGapMs=1004;callbackGapMs=1004;fusion=GPS_IMU
LOCATION,1790493237616,29.7926317,52.4984217,252.000,true,11.30,48.933,source=fused:fused;speedReason=OK;derived=35.31;locationGapMs=996;callbackGapMs=996;fusion=GPS_IMU
LOCATION,1790493238629,29.7926033,52.4983283,255.000,true,11.30,48.454,source=fused:fused;speedReason=OK;derived=35.03;locationGapMs=1013;callbackGapMs=1013;fusion=GPS_IMU
LOCATION,1790493239593,29.7925867,52.4982433,259.000,true,11.30,47.992,source=fused:fused;speedReason=OK;derived=33.99;locationGapMs=965;callbackGapMs=965;fusion=GPS_IMU
LOCATION,1790493240636,29.7925750,52.4981767,259.000,true,11.30,47.299,source=fused:fused;speedReason=OK;derived=31.42;locationGapMs=1042;callbackGapMs=1042;fusion=GPS_IMU
LOCATION,1790493241626,29.7925600,52.4981233,256.000,true,11.32,46.539,source=fused:fused;speedReason=OK;derived=22.69;locationGapMs=990;callbackGapMs=990;fusion=GPS_IMU
LOCATION,1790493242621,29.7925467,52.4980733,254.000,true,11.32,45.677,source=fused:fused;speedReason=OK;derived=19.72;locationGapMs=996;callbackGapMs=996;fusion=GPS_IMU
LOCATION,1790493243680,29.7925267,52.4980117,250.000,true,11.33,44.234,source=fused:fused;speedReason=OK;derived=19.72;locationGapMs=1058;callbackGapMs=1058;fusion=GPS_IMU
LOCATION,1790493244626,29.7924983,52.4979400,244.000,true,11.36,43.545,source=fused:fused;speedReason=OK;derived=21.62;locationGapMs=946;callbackGapMs=946;fusion=GPS_IMU
LOCATION,1790493245622,29.7924533,52.4978717,238.000,true,11.37,42.940,source=fused:fused;speedReason=OK;derived=28.97;locationGapMs=996;callbackGapMs=996;fusion=GPS_IMU
LOCATION,1790493246630,29.7923967,52.4977983,231.000,true,11.38,42.464,source=fused:fused;speedReason=OK;derived=29.91;locationGapMs=1007;callbackGapMs=1007;fusion=GPS_IMU
LOCATION,1790493247623,29.7923317,52.4977300,222.000,true,11.40,42.217,source=fused:fused;speedReason=OK;derived=33.86;locationGapMs=994;callbackGapMs=994;fusion=GPS_IMU
LOCATION,1790493248621,29.7922517,52.4976767,209.000,true,11.40,42.021,source=fused:fused;speedReason=OK;derived=35.40;locationGapMs=998;callbackGapMs=998;fusion=GPS_IMU
LOCATION,1790493249677,29.7921600,52.4976433,194.000,true,11.40,41.900,source=fused:fused;speedReason=OK;derived=36.36;locationGapMs=1056;callbackGapMs=1056;fusion=GPS_IMU
LOCATION,1790493250633,29.7920617,52.4976367,179.000,true,11.40,41.834,source=fused:fused;speedReason=OK;derived=37.00;locationGapMs=956;callbackGapMs=956;fusion=GPS_IMU
LOCATION,1790493251625,29.7919667,52.4976667,164.000,true,11.40,41.783,source=fused:fused;speedReason=OK;derived=39.68;locationGapMs=991;callbackGapMs=991;fusion=GPS_IMU
LOCATION,1790493252620,29.7918683,52.4977233,152.000,true,11.40,41.777,source=fused:fused;speedReason=OK;derived=41.10;locationGapMs=996;callbackGapMs=996;fusion=GPS_IMU
LOCATION,1790493253625,29.7917733,52.4978117,145.000,true,11.40,41.931,source=fused:fused;speedReason=OK;derived=44.11;locationGapMs=1005;callbackGapMs=1005;fusion=GPS_IMU
LOCATION,1790493254622,29.7916767,52.4979067,140.000,true,11.40,42.114,source=fused:fused;speedReason=OK;derived=48.58;locationGapMs=997;callbackGapMs=997;fusion=GPS_IMU
LOCATION,1790493255673,29.7915883,52.4980100,136.000,true,11.40,42.327,source=fused:fused;speedReason=OK;derived=48.58;locationGapMs=1051;callbackGapMs=1051;fusion=GPS_IMU
LOCATION,1790493256599,29.7915050,52.4981217,133.000,true,11.40,42.532,source=fused:fused;speedReason=OK;derived=50.94;locationGapMs=926;callbackGapMs=926;fusion=GPS_IMU
LOCATION,1790493257627,29.7914200,52.4982383,130.000,true,11.40,42.886,source=fused:fused;speedReason=OK;derived=51.45;locationGapMs=1028;callbackGapMs=1028;fusion=GPS_IMU
LOCATION,1790493258626,29.7913367,52.4983600,128.000,true,11.40,43.228,source=fused:fused;speedReason=OK;derived=53.90;locationGapMs=999;callbackGapMs=999;fusion=GPS_IMU
LOCATION,1790493259614,29.7912533,52.4984883,127.000,true,11.40,43.747,source=fused:fused;speedReason=OK;derived=53.90;locationGapMs=988;callbackGapMs=988;fusion=GPS_IMU
LOCATION,1790493260619,29.7911650,52.4986200,127.000,true,11.42,44.191,source=fused:fused;speedReason=OK;derived=56.37;locationGapMs=1005;callbackGapMs=1005;fusion=GPS_IMU
LOCATION,1790493261612,29.7910783,52.4987500,128.000,true,11.44,44.795,source=fused:fused;speedReason=OK;derived=57.36;locationGapMs=993;callbackGapMs=993;fusion=GPS_IMU
LOCATION,1790493262597,29.7909850,52.4988800,130.000,true,11.45,45.308,source=fused:fused;speedReason=OK;derived=57.53;locationGapMs=986;callbackGapMs=986;fusion=GPS_IMU
LOCATION,1790493263623,29.7908850,52.4990133,132.000,true,11.47,45.807,source=fused:fused;speedReason=OK;derived=59.43;locationGapMs=1025;callbackGapMs=1025;fusion=GPS_IMU
LOCATION,1790493264587,29.7907733,52.4991483,134.000,true,11.48,46.300,source=fused:fused;speedReason=OK;derived=59.71;locationGapMs=966;callbackGapMs=966;fusion=GPS_IMU
LOCATION,1790493265618,29.7906533,52.4992783,135.000,true,11.50,47.046,source=fused:fused;speedReason=OK;derived=64.03;locationGapMs=1029;callbackGapMs=1029;fusion=GPS_IMU
LOCATION,1790493266625,29.7905250,52.4994100,137.000,true,11.48,47.858,source=fused:fused;speedReason=OK;derived=67.05;locationGapMs=1006;callbackGapMs=1006;fusion=GPS_IMU
LOCATION,1790493267606,29.7903933,52.4995450,137.000,true,11.46,48.924,source=fused:fused;speedReason=OK;derived=68.31;locationGapMs=982;callbackGapMs=982;fusion=GPS_IMU
LOCATION,1790493268628,29.7902617,52.4996833,138.000,true,11.42,49.941,source=fused:fused;speedReason=OK;derived=69.71;locationGapMs=1022;callbackGapMs=1022;fusion=GPS_IMU
LOCATION,1790493269602,29.7901283,52.4998150,139.000,true,11.38,50.748,source=fused:fused;speedReason=OK;derived=71.79;locationGapMs=975;callbackGapMs=975;fusion=GPS_IMU
LOCATION,1790493270636,29.7899933,52.4999467,139.000,true,11.34,51.503,source=fused:fused;speedReason=OK;derived=69.71;locationGapMs=1031;callbackGapMs=1031;fusion=GPS_IMU
LOCATION,1790493271617,29.7898567,52.5000767,140.000,true,11.33,52.228,source=fused:fused;speedReason=OK;derived=72.05;locationGapMs=983;callbackGapMs=983;fusion=GPS_IMU
LOCATION,1790493272670,29.7897150,52.5002117,140.000,true,11.30,53.009,source=fused:fused;speedReason=OK;derived=69.76;locationGapMs=1054;callbackGapMs=1054;fusion=GPS_IMU
LOCATION,1790493273617,29.7895733,52.5003433,141.000,true,11.30,53.679,source=fused:fused;speedReason=OK;derived=72.07;locationGapMs=945;callbackGapMs=945;fusion=GPS_IMU
LOCATION,1790493274619,29.7894267,52.5004717,143.000,true,11.30,54.341,source=fused:fused;speedReason=OK;derived=73.40;locationGapMs=1003;callbackGapMs=1003;fusion=GPS_IMU
LOCATION,1790493275619,29.7892750,52.5005983,144.000,true,11.30,55.015,source=fused:fused;speedReason=OK;derived=74.88;locationGapMs=1000;callbackGapMs=1000;fusion=GPS_IMU
LOCATION,1790493276615,29.7891217,52.5007183,146.000,true,11.30,55.498,source=fused:fused;speedReason=OK;derived=74.37;locationGapMs=996;callbackGapMs=996;fusion=GPS_IMU
LOCATION,1790493277616,29.7889667,52.5008233,149.000,true,11.30,55.980,source=fused:fused;speedReason=OK;derived=74.37;locationGapMs=1002;callbackGapMs=1002;fusion=GPS_IMU
LOCATION,1790493278621,29.7888083,52.5009167,152.000,true,11.30,56.523,source=fused:fused;speedReason=OK;derived=71.70;locationGapMs=1003;callbackGapMs=1003;fusion=GPS_IMU
LOCATION,1790493279629,29.7886467,52.5009983,155.000,true,11.32,57.023,source=fused:fused;speedReason=OK;derived=70.87;locationGapMs=1008;callbackGapMs=1008;fusion=GPS_IMU
LOCATION,1790493280618,29.7884900,52.5010750,159.000,true,11.34,57.590,source=fused:fused;speedReason=OK;derived=69.91;locationGapMs=990;callbackGapMs=990;fusion=GPS_IMU
LOCATION,1790493281615,29.7883217,52.5011417,161.000,true,11.33,58.120,source=fused:fused;speedReason=OK;derived=69.91;locationGapMs=997;callbackGapMs=997;fusion=GPS_IMU
LOCATION,1790493282615,29.7881483,52.5012000,164.000,true,11.33,58.550,source=fused:fused;speedReason=OK;derived=71.27;locationGapMs=1001;callbackGapMs=1001;fusion=GPS_IMU
LOCATION,1790493283653,29.7879717,52.5012517,166.000,true,11.34,59.103,source=fused:fused;speedReason=OK;derived=71.27;locationGapMs=1038;callbackGapMs=1038;fusion=GPS_IMU
LOCATION,1790493284599,29.7877900,52.5013000,167.000,true,11.33,59.665,source=fused:fused;speedReason=OK;derived=72.04;locationGapMs=946;callbackGapMs=946;fusion=GPS_IMU
LOCATION,1790493285621,29.7876033,52.5013400,170.000,true,11.32,60.161,source=fused:fused;speedReason=OK;derived=74.31;locationGapMs=1020;callbackGapMs=1020;fusion=GPS_IMU
LOCATION,1790493286631,29.7874233,52.5013650,173.000,true,11.34,60.641,source=fused:fused;speedReason=OK;derived=74.31;locationGapMs=1011;callbackGapMs=1011;fusion=GPS_IMU
LOCATION,1790493287624,29.7872400,52.5013767,177.000,true,11.34,61.098,source=fused:fused;speedReason=OK;derived=73.78;locationGapMs=993;callbackGapMs=993;fusion=GPS_IMU
LOCATION,1790493288627,29.7870517,52.5013767,181.000,true,11.35,61.474,source=fused:fused;speedReason=OK;derived=73.78;locationGapMs=1002;callbackGapMs=1002;fusion=GPS_IMU
LOCATION,1790493289667,29.7868633,52.5013667,184.000,true,11.38,61.839,source=fused:fused;speedReason=OK;derived=73.78;locationGapMs=1041;callbackGapMs=1041;fusion=GPS_IMU
LOCATION,1790493290631,29.7866800,52.5013517,186.000,true,11.38,62.145,source=fused:fused;speedReason=OK;derived=74.99;locationGapMs=964;callbackGapMs=964;fusion=GPS_IMU
LOCATION,1790493291633,29.7864900,52.5013233,189.000,true,11.38,62.491,source=fused:fused;speedReason=OK;derived=76.07;locationGapMs=1002;callbackGapMs=1002;fusion=GPS_IMU
LOCATION,1790493292630,29.7863050,52.5012867,191.000,true,11.40,62.891,source=fused:fused;speedReason=OK;derived=76.07;locationGapMs=997;callbackGapMs=997;fusion=GPS_IMU
LOCATION,1790493293614,29.7861217,52.5012383,194.000,true,11.40,63.277,source=fused:fused;speedReason=OK;derived=76.31;locationGapMs=983;callbackGapMs=983;fusion=GPS_IMU
LOCATION,1790493294617,29.7859250,52.5011733,197.000,true,11.40,63.614,source=fused:fused;speedReason=OK;derived=76.36;locationGapMs=1005;callbackGapMs=1005;fusion=GPS_IMU
LOCATION,1790493295676,29.7857367,52.5011050,200.000,true,11.40,63.987,source=fused:fused;speedReason=OK;derived=76.36;locationGapMs=1056;callbackGapMs=1056;fusion=GPS_IMU
LOCATION,1790493296602,29.7855533,52.5010217,203.000,true,11.40,64.337,source=fused:fused;speedReason=OK;derived=81.28;locationGapMs=929;callbackGapMs=929;fusion=GPS_IMU
LOCATION,1790493297621,29.7853733,52.5009267,205.000,true,11.40,64.674,source=fused:fused;speedReason=OK;derived=77.75;locationGapMs=1017;callbackGapMs=1017;fusion=GPS_IMU
LOCATION,1790493298626,29.7851933,52.5008283,208.000,true,11.38,65.057,source=fused:fused;speedReason=OK;derived=79.10;locationGapMs=1006;callbackGapMs=1006;fusion=GPS_IMU
LOCATION,1790493299613,29.7850133,52.5007267,210.000,true,11.38,65.507,source=fused:fused;speedReason=OK;derived=79.10;locationGapMs=987;callbackGapMs=987;fusion=GPS_IMU
LOCATION,1790493300604,29.7848433,52.5006150,213.000,true,11.38,65.879,source=fused:fused;speedReason=OK;derived=79.10;locationGapMs=991;callbackGapMs=991;fusion=GPS_IMU
LOCATION,1790493301660,29.7846867,52.5004967,215.000,true,11.38,66.320,source=fused:fused;speedReason=OK;derived=78.90;locationGapMs=1056;callbackGapMs=1056;fusion=GPS_IMU
LOCATION,1790493302621,29.7845283,52.5003667,217.000,true,11.38,66.626,source=fused:fused;speedReason=OK;derived=78.90;locationGapMs=960;callbackGapMs=960;fusion=GPS_IMU
LOCATION,1790493303596,29.7843750,52.5002383,218.000,true,11.38,66.970,source=fused:fused;speedReason=OK;derived=77.47;locationGapMs=978;callbackGapMs=978;fusion=GPS_IMU
LOCATION,1790493304621,29.7842233,52.5001133,218.000,true,11.40,67.289,source=fused:fused;speedReason=OK;derived=77.47;locationGapMs=1023;callbackGapMs=1023;fusion=GPS_IMU
LOCATION,1790493305614,29.7840733,52.4999883,218.000,true,11.40,67.487,source=fused:fused;speedReason=OK;derived=74.60;locationGapMs=992;callbackGapMs=992;fusion=GPS_IMU
LOCATION,1790493306617,29.7839317,52.4998683,218.000,true,11.40,67.650,source=fused:fused;speedReason=OK;derived=72.88;locationGapMs=1003;callbackGapMs=1003;fusion=GPS_IMU
LOCATION,1790493307628,29.7837983,52.4997567,217.000,true,11.40,67.639,source=fused:fused;speedReason=OK;derived=70.06;locationGapMs=1014;callbackGapMs=1014;fusion=GPS_IMU
LOCATION,1790493308611,29.7836700,52.4996417,217.000,true,11.40,67.622,source=fused:fused;speedReason=OK;derived=66.32;locationGapMs=980;callbackGapMs=980;fusion=GPS_IMU
LOCATION,1790493309617,29.7835367,52.4995267,217.000,true,11.42,67.557,source=fused:fused;speedReason=OK;derived=66.11;locationGapMs=1007;callbackGapMs=1007;fusion=GPS_IMU
LOCATION,1790493310622,29.7834000,52.4994117,216.000,true,11.44,67.481,source=fused:fused;speedReason=OK;derived=66.32;locationGapMs=1006;callbackGapMs=1006;fusion=GPS_IMU
LOCATION,1790493311622,29.7832617,52.4992950,216.000,true,11.46,67.495,source=fused:fused;speedReason=OK;derived=67.26;locationGapMs=999;callbackGapMs=999;fusion=GPS_IMU
LOCATION,1790493312627,29.7831200,52.4991750,216.000,true,11.48,67.600,source=fused:fused;speedReason=OK;derived=68.60;locationGapMs=1005;callbackGapMs=1005;fusion=GPS_IMU
LOCATION,1790493313619,29.7829783,52.4990550,216.000,true,11.48,67.716,source=fused:fused;speedReason=OK;derived=69.95;locationGapMs=992;callbackGapMs=992;fusion=GPS_IMU
LOCATION,1790493314621,29.7828300,52.4989383,217.000,true,11.46,67.835,source=fused:fused;speedReason=OK;derived=70.87;locationGapMs=1002;callbackGapMs=1002;fusion=GPS_IMU
LOCATION,1790493315621,29.7826817,52.4988167,217.000,true,11.43,67.958,source=fused:fused;speedReason=OK;derived=71.64;locationGapMs=1000;callbackGapMs=1000;fusion=GPS_IMU
LOCATION,1790493316624,29.7825283,52.4986950,217.000,true,11.42,68.065,source=fused:fused;speedReason=OK;derived=72.76;locationGapMs=1003;callbackGapMs=1003;fusion=GPS_IMU
LOCATION,1790493317609,29.7823717,52.4985633,217.000,true,11.40,68.229,source=fused:fused;speedReason=OK;derived=74.22;locationGapMs=985;callbackGapMs=985;fusion=GPS_IMU
LOCATION,1790493318671,29.7822100,52.4984300,217.000,true,11.38,68.423,source=fused:fused;speedReason=OK;derived=74.84;locationGapMs=1062;callbackGapMs=1062;fusion=GPS_IMU
LOCATION,1790493319611,29.7820517,52.4982933,217.000,true,11.38,68.614,source=fused:fused;speedReason=OK;derived=78.69;locationGapMs=940;callbackGapMs=940;fusion=GPS_IMU
LOCATION,1790493320626,29.7818933,52.4981517,217.000,true,11.40,68.746,source=fused:fused;speedReason=OK;derived=79.29;locationGapMs=1011;callbackGapMs=1011;fusion=GPS_IMU
LOCATION,1790493321621,29.7817367,52.4980050,217.000,true,11.40,68.851,source=fused:fused;speedReason=OK;derived=81.03;locationGapMs=996;callbackGapMs=996;fusion=GPS_IMU
LOCATION,1790493322614,29.7815800,52.4978633,217.000,true,11.40,68.933,source=fused:fused;speedReason=OK;derived=79.97;locationGapMs=996;callbackGapMs=996;fusion=GPS_IMU
LOCATION,1790493323610,29.7814150,52.4977150,217.000,true,11.40,69.051,source=fused:fused;speedReason=OK;derived=81.03;locationGapMs=997;callbackGapMs=997;fusion=GPS_IMU
LOCATION,1790493324667,29.7812633,52.4975833,217.000,true,11.42,69.263,source=fused:fused;speedReason=OK;derived=79.97;locationGapMs=1055;callbackGapMs=1055;fusion=GPS_IMU
LOCATION,1790493325625,29.7811083,52.4974433,218.000,true,11.43,69.474,source=fused:fused;speedReason=OK;derived=82.37;locationGapMs=956;callbackGapMs=956;fusion=GPS_IMU
LOCATION,1790493326623,29.7809617,52.4973067,219.000,true,11.44,69.711,source=fused:fused;speedReason=OK;derived=75.69;locationGapMs=996;callbackGapMs=996;fusion=GPS_IMU
LOCATION,1790493327616,29.7808083,52.4971667,220.000,true,11.44,70.009,source=fused:fused;speedReason=OK;derived=78.40;locationGapMs=998;callbackGapMs=998;fusion=GPS_IMU
LOCATION,1790493328611,29.7806567,52.4970167,221.000,true,11.43,70.293,source=fused:fused;speedReason=OK;derived=78.40;locationGapMs=995;callbackGapMs=995;fusion=GPS_IMU
LOCATION,1790493329616,29.7805033,52.4968617,223.000,true,11.43,70.705,source=fused:fused;speedReason=OK;derived=80.32;locationGapMs=1006;callbackGapMs=1006;fusion=GPS_IMU
LOCATION,1790493330682,29.7803500,52.4966983,224.000,true,11.38,71.153,source=fused:fused;speedReason=OK;derived=80.32;locationGapMs=1061;callbackGapMs=1061;fusion=GPS_IMU
LOCATION,1790493331622,29.7802017,52.4965233,226.000,true,11.37,71.621,source=fused:fused;speedReason=OK;derived=81.11;locationGapMs=941;callbackGapMs=941;fusion=GPS_IMU
LOCATION,1790493332590,29.7800583,52.4963400,228.000,true,11.35,72.011,source=fused:fused;speedReason=OK;derived=88.18;locationGapMs=972;callbackGapMs=972;fusion=GPS_IMU
LOCATION,1790493333906,29.7799183,52.4961550,229.000,true,11.32,72.409,source=fused:fused;speedReason=OK;derived=88.18;locationGapMs=1021;callbackGapMs=1021;fusion=GPS_IMU
LOCATION,1790493334614,29.7797833,52.4959633,231.000,true,11.30,72.840,source=fused:fused;speedReason=OK;derived=85.51;locationGapMs=1003;callbackGapMs=1003;fusion=GPS_IMU
LOCATION,1790493335618,29.7796500,52.4957633,233.000,true,11.30,73.058,source=fused:fused;speedReason=OK;derived=85.51;locationGapMs=1003;callbackGapMs=1003;fusion=GPS_IMU
LOCATION,1790493336595,29.7795217,52.4955567,234.000,true,11.30,73.273,source=fused:fused;speedReason=OK;derived=87.36;locationGapMs=978;callbackGapMs=978;fusion=GPS_IMU
LOCATION,1790493337619,29.7794000,52.4953483,236.000,true,11.30,73.447,source=fused:fused;speedReason=OK;derived=87.36;locationGapMs=1021;callbackGapMs=1021;fusion=GPS_IMU
LOCATION,1790493338580,29.7792817,52.4951400,237.000,true,11.30,73.572,source=fused:fused;speedReason=OK;derived=89.66;locationGapMs=965;callbackGapMs=965;fusion=GPS_IMU
LOCATION,1790493339902,29.7791767,52.4949233,240.000,true,11.32,73.778,source=fused:fused;speedReason=OK;derived=85.51;locationGapMs=1037;callbackGapMs=1037;fusion=GPS_IMU
LOCATION,1790493340616,29.7791000,52.4947083,242.000,true,11.33,74.109,source=fused:fused;speedReason=OK;derived=83.21;locationGapMs=997;callbackGapMs=997;fusion=GPS_IMU
LOCATION,1790493341622,29.7790133,52.4944867,244.000,true,11.36,74.310,source=fused:fused;speedReason=OK;derived=83.21;locationGapMs=1001;callbackGapMs=1001;fusion=GPS_IMU
LOCATION,1790493342615,29.7789250,52.4942600,245.000,true,11.38,74.471,source=fused:fused;speedReason=OK;derived=84.46;locationGapMs=998;callbackGapMs=998;fusion=GPS_IMU
LOCATION,1790493343622,29.7788267,52.4940267,246.000,true,11.40,74.603,source=fused:fused;speedReason=OK;derived=86.60;locationGapMs=1002;callbackGapMs=1002;fusion=GPS_IMU
LOCATION,1790493344612,29.7787283,52.4938017,248.000,true,11.40,74.711,source=fused:fused;speedReason=OK;derived=88.06;locationGapMs=995;callbackGapMs=995;fusion=GPS_IMU
LOCATION,1790493345900,29.7786417,52.4935833,250.000,true,11.40,74.828,source=fused:fused;speedReason=OK;derived=88.06;locationGapMs=1002;callbackGapMs=1002;fusion=GPS_IMU
LOCATION,1790493346614,29.7785700,52.4933700,252.000,true,11.40,74.916,source=fused:fused;speedReason=OK;derived=83.35;locationGapMs=999;callbackGapMs=999;fusion=GPS_IMU
LOCATION,1790493347664,29.7785150,52.4931583,254.000,true,11.40,74.958,source=fused:fused;speedReason=OK;derived=79.66;locationGapMs=1050;callbackGapMs=1050;fusion=GPS_IMU
LOCATION,1790493348920,29.7784700,52.4929383,255.000,true,11.40,75.008,source=fused:fused;speedReason=OK;derived=79.66;locationGapMs=953;callbackGapMs=953;fusion=GPS_IMU
LOCATION,1790493349621,29.7784317,52.4927150,257.000,true,11.40,75.075,source=fused:fused;speedReason=OK;derived=79.07;locationGapMs=1002;callbackGapMs=1002;fusion=GPS_IMU
LOCATION,1790493350612,29.7783933,52.4924917,258.000,true,11.40,75.155,source=fused:fused;speedReason=OK;derived=79.71;locationGapMs=994;callbackGapMs=994;fusion=GPS_IMU
LOCATION,1790493351612,29.7783650,52.4922650,260.000,true,11.40,75.215,source=fused:fused;speedReason=OK;derived=79.71;locationGapMs=999;callbackGapMs=999;fusion=GPS_IMU
LOCATION,1790493352903,29.7783467,52.4920533,261.000,true,11.40,75.249,source=fused:fused;speedReason=OK;derived=79.71;locationGapMs=1011;callbackGapMs=1011;fusion=GPS_IMU
LOCATION,1790493353662,29.7783333,52.4918333,263.000,true,11.40,75.268,source=fused:fused;speedReason=OK;derived=73.82;locationGapMs=1040;callbackGapMs=1040;fusion=GPS_IMU
LOCATION,1790493354921,29.7783233,52.4916200,264.000,true,11.40,75.265,source=fused:fused;speedReason=OK;derived=73.82;locationGapMs=952;callbackGapMs=952;fusion=GPS_IMU
LOCATION,1790493355617,29.7783183,52.4914067,265.000,true,11.40,75.261,source=fused:fused;speedReason=OK;derived=74.36;locationGapMs=999;callbackGapMs=999;fusion=GPS_IMU
LOCATION,1790493356897,29.7783117,52.4911950,266.000,true,11.40,75.257,source=fused:fused;speedReason=OK;derived=74.36;locationGapMs=993;callbackGapMs=993;fusion=GPS_IMU
LOCATION,1790493357617,29.7783050,52.4909833,267.000,true,11.40,75.248,source=fused:fused;speedReason=OK;derived=74.26;locationGapMs=1011;callbackGapMs=1011;fusion=GPS_IMU
LOCATION,1790493358918,29.7782983,52.4907733,267.000,true,11.40,75.217,source=fused:fused;speedReason=OK;derived=73.52;locationGapMs=995;callbackGapMs=995;fusion=GPS_IMU
LOCATION,1790493360229,29.7782900,52.4905617,268.000,true,11.40,75.187,source=fused:fused;speedReason=OK;derived=72.94;locationGapMs=1056;callbackGapMs=1056;fusion=GPS_IMU
LOCATION,1790493360606,29.7782867,52.4903500,268.000,true,11.40,75.154,source=fused:fused;speedReason=OK;derived=73.52;locationGapMs=930;callbackGapMs=930;fusion=GPS_IMU
LOCATION,1790493361897,29.7782833,52.4901467,268.000,true,11.40,75.118,source=fused:fused;speedReason=OK;derived=70.02;locationGapMs=1011;callbackGapMs=1011;fusion=GPS_IMU
LOCATION,1790493363254,29.7782683,52.4899533,267.000,true,11.40,75.027,source=fused:fused;speedReason=OK;derived=70.02;locationGapMs=1004;callbackGapMs=1004;fusion=GPS_IMU
LOCATION,1790493363617,29.7782483,52.4897650,266.000,true,11.40,74.869,source=fused:fused;speedReason=OK;derived=67.32;locationGapMs=994;callbackGapMs=994;fusion=GPS_IMU
LOCATION,1790493364898,29.7782267,52.4895750,266.000,true,11.42,74.713,source=fused:fused;speedReason=OK;derived=66.43;locationGapMs=1006;callbackGapMs=1006;fusion=GPS_IMU
LOCATION,1790493365622,29.7782067,52.4893833,265.000,true,11.44,74.605,source=fused:fused;speedReason=OK;derived=66.43;locationGapMs=1009;callbackGapMs=1009;fusion=GPS_IMU
LOCATION,1790493366616,29.7781917,52.4891967,265.000,true,11.45,74.472,source=fused:fused;speedReason=OK;derived=66.30;locationGapMs=991;callbackGapMs=991;fusion=GPS_IMU
LOCATION,1790493367613,29.7781833,52.4890100,266.000,true,11.45,74.304,source=fused:fused;speedReason=OK;derived=65.83;locationGapMs=999;callbackGapMs=999;fusion=GPS_IMU
LOCATION,1790493368627,29.7781750,52.4888100,267.000,true,11.46,74.173,source=fused:fused;speedReason=OK;derived=65.83;locationGapMs=1015;callbackGapMs=1015;fusion=GPS_IMU
LOCATION,1790493369615,29.7781617,52.4886050,267.000,true,11.44,74.098,source=fused:fused;speedReason=OK;derived=68.67;locationGapMs=988;callbackGapMs=988;fusion=GPS_IMU
LOCATION,1790493370614,29.7781500,52.4883967,267.000,true,11.43,74.036,source=fused:fused;speedReason=OK;derived=72.43;locationGapMs=999;callbackGapMs=999;fusion=GPS_IMU
LOCATION,1790493371623,29.7781383,52.4881800,267.000,true,11.40,74.000,source=fused:fused;speedReason=OK;derived=72.74;locationGapMs=1006;callbackGapMs=1006;fusion=GPS_IMU
LOCATION,1790493372621,29.7781333,52.4879567,268.000,true,11.40,74.027,source=fused:fused;speedReason=OK;derived=75.13;locationGapMs=1001;callbackGapMs=1001;fusion=GPS_IMU
LOCATION,1790493373614,29.7781350,52.4877433,268.000,true,11.42,74.067,source=fused:fused;speedReason=OK;derived=75.13;locationGapMs=994;callbackGapMs=994;fusion=GPS_IMU
LOCATION,1790493374609,29.7781367,52.4875417,268.000,true,11.43,74.068,source=fused:fused;speedReason=OK;derived=74.74;locationGapMs=994;callbackGapMs=994;fusion=GPS_IMU
LOCATION,1790493375669,29.7781333,52.4873567,268.000,true,11.46,73.998,source=fused:fused;speedReason=OK;derived=70.61;locationGapMs=1059;callbackGapMs=1059;fusion=GPS_IMU
LOCATION,1790493376629,29.7781283,52.4871817,268.000,true,11.48,73.801,source=fused:fused;speedReason=OK;derived=63.63;locationGapMs=958;callbackGapMs=958;fusion=GPS_IMU
LOCATION,1790493377622,29.7781300,52.4870117,268.000,true,11.50,73.620,source=fused:fused;speedReason=OK;derived=60.83;locationGapMs=996;callbackGapMs=996;fusion=GPS_IMU
LOCATION,1790493378624,29.7781300,52.4868517,268.000,true,11.48,73.338,source=fused:fused;speedReason=OK;derived=59.42;locationGapMs=1002;callbackGapMs=1002;fusion=GPS_IMU
LOCATION,1790493379617,29.7781250,52.4866867,268.000,true,11.46,73.060,source=fused:fused;speedReason=OK;derived=57.88;locationGapMs=993;callbackGapMs=993;fusion=GPS_IMU
LOCATION,1790493380617,29.7781167,52.4865167,268.000,true,11.45,72.710,source=fused:fused;speedReason=OK;derived=57.88;locationGapMs=1000;callbackGapMs=1000;fusion=GPS_IMU
LOCATION,1790493381666,29.7781117,52.4863483,268.000,true,11.43,72.367,source=fused:fused;speedReason=OK;derived=57.88;locationGapMs=1047;callbackGapMs=1047;fusion=GPS_IMU
LOCATION,1790493382617,29.7781067,52.4861750,267.000,true,11.42,72.017,source=fused:fused;speedReason=OK;derived=59.27;locationGapMs=954;callbackGapMs=954;fusion=GPS_IMU
LOCATION,1790493383612,29.7780933,52.4860017,267.000,true,11.40,71.714,source=fused:fused;speedReason=OK;derived=60.93;locationGapMs=994;callbackGapMs=994;fusion=GPS_IMU
LOCATION,1790493384624,29.7780783,52.4858183,266.000,true,11.40,71.504,source=fused:fused;speedReason=OK;derived=63.27;locationGapMs=1012;callbackGapMs=1012;fusion=GPS_IMU
LOCATION,1790493385615,29.7780650,52.4856250,266.000,true,11.40,71.304,source=fused:fused;speedReason=OK;derived=63.36;locationGapMs=990;callbackGapMs=990;fusion=GPS_IMU
LOCATION,1790493386619,29.7780583,52.4854350,267.000,true,11.40,71.161,source=fused:fused;speedReason=OK;derived=65.87;locationGapMs=1005;callbackGapMs=1005;fusion=GPS_IMU
LOCATION,1790493387678,29.7780567,52.4852383,267.000,true,11.40,71.033,source=fused:fused;speedReason=OK;derived=65.87;locationGapMs=1053;callbackGapMs=1053;fusion=GPS_IMU
LOCATION,1790493388623,29.7780550,52.4850400,268.000,true,11.40,70.954,source=fused:fused;speedReason=OK;derived=65.87;locationGapMs=950;callbackGapMs=950;fusion=GPS_IMU
LOCATION,1790493389618,29.7780517,52.4848383,268.000,true,11.40,70.898,source=fused:fused;speedReason=OK;derived=70.65;locationGapMs=994;callbackGapMs=994;fusion=GPS_IMU
LOCATION,1790493390618,29.7780483,52.4846267,268.000,true,11.40,70.886,source=fused:fused;speedReason=OK;derived=72.67;locationGapMs=1002;callbackGapMs=1002;fusion=GPS_IMU
LOCATION,1790493391623,29.7780450,52.4844117,268.000,true,11.40,70.919,source=fused:fused;speedReason=OK;derived=73.53;locationGapMs=1003;callbackGapMs=1003;fusion=GPS_IMU
LOCATION,1790493392614,29.7780417,52.4841950,268.000,true,11.40,70.956,source=fused:fused;speedReason=OK;derived=74.63;locationGapMs=994;callbackGapMs=994;fusion=GPS_IMU
LOCATION,1790493393684,29.7780317,52.4839717,268.000,true,11.40,71.012,source=fused:fused;speedReason=OK;derived=74.63;locationGapMs=1064;callbackGapMs=1064;fusion=GPS_IMU
LOCATION,1790493394613,29.7780200,52.4837400,268.000,true,11.40,71.132,source=fused:fused;speedReason=OK;derived=75.90;locationGapMs=934;callbackGapMs=934;fusion=GPS_IMU
LOCATION,1790493395617,29.7780083,52.4835100,268.000,true,11.40,71.261,source=fused:fused;speedReason=OK;derived=79.96;locationGapMs=1003;callbackGapMs=1003;fusion=GPS_IMU
LOCATION,1790493396605,29.7779983,52.4832717,268.000,true,11.40,71.386,source=fused:fused;speedReason=OK;derived=83.89;locationGapMs=990;callbackGapMs=990;fusion=GPS_IMU
LOCATION,1790493397621,29.7779867,52.4830217,268.000,true,11.40,71.578,source=fused:fused;speedReason=OK;derived=83.89;locationGapMs=1015;callbackGapMs=1015;fusion=GPS_IMU
LOCATION,1790493398622,29.7779783,52.4827717,268.000,true,11.40,71.811,source=fused:fused;speedReason=OK;derived=85.87;locationGapMs=1001;callbackGapMs=1001;fusion=GPS_IMU
LOCATION,1790493399672,29.7779700,52.4825133,268.000,true,11.40,72.054,source=fused:fused;speedReason=OK;derived=86.22;locationGapMs=1044;callbackGapMs=1044;fusion=GPS_IMU
LOCATION,1790493400627,29.7779600,52.4822567,268.000,true,11.40,72.308,source=fused:fused;speedReason=OK;derived=87.01;locationGapMs=960;callbackGapMs=960;fusion=GPS_IMU
LOCATION,1790493401624,29.7779500,52.4820033,268.000,true,11.40,72.533,source=fused:fused;speedReason=OK;derived=88.66;locationGapMs=996;callbackGapMs=996;fusion=GPS_IMU
LOCATION,1790493402619,29.7779383,52.4817533,267.000,true,11.40,72.801,source=fused:fused;speedReason=OK;derived=88.66;locationGapMs=997;callbackGapMs=997;fusion=GPS_IMU
LOCATION,1790493403621,29.7779233,52.4814967,267.000,true,11.40,73.319,source=fused:fused;speedReason=OK;derived=88.66;locationGapMs=1002;callbackGapMs=1002;fusion=GPS_IMU
LOCATION,1790493404626,29.7779067,52.4812433,267.000,true,11.40,73.950,source=fused:fused;speedReason=OK;derived=88.11;locationGapMs=1004;callbackGapMs=1004;fusion=GPS_IMU
LOCATION,1790493405682,29.7778950,52.4809833,267.000,true,11.40,74.585,source=fused:fused;speedReason=OK;derived=88.11;locationGapMs=1054;callbackGapMs=1054;fusion=GPS_IMU
LOCATION,1790493406619,29.7778883,52.4807067,267.000,true,11.40,75.130,source=fused:fused;speedReason=OK;derived=88.11;locationGapMs=941;callbackGapMs=941;fusion=GPS_IMU
LOCATION,1790493407618,29.7778700,52.4804400,266.000,true,11.40,75.789,source=fused:fused;speedReason=OK;derived=93.22;locationGapMs=999;callbackGapMs=999;fusion=GPS_IMU
LOCATION,1790493408630,29.7778500,52.4801767,265.000,true,11.40,76.324,source=fused:fused;speedReason=OK;derived=93.22;locationGapMs=1011;callbackGapMs=1011;fusion=GPS_IMU
LOCATION,1790493409614,29.7778250,52.4799200,264.000,true,11.40,76.705,source=fused:fused;speedReason=OK;derived=91.38;locationGapMs=984;callbackGapMs=984;fusion=GPS_IMU
LOCATION,1790493410621,29.7777950,52.4796617,262.000,true,11.40,77.065,source=fused:fused;speedReason=OK;derived=91.01;locationGapMs=1008;callbackGapMs=1008;fusion=GPS_IMU
LOCATION,1790493411679,29.7777567,52.4794050,260.000,true,11.40,77.335,source=fused:fused;speedReason=OK;derived=89.99;locationGapMs=1055;callbackGapMs=1055;fusion=GPS_IMU
LOCATION,1790493412636,29.7777133,52.4791517,259.000,true,11.40,77.709,source=fused:fused;speedReason=OK;derived=89.99;locationGapMs=960;callbackGapMs=960;fusion=GPS_IMU
LOCATION,1790493413626,29.7776583,52.4789050,258.000,true,11.40,78.036,source=fused:fused;speedReason=OK;derived=89.54;locationGapMs=990;callbackGapMs=990;fusion=GPS_IMU
LOCATION,1790493414614,29.7776000,52.4786533,257.000,true,11.40,78.456,source=fused:fused;speedReason=OK;derived=91.85;locationGapMs=987;callbackGapMs=987;fusion=GPS_IMU
LOCATION,1790493415626,29.7775333,52.4783983,255.000,true,11.40,78.865,source=fused:fused;speedReason=OK;derived=91.67;locationGapMs=1011;callbackGapMs=1011;fusion=GPS_IMU
LOCATION,1790493416633,29.7774550,52.4781500,253.000,true,11.42,79.274,source=fused:fused;speedReason=OK;derived=91.67;locationGapMs=1006;callbackGapMs=1006;fusion=GPS_IMU
LOCATION,1790493417677,29.7773783,52.4779017,252.000,true,11.43,79.613,source=fused:fused;speedReason=OK;derived=91.36;locationGapMs=1046;callbackGapMs=1046;fusion=GPS_IMU
LOCATION,1790493418623,29.7772933,52.4776500,250.000,true,11.45,79.964,source=fused:fused;speedReason=OK;derived=91.36;locationGapMs=944;callbackGapMs=944;fusion=GPS_IMU
LOCATION,1790493419625,29.7772067,52.4774033,249.000,true,11.48,80.305,source=fused:fused;speedReason=OK;derived=92.30;locationGapMs=1003;callbackGapMs=1003;fusion=GPS_IMU
LOCATION,1790493420624,29.7771250,52.4771650,247.000,true,11.48,80.564,source=fused:fused;speedReason=OK;derived=92.30;locationGapMs=1000;callbackGapMs=1000;fusion=GPS_IMU
LOCATION,1790493421623,29.7770367,52.4769217,246.000,true,11.48,80.809,source=fused:fused;speedReason=OK;derived=91.92;locationGapMs=998;callbackGapMs=998;fusion=GPS_IMU
LOCATION,1790493422915,29.7769433,52.4766933,245.000,true,11.46,81.049,source=fused:fused;speedReason=OK;derived=89.13;locationGapMs=1018;callbackGapMs=1018;fusion=GPS_IMU
LOCATION,1790493423664,29.7768450,52.4764683,244.000,true,11.45,81.308,source=fused:fused;speedReason=OK;derived=86.26;locationGapMs=1025;callbackGapMs=1025;fusion=GPS_IMU
LOCATION,1790493424623,29.7767433,52.4762450,242.000,true,11.43,81.470,source=fused:fused;speedReason=OK;derived=86.26;locationGapMs=957;callbackGapMs=957;fusion=GPS_IMU
LOCATION,1790493425617,29.7766400,52.4760283,240.000,true,11.40,81.599,source=fused:fused;speedReason=OK;derived=86.40;locationGapMs=995;callbackGapMs=995;fusion=GPS_IMU
LOCATION,1790493426627,29.7765333,52.4758167,239.000,true,11.36,81.697,source=fused:fused;speedReason=OK;derived=86.40;locationGapMs=1011;callbackGapMs=1011;fusion=GPS_IMU
LOCATION,1790493427614,29.7764150,52.4756083,237.000,true,11.35,81.761,source=fused:fused;speedReason=OK;derived=86.40;locationGapMs=985;callbackGapMs=985;fusion=GPS_IMU
LOCATION,1790493428625,29.7762750,52.4754133,236.000,true,11.32,81.800,source=fused:fused;speedReason=OK;derived=86.88;locationGapMs=1012;callbackGapMs=1012;fusion=GPS_IMU
LOCATION,1790493429664,29.7761567,52.4752150,235.000,true,11.32,81.821,source=fused:fused;speedReason=OK;derived=86.88;locationGapMs=1040;callbackGapMs=1040;fusion=GPS_IMU
LOCATION,1790493430621,29.7760500,52.4750100,235.000,true,11.34,81.871,source=fused:fused;speedReason=OK;derived=86.84;locationGapMs=957;callbackGapMs=957;fusion=GPS_IMU
LOCATION,1790493431624,29.7759350,52.4748100,235.000,true,11.35,81.900,source=fused:fused;speedReason=OK;derived=83.22;locationGapMs=1002;callbackGapMs=1002;fusion=GPS_IMU
LOCATION,1790493432620,29.7758100,52.4746050,235.000,true,11.37,81.929,source=fused:fused;speedReason=OK;derived=86.84;locationGapMs=996;callbackGapMs=996;fusion=GPS_IMU
LOCATION,1790493433611,29.7756867,52.4744000,234.000,true,11.38,81.986,source=fused:fused;speedReason=OK;derived=87.38;locationGapMs=992;callbackGapMs=992;fusion=GPS_IMU
LOCATION,1790493434620,29.7755683,52.4741950,235.000,true,11.40,82.027,source=fused:fused;speedReason=OK;derived=87.38;locationGapMs=1007;callbackGapMs=1007;fusion=GPS_IMU
LOCATION,1790493435671,29.7754550,52.4739983,235.000,true,11.40,82.031,source=fused:fused;speedReason=OK;derived=84.99;locationGapMs=1052;callbackGapMs=1052;fusion=GPS_IMU
LOCATION,1790493436625,29.7753383,52.4738050,235.000,true,11.40,82.011,source=fused:fused;speedReason=OK;derived=84.99;locationGapMs=955;callbackGapMs=955;fusion=GPS_IMU
LOCATION,1790493437623,29.7752183,52.4736133,235.000,true,11.40,81.972,source=fused:fused;speedReason=OK;derived=82.39;locationGapMs=997;callbackGapMs=997;fusion=GPS_IMU
LOCATION,1790493438893,29.7751033,52.4734200,234.000,true,11.40,81.934,source=fused:fused;speedReason=OK;derived=82.39;locationGapMs=994;callbackGapMs=994;fusion=GPS_IMU
LOCATION,1790493439616,29.7749783,52.4732283,234.000,true,11.40,81.893,source=fused:fused;speedReason=OK;derived=82.39;locationGapMs=1000;callbackGapMs=1000;fusion=GPS_IMU
LOCATION,1790493440616,29.7748617,52.4730350,234.000,true,11.40,81.858,source=fused:fused;speedReason=OK;derived=82.06;locationGapMs=997;callbackGapMs=997;fusion=GPS_IMU
LOCATION,1790493441575,29.7747383,52.4728567,234.000,true,11.40,81.823,source=fused:fused;speedReason=OK;derived=82.28;locationGapMs=963;callbackGapMs=963;fusion=GPS_IMU
LOCATION,1790493442616,29.7746217,52.4726900,234.000,true,11.40,81.711,source=fused:fused;speedReason=OK;derived=82.06;locationGapMs=1038;callbackGapMs=1038;fusion=GPS_IMU
LOCATION,1790493443625,29.7745283,52.4725083,234.000,true,11.40,81.599,source=fused:fused;speedReason=OK;derived=72.69;locationGapMs=1010;callbackGapMs=1010;fusion=GPS_IMU
LOCATION,1790493444616,29.7744400,52.4723333,234.000,true,11.40,81.442,source=fused:fused;speedReason=OK;derived=71.66;locationGapMs=991;callbackGapMs=991;fusion=GPS_IMU
LOCATION,1790493445618,29.7743500,52.4721633,234.000,true,11.40,81.180,source=fused:fused;speedReason=OK;derived=71.02;locationGapMs=1002;callbackGapMs=1002;fusion=GPS_IMU
LOCATION,1790493446618,29.7742600,52.4720050,234.000,true,11.40,80.932,source=fused:fused;speedReason=OK;derived=69.09;locationGapMs=1000;callbackGapMs=1000;fusion=GPS_IMU
LOCATION,1790493447616,29.7741750,52.4718600,235.000,true,11.40,80.565,source=fused:fused;speedReason=OK;derived=65.78;locationGapMs=997;callbackGapMs=997;fusion=GPS_IMU
LOCATION,1790493448618,29.7740983,52.4717233,235.000,true,11.40,80.111,source=fused:fused;speedReason=OK;derived=61.00;locationGapMs=1003;callbackGapMs=1003;fusion=GPS_IMU
LOCATION,1790493449629,29.7740333,52.4716100,235.000,true,11.40,79.647,source=fused:fused;speedReason=OK;derived=56.41;locationGapMs=1007;callbackGapMs=1007;fusion=GPS_IMU
LOCATION,1790493450618,29.7739667,52.4715000,235.000,true,11.40,78.959,source=fused:fused;speedReason=OK;derived=46.99;locationGapMs=992;callbackGapMs=992;fusion=GPS_IMU
LOCATION,1790493451619,29.7739017,52.4713817,235.000,true,11.40,77.920,source=fused:fused;speedReason=OK;derived=46.99;locationGapMs=1002;callbackGapMs=1002;fusion=GPS_IMU
LOCATION,1790493452584,29.7738333,52.4712533,237.000,true,11.40,76.946,source=fused:fused;speedReason=OK;derived=48.57;locationGapMs=966;callbackGapMs=966;fusion=GPS_IMU
LOCATION,1790493453616,29.7737617,52.4711183,238.000,true,11.40,76.116,source=fused:fused;speedReason=OK;derived=53.35;locationGapMs=1031;callbackGapMs=1031;fusion=GPS_IMU
LOCATION,1790493454632,29.7736900,52.4709733,237.000,true,11.40,75.391,source=fused:fused;speedReason=OK;derived=54.22;locationGapMs=1010;callbackGapMs=1010;fusion=GPS_IMU
LOCATION,1790493455616,29.7736117,52.4708317,235.000,true,11.42,74.788,source=fused:fused;speedReason=OK;derived=57.45;locationGapMs=990;callbackGapMs=990;fusion=GPS_IMU
LOCATION,1790493456609,29.7735267,52.4706950,234.000,true,11.42,74.210,source=fused:fused;speedReason=OK;derived=58.91;locationGapMs=992;callbackGapMs=992;fusion=GPS_IMU
LOCATION,1790493457621,29.7734350,52.4705550,232.000,true,11.42,73.730,source=fused:fused;speedReason=OK;derived=58.95;locationGapMs=1014;callbackGapMs=1014;fusion=GPS_IMU
LOCATION,1790493458660,29.7733467,52.4704150,232.000,true,11.40,73.266,source=fused:fused;speedReason=OK;derived=58.91;locationGapMs=1038;callbackGapMs=1038;fusion=GPS_IMU
LOCATION,1790493459621,29.7732667,52.4702850,233.000,true,11.38,72.849,source=fused:fused;speedReason=OK;derived=57.94;locationGapMs=961;callbackGapMs=961;fusion=GPS_IMU
LOCATION,1790493460620,29.7731933,52.4701700,233.000,true,11.38,72.126,source=fused:fused;speedReason=OK;derived=57.63;locationGapMs=995;callbackGapMs=995;fusion=GPS_IMU
LOCATION,1790493461619,29.7731200,52.4700500,232.000,true,11.34,71.427,source=fused:fused;speedReason=OK;derived=50.85;locationGapMs=1003;callbackGapMs=1003;fusion=GPS_IMU
LOCATION,1790493462629,29.7730383,52.4699217,231.000,true,11.32,70.694,source=fused:fused;speedReason=OK;derived=50.85;locationGapMs=1009;callbackGapMs=1009;fusion=GPS_IMU
LOCATION,1790493463623,29.7729450,52.4697867,231.000,true,11.32,70.155,source=fused:fused;speedReason=OK;derived=54.81;locationGapMs=995;callbackGapMs=995;fusion=GPS_IMU
LOCATION,1790493464677,29.7728483,52.4696467,231.000,true,11.32,69.804,source=fused:fused;speedReason=OK;derived=58.98;locationGapMs=1054;callbackGapMs=1054;fusion=GPS_IMU
LOCATION,1790493465614,29.7727500,52.4695033,232.000,true,11.32,69.587,source=fused:fused;speedReason=OK;derived=60.26;locationGapMs=938;callbackGapMs=938;fusion=GPS_IMU
LOCATION,1790493466628,29.7726467,52.4693517,233.000,true,11.30,69.388,source=fused:fused;speedReason=OK;derived=66.37;locationGapMs=1009;callbackGapMs=1009;fusion=GPS_IMU
LOCATION,1790493467615,29.7725450,52.4691867,233.000,true,11.30,69.332,source=fused:fused;speedReason=OK;derived=67.69;locationGapMs=990;callbackGapMs=990;fusion=GPS_IMU
LOCATION,1790493468619,29.7724433,52.4690133,233.000,true,11.30,69.400,source=fused:fused;speedReason=OK;derived=71.04;locationGapMs=1005;callbackGapMs=1005;fusion=GPS_IMU
LOCATION,1790493469890,29.7723383,52.4688433,233.000,true,11.30,69.507,source=fused:fused;speedReason=OK;derived=72.38;locationGapMs=1000;callbackGapMs=1000;fusion=GPS_IMU
LOCATION,1790493470669,29.7722317,52.4686733,233.000,true,11.30,69.603,source=fused:fused;speedReason=OK;derived=72.38;locationGapMs=1050;callbackGapMs=1050;fusion=GPS_IMU
LOCATION,1790493471619,29.7721217,52.4685000,233.000,true,11.30,69.663,source=fused:fused;speedReason=OK;derived=72.51;locationGapMs=949;callbackGapMs=949;fusion=GPS_IMU
LOCATION,1790493472624,29.7720100,52.4683183,234.000,true,11.32,69.781,source=fused:fused;speedReason=OK;derived=77.23;locationGapMs=1002;callbackGapMs=1002;fusion=GPS_IMU
LOCATION,1790493473619,29.7719017,52.4681333,234.000,true,11.34,69.980,source=fused:fused;speedReason=OK;derived=77.72;locationGapMs=998;callbackGapMs=998;fusion=GPS_IMU
LOCATION,1790493474620,29.7717933,52.4679550,234.000,true,11.36,70.077,source=fused:fused;speedReason=OK;derived=77.23;locationGapMs=1002;callbackGapMs=1002;fusion=GPS_IMU
LOCATION,1790493475900,29.7716850,52.4677750,233.000,true,11.37,70.162,source=fused:fused;speedReason=OK;derived=76.51;locationGapMs=995;callbackGapMs=995;fusion=GPS_IMU
LOCATION,1790493476652,29.7715733,52.4675883,233.000,true,11.38,70.305,source=fused:fused;speedReason=OK;derived=76.00;locationGapMs=1037;callbackGapMs=1037;fusion=GPS_IMU
LOCATION,1790493477615,29.7714533,52.4673933,233.000,true,11.40,70.481,source=fused:fused;speedReason=OK;derived=76.51;locationGapMs=963;callbackGapMs=963;fusion=GPS_IMU
LOCATION,1790493478616,29.7713300,52.4671983,233.000,true,11.40,70.694,source=fused:fused;speedReason=OK;derived=84.18;locationGapMs=996;callbackGapMs=996;fusion=GPS_IMU
LOCATION,1790493479618,29.7712067,52.4670000,233.000,true,11.40,70.904,source=fused:fused;speedReason=OK;derived=84.19;locationGapMs=1007;callbackGapMs=1007;fusion=GPS_IMU
LOCATION,1790493480900,29.7710833,52.4667983,233.000,true,11.42,71.044,source=fused:fused;speedReason=OK;derived=84.19;locationGapMs=995;callbackGapMs=995;fusion=GPS_IMU
LOCATION,1790493481615,29.7709650,52.4665850,233.000,true,11.44,71.324,source=fused:fused;speedReason=OK;derived=86.20;locationGapMs=1000;callbackGapMs=1000;fusion=GPS_IMU
LOCATION,1790493482665,29.7708400,52.4663733,233.000,true,11.46,71.630,source=fused:fused;speedReason=OK;derived=86.20;locationGapMs=1053;callbackGapMs=1053;fusion=GPS_IMU
LOCATION,1790493483913,29.7707100,52.4661567,233.000,true,11.47,72.074,source=fused:fused;speedReason=OK;derived=87.99;locationGapMs=948;callbackGapMs=948;fusion=GPS_IMU
LOCATION,1790493484611,29.7705750,52.4659450,233.000,true,11.48,72.596,source=fused:fused;speedReason=OK;derived=91.57;locationGapMs=997;callbackGapMs=997;fusion=GPS_IMU
LOCATION,1790493485613,29.7704467,52.4657283,233.000,true,11.48,73.184,source=fused:fused;speedReason=OK;derived=91.57;locationGapMs=1002;callbackGapMs=1002;fusion=GPS_IMU
LOCATION,1790493486895,29.7703200,52.4655133,233.000,true,11.47,73.722,source=fused:fused;speedReason=OK;derived=90.99;locationGapMs=997;callbackGapMs=997;fusion=GPS_IMU
LOCATION,1790493487608,29.7701950,52.4652967,233.000,true,11.45,74.163,source=fused:fused;speedReason=OK;derived=90.60;locationGapMs=998;callbackGapMs=998;fusion=GPS_IMU
LOCATION,1790493488963,29.7700633,52.4650933,233.000,true,11.43,74.498,source=fused:fused;speedReason=OK;derived=90.60;locationGapMs=1059;callbackGapMs=1059;fusion=GPS_IMU
LOCATION,1790493489615,29.7699367,52.4648983,233.000,true,11.42,74.792,source=fused:fused;speedReason=OK;derived=89.27;locationGapMs=948;callbackGapMs=948;fusion=GPS_IMU
LOCATION,1790493490910,29.7698150,52.4647050,233.000,true,11.40,75.088,source=fused:fused;speedReason=OK;derived=83.27;locationGapMs=1000;callbackGapMs=1000;fusion=GPS_IMU
LOCATION,1790493492209,29.7696983,52.4645200,233.000,true,11.40,75.315,source=fused:fused;speedReason=OK;derived=82.99;locationGapMs=998;callbackGapMs=998;fusion=GPS_IMU
LOCATION,1790493492625,29.7695867,52.4643367,233.000,true,11.42,75.462,source=fused:fused;speedReason=OK;derived=79.64;locationGapMs=1003;callbackGapMs=1003;fusion=GPS_IMU
LOCATION,1790493493889,29.7694750,52.4641617,234.000,true,11.44,75.499,source=fused:fused;speedReason=OK;derived=77.59;locationGapMs=996;callbackGapMs=996;fusion=GPS_IMU
LOCATION,1790493495236,29.7693683,52.4639817,234.000,true,11.46,75.500,source=fused:fused;speedReason=OK;derived=75.79;locationGapMs=1005;callbackGapMs=1005;fusion=GPS_IMU
LOCATION,1790493495622,29.7692667,52.4638067,234.000,true,11.47,75.452,source=fused:fused;speedReason=OK;derived=75.39;locationGapMs=995;callbackGapMs=995;fusion=GPS_IMU
LOCATION,1790493496608,29.7691700,52.4636367,233.000,true,11.48,75.320,source=fused:fused;speedReason=OK;derived=73.55;locationGapMs=996;callbackGapMs=996;fusion=GPS_IMU
LOCATION,1790493497613,29.7690650,52.4634733,233.000,true,11.50,75.193,source=fused:fused;speedReason=OK;derived=70.94;locationGapMs=1005;callbackGapMs=1005;fusion=GPS_IMU
LOCATION,1790493498621,29.7689650,52.4633100,233.000,true,11.48,75.074,source=fused:fused;speedReason=OK;derived=70.30;locationGapMs=1003;callbackGapMs=1003;fusion=GPS_IMU
LOCATION,1790493499616,29.7688650,52.4631467,233.000,true,11.47,75.000,source=fused:fused;speedReason=OK;derived=69.46;locationGapMs=1000;callbackGapMs=1000;fusion=GPS_IMU
LOCATION,1790493500631,29.7687617,52.4629700,233.000,true,11.44,74.944,source=fused:fused;speedReason=OK;derived=69.46;locationGapMs=1011;callbackGapMs=1011;fusion=GPS_IMU
LOCATION,1790493501625,29.7686633,52.4627933,233.000,true,11.42,74.924,source=fused:fused;speedReason=OK;derived=73.13;locationGapMs=998;callbackGapMs=998;fusion=GPS_IMU
LOCATION,1790493502617,29.7685600,52.4626167,233.000,true,11.40,74.925,source=fused:fused;speedReason=OK;derived=73.25;locationGapMs=992;callbackGapMs=992;fusion=GPS_IMU
LOCATION,1790493503622,29.7684483,52.4624367,233.000,true,11.40,74.942,source=fused:fused;speedReason=OK;derived=74.62;locationGapMs=1005;callbackGapMs=1005;fusion=GPS_IMU
LOCATION,1790493504672,29.7683317,52.4622517,233.000,true,11.40,74.982,source=fused:fused;speedReason=OK;derived=75.75;locationGapMs=1049;callbackGapMs=1049;fusion=GPS_IMU
LOCATION,1790493505618,29.7682200,52.4620650,233.000,true,11.40,75.066,source=fused:fused;speedReason=OK;derived=76.52;locationGapMs=946;callbackGapMs=946;fusion=GPS_IMU
LOCATION,1790493506621,29.7681067,52.4618800,233.000,true,11.40,75.181,source=fused:fused;speedReason=OK;derived=78.62;locationGapMs=1001;callbackGapMs=1001;fusion=GPS_IMU
LOCATION,1790493507616,29.7679950,52.4616983,233.000,true,11.40,75.294,source=fused:fused;speedReason=OK;derived=78.62;locationGapMs=997;callbackGapMs=997;fusion=GPS_IMU
LOCATION,1790493508622,29.7678833,52.4615150,233.000,true,11.40,75.316,source=fused:fused;speedReason=OK;derived=77.62;locationGapMs=1007;callbackGapMs=1007;fusion=GPS_IMU
LOCATION,1790493509625,29.7677750,52.4613367,233.000,true,11.40,75.330,source=fused:fused;speedReason=OK;derived=77.30;locationGapMs=1003;callbackGapMs=1003;fusion=GPS_IMU
LOCATION,1790493510661,29.7676683,52.4611600,234.000,true,11.40,75.276,source=fused:fused;speedReason=OK;derived=75.41;locationGapMs=1035;callbackGapMs=1035;fusion=GPS_IMU
LOCATION,1790493511625,29.7675717,52.4609917,233.000,true,11.40,75.224,source=fused:fused;speedReason=OK;derived=72.91;locationGapMs=962;callbackGapMs=962;fusion=GPS_IMU
LOCATION,1790493512619,29.7674817,52.4608400,234.000,true,11.40,75.091,source=fused:fused;speedReason=OK;derived=72.29;locationGapMs=997;callbackGapMs=997;fusion=GPS_IMU
LOCATION,1790493513620,29.7674017,52.4607033,234.000,true,11.40,74.788,source=fused:fused;speedReason=OK;derived=64.06;locationGapMs=1002;callbackGapMs=1002;fusion=GPS_IMU
LOCATION,1790493514619,29.7673250,52.4605700,234.000,true,11.40,74.372,source=fused:fused;speedReason=OK;derived=57.19;locationGapMs=999;callbackGapMs=999;fusion=GPS_IMU
LOCATION,1790493515616,29.7672483,52.4604433,234.000,true,11.40,73.795,source=fused:fused;speedReason=OK;derived=55.65;locationGapMs=996;callbackGapMs=996;fusion=GPS_IMU
LOCATION,1790493516675,29.7671733,52.4603200,234.000,true,11.40,73.174,source=fused:fused;speedReason=OK;derived=53.91;locationGapMs=1054;callbackGapMs=1054;fusion=GPS_IMU
LOCATION,1790493517610,29.7671067,52.4602083,234.000,true,11.38,72.374,source=fused:fused;speedReason=OK;derived=50.06;locationGapMs=941;callbackGapMs=941;fusion=GPS_IMU
LOCATION,1790493518622,29.7670383,52.4601050,234.000,true,11.36,71.319,source=fused:fused;speedReason=OK;derived=49.65;locationGapMs=1012;callbackGapMs=1012;fusion=GPS_IMU
LOCATION,1790493519619,29.7669683,52.4599967,234.000,true,11.35,70.305,source=fused:fused;speedReason=OK;derived=47.11;locationGapMs=996;callbackGapMs=996;fusion=GPS_IMU
LOCATION,1790493520623,29.7668917,52.4598767,234.000,true,11.32,69.607,source=fused:fused;speedReason=OK;derived=47.11;locationGapMs=1004;callbackGapMs=1004;fusion=GPS_IMU
LOCATION,1790493521620,29.7668100,52.4597433,234.000,true,11.30,69.103,source=fused:fused;speedReason=OK;derived=51.56;locationGapMs=997;callbackGapMs=997;fusion=GPS_IMU
LOCATION,1790493522626,29.7667200,52.4596033,234.000,true,11.30,68.755,source=fused:fused;speedReason=OK;derived=56.92;locationGapMs=1001;callbackGapMs=1001;fusion=GPS_IMU
LOCATION,1790493523622,29.7666250,52.4594650,234.000,true,11.30,68.490,source=fused:fused;speedReason=OK;derived=60.48;locationGapMs=1001;callbackGapMs=1001;fusion=GPS_IMU
LOCATION,1790493524590,29.7665267,52.4593200,234.000,true,11.30,68.248,source=fused:fused;speedReason=OK;derived=61.22;locationGapMs=970;callbackGapMs=970;fusion=GPS_IMU
LOCATION,1790493525611,29.7664300,52.4591667,234.000,true,11.30,68.129,source=fused:fused;speedReason=OK;derived=64.63;locationGapMs=1019;callbackGapMs=1019;fusion=GPS_IMU
LOCATION,1790493526611,29.7663317,52.4590117,233.000,true,11.30,68.076,source=fused:fused;speedReason=OK;derived=65.91;locationGapMs=1000;callbackGapMs=1000;fusion=GPS_IMU
LOCATION,1790493527668,29.7662317,52.4588550,233.000,true,11.30,68.050,source=fused:fused;speedReason=OK;derived=64.63;locationGapMs=1055;callbackGapMs=1055;fusion=GPS_IMU
LOCATION,1790493528618,29.7661350,52.4586933,234.000,true,11.30,68.071,source=fused:fused;speedReason=OK;derived=66.72;locationGapMs=951;callbackGapMs=951;fusion=GPS_IMU
LOCATION,1790493529620,29.7660350,52.4585267,234.000,true,11.30,68.096,source=fused:fused;speedReason=OK;derived=70.19;locationGapMs=1003;callbackGapMs=1003;fusion=GPS_IMU
LOCATION,1790493530618,29.7659267,52.4583633,234.000,true,11.30,68.181,source=fused:fused;speedReason=OK;derived=71.52;locationGapMs=999;callbackGapMs=999;fusion=GPS_IMU
LOCATION,1790493531619,29.7658200,52.4581950,234.000,true,11.30,68.362,source=fused:fused;speedReason=OK;derived=71.52;locationGapMs=1000;callbackGapMs=1000;fusion=GPS_IMU
LOCATION,1790493532609,29.7657167,52.4580250,234.000,true,11.30,68.576,source=fused:fused;speedReason=OK;derived=72.43;locationGapMs=990;callbackGapMs=990;fusion=GPS_IMU
LOCATION,1790493533676,29.7656133,52.4578567,234.000,true,11.30,68.810,source=fused:fused;speedReason=OK;derived=72.43;locationGapMs=1064;callbackGapMs=1064;fusion=GPS_IMU
LOCATION,1790493534621,29.7655067,52.4576850,234.000,true,11.30,68.999,source=fused:fused;speedReason=OK;derived=72.86;locationGapMs=948;callbackGapMs=948;fusion=GPS_IMU
LOCATION,1790493535614,29.7653950,52.4575083,234.000,true,11.30,69.196,source=fused:fused;speedReason=OK;derived=76.43;locationGapMs=994;callbackGapMs=994;fusion=GPS_IMU
LOCATION,1790493536624,29.7652850,52.4573283,234.000,true,11.30,69.412,source=fused:fused;speedReason=OK;derived=76.43;locationGapMs=1009;callbackGapMs=1009;fusion=GPS_IMU
LOCATION,1790493537616,29.7651717,52.4571550,234.000,true,11.30,69.590,source=fused:fused;speedReason=OK;derived=76.24;locationGapMs=989;callbackGapMs=989;fusion=GPS_IMU
LOCATION,1790493538629,29.7650583,52.4569817,235.000,true,11.30,69.752,source=fused:fused;speedReason=OK;derived=75.83;locationGapMs=1015;callbackGapMs=1015;fusion=GPS_IMU
LOCATION,1790493539683,29.7649500,52.4568117,235.000,true,11.30,69.904,source=fused:fused;speedReason=OK;derived=74.31;locationGapMs=1052;callbackGapMs=1052;fusion=GPS_IMU
LOCATION,1790493540613,29.7648450,52.4566450,235.000,true,11.30,69.980,source=fused:fused;speedReason=OK;derived=74.31;locationGapMs=933;callbackGapMs=933;fusion=GPS_IMU
LOCATION,1790493541626,29.7647400,52.4564783,234.000,true,11.30,70.012,source=fused:fused;speedReason=OK;derived=70.74;locationGapMs=1012;callbackGapMs=1012;fusion=GPS_IMU
LOCATION,1790493542613,29.7646400,52.4563150,234.000,true,11.30,69.965,source=fused:fused;speedReason=OK;derived=70.74;locationGapMs=989;callbackGapMs=989;fusion=GPS_IMU
LOCATION,1790493543610,29.7645433,52.4561550,234.000,true,11.30,69.876,source=fused:fused;speedReason=OK;derived=70.23;locationGapMs=996;callbackGapMs=996;fusion=GPS_IMU
LOCATION,1790493544619,29.7644450,52.4559967,234.000,true,11.30,69.791,source=fused:fused;speedReason=OK;derived=68.04;locationGapMs=1008;callbackGapMs=1008;fusion=GPS_IMU
LOCATION,1790493545674,29.7643450,52.4558383,234.000,true,11.30,69.738,source=fused:fused;speedReason=OK;derived=67.11;locationGapMs=1053;callbackGapMs=1053;fusion=GPS_IMU
LOCATION,1790493546625,29.7642450,52.4556783,234.000,true,11.30,69.708,source=fused:fused;speedReason=OK;derived=67.11;locationGapMs=954;callbackGapMs=954;fusion=GPS_IMU
LOCATION,1790493547589,29.7641417,52.4555117,234.000,true,11.30,69.700,source=fused:fused;speedReason=OK;derived=71.83;locationGapMs=965;callbackGapMs=965;fusion=GPS_IMU
LOCATION,1790493548620,29.7640383,52.4553417,234.000,true,11.30,69.777,source=fused:fused;speedReason=OK;derived=71.83;locationGapMs=1029;callbackGapMs=1029;fusion=GPS_IMU
LOCATION,1790493549617,29.7639300,52.4551700,234.000,true,11.30,69.881,source=fused:fused;speedReason=OK;derived=73.74;locationGapMs=998;callbackGapMs=998;fusion=GPS_IMU
LOCATION,1790493550624,29.7638233,52.4549983,234.000,true,11.32,70.000,source=fused:fused;speedReason=OK;derived=72.88;locationGapMs=1007;callbackGapMs=1007;fusion=GPS_IMU
LOCATION,1790493551615,29.7637167,52.4548267,234.000,true,11.32,70.143,source=fused:fused;speedReason=OK;derived=73.91;locationGapMs=989;callbackGapMs=989;fusion=GPS_IMU
LOCATION,1790493552623,29.7636083,52.4546533,234.000,true,11.32,70.319,source=fused:fused;speedReason=OK;derived=73.61;locationGapMs=1009;callbackGapMs=1009;fusion=GPS_IMU
LOCATION,1790493553619,29.7634983,52.4544800,234.000,true,11.32,70.530,source=fused:fused;speedReason=OK;derived=74.16;locationGapMs=997;callbackGapMs=997;fusion=GPS_IMU
LOCATION,1790493554611,29.7633867,52.4543050,234.000,true,11.32,70.704,source=fused:fused;speedReason=OK;derived=74.84;locationGapMs=992;callbackGapMs=992;fusion=GPS_IMU
LOCATION,1790493555617,29.7632750,52.4541233,234.000,true,11.32,70.972,source=fused:fused;speedReason=OK;derived=76.08;locationGapMs=1005;callbackGapMs=1005;fusion=GPS_IMU
LOCATION,1790493556672,29.7631600,52.4539400,234.000,true,11.30,71.229,source=fused:fused;speedReason=OK;derived=76.08;locationGapMs=1056;callbackGapMs=1056;fusion=GPS_IMU
LOCATION,1790493557626,29.7630517,52.4537567,234.000,true,11.30,71.467,source=fused:fused;speedReason=OK;derived=77.00;locationGapMs=955;callbackGapMs=955;fusion=GPS_IMU
LOCATION,1790493558619,29.7629383,52.4535717,234.000,true,11.30,71.695,source=fused:fused;speedReason=OK;derived=79.35;locationGapMs=992;callbackGapMs=992;fusion=GPS_IMU
LOCATION,1790493559629,29.7628233,52.4533883,234.000,true,11.30,71.928,source=fused:fused;speedReason=OK;derived=79.35;locationGapMs=1010;callbackGapMs=1010;fusion=GPS_IMU
LOCATION,1790493560629,29.7627100,52.4532067,234.000,true,11.30,72.129,source=fused:fused;speedReason=OK;derived=77.86;locationGapMs=1000;callbackGapMs=1000;fusion=GPS_IMU
LOCATION,1790493561619,29.7626000,52.4530250,234.000,true,11.30,72.387,source=fused:fused;speedReason=OK;derived=77.73;locationGapMs=991;callbackGapMs=991;fusion=GPS_IMU
LOCATION,1790493562682,29.7624917,52.4528417,234.000,true,11.30,72.580,source=fused:fused;speedReason=OK;derived=77.70;locationGapMs=1062;callbackGapMs=1062;fusion=GPS_IMU
LOCATION,1790493563622,29.7623817,52.4526583,235.000,true,11.30,72.767,source=fused:fused;speedReason=OK;derived=77.70;locationGapMs=939;callbackGapMs=939;fusion=GPS_IMU
LOCATION,1790493564598,29.7622700,52.4524733,235.000,true,11.30,72.964,source=fused:fused;speedReason=OK;derived=80.09;locationGapMs=978;callbackGapMs=978;fusion=GPS_IMU
LOCATION,1790493565616,29.7621533,52.4522867,234.000,true,11.30,73.244,source=fused:fused;speedReason=OK;derived=80.09;locationGapMs=1017;callbackGapMs=1017;fusion=GPS_IMU
LOCATION,1790493566625,29.7620333,52.4521000,234.000,true,11.30,73.542,source=fused:fused;speedReason=OK;derived=80.02;locationGapMs=1009;callbackGapMs=1009;fusion=GPS_IMU
LOCATION,1790493567618,29.7619150,52.4519050,234.000,true,11.30,73.849,source=fused:fused;speedReason=OK;derived=80.02;locationGapMs=993;callbackGapMs=993;fusion=GPS_IMU
LOCATION,1790493568672,29.7617917,52.4517083,234.000,true,11.30,74.177,source=fused:fused;speedReason=OK;derived=80.08;locationGapMs=1053;callbackGapMs=1053;fusion=GPS_IMU
LOCATION,1790493569617,29.7616633,52.4515067,235.000,true,11.30,74.590,source=fused:fused;speedReason=OK;derived=83.28;locationGapMs=946;callbackGapMs=946;fusion=GPS_IMU
LOCATION,1790493570616,29.7615350,52.4512933,234.000,true,11.30,74.978,source=fused:fused;speedReason=OK;derived=90.41;locationGapMs=998;callbackGapMs=998;fusion=GPS_IMU
LOCATION,1790493571616,29.7614067,52.4510783,234.000,true,11.30,75.407,source=fused:fused;speedReason=OK;derived=90.60;locationGapMs=1001;callbackGapMs=1001;fusion=GPS_IMU
LOCATION,1790493572616,29.7612783,52.4508650,234.000,true,11.30,75.780,source=fused:fused;speedReason=OK;derived=90.41;locationGapMs=999;callbackGapMs=999;fusion=GPS_IMU
LOCATION,1790493573618,29.7611533,52.4506567,234.000,true,11.30,76.131,source=fused:fused;speedReason=OK;derived=90.32;locationGapMs=1003;callbackGapMs=1003;fusion=GPS_IMU
LOCATION,1790493574667,29.7610250,52.4504500,234.000,true,11.30,76.520,source=fused:fused;speedReason=OK;derived=87.76;locationGapMs=1048;callbackGapMs=1048;fusion=GPS_IMU
LOCATION,1790493575624,29.7608967,52.4502433,235.000,true,11.30,76.961,source=fused:fused;speedReason=OK;derived=87.76;locationGapMs=958;callbackGapMs=958;fusion=GPS_IMU
LOCATION,1790493576621,29.7607683,52.4500283,235.000,true,11.32,77.408,source=fused:fused;speedReason=OK;derived=91.08;locationGapMs=996;callbackGapMs=996;fusion=GPS_IMU
LOCATION,1790493577586,29.7606367,52.4498100,235.000,true,11.33,77.936,source=fused:fused;speedReason=OK;derived=92.19;locationGapMs=967;callbackGapMs=967;fusion=GPS_IMU
LOCATION,1790493578576,29.7605100,52.4495783,236.000,true,11.33,78.393,source=fused:fused;speedReason=OK;derived=95.54;locationGapMs=991;callbackGapMs=991;fusion=GPS_IMU
LOCATION,1790493579613,29.7603817,52.4493383,237.000,true,11.36,78.985,source=fused:fused;speedReason=OK;derived=95.54;locationGapMs=1034;callbackGapMs=1034;fusion=GPS_IMU
LOCATION,1790493580616,29.7602550,52.4490883,237.000,true,11.35,79.510,source=fused:fused;speedReason=OK;derived=96.07;locationGapMs=1004;callbackGapMs=1004;fusion=GPS_IMU
LOCATION,1790493581611,29.7601283,52.4488450,238.000,true,11.37,80.037,source=fused:fused;speedReason=OK;derived=98.95;locationGapMs=997;callbackGapMs=997;fusion=GPS_IMU
LOCATION,1790493582617,29.7600033,52.4486067,239.000,true,11.34,80.549,source=fused:fused;speedReason=OK;derived=98.95;locationGapMs=1004;callbackGapMs=1004;fusion=GPS_IMU
LOCATION,1790493583609,29.7598817,52.4483750,239.000,true,11.34,80.834,source=fused:fused;speedReason=OK;derived=96.43;locationGapMs=992;callbackGapMs=992;fusion=GPS_IMU
LOCATION,1790493584880,29.7597600,52.4481533,240.000,true,11.33,81.155,source=fused:fused;speedReason=OK;derived=94.90;locationGapMs=998;callbackGapMs=998;fusion=GPS_IMU
LOCATION,1790493585605,29.7596517,52.4479300,240.000,true,11.32,81.394,source=fused:fused;speedReason=OK;derived=91.38;locationGapMs=998;callbackGapMs=998;fusion=GPS_IMU
LOCATION,1790493586619,29.7595450,52.4477017,240.000,true,11.30,81.549,source=fused:fused;speedReason=OK;derived=89.28;locationGapMs=1010;callbackGapMs=1010;fusion=GPS_IMU
LOCATION,1790493587613,29.7594367,52.4474733,240.000,true,11.30,81.706,source=fused:fused;speedReason=OK;derived=89.28;locationGapMs=998;callbackGapMs=998;fusion=GPS_IMU
LOCATION,1790493588615,29.7593283,52.4472433,241.000,true,11.30,81.817,source=fused:fused;speedReason=OK;derived=90.69;locationGapMs=1001;callbackGapMs=1001;fusion=GPS_IMU
LOCATION,1790493589629,29.7592267,52.4470167,241.000,true,11.30,81.900,source=fused:fused;speedReason=OK;derived=90.69;locationGapMs=1015;callbackGapMs=1015;fusion=GPS_IMU
LOCATION,1790493590614,29.7591183,52.4468000,242.000,true,11.32,82.046,source=fused:fused;speedReason=OK;derived=88.30;locationGapMs=985;callbackGapMs=985;fusion=GPS_IMU
LOCATION,1790493591619,29.7590300,52.4465850,243.000,true,11.34,82.117,source=fused:fused;speedReason=OK;derived=87.40;locationGapMs=1005;callbackGapMs=1005;fusion=GPS_IMU
LOCATION,1790493592627,29.7589450,52.4463717,243.000,true,11.36,82.088,source=fused:fused;speedReason=OK;derived=82.33;locationGapMs=1005;callbackGapMs=1005;fusion=GPS_IMU
LOCATION,1790493593625,29.7588550,52.4461650,243.000,true,11.38,82.004,source=fused:fused;speedReason=OK;derived=81.24;locationGapMs=1001;callbackGapMs=1001;fusion=GPS_IMU
LOCATION,1790493594623,29.7587750,52.4459617,243.000,true,11.38,81.893,source=fused:fused;speedReason=OK;derived=80.35;locationGapMs=998;callbackGapMs=998;fusion=GPS_IMU
LOCATION,1790493595680,29.7586967,52.4457500,244.000,true,11.38,81.777,source=fused:fused;speedReason=OK;derived=77.81;locationGapMs=1056;callbackGapMs=1056;fusion=GPS_IMU
LOCATION,1790493596623,29.7586167,52.4455417,244.000,true,11.38,81.681,source=fused:fused;speedReason=OK;derived=77.81;locationGapMs=945;callbackGapMs=945;fusion=GPS_IMU
LOCATION,1790493597629,29.7585383,52.4453317,245.000,true,11.38,81.588,source=fused:fused;speedReason=OK;derived=79.53;locationGapMs=1000;callbackGapMs=1000;fusion=GPS_IMU
LOCATION,1790493598624,29.7584567,52.4451250,245.000,true,11.38,81.499,source=fused:fused;speedReason=OK;derived=79.53;locationGapMs=1000;callbackGapMs=1000;fusion=GPS_IMU
LOCATION,1790493599916,29.7583717,52.4449083,245.000,true,11.38,81.429,source=fused:fused;speedReason=OK;derived=79.53;locationGapMs=1002;callbackGapMs=1002;fusion=GPS_IMU
LOCATION,1790493600625,29.7582833,52.4446900,245.000,true,11.38,81.446,source=fused:fused;speedReason=OK;derived=82.56;locationGapMs=999;callbackGapMs=999;fusion=GPS_IMU
LOCATION,1790493601667,29.7581933,52.4444700,245.000,true,11.40,81.493,source=fused:fused;speedReason=OK;derived=82.56;locationGapMs=1043;callbackGapMs=1043;fusion=GPS_IMU
LOCATION,1790493602915,29.7581033,52.4442483,245.000,true,11.40,81.547,source=fused:fused;speedReason=OK;derived=83.88;locationGapMs=952;callbackGapMs=952;fusion=GPS_IMU
LOCATION,1790493603625,29.7580133,52.4440250,245.000,true,11.40,81.615,source=fused:fused;speedReason=OK;derived=85.39;locationGapMs=1003;callbackGapMs=1003;fusion=GPS_IMU
LOCATION,1790493604615,29.7579167,52.4438033,245.000,true,11.40,81.699,source=fused:fused;speedReason=OK;derived=86.98;locationGapMs=992;callbackGapMs=992;fusion=GPS_IMU
LOCATION,1790493605617,29.7578283,52.4435783,245.000,true,11.40,81.766,source=fused:fused;speedReason=OK;derived=85.66;locationGapMs=1003;callbackGapMs=1003;fusion=GPS_IMU
LOCATION,1790493606630,29.7577417,52.4433583,245.000,true,11.40,81.820,source=fused:fused;speedReason=OK;derived=85.66;locationGapMs=1011;callbackGapMs=1011;fusion=GPS_IMU
LOCATION,1790493607961,29.7576550,52.4431417,245.000,true,11.40,81.847,source=fused:fused;speedReason=OK;derived=83.12;locationGapMs=1045;callbackGapMs=1045;fusion=GPS_IMU
LOCATION,1790493608618,29.7575667,52.4429250,245.000,true,11.40,81.859,source=fused:fused;speedReason=OK;derived=83.12;locationGapMs=945;callbackGapMs=945;fusion=GPS_IMU
LOCATION,1790493609615,29.7574833,52.4427133,245.000,true,11.40,81.865,source=fused:fused;speedReason=OK;derived=81.37;locationGapMs=994;callbackGapMs=994;fusion=GPS_IMU
LOCATION,1790493610615,29.7574017,52.4425033,245.000,true,11.40,81.847,source=fused:fused;speedReason=OK;derived=81.37;locationGapMs=1002;callbackGapMs=1002;fusion=GPS_IMU
LOCATION,1790493611611,29.7573200,52.4423000,246.000,true,11.40,81.831,source=fused:fused;speedReason=OK;derived=79.88;locationGapMs=996;callbackGapMs=996;fusion=GPS_IMU
LOCATION,1790493612617,29.7572417,52.4421033,246.000,true,11.42,81.792,source=fused:fused;speedReason=OK;derived=78.25;locationGapMs=1006;callbackGapMs=1006;fusion=GPS_IMU
LOCATION,1790493613876,29.7571667,52.4419100,246.000,true,11.43,81.700,source=fused:fused;speedReason=OK;derived=74.83;locationGapMs=996;callbackGapMs=996;fusion=GPS_IMU
LOCATION,1790493614614,29.7570983,52.4417233,246.000,true,11.46,81.572,source=fused:fused;speedReason=OK;derived=73.96;locationGapMs=998;callbackGapMs=998;fusion=GPS_IMU
LOCATION,1790493615619,29.7570317,52.4415417,246.000,true,11.45,81.440,source=fused:fused;speedReason=OK;derived=70.65;locationGapMs=1006;callbackGapMs=1006;fusion=GPS_IMU
LOCATION,1790493616612,29.7569600,52.4413517,246.000,true,11.46,81.177,source=fused:fused;speedReason=OK;derived=70.65;locationGapMs=995;callbackGapMs=995;fusion=GPS_IMU
LOCATION,1790493617896,29.7568883,52.4411667,246.000,true,11.47,80.865,source=fused:fused;speedReason=OK;derived=69.99;locationGapMs=1007;callbackGapMs=1007;fusion=GPS_IMU
LOCATION,1790493618665,29.7568217,52.4409917,246.000,true,11.46,80.636,source=fused:fused;speedReason=OK;derived=69.99;locationGapMs=1045;callbackGapMs=1045;fusion=GPS_IMU
LOCATION,1790493619614,29.7567550,52.4408200,246.000,true,11.44,80.241,source=fused:fused;speedReason=OK;derived=68.89;locationGapMs=950;callbackGapMs=950;fusion=GPS_IMU
LOCATION,1790493620616,29.7566900,52.4406517,246.000,true,11.44,79.894,source=fused:fused;speedReason=OK;derived=63.96;locationGapMs=1002;callbackGapMs=1002;fusion=GPS_IMU
LOCATION,1790493621896,29.7566267,52.4404917,245.000,true,11.44,79.366,source=fused:fused;speedReason=OK;derived=63.96;locationGapMs=1009;callbackGapMs=1009;fusion=GPS_IMU
LOCATION,1790493622611,29.7565683,52.4403450,245.000,true,11.43,78.963,source=fused:fused;speedReason=OK;derived=60.62;locationGapMs=986;callbackGapMs=986;fusion=GPS_IMU
LOCATION,1790493623617,29.7565200,52.4402150,246.000,true,11.42,78.139,source=fused:fused;speedReason=OK;derived=56.94;locationGapMs=1006;callbackGapMs=1006;fusion=GPS_IMU
LOCATION,1790493624954,29.7564667,52.4400833,246.000,true,11.40,77.267,source=fused:fused;speedReason=OK;derived=48.90;locationGapMs=1056;callbackGapMs=1056;fusion=GPS_IMU
LOCATION,1790493625617,29.7564083,52.4399500,246.000,true,11.40,76.239,source=fused:fused;speedReason=OK;derived=48.90;locationGapMs=943;callbackGapMs=943;fusion=GPS_IMU
LOCATION,1790493626620,29.7563567,52.4398150,245.000,true,11.40,75.252,source=fused:fused;speedReason=OK;derived=51.17;locationGapMs=1003;callbackGapMs=1003;fusion=GPS_IMU
LOCATION,1790493627630,29.7563000,52.4396767,245.000,true,11.40,74.317,source=fused:fused;speedReason=OK;derived=52.89;locationGapMs=1006;callbackGapMs=1006;fusion=GPS_IMU
LOCATION,1790493628899,29.7562433,52.4395367,245.000,true,11.40,73.441,source=fused:fused;speedReason=OK;derived=52.89;locationGapMs=999;callbackGapMs=999;fusion=GPS_IMU
LOCATION,1790493629620,29.7561850,52.4393933,245.000,true,11.40,72.766,source=fused:fused;speedReason=OK;derived=53.80;locationGapMs=996;callbackGapMs=996;fusion=GPS_IMU
LOCATION,1790493630886,29.7561267,52.4392483,244.000,true,11.38,72.064,source=fused:fused;speedReason=OK;derived=55.31;locationGapMs=993;callbackGapMs=993;fusion=GPS_IMU
LOCATION,1790493631618,29.7560600,52.4391000,243.000,true,11.37,71.453,source=fused:fused;speedReason=OK;derived=55.98;locationGapMs=1005;callbackGapMs=1005;fusion=GPS_IMU
LOCATION,1790493632890,29.7559917,52.4389517,242.000,true,11.35,70.937,source=fused:fused;speedReason=OK;derived=57.80;locationGapMs=992;callbackGapMs=992;fusion=GPS_IMU
LOCATION,1790493633624,29.7559183,52.4388017,241.000,true,11.33,70.385,source=fused:fused;speedReason=OK;derived=58.86;locationGapMs=1008;callbackGapMs=1008;fusion=GPS_IMU
LOCATION,1790493634885,29.7558500,52.4386500,242.000,true,11.32,69.886,source=fused:fused;speedReason=OK;derived=59.41;locationGapMs=995;callbackGapMs=995;fusion=GPS_IMU
LOCATION,1790493635668,29.7557833,52.4384983,243.000,true,11.30,69.522,source=fused:fused;speedReason=OK;derived=59.41;locationGapMs=1055;callbackGapMs=1055;fusion=GPS_IMU
LOCATION,1790493636913,29.7557183,52.4383400,244.000,true,11.30,69.235,source=fused:fused;speedReason=OK;derived=59.74;locationGapMs=945;callbackGapMs=945;fusion=GPS_IMU
LOCATION,1790493637616,29.7556567,52.4381800,245.000,true,11.30,68.963,source=fused:fused;speedReason=OK;derived=60.71;locationGapMs=1003;callbackGapMs=1003;fusion=GPS_IMU
LOCATION,1790493638907,29.7555917,52.4380117,245.000,true,11.30,68.755,source=fused:fused;speedReason=OK;derived=64.09;locationGapMs=1000;callbackGapMs=1000;fusion=GPS_IMU
LOCATION,1790493639616,29.7555217,52.4378400,245.000,true,11.30,68.634,source=fused:fused;speedReason=OK;derived=64.09;locationGapMs=998;callbackGapMs=998;fusion=GPS_IMU
LOCATION,1790493640885,29.7554517,52.4376717,245.000,true,11.30,68.518,source=fused:fused;speedReason=OK;derived=64.72;locationGapMs=1003;callbackGapMs=1003;fusion=GPS_IMU
LOCATION,1790493641686,29.7553900,52.4375083,245.000,true,11.30,68.347,source=fused:fused;speedReason=OK;derived=64.72;locationGapMs=1069;callbackGapMs=1069;fusion=GPS_IMU
LOCATION,1790493642616,29.7553267,52.4373550,245.000,true,11.32,67.995,source=fused:fused;speedReason=OK;derived=63.64;locationGapMs=928;callbackGapMs=928;fusion=GPS_IMU
LOCATION,1790493643620,29.7552617,52.4372033,244.000,true,11.32,67.619,source=fused:fused;speedReason=OK;derived=58.73;locationGapMs=1002;callbackGapMs=1002;fusion=GPS_IMU
LOCATION,1790493644630,29.7551933,52.4370467,245.000,true,11.32,67.358,source=fused:fused;speedReason=OK;derived=60.31;locationGapMs=1011;callbackGapMs=1011;fusion=GPS_IMU
LOCATION,1790493645626,29.7551133,52.4368917,245.000,true,11.34,67.168,source=fused:fused;speedReason=OK;derived=60.31;locationGapMs=998;callbackGapMs=998;fusion=GPS_IMU
LOCATION,1790493646624,29.7550500,52.4367417,245.000,true,11.35,66.981,source=fused:fused;speedReason=OK;derived=60.31;locationGapMs=999;callbackGapMs=999;fusion=GPS_IMU
LOCATION,1790493647670,29.7549883,52.4365900,245.000,true,11.36,66.794,source=fused:fused;speedReason=OK;derived=58.08;locationGapMs=1046;callbackGapMs=1046;fusion=GPS_IMU
LOCATION,1790493648615,29.7549233,52.4364350,245.000,true,11.37,66.583,source=fused:fused;speedReason=OK;derived=58.08;locationGapMs=944;callbackGapMs=944;fusion=GPS_IMU
LOCATION,1790493649620,29.7548583,52.4362750,244.000,true,11.37,66.415,source=fused:fused;speedReason=OK;derived=61.09;locationGapMs=1006;callbackGapMs=1006;fusion=GPS_IMU
LOCATION,1790493650620,29.7547950,52.4361100,244.000,true,11.37,66.279,source=fused:fused;speedReason=OK;derived=62.89;locationGapMs=998;callbackGapMs=998;fusion=GPS_IMU
LOCATION,1790493651624,29.7547333,52.4359400,245.000,true,11.34,66.191,source=fused:fused;speedReason=OK;derived=62.89;locationGapMs=1006;callbackGapMs=1006;fusion=GPS_IMU
LOCATION,1790493652624,29.7546683,52.4357683,245.000,true,11.33,66.185,source=fused:fused;speedReason=OK;derived=63.73;locationGapMs=1000;callbackGapMs=1000;fusion=GPS_IMU
LOCATION,1790493653670,29.7546000,52.4355933,245.000,true,11.30,66.195,source=fused:fused;speedReason=OK;derived=63.82;locationGapMs=1046;callbackGapMs=1046;fusion=GPS_IMU
LOCATION,1790493654618,29.7545250,52.4354183,244.000,true,11.30,66.232,source=fused:fused;speedReason=OK;derived=65.17;locationGapMs=949;callbackGapMs=949;fusion=GPS_IMU
LOCATION,1790493655625,29.7544533,52.4352467,243.000,true,11.30,66.241,source=fused:fused;speedReason=OK;derived=65.98;locationGapMs=1004;callbackGapMs=1004;fusion=GPS_IMU
LOCATION,1790493656622,29.7543850,52.4350833,243.000,true,11.30,66.239,source=fused:fused;speedReason=OK;derived=65.98;locationGapMs=999;callbackGapMs=999;fusion=GPS_IMU
LOCATION,1790493657624,29.7543150,52.4349217,243.000,true,11.30,66.238,source=fused:fused;speedReason=OK;derived=63.15;locationGapMs=1002;callbackGapMs=1002;fusion=GPS_IMU
LOCATION,1790493658630,29.7542467,52.4347533,244.000,true,11.30,66.248,source=fused:fused;speedReason=OK;derived=63.15;locationGapMs=1006;callbackGapMs=1006;fusion=GPS_IMU
LOCATION,1790493659676,29.7541767,52.4345800,245.000,true,11.30,66.277,source=fused:fused;speedReason=OK;derived=63.63;locationGapMs=1045;callbackGapMs=1045;fusion=GPS_IMU
LOCATION,1790493660628,29.7541117,52.4344000,246.000,true,11.30,66.347,source=fused:fused;speedReason=OK;derived=64.28;locationGapMs=949;callbackGapMs=949;fusion=GPS_IMU
LOCATION,1790493661628,29.7540483,52.4342167,247.000,true,11.30,66.422,source=fused:fused;speedReason=OK;derived=68.45;locationGapMs=1003;callbackGapMs=1003;fusion=GPS_IMU
LOCATION,1790493662625,29.7539850,52.4340300,247.000,true,11.30,66.510,source=fused:fused;speedReason=OK;derived=69.95;locationGapMs=997;callbackGapMs=997;fusion=GPS_IMU
LOCATION,1790493663618,29.7539167,52.4338417,248.000,true,11.30,66.678,source=fused:fused;speedReason=OK;derived=69.95;locationGapMs=995;callbackGapMs=995;fusion=GPS_IMU
LOCATION,1790493664615,29.7538533,52.4336483,248.000,true,11.30,66.865,source=fused:fused;speedReason=OK;derived=71.36;locationGapMs=997;callbackGapMs=997;fusion=GPS_IMU
LOCATION,1790493665675,29.7537900,52.4334550,248.000,true,11.30,67.085,source=fused:fused;speedReason=OK;derived=71.36;locationGapMs=1054;callbackGapMs=1054;fusion=GPS_IMU
LOCATION,1790493666628,29.7537283,52.4332567,249.000,true,11.30,67.308,source=fused:fused;speedReason=OK;derived=72.15;locationGapMs=958;callbackGapMs=958;fusion=GPS_IMU
LOCATION,1790493667629,29.7536667,52.4330633,250.000,true,11.30,67.510,source=fused:fused;speedReason=OK;derived=71.69;locationGapMs=1000;callbackGapMs=1000;fusion=GPS_IMU
LOCATION,1790493668626,29.7536067,52.4328750,250.000,true,11.30,67.581,source=fused:fused;speedReason=OK;derived=71.69;locationGapMs=998;callbackGapMs=998;fusion=GPS_IMU
LOCATION,1790493669628,29.7535433,52.4326817,250.000,true,11.30,67.661,source=fused:fused;speedReason=OK;derived=71.69;locationGapMs=1001;callbackGapMs=1001;fusion=GPS_IMU
LOCATION,1790493670604,29.7534800,52.4325000,250.000,true,11.30,67.727,source=fused:fused;speedReason=OK;derived=69.94;locationGapMs=977;callbackGapMs=977;fusion=GPS_IMU
LOCATION,1790493671663,29.7534217,52.4323250,250.000,true,11.32,67.656,source=fused:fused;speedReason=OK;derived=69.73;locationGapMs=1056;callbackGapMs=1056;fusion=GPS_IMU
LOCATION,1790493672620,29.7533650,52.4321483,250.000,true,11.32,67.583,source=fused:fused;speedReason=OK;derived=68.29;locationGapMs=960;callbackGapMs=960;fusion=GPS_IMU
LOCATION,1790493673621,29.7533117,52.4319750,250.000,true,11.32,67.466,source=fused:fused;speedReason=OK;derived=63.92;locationGapMs=1001;callbackGapMs=1001;fusion=GPS_IMU
LOCATION,1790493674626,29.7532550,52.4318050,250.000,true,11.32,67.308,source=fused:fused;speedReason=OK;derived=63.92;locationGapMs=1004;callbackGapMs=1004;fusion=GPS_IMU
LOCATION,1790493675617,29.7531983,52.4316300,251.000,true,11.32,67.158,source=fused:fused;speedReason=OK;derived=63.92;locationGapMs=992;callbackGapMs=992;fusion=GPS_IMU
LOCATION,1790493676633,29.7531467,52.4314600,251.000,true,11.30,67.006,source=fused:fused;speedReason=OK;derived=63.12;locationGapMs=1015;callbackGapMs=1015;fusion=GPS_IMU
LOCATION,1790493677677,29.7530967,52.4312950,250.000,true,11.30,66.760,source=fused:fused;speedReason=OK;derived=61.75;locationGapMs=1042;callbackGapMs=1042;fusion=GPS_IMU
LOCATION,1790493678622,29.7530467,52.4311367,249.000,true,11.30,66.404,source=fused:fused;speedReason=OK;derived=61.75;locationGapMs=948;callbackGapMs=948;fusion=GPS_IMU
LOCATION,1790493679634,29.7529917,52.4309850,246.000,true,11.30,66.068,source=fused:fused;speedReason=OK;derived=58.37;locationGapMs=1012;callbackGapMs=1012;fusion=GPS_IMU
LOCATION,1790493680630,29.7529283,52.4308383,242.000,true,11.30,65.744,source=fused:fused;speedReason=OK;derived=57.23;locationGapMs=996;callbackGapMs=996;fusion=GPS_IMU
LOCATION,1790493681628,29.7528467,52.4307033,237.000,true,11.30,65.347,source=fused:fused;speedReason=OK;derived=57.23;locationGapMs=998;callbackGapMs=998;fusion=GPS_IMU
LOCATION,1790493682631,29.7527550,52.4305800,231.000,true,11.30,65.020,source=fused:fused;speedReason=OK;derived=57.23;locationGapMs=1004;callbackGapMs=1004;fusion=GPS_IMU
LOCATION,1790493683687,29.7526550,52.4304667,224.000,true,11.32,64.719,source=fused:fused;speedReason=OK;derived=56.19;locationGapMs=1050;callbackGapMs=1050;fusion=GPS_IMU
LOCATION,1790493684625,29.7525450,52.4303733,217.000,true,11.33,64.348,source=fused:fused;speedReason=OK;derived=56.19;locationGapMs=942;callbackGapMs=942;fusion=GPS_IMU
LOCATION,1790493685632,29.7524217,52.4302950,211.000,true,11.36,64.039,source=fused:fused;speedReason=OK;derived=55.81;locationGapMs=1008;callbackGapMs=1008;fusion=GPS_IMU
LOCATION,1790493686623,29.7522967,52.4302267,205.000,true,11.37,63.685,source=fused:fused;speedReason=OK;derived=55.81;locationGapMs=991;callbackGapMs=991;fusion=GPS_IMU
LOCATION,1790493687627,29.7521633,52.4301650,200.000,true,11.38,63.363,source=fused:fused;speedReason=OK;derived=55.81;locationGapMs=1003;callbackGapMs=1003;fusion=GPS_IMU
LOCATION,1790493688622,29.7520233,52.4301250,193.000,true,11.40,63.137,source=fused:fused;speedReason=OK;derived=57.23;locationGapMs=996;callbackGapMs=996;fusion=GPS_IMU
LOCATION,1790493689686,29.7518800,52.4301067,187.000,true,11.40,62.913,source=fused:fused;speedReason=OK;derived=57.23;locationGapMs=1058;callbackGapMs=1058;fusion=GPS_IMU
LOCATION,1790493690631,29.7517300,52.4301017,181.000,true,11.40,62.772,source=fused:fused;speedReason=OK;derived=57.81;locationGapMs=951;callbackGapMs=951;fusion=GPS_IMU
LOCATION,1790493691624,29.7515750,52.4301167,173.000,true,11.40,62.677,source=fused:fused;speedReason=OK;derived=62.51;locationGapMs=993;callbackGapMs=993;fusion=GPS_IMU
LOCATION,1790493692626,29.7514167,52.4301517,167.000,true,11.40,62.698,source=fused:fused;speedReason=OK;derived=62.97;locationGapMs=1002;callbackGapMs=1002;fusion=GPS_IMU
LOCATION,1790493693617,29.7512550,52.4302067,163.000,true,11.40,62.835,source=fused:fused;speedReason=OK;derived=64.21;locationGapMs=990;callbackGapMs=990;fusion=GPS_IMU
LOCATION,1790493694603,29.7510883,52.4302733,160.000,true,11.40,63.144,source=fused:fused;speedReason=OK;derived=67.99;locationGapMs=983;callbackGapMs=983;fusion=GPS_IMU
LOCATION,1790493695687,29.7509150,52.4303467,159.000,true,11.40,63.559,source=fused:fused;speedReason=OK;derived=68.01;locationGapMs=1084;callbackGapMs=1084;fusion=GPS_IMU
LOCATION,1790493696633,29.7507383,52.4304250,158.000,true,11.40,64.006,source=fused:fused;speedReason=OK;derived=71.67;locationGapMs=945;callbackGapMs=945;fusion=GPS_IMU
LOCATION,1790493697625,29.7505567,52.4305067,157.000,true,11.40,64.622,source=fused:fused;speedReason=OK;derived=78.17;locationGapMs=996;callbackGapMs=996;fusion=GPS_IMU
LOCATION,1790493698621,29.7503700,52.4305883,157.000,true,11.40,65.208,source=fused:fused;speedReason=OK;derived=79.98;locationGapMs=997;callbackGapMs=997;fusion=GPS_IMU
LOCATION,1790493699615,29.7501817,52.4306700,157.000,true,11.42,65.800,source=fused:fused;speedReason=OK;derived=79.98;locationGapMs=992;callbackGapMs=992;fusion=GPS_IMU
LOCATION,1790493700605,29.7499950,52.4307533,157.000,true,11.43,66.384,source=fused:fused;speedReason=OK;derived=80.51;locationGapMs=993;callbackGapMs=993;fusion=GPS_IMU
LOCATION,1790493701689,29.7498033,52.4308350,158.000,true,11.46,66.956,source=fused:fused;speedReason=OK;derived=80.51;locationGapMs=1080;callbackGapMs=1080;fusion=GPS_IMU
LOCATION,1790493702634,29.7496133,52.4309150,158.000,true,11.48,67.517,source=fused:fused;speedReason=OK;derived=80.51;locationGapMs=948;callbackGapMs=948;fusion=GPS_IMU
LOCATION,1790493703616,29.7494233,52.4309950,158.000,true,11.48,68.056,source=fused:fused;speedReason=OK;derived=82.34;locationGapMs=981;callbackGapMs=981;fusion=GPS_IMU
LOCATION,1790493704626,29.7492333,52.4310767,158.000,true,11.50,68.585,source=fused:fused;speedReason=OK;derived=82.34;locationGapMs=1008;callbackGapMs=1008;fusion=GPS_IMU
LOCATION,1790493705619,29.7490450,52.4311600,158.000,true,11.50,69.093,source=fused:fused;speedReason=OK;derived=80.87;locationGapMs=996;callbackGapMs=996;fusion=GPS_IMU
LOCATION,1790493706619,29.7488550,52.4312383,159.000,true,11.50,69.634,source=fused:fused;speedReason=OK;derived=80.57;locationGapMs=1000;callbackGapMs=1000;fusion=GPS_IMU
LOCATION,1790493707688,29.7486633,52.4313183,159.000,true,11.50,70.063,source=fused:fused;speedReason=OK;derived=80.57;locationGapMs=1066;callbackGapMs=1066;fusion=GPS_IMU
LOCATION,1790493708619,29.7484750,52.4313967,159.000,true,11.52,70.470,source=fused:fused;speedReason=OK;derived=80.57;locationGapMs=934;callbackGapMs=934;fusion=GPS_IMU
LOCATION,1790493709886,29.7482883,52.4314717,159.000,true,11.54,70.813,source=fused:fused;speedReason=OK;derived=78.32;locationGapMs=1008;callbackGapMs=1008;fusion=GPS_IMU
LOCATION,1790493710620,29.7481067,52.4315467,159.000,true,11.55,71.122,source=fused:fused;speedReason=OK;derived=78.32;locationGapMs=990;callbackGapMs=990;fusion=GPS_IMU
LOCATION,1790493711615,29.7479333,52.4316183,159.000,true,11.57,71.239,source=fused:fused;speedReason=OK;derived=77.81;locationGapMs=998;callbackGapMs=998;fusion=GPS_IMU
LOCATION,1790493712616,29.7477567,52.4316917,158.000,true,11.55,71.318,source=fused:fused;speedReason=OK;derived=74.89;locationGapMs=1001;callbackGapMs=1001;fusion=GPS_IMU
LOCATION,1790493713679,29.7475817,52.4317667,157.000,true,11.52,71.364,source=fused:fused;speedReason=OK;derived=73.70;locationGapMs=1064;callbackGapMs=1064;fusion=GPS_IMU
LOCATION,1790493714620,29.7474167,52.4318417,157.000,true,11.50,71.391,source=fused:fused;speedReason=OK;derived=74.89;locationGapMs=940;callbackGapMs=940;fusion=GPS_IMU
LOCATION,1790493715891,29.7472567,52.4319150,157.000,true,11.47,71.359,source=fused:fused;speedReason=OK;derived=70.07;locationGapMs=1000;callbackGapMs=1000;fusion=GPS_IMU
LOCATION,1790493716617,29.7471000,52.4319817,157.000,true,11.40,71.246,source=fused:fused;speedReason=OK;derived=68.76;locationGapMs=998;callbackGapMs=998;fusion=GPS_IMU
LOCATION,1790493717613,29.7469417,52.4320483,157.000,true,11.40,71.148,source=fused:fused;speedReason=OK;derived=67.63;locationGapMs=995;callbackGapMs=995;fusion=GPS_IMU
LOCATION,1790493718613,29.7467850,52.4321167,157.000,true,11.40,71.049,source=fused:fused;speedReason=OK;derived=66.98;locationGapMs=999;callbackGapMs=999;fusion=GPS_IMU
LOCATION,1790493719666,29.7466283,52.4321867,158.000,true,11.40,70.980,source=fused:fused;speedReason=OK;derived=66.98;locationGapMs=1054;callbackGapMs=1054;fusion=GPS_IMU
LOCATION,1790493720916,29.7464783,52.4322567,158.000,true,11.40,70.884,source=fused:fused;speedReason=OK;derived=66.98;locationGapMs=963;callbackGapMs=963;fusion=GPS_IMU
LOCATION,1790493721625,29.7463450,52.4323217,158.000,true,11.40,70.691,source=fused:fused;speedReason=OK;derived=63.68;locationGapMs=996;callbackGapMs=996;fusion=GPS_IMU
LOCATION,1790493722612,29.7462167,52.4323767,158.000,true,11.40,70.436,source=fused:fused;speedReason=OK;derived=58.04;locationGapMs=987;callbackGapMs=987;fusion=GPS_IMU
LOCATION,1790493723608,29.7461033,52.4324283,158.000,true,11.40,69.976,source=fused:fused;speedReason=OK;derived=55.38;locationGapMs=997;callbackGapMs=997;fusion=GPS_IMU
LOCATION,1790493724900,29.7460083,52.4324733,158.000,true,11.42,69.274,source=fused:fused;speedReason=OK;derived=48.84;locationGapMs=1012;callbackGapMs=1012;fusion=GPS_IMU
LOCATION,1790493725663,29.7459317,52.4325100,157.000,true,11.43,68.170,source=fused:fused;speedReason=OK;derived=40.53;locationGapMs=1038;callbackGapMs=1038;fusion=GPS_IMU
LOCATION,1790493726622,29.7458650,52.4325433,157.000,true,11.45,66.712,source=fused:fused;speedReason=OK;derived=31.92;locationGapMs=962;callbackGapMs=962;fusion=GPS_IMU
LOCATION,1790493727615,29.7458050,52.4325700,156.000,true,11.47,65.093,source=fused:fused;speedReason=OK;derived=30.18;locationGapMs=994;callbackGapMs=994;fusion=GPS_IMU
LOCATION,1790493728895,29.7457433,52.4325967,156.000,true,11.48,63.227,source=fused:fused;speedReason=OK;derived=26.37;locationGapMs=998;callbackGapMs=998;fusion=GPS_IMU
LOCATION,1790493729612,29.7456750,52.4326250,157.000,true,11.47,61.541,source=fused:fused;speedReason=OK;derived=26.37;locationGapMs=999;callbackGapMs=999;fusion=GPS_IMU
LOCATION,1790493730611,29.7456033,52.4326550,159.000,true,11.43,60.496,source=fused:fused;speedReason=OK;derived=29.01;locationGapMs=998;callbackGapMs=998;fusion=GPS_IMU
LOCATION,1790493731944,29.7455300,52.4326850,159.000,true,11.40,59.114,source=fused:fused;speedReason=OK;derived=29.44;locationGapMs=1055;callbackGapMs=1055;fusion=GPS_IMU
LOCATION,1790493732615,29.7454567,52.4327167,159.000,true,11.34,58.018,source=fused:fused;speedReason=OK;derived=30.52;locationGapMs=950;callbackGapMs=950;fusion=GPS_IMU
LOCATION,1790493733620,29.7453867,52.4327500,158.000,true,11.32,56.736,source=fused:fused;speedReason=OK;derived=30.09;locationGapMs=1005;callbackGapMs=1005;fusion=GPS_IMU
LOCATION,1790493734613,29.7453167,52.4327883,156.000,true,11.32,55.719,source=fused:fused;speedReason=OK;derived=31.17;locationGapMs=993;callbackGapMs=993;fusion=GPS_IMU
LOCATION,1790493735895,29.7452433,52.4328250,156.000,true,11.30,54.591,source=fused:fused;speedReason=OK;derived=31.17;locationGapMs=1000;callbackGapMs=1000;fusion=GPS_IMU
LOCATION,1790493736613,29.7451683,52.4328633,157.000,true,11.30,53.708,source=fused:fused;speedReason=OK;derived=31.96;locationGapMs=1001;callbackGapMs=1001;fusion=GPS_IMU
LOCATION,1790493737618,29.7450883,52.4329017,157.000,true,11.30,52.768,source=fused:fused;speedReason=OK;derived=32.73;locationGapMs=1000;callbackGapMs=1000;fusion=GPS_IMU
LOCATION,1790493738894,29.7450050,52.4329383,158.000,true,11.30,52.107,source=fused:fused;speedReason=OK;derived=34.61;locationGapMs=997;callbackGapMs=997;fusion=GPS_IMU
LOCATION,1790493739620,29.7449183,52.4329750,159.000,true,11.30,51.504,source=fused:fused;speedReason=OK;derived=35.71;locationGapMs=1006;callbackGapMs=1006;fusion=GPS_IMU
LOCATION,1790493740886,29.7448283,52.4330100,160.000,true,11.30,50.931,source=fused:fused;speedReason=OK;derived=36.66;locationGapMs=995;callbackGapMs=995;fusion=GPS_IMU
LOCATION,1790493741612,29.7447400,52.4330450,161.000,true,11.30,50.264,source=fused:fused;speedReason=OK;derived=37.28;locationGapMs=1000;callbackGapMs=1000;fusion=GPS_IMU
LOCATION,1790493742949,29.7446500,52.4330800,161.000,true,11.30,49.635,source=fused:fused;speedReason=OK;derived=37.28;locationGapMs=1055;callbackGapMs=1055;fusion=GPS_IMU
LOCATION,1790493743614,29.7445583,52.4331150,160.000,true,11.30,49.063,source=fused:fused;speedReason=OK;derived=37.28;locationGapMs=946;callbackGapMs=946;fusion=GPS_IMU
LOCATION,1790493744910,29.7444633,52.4331533,160.000,true,11.30,48.538,source=fused:fused;speedReason=OK;derived=40.11;locationGapMs=1002;callbackGapMs=1002;fusion=GPS_IMU
LOCATION,1790493745616,29.7443667,52.4331933,160.000,true,11.30,48.144,source=fused:fused;speedReason=OK;derived=40.77;locationGapMs=1001;callbackGapMs=1001;fusion=GPS_IMU
LOCATION,1790493746912,29.7442717,52.4332367,159.000,true,11.30,47.832,source=fused:fused;speedReason=OK;derived=40.73;locationGapMs=1002;callbackGapMs=1002;fusion=GPS_IMU
LOCATION,1790493747620,29.7441717,52.4332817,159.000,true,11.30,47.589,source=fused:fused;speedReason=OK;derived=40.95;locationGapMs=998;callbackGapMs=998;fusion=GPS_IMU
LOCATION,1790493748912,29.7440667,52.4333250,159.000,true,11.30,47.448,source=fused:fused;speedReason=OK;derived=42.96;locationGapMs=1005;callbackGapMs=1005;fusion=GPS_IMU
LOCATION,1790493749615,29.7439617,52.4333667,160.000,true,11.30,47.334,source=fused:fused;speedReason=OK;derived=44.31;locationGapMs=993;callbackGapMs=993;fusion=GPS_IMU
LOCATION,1790493750889,29.7438550,52.4334100,160.000,true,11.30,47.204,source=fused:fused;speedReason=OK;derived=44.66;locationGapMs=1000;callbackGapMs=1000;fusion=GPS_IMU
LOCATION,1790493751615,29.7437517,52.4334533,160.000,true,11.30,47.066,source=fused:fused;speedReason=OK;derived=44.66;locationGapMs=1001;callbackGapMs=1001;fusion=GPS_IMU
LOCATION,1790493752912,29.7436500,52.4334917,160.000,true,11.30,46.900,source=fused:fused;speedReason=OK;derived=43.85;locationGapMs=995;callbackGapMs=995;fusion=GPS_IMU
LOCATION,1790493753661,29.7435517,52.4335267,160.000,true,11.30,46.733,source=fused:fused;speedReason=OK;derived=42.94;locationGapMs=1048;callbackGapMs=1048;fusion=GPS_IMU
LOCATION,1790493754888,29.7434500,52.4335650,161.000,true,11.30,46.572,source=fused:fused;speedReason=OK;derived=42.94;locationGapMs=956;callbackGapMs=956;fusion=GPS_IMU
LOCATION,1790493755622,29.7433400,52.4336050,161.000,true,11.30,46.431,source=fused:fused;speedReason=OK;derived=44.69;locationGapMs=1008;callbackGapMs=1008;fusion=GPS_IMU
LOCATION,1790493756893,29.7432267,52.4336483,160.000,true,11.30,46.428,source=fused:fused;speedReason=OK;derived=45.69;locationGapMs=993;callbackGapMs=993;fusion=GPS_IMU
LOCATION,1790493757613,29.7430950,52.4336950,160.000,true,11.30,46.481,source=fused:fused;speedReason=OK;derived=48.00;locationGapMs=998;callbackGapMs=998;fusion=GPS_IMU
LOCATION,1790493758610,29.7429700,52.4337483,160.000,true,11.30,46.576,source=fused:fused;speedReason=OK;derived=53.38;locationGapMs=997;callbackGapMs=997;fusion=GPS_IMU
LOCATION,1790493759662,29.7428450,52.4337983,160.000,true,11.30,46.669,source=fused:fused;speedReason=OK;derived=53.38;locationGapMs=1046;callbackGapMs=1046;fusion=GPS_IMU
LOCATION,1790493760621,29.7427200,52.4338500,160.000,true,11.30,46.799,source=fused:fused;speedReason=OK;derived=53.38;locationGapMs=965;callbackGapMs=965;fusion=GPS_IMU
LOCATION,1790493761621,29.7425950,52.4339033,159.000,true,11.30,46.967,source=fused:fused;speedReason=OK;derived=53.22;locationGapMs=1000;callbackGapMs=1000;fusion=GPS_IMU
LOCATION,1790493762619,29.7424683,52.4339567,159.000,true,11.32,47.173,source=fused:fused;speedReason=OK;derived=53.98;locationGapMs=998;callbackGapMs=998;fusion=GPS_IMU
LOCATION,1790493763627,29.7423417,52.4340133,160.000,true,11.32,47.389,source=fused:fused;speedReason=OK;derived=53.91;locationGapMs=1006;callbackGapMs=1006;fusion=GPS_IMU
LOCATION,1790493764624,29.7422183,52.4340633,160.000,true,11.32,47.565,source=fused:fused;speedReason=OK;derived=53.91;locationGapMs=996;callbackGapMs=996;fusion=GPS_IMU
LOCATION,1790493765597,29.7421033,52.4341067,160.000,true,11.32,47.662,source=fused:fused;speedReason=OK;derived=52.44;locationGapMs=975;callbackGapMs=975;fusion=GPS_IMU
LOCATION,1790493766623,29.7419850,52.4341533,160.000,true,11.32,47.755,source=fused:fused;speedReason=OK;derived=49.55;locationGapMs=1026;callbackGapMs=1026;fusion=GPS_IMU
LOCATION,1790493767615,29.7418633,52.4342017,161.000,true,11.32,47.852,source=fused:fused;speedReason=OK;derived=49.55;locationGapMs=994;callbackGapMs=994;fusion=GPS_IMU
LOCATION,1790493768618,29.7417350,52.4342483,162.000,true,11.30,47.927,source=fused:fused;speedReason=OK;derived=51.72;locationGapMs=1001;callbackGapMs=1001;fusion=GPS_IMU
LOCATION,1790493769624,29.7416117,52.4342933,162.000,true,11.30,48.050,source=fused:fused;speedReason=OK;derived=51.72;locationGapMs=1007;callbackGapMs=1007;fusion=GPS_IMU
LOCATION,1790493770660,29.7414817,52.4343383,161.000,true,11.30,48.184,source=fused:fused;speedReason=OK;derived=52.46;locationGapMs=1033;callbackGapMs=1033;fusion=GPS_IMU
LOCATION,1790493771617,29.7413500,52.4343883,160.000,true,11.30,48.315,source=fused:fused;speedReason=OK;derived=52.46;locationGapMs=960;callbackGapMs=960;fusion=GPS_IMU
LOCATION,1790493772624,29.7412217,52.4344417,160.000,true,11.30,48.443,source=fused:fused;speedReason=OK;derived=54.20;locationGapMs=1005;callbackGapMs=1005;fusion=GPS_IMU
LOCATION,1790493773620,29.7410967,52.4344967,159.000,true,11.30,48.530,source=fused:fused;speedReason=OK;derived=54.20;locationGapMs=998;callbackGapMs=998;fusion=GPS_IMU
LOCATION,1790493774625,29.7409683,52.4345500,159.000,true,11.30,48.639,source=fused:fused;speedReason=OK;derived=54.20;locationGapMs=1004;callbackGapMs=1004;fusion=GPS_IMU
LOCATION,1790493775624,29.7408483,52.4346033,159.000,true,11.32,48.733,source=fused:fused;speedReason=OK;derived=53.54;locationGapMs=999;callbackGapMs=999;fusion=GPS_IMU
LOCATION,1790493776673,29.7407317,52.4346517,159.000,true,11.32,48.825,source=fused:fused;speedReason=OK;derived=51.41;locationGapMs=1048;callbackGapMs=1048;fusion=GPS_IMU
LOCATION,1790493777620,29.7406067,52.4347050,159.000,true,11.33,48.883,source=fused:fused;speedReason=OK;derived=51.41;locationGapMs=948;callbackGapMs=948;fusion=GPS_IMU
LOCATION,1790493778618,29.7404867,52.4347567,159.000,true,11.34,48.878,source=fused:fused;speedReason=OK;derived=51.21;locationGapMs=999;callbackGapMs=999;fusion=GPS_IMU
LOCATION,1790493779621,29.7403650,52.4348067,160.000,true,11.33,48.874,source=fused:fused;speedReason=OK;derived=51.44;locationGapMs=1003;callbackGapMs=1003;fusion=GPS_IMU
LOCATION,1790493780622,29.7402417,52.4348517,160.000,true,11.34,48.884,source=fused:fused;speedReason=OK;derived=51.44;locationGapMs=1001;callbackGapMs=1001;fusion=GPS_IMU
LOCATION,1790493781597,29.7401067,52.4349067,160.000,true,11.35,48.917,source=fused:fused;speedReason=OK;derived=51.59;locationGapMs=976;callbackGapMs=976;fusion=GPS_IMU
LOCATION,1790493782680,29.7399650,52.4349633,160.000,true,11.36,48.984,source=fused:fused;speedReason=OK;derived=55.60;locationGapMs=1077;callbackGapMs=1077;fusion=GPS_IMU
LOCATION,1790493783618,29.7398300,52.4350150,160.000,true,11.37,49.173,source=fused:fused;speedReason=OK;derived=58.58;locationGapMs=943;callbackGapMs=943;fusion=GPS_IMU
LOCATION,1790493784622,29.7396967,52.4350667,160.000,true,11.38,49.335,source=fused:fused;speedReason=OK;derived=55.93;locationGapMs=1004;callbackGapMs=1004;fusion=GPS_IMU
LOCATION,1790493785622,29.7395733,52.4351150,160.000,true,11.40,49.456,source=fused:fused;speedReason=OK;derived=55.93;locationGapMs=999;callbackGapMs=999;fusion=GPS_IMU
LOCATION,1790493786626,29.7394583,52.4351633,160.000,true,11.40,49.529,source=fused:fused;speedReason=OK;derived=52.09;locationGapMs=1005;callbackGapMs=1005;fusion=GPS_IMU
LOCATION,1790493787617,29.7393533,52.4352167,160.000,true,11.40,49.549,source=fused:fused;speedReason=OK;derived=48.63;locationGapMs=992;callbackGapMs=992;fusion=GPS_IMU
LOCATION,1790493788681,29.7392433,52.4352733,160.000,true,11.40,49.552,source=fused:fused;speedReason=OK;derived=46.21;locationGapMs=1059;callbackGapMs=1059;fusion=GPS_IMU
LOCATION,1790493789618,29.7391300,52.4353217,160.000,true,11.40,49.556,source=fused:fused;speedReason=OK;derived=46.21;locationGapMs=940;callbackGapMs=940;fusion=GPS_IMU
LOCATION,1790493790617,29.7390117,52.4353717,160.000,true,11.40,49.561,source=fused:fused;speedReason=OK;derived=50.37;locationGapMs=999;callbackGapMs=999;fusion=GPS_IMU
LOCATION,1790493791626,29.7388900,52.4354233,159.000,true,11.40,49.594,source=fused:fused;speedReason=OK;derived=51.32;locationGapMs=1009;callbackGapMs=1009;fusion=GPS_IMU
LOCATION,1790493792628,29.7387667,52.4354750,159.000,true,11.40,49.635,source=fused:fused;speedReason=OK;derived=51.32;locationGapMs=1001;callbackGapMs=1001;fusion=GPS_IMU
LOCATION,1790493793618,29.7386400,52.4355317,158.000,true,11.40,49.687,source=fused:fused;speedReason=OK;derived=52.34;locationGapMs=992;callbackGapMs=992;fusion=GPS_IMU
LOCATION,1790493794675,29.7385117,52.4355883,158.000,true,11.40,49.782,source=fused:fused;speedReason=OK;derived=52.34;locationGapMs=1053;callbackGapMs=1053;fusion=GPS_IMU
LOCATION,1790493795623,29.7383883,52.4356450,158.000,true,11.40,49.864,source=fused:fused;speedReason=OK;derived=54.72;locationGapMs=951;callbackGapMs=951;fusion=GPS_IMU
LOCATION,1790493796624,29.7382700,52.4356950,159.000,true,11.40,49.924,source=fused:fused;speedReason=OK;derived=52.10;locationGapMs=1002;callbackGapMs=1002;fusion=GPS_IMU
LOCATION,1790493797618,29.7381467,52.4357450,160.000,true,11.40,49.969,source=fused:fused;speedReason=OK;derived=52.56;locationGapMs=993;callbackGapMs=993;fusion=GPS_IMU
LOCATION,1790493798621,29.7380167,52.4357900,160.000,true,11.40,50.031,source=fused:fused;speedReason=OK;derived=52.56;locationGapMs=1004;callbackGapMs=1004;fusion=GPS_IMU
LOCATION,1790493799625,29.7378900,52.4358433,160.000,true,11.40,50.101,source=fused:fused;speedReason=OK;derived=53.70;locationGapMs=1003;callbackGapMs=1003;fusion=GPS_IMU
LOCATION,1790493800682,29.7377633,52.4359017,158.000,true,11.40,50.156,source=fused:fused;speedReason=OK;derived=53.70;locationGapMs=1054;callbackGapMs=1054;fusion=GPS_IMU
LOCATION,1790493801627,29.7376367,52.4359617,156.000,true,11.40,50.199,source=fused:fused;speedReason=OK;derived=53.70;locationGapMs=950;callbackGapMs=950;fusion=GPS_IMU
LOCATION,1790493802621,29.7375100,52.4360283,155.000,true,11.40,50.226,source=fused:fused;speedReason=OK;derived=56.02;locationGapMs=993;callbackGapMs=993;fusion=GPS_IMU
LOCATION,1790493803617,29.7373817,52.4360967,154.000,true,11.42,50.272,source=fused:fused;speedReason=OK;derived=56.70;locationGapMs=996;callbackGapMs=996;fusion=GPS_IMU
LOCATION,1790493804626,29.7372467,52.4361700,154.000,true,11.44,50.334,source=fused:fused;speedReason=OK;derived=56.70;locationGapMs=1009;callbackGapMs=1009;fusion=GPS_IMU
LOCATION,1790493805625,29.7371067,52.4362500,153.000,true,11.45,50.463,source=fused:fused;speedReason=OK;derived=59.08;locationGapMs=1000;callbackGapMs=1000;fusion=GPS_IMU
LOCATION,1790493806679,29.7369667,52.4363350,153.000,true,11.48,50.780,source=fused:fused;speedReason=OK;derived=60.27;locationGapMs=1049;callbackGapMs=1049;fusion=GPS_IMU
LOCATION,1790493807640,29.7368267,52.4364283,152.000,true,11.48,51.122,source=fused:fused;speedReason=OK;derived=62.43;locationGapMs=965;callbackGapMs=965;fusion=GPS_IMU
LOCATION,1790493808626,29.7366833,52.4365167,151.000,true,11.46,51.451,source=fused:fused;speedReason=OK;derived=65.97;locationGapMs=985;callbackGapMs=985;fusion=GPS_IMU
LOCATION,1790493809588,29.7365417,52.4366067,151.000,true,11.45,51.963,source=fused:fused;speedReason=OK;derived=66.97;locationGapMs=964;callbackGapMs=964;fusion=GPS_IMU
LOCATION,1790493810617,29.7363933,52.4367050,151.000,true,11.43,52.380,source=fused:fused;speedReason=OK;derived=66.47;locationGapMs=1029;callbackGapMs=1029;fusion=GPS_IMU
LOCATION,1790493811626,29.7362467,52.4367983,151.000,true,11.40,52.725,source=fused:fused;speedReason=OK;derived=66.47;locationGapMs=1007;callbackGapMs=1007;fusion=GPS_IMU
LOCATION,1790493812682,29.7360983,52.4368917,151.000,true,11.40,53.085,source=fused:fused;speedReason=OK;derived=66.45;locationGapMs=1052;callbackGapMs=1052;fusion=GPS_IMU
LOCATION,1790493813624,29.7359483,52.4369867,150.000,true,11.40,53.388,source=fused:fused;speedReason=OK;derived=66.45;locationGapMs=947;callbackGapMs=947;fusion=GPS_IMU
LOCATION,1790493814618,29.7358017,52.4370800,151.000,true,11.40,53.621,source=fused:fused;speedReason=OK;derived=67.32;locationGapMs=994;callbackGapMs=994;fusion=GPS_IMU
LOCATION,1790493815625,29.7356600,52.4371700,151.000,true,11.40,53.921,source=fused:fused;speedReason=OK;derived=67.32;locationGapMs=1006;callbackGapMs=1006;fusion=GPS_IMU
LOCATION,1790493816621,29.7355217,52.4372550,151.000,true,11.40,54.197,source=fused:fused;speedReason=OK;derived=64.27;locationGapMs=996;callbackGapMs=996;fusion=GPS_IMU
LOCATION,1790493817623,29.7353867,52.4373383,151.000,true,11.40,54.413,source=fused:fused;speedReason=OK;derived=62.88;locationGapMs=1002;callbackGapMs=1002;fusion=GPS_IMU
LOCATION,1790493818688,29.7352567,52.4374200,152.000,true,11.40,54.512,source=fused:fused;speedReason=OK;derived=61.06;locationGapMs=1060;callbackGapMs=1060;fusion=GPS_IMU
LOCATION,1790493819618,29.7351383,52.4374900,151.000,true,11.40,54.566,source=fused:fused;speedReason=OK;derived=56.80;locationGapMs=936;callbackGapMs=936;fusion=GPS_IMU
LOCATION,1790493820628,29.7350250,52.4375567,151.000,true,11.40,54.471,source=fused:fused;speedReason=OK;derived=55.82;locationGapMs=1009;callbackGapMs=1009;fusion=GPS_IMU
LOCATION,1790493821618,29.7349117,52.4376217,151.000,true,11.38,54.283,source=fused:fused;speedReason=OK;derived=51.02;locationGapMs=991;callbackGapMs=991;fusion=GPS_IMU
LOCATION,1790493822629,29.7348017,52.4376833,151.000,true,11.36,54.101,source=fused:fused;speedReason=OK;derived=50.38;locationGapMs=1011;callbackGapMs=1011;fusion=GPS_IMU
LOCATION,1790493823628,29.7347017,52.4377450,150.000,true,11.35,53.782,source=fused:fused;speedReason=OK;derived=48.33;locationGapMs=998;callbackGapMs=998;fusion=GPS_IMU
LOCATION,1790493824620,29.7345983,52.4378083,150.000,true,11.33,53.418,source=fused:fused;speedReason=OK;derived=47.25;locationGapMs=990;callbackGapMs=990;fusion=GPS_IMU
LOCATION,1790493825618,29.7344900,52.4378767,152.000,true,11.32,53.166,source=fused:fused;speedReason=OK;derived=47.25;locationGapMs=1001;callbackGapMs=1001;fusion=GPS_IMU
LOCATION,1790493826623,29.7343767,52.4379467,152.000,true,11.30,53.011,source=fused:fused;speedReason=OK;derived=49.30;locationGapMs=1005;callbackGapMs=1005;fusion=GPS_IMU
LOCATION,1790493827674,29.7342600,52.4380133,152.000,true,11.30,52.904,source=fused:fused;speedReason=OK;derived=49.45;locationGapMs=1052;callbackGapMs=1052;fusion=GPS_IMU
LOCATION,1790493828631,29.7341400,52.4380850,153.000,true,11.30,52.891,source=fused:fused;speedReason=OK;derived=51.11;locationGapMs=952;callbackGapMs=952;fusion=GPS_IMU
LOCATION,1790493829628,29.7340167,52.4381567,153.000,true,11.30,52.910,source=fused:fused;speedReason=OK;derived=55.34;locationGapMs=997;callbackGapMs=997;fusion=GPS_IMU
LOCATION,1790493830628,29.7338833,52.4382300,153.000,true,11.30,53.037,source=fused:fused;speedReason=OK;derived=56.73;locationGapMs=1004;callbackGapMs=1004;fusion=GPS_IMU
LOCATION,1790493831620,29.7337417,52.4383067,152.000,true,11.30,53.240,source=fused:fused;speedReason=OK;derived=58.80;locationGapMs=991;callbackGapMs=991;fusion=GPS_IMU
LOCATION,1790493832619,29.7335950,52.4383883,152.000,true,11.30,53.603,source=fused:fused;speedReason=OK;derived=63.07;locationGapMs=1000;callbackGapMs=1000;fusion=GPS_IMU
LOCATION,1790493833685,29.7334517,52.4384817,152.000,true,11.30,54.024,source=fused:fused;speedReason=OK;derived=63.07;locationGapMs=1064;callbackGapMs=1064;fusion=GPS_IMU
LOCATION,1790493834622,29.7333000,52.4385767,152.000,true,11.30,54.456,source=fused:fused;speedReason=OK;derived=65.07;locationGapMs=939;callbackGapMs=939;fusion=GPS_IMU
LOCATION,1790493835627,29.7331467,52.4386683,152.000,true,11.30,54.908,source=fused:fused;speedReason=OK;derived=68.92;locationGapMs=1001;callbackGapMs=1001;fusion=GPS_IMU
LOCATION,1790493836623,29.7329867,52.4387633,152.000,true,11.30,55.395,source=fused:fused;speedReason=OK;derived=71.91;locationGapMs=1000;callbackGapMs=1000;fusion=GPS_IMU
LOCATION,1790493837624,29.7328250,52.4388600,152.000,true,11.30,55.954,source=fused:fused;speedReason=OK;derived=71.91;locationGapMs=1001;callbackGapMs=1001;fusion=GPS_IMU
LOCATION,1790493838629,29.7326667,52.4389550,152.000,true,11.30,56.494,source=fused:fused;speedReason=OK;derived=71.91;locationGapMs=1003;callbackGapMs=1003;fusion=GPS_IMU
LOCATION,1790493839672,29.7325167,52.4390483,152.000,true,11.30,56.897,source=fused:fused;speedReason=OK;derived=71.10;locationGapMs=1042;callbackGapMs=1042;fusion=GPS_IMU
LOCATION,1790493840621,29.7323650,52.4391433,152.000,true,11.32,57.326,source=fused:fused;speedReason=OK;derived=71.10;locationGapMs=952;callbackGapMs=952;fusion=GPS_IMU
LOCATION,1790493841630,29.7322117,52.4392350,152.000,true,11.32,57.645,source=fused:fused;speedReason=OK;derived=68.60;locationGapMs=1006;callbackGapMs=1006;fusion=GPS_IMU
LOCATION,1790493842611,29.7320700,52.4393217,153.000,true,11.33,57.885,source=fused:fused;speedReason=OK;derived=68.60;locationGapMs=984;callbackGapMs=984;fusion=GPS_IMU
LOCATION,1790493843607,29.7319300,52.4394017,153.000,true,11.35,58.067,source=fused:fused;speedReason=OK;derived=65.15;locationGapMs=997;callbackGapMs=997;fusion=GPS_IMU
LOCATION,1790493844620,29.7317883,52.4394800,153.000,true,11.37,58.226,source=fused:fused;speedReason=OK;derived=62.62;locationGapMs=1011;callbackGapMs=1011;fusion=GPS_IMU
LOCATION,1790493845675,29.7316433,52.4395583,153.000,true,11.37,58.381,source=fused:fused;speedReason=OK;derived=62.10;locationGapMs=1052;callbackGapMs=1052;fusion=GPS_IMU
LOCATION,1790493846620,29.7315067,52.4396333,153.000,true,11.35,58.492,source=fused:fused;speedReason=OK;derived=62.10;locationGapMs=947;callbackGapMs=947;fusion=GPS_IMU
LOCATION,1790493847623,29.7313883,52.4397067,151.000,true,11.34,58.427,source=fused:fused;speedReason=OK;derived=60.80;locationGapMs=1001;callbackGapMs=1001;fusion=GPS_IMU
LOCATION,1790493848615,29.7312750,52.4397800,147.000,true,11.32,58.278,source=fused:fused;speedReason=OK;derived=53.67;locationGapMs=995;callbackGapMs=995;fusion=GPS_IMU
LOCATION,1790493849621,29.7311633,52.4398600,148.000,true,11.32,58.108,source=fused:fused;speedReason=OK;derived=52.20;locationGapMs=1007;callbackGapMs=1007;fusion=GPS_IMU
LOCATION,1790493850619,29.7310400,52.4399383,149.000,true,11.32,58.014,source=fused:fused;speedReason=OK;derived=52.20;locationGapMs=999;callbackGapMs=999;fusion=GPS_IMU
LOCATION,1790493851670,29.7309083,52.4400183,151.000,true,11.32,58.004,source=fused:fused;speedReason=OK;derived=56.31;locationGapMs=1045;callbackGapMs=1045;fusion=GPS_IMU
LOCATION,1790493852642,29.7307700,52.4401050,151.000,true,11.32,58.137,source=fused:fused;speedReason=OK;derived=56.92;locationGapMs=972;callbackGapMs=972;fusion=GPS_IMU
LOCATION,1790493853623,29.7306200,52.4401967,153.000,true,11.32,58.367,source=fused:fused;speedReason=OK;derived=64.72;locationGapMs=986;callbackGapMs=986;fusion=GPS_IMU
LOCATION,1790493854620,29.7304617,52.4402900,154.000,true,11.32,58.733,source=fused:fused;speedReason=OK;derived=68.81;locationGapMs=997;callbackGapMs=997;fusion=GPS_IMU
LOCATION,1790493855634,29.7303017,52.4403817,155.000,true,11.30,59.175,source=fused:fused;speedReason=OK;derived=70.54;locationGapMs=1012;callbackGapMs=1012;fusion=GPS_IMU
LOCATION,1790493856620,29.7301417,52.4404717,154.000,true,11.30,59.553,source=fused:fused;speedReason=OK;derived=71.25;locationGapMs=987;callbackGapMs=987;fusion=GPS_IMU
LOCATION,1790493857679,29.7299850,52.4405633,154.000,true,11.30,59.918,source=fused:fused;speedReason=OK;derived=70.54;locationGapMs=1053;callbackGapMs=1053;fusion=GPS_IMU
LOCATION,1790493858621,29.7298317,52.4406550,153.000,true,11.30,60.214,source=fused:fused;speedReason=OK;derived=72.06;locationGapMs=947;callbackGapMs=947;fusion=GPS_IMU
LOCATION,1790493859619,29.7296783,52.4407467,152.000,true,11.30,60.501,source=fused:fused;speedReason=OK;derived=69.11;locationGapMs=999;callbackGapMs=999;fusion=GPS_IMU
LOCATION,1790493860627,29.7295217,52.4408417,152.000,true,11.30,60.831,source=fused:fused;speedReason=OK;derived=70.29;locationGapMs=1006;callbackGapMs=1006;fusion=GPS_IMU
LOCATION,1790493861616,29.7293733,52.4409350,152.000,true,11.30,61.104,source=fused:fused;speedReason=OK;derived=69.11;locationGapMs=993;callbackGapMs=993;fusion=GPS_IMU
LOCATION,1790493862627,29.7292200,52.4410283,152.000,true,11.30,61.300,source=fused:fused;speedReason=OK;derived=68.65;locationGapMs=1009;callbackGapMs=1009;fusion=GPS_IMU
LOCATION,1790493863683,29.7290633,52.4411217,152.000,true,11.30,61.455,source=fused:fused;speedReason=OK;derived=68.03;locationGapMs=1049;callbackGapMs=1049;fusion=GPS_IMU
LOCATION,1790493864625,29.7289100,52.4412133,152.000,true,11.30,61.544,source=fused:fused;speedReason=OK;derived=68.65;locationGapMs=949;callbackGapMs=949;fusion=GPS_IMU
LOCATION,1790493865603,29.7287633,52.4413000,152.000,true,11.32,61.676,source=fused:fused;speedReason=OK;derived=67.28;locationGapMs=979;callbackGapMs=979;fusion=GPS_IMU
LOCATION,1790493866618,29.7286200,52.4413967,152.000,true,11.33,61.728,source=fused:fused;speedReason=OK;derived=67.28;locationGapMs=1015;callbackGapMs=1015;fusion=GPS_IMU
LOCATION,1790493867614,29.7284833,52.4414867,152.000,true,11.35,61.756,source=fused:fused;speedReason=OK;derived=65.38;locationGapMs=996;callbackGapMs=996;fusion=GPS_IMU
LOCATION,1790493868622,29.7283450,52.4415717,152.000,true,11.37,61.777,source=fused:fused;speedReason=OK;derived=63.17;locationGapMs=1007;callbackGapMs=1007;fusion=GPS_IMU
LOCATION,1790493869682,29.7282117,52.4416517,153.000,true,11.40,61.794,source=fused:fused;speedReason=OK;derived=62.19;locationGapMs=1055;callbackGapMs=1055;fusion=GPS_IMU
LOCATION,1790493870623,29.7280883,52.4417233,153.000,true,11.40,61.769,source=fused:fused;speedReason=OK;derived=58.29;locationGapMs=947;callbackGapMs=947;fusion=GPS_IMU
LOCATION,1790493871630,29.7279717,52.4417950,153.000,true,11.40,61.702,source=fused:fused;speedReason=OK;derived=56.92;locationGapMs=1005;callbackGapMs=1005;fusion=GPS_IMU
LOCATION,1790493872620,29.7278633,52.4418617,153.000,true,11.40,61.534,source=fused:fused;speedReason=OK;derived=52.54;locationGapMs=991;callbackGapMs=991;fusion=GPS_IMU
LOCATION,1790493873625,29.7277500,52.4419300,153.000,true,11.40,61.368,source=fused:fused;speedReason=OK;derived=50.83;locationGapMs=1005;callbackGapMs=1005;fusion=GPS_IMU
LOCATION,1790493874625,29.7276450,52.4419917,153.000,true,11.40,61.227,source=fused:fused;speedReason=OK;derived=49.55;locationGapMs=1001;callbackGapMs=1001;fusion=GPS_IMU
LOCATION,1790493875685,29.7275450,52.4420517,153.000,true,11.40,61.030,source=fused:fused;speedReason=OK;derived=47.04;locationGapMs=1052;callbackGapMs=1052;fusion=GPS_IMU
LOCATION,1790493876622,29.7274483,52.4421083,152.000,true,11.40,60.744,source=fused:fused;speedReason=OK;derived=45.90;locationGapMs=944;callbackGapMs=944;fusion=GPS_IMU
LOCATION,1790493877617,29.7273583,52.4421617,152.000,true,11.40,60.492,source=fused:fused;speedReason=OK;derived=42.82;locationGapMs=995;callbackGapMs=995;fusion=GPS_IMU
LOCATION,1790493878625,29.7272783,52.4422100,151.000,true,11.42,60.192,source=fused:fused;speedReason=OK;derived=40.65;locationGapMs=1010;callbackGapMs=1010;fusion=GPS_IMU
LOCATION,1790493879621,29.7272133,52.4422517,150.000,true,11.43,59.498,source=fused:fused;speedReason=OK;derived=35.73;locationGapMs=995;callbackGapMs=995;fusion=GPS_IMU
LOCATION,1790493880618,29.7271583,52.4422867,149.000,true,11.45,58.829,source=fused:fused;speedReason=OK;derived=29.88;locationGapMs=996;callbackGapMs=996;fusion=GPS_IMU
LOCATION,1790493881602,29.7271117,52.4423167,149.000,true,11.47,57.947,source=fused:fused;speedReason=OK;derived=25.21;locationGapMs=981;callbackGapMs=981;fusion=GPS_IMU
LOCATION,1790493882620,29.7270633,52.4423467,149.000,true,11.50,56.958,source=fused:fused;speedReason=OK;derived=21.74;locationGapMs=1021;callbackGapMs=1021;fusion=GPS_IMU
LOCATION,1790493883623,29.7270167,52.4423767,150.000,true,11.50,55.816,source=fused:fused;speedReason=OK;derived=21.51;locationGapMs=1003;callbackGapMs=1003;fusion=GPS_IMU
LOCATION,1790493884621,29.7269700,52.4424033,151.000,true,11.50,54.712,source=fused:fused;speedReason=OK;derived=21.27;locationGapMs=998;callbackGapMs=998;fusion=GPS_IMU
LOCATION,1790493885627,29.7269133,52.4424367,152.000,true,11.50,53.808,source=fused:fused;speedReason=OK;derived=21.27;locationGapMs=1006;callbackGapMs=1006;fusion=GPS_IMU
LOCATION,1790493886629,29.7268450,52.4424767,153.000,true,11.50,52.996,source=fused:fused;speedReason=OK;derived=25.29;locationGapMs=996;callbackGapMs=996;fusion=GPS_IMU
LOCATION,1790493887677,29.7267733,52.4425167,154.000,true,11.50,52.124,source=fused:fused;speedReason=OK;derived=30.19;locationGapMs=1054;callbackGapMs=1054;fusion=GPS_IMU
LOCATION,1790493888619,29.7266983,52.4425567,155.000,true,11.52,51.344,source=fused:fused;speedReason=OK;derived=30.73;locationGapMs=942;callbackGapMs=942;fusion=GPS_IMU
LOCATION,1790493889623,29.7266217,52.4425967,155.000,true,11.54,50.609,source=fused:fused;speedReason=OK;derived=33.46;locationGapMs=1004;callbackGapMs=1004;fusion=GPS_IMU
LOCATION,1790493890620,29.7265417,52.4426383,155.000,true,11.55,49.795,source=fused:fused;speedReason=OK;derived=35.05;locationGapMs=998;callbackGapMs=998;fusion=GPS_IMU
LOCATION,1790493891637,29.7264650,52.4426833,150.000,true,9.68,49.248,source=fused:fused;speedReason=OK;derived=33.98;locationGapMs=1012;callbackGapMs=1012;fusion=GPS_IMU
LOCATION,1790493892620,29.7263900,52.4427283,151.000,true,8.42,48.571,source=fused:fused;speedReason=OK;derived=34.16;locationGapMs=989;callbackGapMs=989;fusion=GPS_IMU
LOCATION,1790493893576,29.7263167,52.4427733,151.000,true,6.85,47.907,source=fused:fused;speedReason=OK;derived=34.16;locationGapMs=956;callbackGapMs=956;fusion=GPS_IMU
LOCATION,1790493894619,29.7262500,52.4428167,150.000,true,5.27,47.427,source=fused:fused;speedReason=OK;derived=34.16;locationGapMs=1042;callbackGapMs=1042;fusion=GPS_IMU
LOCATION,1790493895615,29.7261833,52.4428617,149.000,true,3.68,46.865,source=fused:fused;speedReason=OK;derived=31.01;locationGapMs=996;callbackGapMs=996;fusion=GPS_IMU
LOCATION,1790493896618,29.7261200,52.4429050,149.000,true,2.10,46.363,source=fused:fused;speedReason=OK;derived=29.38;locationGapMs=1004;callbackGapMs=1004;fusion=GPS_IMU
LOCATION,1790493897626,29.7260633,52.4429467,147.000,true,3.63,45.690,source=fused:fused;speedReason=OK;derived=29.30;locationGapMs=1001;callbackGapMs=1001;fusion=GPS_IMU
LOCATION,1790493898626,29.7260067,52.4429883,147.000,true,5.78,44.979,source=fused:fused;speedReason=OK;derived=26.86;locationGapMs=1005;callbackGapMs=1005;fusion=GPS_IMU
LOCATION,1790493899677,29.7259533,52.4430283,147.000,true,7.62,44.261,source=fused:fused;speedReason=OK;derived=26.70;locationGapMs=1052;callbackGapMs=1052;fusion=GPS_IMU
LOCATION,1790493900625,29.7259017,52.4430683,148.000,true,9.46,43.549,source=fused:fused;speedReason=OK;derived=26.23;locationGapMs=948;callbackGapMs=948;fusion=GPS_IMU
LOCATION,1790493901624,29.7258483,52.4431083,148.000,true,11.30,42.851,source=fused:fused;speedReason=OK;derived=25.49;locationGapMs=999;callbackGapMs=999;fusion=GPS_IMU
LOCATION,1790493902633,29.7257950,52.4431483,149.000,true,11.30,42.044,source=fused:fused;speedReason=OK;derived=25.49;locationGapMs=1004;callbackGapMs=1004;fusion=GPS_IMU
LOCATION,1790493903620,29.7257450,52.4431867,149.000,true,11.30,41.201,source=fused:fused;speedReason=OK;derived=25.32;locationGapMs=992;callbackGapMs=992;fusion=GPS_IMU
LOCATION,1790493904623,29.7256933,52.4432233,149.000,true,11.30,40.376,source=fused:fused;speedReason=OK;derived=24.21;locationGapMs=1002;callbackGapMs=1002;fusion=GPS_IMU
LOCATION,1790493905676,29.7256417,52.4432617,148.000,true,11.30,39.721,source=fused:fused;speedReason=OK;derived=24.20;locationGapMs=1054;callbackGapMs=1054;fusion=GPS_IMU
LOCATION,1790493906622,29.7255883,52.4433033,148.000,true,11.30,39.151,source=fused:fused;speedReason=OK;derived=24.20;locationGapMs=946;callbackGapMs=946;fusion=GPS_IMU
LOCATION,1790493907620,29.7255283,52.4433467,149.000,true,11.30,38.659,source=fused:fused;speedReason=OK;derived=27.24;locationGapMs=997;callbackGapMs=997;fusion=GPS_IMU
LOCATION,1790493908634,29.7254617,52.4433950,149.000,true,11.30,38.221,source=fused:fused;speedReason=OK;derived=28.40;locationGapMs=1008;callbackGapMs=1008;fusion=GPS_IMU
LOCATION,1790493909619,29.7253900,52.4434417,150.000,true,11.30,37.939,source=fused:fused;speedReason=OK;derived=31.20;locationGapMs=991;callbackGapMs=991;fusion=GPS_IMU
LOCATION,1790493910623,29.7253033,52.4435000,150.000,true,11.30,37.877,source=fused:fused;speedReason=OK;derived=33.21;locationGapMs=1004;callbackGapMs=1004;fusion=GPS_IMU
LOCATION,1790493911658,29.7252117,52.4435583,150.000,true,11.30,37.932,source=fused:fused;speedReason=OK;derived=39.96;locationGapMs=1036;callbackGapMs=1036;fusion=GPS_IMU
LOCATION,1790493912617,29.7251167,52.4436267,149.000,true,11.30,38.229,source=fused:fused;speedReason=OK;derived=40.36;locationGapMs=960;callbackGapMs=960;fusion=GPS_IMU
LOCATION,1790493913632,29.7250183,52.4436950,150.000,true,11.30,38.591,source=fused:fused;speedReason=OK;derived=45.50;locationGapMs=1009;callbackGapMs=1009;fusion=GPS_IMU
LOCATION,1790493914622,29.7249083,52.4437700,151.000,true,11.30,38.947,source=fused:fused;speedReason=OK;derived=46.64;locationGapMs=993;callbackGapMs=993;fusion=GPS_IMU
LOCATION,1790493915617,29.7247833,52.4438500,151.000,true,11.30,39.458,source=fused:fused;speedReason=OK;derived=51.44;locationGapMs=996;callbackGapMs=996;fusion=GPS_IMU
LOCATION,1790493916625,29.7246583,52.4439317,151.000,true,11.30,40.158,source=fused:fused;speedReason=OK;derived=57.26;locationGapMs=1003;callbackGapMs=1003;fusion=GPS_IMU
LOCATION,1790493917615,29.7245267,52.4440167,151.000,true,11.30,40.821,source=fused:fused;speedReason=OK;derived=57.37;locationGapMs=996;callbackGapMs=996;fusion=GPS_IMU
LOCATION,1790493918621,29.7243950,52.4441033,150.000,true,11.30,41.515,source=fused:fused;speedReason=OK;derived=60.35;locationGapMs=1004;callbackGapMs=1004;fusion=GPS_IMU
LOCATION,1790493919632,29.7242650,52.4441883,149.000,true,11.30,42.181,source=fused:fused;speedReason=OK;derived=60.35;locationGapMs=1009;callbackGapMs=1009;fusion=GPS_IMU
LOCATION,1790493920628,29.7241383,52.4442733,149.000,true,11.30,42.943,source=fused:fused;speedReason=OK;derived=59.20;locationGapMs=999;callbackGapMs=999;fusion=GPS_IMU
LOCATION,1790493921619,29.7240133,52.4443600,149.000,true,11.30,43.435,source=fused:fused;speedReason=OK;derived=58.78;locationGapMs=992;callbackGapMs=992;fusion=GPS_IMU
LOCATION,1790493922677,29.7238950,52.4444433,149.000,true,11.30,43.785,source=fused:fused;speedReason=OK;derived=58.65;locationGapMs=1052;callbackGapMs=1052;fusion=GPS_IMU
LOCATION,1790493923622,29.7237800,52.4445167,149.000,true,11.30,43.975,source=fused:fused;speedReason=OK;derived=55.35;locationGapMs=949;callbackGapMs=949;fusion=GPS_IMU
LOCATION,1790493924622,29.7236650,52.4445800,149.000,true,11.32,44.100,source=fused:fused;speedReason=OK;derived=52.67;locationGapMs=1001;callbackGapMs=1001;fusion=GPS_IMU
LOCATION,1790493925610,29.7235550,52.4446550,150.000,true,11.33,44.239,source=fused:fused;speedReason=OK;derived=51.60;locationGapMs=990;callbackGapMs=990;fusion=GPS_IMU
LOCATION,1790493926613,29.7234433,52.4447283,151.000,true,11.35,44.369,source=fused:fused;speedReason=OK;derived=51.27;locationGapMs=1002;callbackGapMs=1002;fusion=GPS_IMU
LOCATION,1790493927617,29.7233367,52.4447967,151.000,true,11.37,44.481,source=fused:fused;speedReason=OK;derived=51.27;locationGapMs=1003;callbackGapMs=1003;fusion=GPS_IMU
LOCATION,1790493928632,29.7232417,52.4448483,153.000,true,11.38,44.499,source=fused:fused;speedReason=OK;derived=48.61;locationGapMs=1015;callbackGapMs=1015;fusion=GPS_IMU
LOCATION,1790493929615,29.7231467,52.4448950,160.000,true,11.40,44.452,source=fused:fused;speedReason=OK;derived=41.97;locationGapMs=983;callbackGapMs=983;fusion=GPS_IMU
LOCATION,1790493930621,29.7230483,52.4449267,171.000,true,11.40,44.349,source=fused:fused;speedReason=OK;derived=41.33;locationGapMs=1006;callbackGapMs=1006;fusion=GPS_IMU
LOCATION,1790493931617,29.7229550,52.4449217,183.000,true,11.40,44.172,source=fused:fused;speedReason=OK;derived=40.55;locationGapMs=997;callbackGapMs=997;fusion=GPS_IMU
LOCATION,1790493932624,29.7228600,52.4448967,197.000,true,11.38,44.000,source=fused:fused;speedReason=OK;derived=38.63;locationGapMs=1007;callbackGapMs=1007;fusion=GPS_IMU
LOCATION,1790493933612,29.7227767,52.4448400,211.000,true,11.38,43.829,source=fused:fused;speedReason=OK;derived=38.63;locationGapMs=987;callbackGapMs=987;fusion=GPS_IMU
LOCATION,1790493934673,29.7227083,52.4447567,226.000,true,11.38,43.699,source=fused:fused;speedReason=OK;derived=38.63;locationGapMs=1055;callbackGapMs=1055;fusion=GPS_IMU
LOCATION,1790493935618,29.7226550,52.4446550,240.000,true,11.38,43.555,source=fused:fused;speedReason=OK;derived=39.17;locationGapMs=952;callbackGapMs=952;fusion=GPS_IMU
LOCATION,1790493936616,29.7226283,52.4445367,256.000,true,11.38,43.467,source=fused:fused;speedReason=OK;derived=42.65;locationGapMs=998;callbackGapMs=998;fusion=GPS_IMU
LOCATION,1790493937616,29.7226267,52.4444150,272.000,true,11.38,43.428,source=fused:fused;speedReason=OK;derived=42.65;locationGapMs=999;callbackGapMs=999;fusion=GPS_IMU
LOCATION,1790493938617,29.7226517,52.4442950,288.000,true,11.40,43.420,source=fused:fused;speedReason=OK;derived=42.65;locationGapMs=1002;callbackGapMs=1002;fusion=GPS_IMU
LOCATION,1790493939621,29.7227083,52.4441850,303.000,true,11.40,43.415,source=fused:fused;speedReason=OK;derived=42.89;locationGapMs=1003;callbackGapMs=1003;fusion=GPS_IMU
LOCATION,1790493940619,29.7227900,52.4440917,317.000,true,11.40,43.469,source=fused:fused;speedReason=OK;derived=44.34;locationGapMs=993;callbackGapMs=993;fusion=GPS_IMU
LOCATION,1790493941615,29.7228850,52.4440300,333.000,true,11.40,43.522,source=fused:fused;speedReason=OK;derived=44.34;locationGapMs=1000;callbackGapMs=1000;fusion=GPS_IMU
LOCATION,1790493942619,29.7229917,52.4440017,350.000,true,11.40,43.551,source=fused:fused;speedReason=OK;derived=43.58;locationGapMs=1005;callbackGapMs=1005;fusion=GPS_IMU
LOCATION,1790493943625,29.7230950,52.4440100,6.000,true,11.40,43.543,source=fused:fused;speedReason=OK;derived=43.49;locationGapMs=1007;callbackGapMs=1007;fusion=GPS_IMU
LOCATION,1790493944620,29.7231867,52.4440467,20.000,true,11.40,43.474,source=fused:fused;speedReason=OK;derived=41.04;locationGapMs=995;callbackGapMs=995;fusion=GPS_IMU
LOCATION,1790493945676,29.7232700,52.4441133,34.000,true,11.40,43.416,source=fused:fused;speedReason=OK;derived=38.96;locationGapMs=1050;callbackGapMs=1050;fusion=GPS_IMU
LOCATION,1790493946621,29.7233517,52.4441983,45.000,true,11.40,43.390,source=fused:fused;speedReason=OK;derived=38.96;locationGapMs=950;callbackGapMs=950;fusion=GPS_IMU
LOCATION,1790493947619,29.7234267,52.4443033,50.000,true,11.40,43.442,source=fused:fused;speedReason=OK;derived=46.36;locationGapMs=998;callbackGapMs=998;fusion=GPS_IMU
LOCATION,1790493948618,29.7235200,52.4444300,53.000,true,11.40,43.602,source=fused:fused;speedReason=OK;derived=47.35;locationGapMs=999;callbackGapMs=999;fusion=GPS_IMU
LOCATION,1790493949622,29.7236100,52.4445650,53.000,true,11.40,43.907,source=fused:fused;speedReason=OK;derived=57.80;locationGapMs=1004;callbackGapMs=1004;fusion=GPS_IMU
LOCATION,1790493950624,29.7237050,52.4447017,53.000,true,11.40,44.426,source=fused:fused;speedReason=OK;derived=58.93;locationGapMs=1003;callbackGapMs=1003;fusion=GPS_IMU
LOCATION,1790493951674,29.7238083,52.4448400,53.000,true,11.40,45.044,source=fused:fused;speedReason=OK;derived=60.68;locationGapMs=1044;callbackGapMs=1044;fusion=GPS_IMU
LOCATION,1790493952617,29.7239167,52.4449833,52.000,true,11.40,45.691,source=fused:fused;speedReason=OK;derived=60.73;locationGapMs=949;callbackGapMs=949;fusion=GPS_IMU
LOCATION,1790493953625,29.7240283,52.4451417,52.000,true,11.40,46.467,source=fused:fused;speedReason=OK;derived=69.60;locationGapMs=1008;callbackGapMs=1008;fusion=GPS_IMU
LOCATION,1790493954623,29.7241433,52.4453000,52.000,true,11.40,47.347,source=fused:fused;speedReason=OK;derived=70.34;locationGapMs=999;callbackGapMs=999;fusion=GPS_IMU
LOCATION,1790493955621,29.7242533,52.4454583,53.000,true,11.40,48.427,source=fused:fused;speedReason=OK;derived=70.83;locationGapMs=995;callbackGapMs=995;fusion=GPS_IMU
LOCATION,1790493956618,29.7243617,52.4456183,53.000,true,11.40,49.298,source=fused:fused;speedReason=OK;derived=70.83;locationGapMs=999;callbackGapMs=999;fusion=GPS_IMU
LOCATION,1790493957682,29.7244717,52.4457850,54.000,true,11.40,50.066,source=fused:fused;speedReason=OK;derived=70.62;locationGapMs=1058;callbackGapMs=1058;fusion=GPS_IMU
LOCATION,1790493958621,29.7245850,52.4459583,54.000,true,11.40,50.914,source=fused:fused;speedReason=OK;derived=70.62;locationGapMs=945;callbackGapMs=945;fusion=GPS_IMU
LOCATION,1790493959624,29.7247017,52.4461350,54.000,true,11.40,51.809,source=fused:fused;speedReason=OK;derived=76.95;locationGapMs=1003;callbackGapMs=1003;fusion=GPS_IMU
LOCATION,1790493960619,29.7248200,52.4463183,54.000,true,11.42,52.915,source=fused:fused;speedReason=OK;derived=79.81;locationGapMs=994;callbackGapMs=994;fusion=GPS_IMU
LOCATION,1790493961629,29.7249450,52.4465100,54.000,true,11.44,53.903,source=fused:fused;speedReason=OK;derived=79.88;locationGapMs=1010;callbackGapMs=1010;fusion=GPS_IMU
LOCATION,1790493962618,29.7250717,52.4467100,55.000,true,11.45,54.820,source=fused:fused;speedReason=OK;derived=82.52;locationGapMs=990;callbackGapMs=990;fusion=GPS_IMU
LOCATION,1790493963681,29.7252000,52.4469200,56.000,true,11.46,55.673,source=fused:fused;speedReason=OK;derived=84.63;locationGapMs=1055;callbackGapMs=1055;fusion=GPS_IMU
LOCATION,1790493964620,29.7253233,52.4471333,57.000,true,11.45,56.505,source=fused:fused;speedReason=OK;derived=86.94;locationGapMs=947;callbackGapMs=947;fusion=GPS_IMU
LOCATION,1790493965624,29.7254317,52.4473467,60.000,true,11.44,57.580,source=fused:fused;speedReason=OK;derived=85.66;locationGapMs=1004;callbackGapMs=1004;fusion=GPS_IMU
LOCATION,1790493966619,29.7255283,52.4475667,63.000,true,11.42,58.535,source=fused:fused;speedReason=OK;derived=86.21;locationGapMs=995;callbackGapMs=995;fusion=GPS_IMU
LOCATION,1790493967613,29.7256133,52.4477900,67.000,true,11.38,59.296,source=fused:fused;speedReason=OK;derived=85.66;locationGapMs=994;callbackGapMs=994;fusion=GPS_IMU
LOCATION,1790493968619,29.7256883,52.4480183,70.000,true,11.35,60.155,source=fused:fused;speedReason=OK;derived=85.36;locationGapMs=1005;callbackGapMs=1005;fusion=GPS_IMU
LOCATION,1790493969680,29.7257550,52.4482533,74.000,true,11.32,60.741,source=fused:fused;speedReason=OK;derived=84.54;locationGapMs=1056;callbackGapMs=1056;fusion=GPS_IMU
LOCATION,1790493970617,29.7258033,52.4484933,77.000,true,11.32,61.313,source=fused:fused;speedReason=OK;derived=84.54;locationGapMs=944;callbackGapMs=944;fusion=GPS_IMU
LOCATION,1790493971624,29.7258450,52.4487433,81.000,true,11.30,61.894,source=fused:fused;speedReason=OK;derived=88.12;locationGapMs=1006;callbackGapMs=1006;fusion=GPS_IMU
LOCATION,1790493972618,29.7258750,52.4489817,84.000,true,11.30,62.462,source=fused:fused;speedReason=OK;derived=88.12;locationGapMs=994;callbackGapMs=994;fusion=GPS_IMU
LOCATION,1790493973626,29.7258850,52.4492117,87.000,true,11.30,62.968,source=fused:fused;speedReason=OK;derived=84.40;locationGapMs=1006;callbackGapMs=1006;fusion=GPS_IMU
LOCATION,1790493974893,29.7258833,52.4494483,91.000,true,11.30,63.538,source=fused:fused;speedReason=OK;derived=83.08;locationGapMs=992;callbackGapMs=992;fusion=GPS_IMU
LOCATION,1790493975665,29.7258683,52.4496867,95.000,true,11.32,64.099,source=fused:fused;speedReason=OK;derived=79.73;locationGapMs=1046;callbackGapMs=1046;fusion=GPS_IMU
LOCATION,1790493976625,29.7258383,52.4499217,99.000,true,11.33,64.423,source=fused:fused;speedReason=OK;derived=83.08;locationGapMs=963;callbackGapMs=963;fusion=GPS_IMU
LOCATION,1790493977616,29.7258017,52.4501517,102.000,true,11.35,64.741,source=fused:fused;speedReason=OK;derived=82.25;locationGapMs=990;callbackGapMs=990;fusion=GPS_IMU
LOCATION,1790493978619,29.7257483,52.4503783,105.000,true,11.37,64.968,source=fused:fused;speedReason=OK;derived=82.25;locationGapMs=1004;callbackGapMs=1004;fusion=GPS_IMU
LOCATION,1790493979618,29.7256900,52.4506050,108.000,true,11.40,65.151,source=fused:fused;speedReason=OK;derived=82.25;locationGapMs=998;callbackGapMs=998;fusion=GPS_IMU
LOCATION,1790493980894,29.7256233,52.4508300,111.000,true,11.40,65.425,source=fused:fused;speedReason=OK;derived=82.48;locationGapMs=999;callbackGapMs=999;fusion=GPS_IMU
LOCATION,1790493981669,29.7255467,52.4510467,114.000,true,11.40,65.796,source=fused:fused;speedReason=OK;derived=82.48;locationGapMs=1050;callbackGapMs=1050;fusion=GPS_IMU
LOCATION,1790493982622,29.7254600,52.4512700,117.000,true,11.40,66.019,source=fused:fused;speedReason=OK;derived=82.85;locationGapMs=956;callbackGapMs=956;fusion=GPS_IMU
LOCATION,1790493983613,29.7253567,52.4514817,120.000,true,11.40,66.332,source=fused:fused;speedReason=OK;derived=85.24;locationGapMs=991;callbackGapMs=991;fusion=GPS_IMU
LOCATION,1790493984894,29.7252417,52.4516850,124.000,true,11.40,66.889,source=fused:fused;speedReason=OK;derived=85.24;locationGapMs=999;callbackGapMs=999;fusion=GPS_IMU
LOCATION,1790493985617,29.7251133,52.4518817,128.000,true,11.40,67.290,source=fused:fused;speedReason=OK;derived=85.13;locationGapMs=1005;callbackGapMs=1005;fusion=GPS_IMU
LOCATION,1790493986616,29.7249783,52.4520650,132.000,true,11.40,67.739,source=fused:fused;speedReason=OK;derived=84.46;locationGapMs=999;callbackGapMs=999;fusion=GPS_IMU
LOCATION,1790493987948,29.7248367,52.4522300,135.000,true,11.40,68.066,source=fused:fused;speedReason=OK;derived=83.62;locationGapMs=1029;callbackGapMs=1029;fusion=GPS_IMU
LOCATION,1790493988615,29.7246933,52.4523783,138.000,true,11.40,68.232,source=fused:fused;speedReason=OK;derived=79.72;locationGapMs=967;callbackGapMs=967;fusion=GPS_IMU
LOCATION,1790493989897,29.7245450,52.4525183,141.000,true,11.40,68.317,source=fused:fused;speedReason=OK;derived=78.32;locationGapMs=1005;callbackGapMs=1005;fusion=GPS_IMU
LOCATION,1790493990622,29.7243967,52.4526467,143.000,true,11.40,68.362,source=fused:fused;speedReason=OK;derived=76.30;locationGapMs=1004;callbackGapMs=1004;fusion=GPS_IMU
LOCATION,1790493991912,29.7242383,52.4527900,144.000,true,11.40,68.414,source=fused:fused;speedReason=OK;derived=76.30;locationGapMs=998;callbackGapMs=998;fusion=GPS_IMU
LOCATION,1790493992615,29.7240817,52.4529333,145.000,true,11.40,68.453,source=fused:fused;speedReason=OK;derived=80.30;locationGapMs=996;callbackGapMs=996;fusion=GPS_IMU
LOCATION,1790493993911,29.7239300,52.4530600,146.000,true,11.40,68.521,source=fused:fused;speedReason=OK;derived=80.30;locationGapMs=1000;callbackGapMs=1000;fusion=GPS_IMU
LOCATION,1790493994618,29.7237817,52.4531800,147.000,true,11.40,68.623,source=fused:fused;speedReason=OK;derived=74.91;locationGapMs=1003;callbackGapMs=1003;fusion=GPS_IMU
LOCATION,1790493995895,29.7236283,52.4532967,147.000,true,11.42,68.768,source=fused:fused;speedReason=OK;derived=73.70;locationGapMs=997;callbackGapMs=997;fusion=GPS_IMU
LOCATION,1790493996614,29.7234717,52.4534167,147.000,true,11.44,68.956,source=fused:fused;speedReason=OK;derived=73.70;locationGapMs=997;callbackGapMs=997;fusion=GPS_IMU
LOCATION,1790493997908,29.7233117,52.4535367,147.000,true,11.46,69.169,source=fused:fused;speedReason=OK;derived=75.41;locationGapMs=1001;callbackGapMs=1001;fusion=GPS_IMU
LOCATION,1790493998675,29.7231517,52.4536617,147.000,true,11.48,69.359,source=fused:fused;speedReason=OK;derived=75.41;locationGapMs=1059;callbackGapMs=1059;fusion=GPS_IMU
LOCATION,1790493999611,29.7229950,52.4537867,147.000,true,11.50,69.544,source=fused:fused;speedReason=OK;derived=76.24;locationGapMs=938;callbackGapMs=938;fusion=GPS_IMU
LOCATION,1790494000613,29.7228350,52.4539150,147.000,true,11.50,69.749,source=fused:fused;speedReason=OK;derived=78.01;locationGapMs=999;callbackGapMs=999;fusion=GPS_IMU
LOCATION,1790494001621,29.7226750,52.4540450,146.000,true,11.52,69.876,source=fused:fused;speedReason=OK;derived=78.01;locationGapMs=1011;callbackGapMs=1011;fusion=GPS_IMU
LOCATION,1790494002614,29.7225183,52.4541733,145.000,true,11.54,69.956,source=fused:fused;speedReason=OK;derived=77.42;locationGapMs=994;callbackGapMs=994;fusion=GPS_IMU
LOCATION,1790494003604,29.7223517,52.4543000,145.000,true,11.55,70.054,source=fused:fused;speedReason=OK;derived=77.42;locationGapMs=991;callbackGapMs=991;fusion=GPS_IMU
LOCATION,1790494004675,29.7221867,52.4544283,145.000,true,11.58,70.238,source=fused:fused;speedReason=OK;derived=77.32;locationGapMs=1064;callbackGapMs=1064;fusion=GPS_IMU
LOCATION,1790494005619,29.7220150,52.4545600,145.000,true,11.56,70.354,source=fused:fused;speedReason=OK;derived=80.52;locationGapMs=950;callbackGapMs=950;fusion=GPS_IMU
LOCATION,1790494006615,29.7218367,52.4547033,145.000,true,11.53,70.601,source=fused:fused;speedReason=OK;derived=86.80;locationGapMs=996;callbackGapMs=996;fusion=GPS_IMU
LOCATION,1790494007620,29.7216617,52.4548467,145.000,true,11.48,70.819,source=fused:fused;speedReason=OK;derived=86.80;locationGapMs=1004;callbackGapMs=1004;fusion=GPS_IMU
LOCATION,1790494008616,29.7214867,52.4549900,145.000,true,11.44,71.077,source=fused:fused;speedReason=OK;derived=86.10;locationGapMs=997;callbackGapMs=997;fusion=GPS_IMU
LOCATION,1790494009621,29.7213117,52.4551333,145.000,true,11.43,71.295,source=fused:fused;speedReason=OK;derived=85.52;locationGapMs=1005;callbackGapMs=1005;fusion=GPS_IMU
LOCATION,1790494010678,29.7211450,52.4552733,145.000,true,11.40,71.527,source=fused:fused;speedReason=OK;derived=85.41;locationGapMs=1051;callbackGapMs=1051;fusion=GPS_IMU
LOCATION,1790494011611,29.7209800,52.4554100,145.000,true,11.40,71.700,source=fused:fused;speedReason=OK;derived=85.41;locationGapMs=939;callbackGapMs=939;fusion=GPS_IMU
LOCATION,1790494012616,29.7208150,52.4555450,145.000,true,11.40,71.918,source=fused:fused;speedReason=OK;derived=80.51;locationGapMs=1005;callbackGapMs=1005;fusion=GPS_IMU
LOCATION,1790494013620,29.7206483,52.4556767,145.000,true,11.40,72.104,source=fused:fused;speedReason=OK;derived=80.51;locationGapMs=1004;callbackGapMs=1004;fusion=GPS_IMU
LOCATION,1790494014625,29.7204833,52.4558050,145.000,true,11.38,72.276,source=fused:fused;speedReason=OK;derived=80.48;locationGapMs=1005;callbackGapMs=1005;fusion=GPS_IMU
LOCATION,1790494015621,29.7203217,52.4559317,145.000,true,11.36,72.435,source=fused:fused;speedReason=OK;derived=79.18;locationGapMs=994;callbackGapMs=994;fusion=GPS_IMU
LOCATION,1790494016675,29.7201617,52.4560583,145.000,true,11.34,72.562,source=fused:fused;speedReason=OK;derived=78.61;locationGapMs=1053;callbackGapMs=1053;fusion=GPS_IMU
LOCATION,1790494017621,29.7199967,52.4561883,145.000,true,11.32,72.672,source=fused:fused;speedReason=OK;derived=78.61;locationGapMs=949;callbackGapMs=949;fusion=GPS_IMU
LOCATION,1790494018620,29.7198317,52.4563200,145.000,true,11.33,72.825,source=fused:fused;speedReason=OK;derived=80.33;locationGapMs=999;callbackGapMs=999;fusion=GPS_IMU
LOCATION,1790494019624,29.7196667,52.4564500,145.000,true,11.34,72.982,source=fused:fused;speedReason=OK;derived=80.33;locationGapMs=1003;callbackGapMs=1003;fusion=GPS_IMU
LOCATION,1790494020619,29.7195017,52.4565800,145.000,true,11.35,73.136,source=fused:fused;speedReason=OK;derived=80.23;locationGapMs=996;callbackGapMs=996;fusion=GPS_IMU
LOCATION,1790494021617,29.7193433,52.4567100,144.000,true,11.37,73.254,source=fused:fused;speedReason=OK;derived=79.67;locationGapMs=998;callbackGapMs=998;fusion=GPS_IMU
LOCATION,1790494022662,29.7191867,52.4568450,143.000,true,11.38,73.349,source=fused:fused;speedReason=OK;derived=77.91;locationGapMs=1042;callbackGapMs=1042;fusion=GPS_IMU
LOCATION,1790494023621,29.7190250,52.4569950,141.000,true,11.40,73.425,source=fused:fused;speedReason=OK;derived=77.91;locationGapMs=963;callbackGapMs=963;fusion=GPS_IMU
LOCATION,1790494024618,29.7188700,52.4571533,140.000,true,11.40,73.549,source=fused:fused;speedReason=OK;derived=83.20;locationGapMs=996;callbackGapMs=996;fusion=GPS_IMU
LOCATION,1790494025616,29.7187233,52.4573117,138.000,true,11.40,73.705,source=fused:fused;speedReason=OK;derived=83.20;locationGapMs=998;callbackGapMs=998;fusion=GPS_IMU
LOCATION,1790494026624,29.7185833,52.4574667,136.000,true,11.40,73.823,source=fused:fused;speedReason=OK;derived=80.61;locationGapMs=1009;callbackGapMs=1009;fusion=GPS_IMU
LOCATION,1790494027621,29.7184467,52.4576300,134.000,true,11.40,73.884,source=fused:fused;speedReason=OK;derived=79.18;locationGapMs=995;callbackGapMs=995;fusion=GPS_IMU
LOCATION,1790494028666,29.7183183,52.4577933,131.000,true,11.40,73.943,source=fused:fused;speedReason=OK;derived=77.00;locationGapMs=1043;callbackGapMs=1043;fusion=GPS_IMU
LOCATION,1790494029618,29.7182017,52.4579667,128.000,true,11.40,73.987,source=fused:fused;speedReason=OK;derived=79.18;locationGapMs=956;callbackGapMs=956;fusion=GPS_IMU
LOCATION,1790494030613,29.7180850,52.4581483,125.000,true,11.40,74.031,source=fused:fused;speedReason=OK;derived=79.02;locationGapMs=994;callbackGapMs=994;fusion=GPS_IMU
LOCATION,1790494031618,29.7179750,52.4583300,122.000,true,11.40,74.069,source=fused:fused;speedReason=OK;derived=79.02;locationGapMs=1002;callbackGapMs=1002;fusion=GPS_IMU
LOCATION,1790494032605,29.7178767,52.4585133,120.000,true,11.40,74.122,source=fused:fused;speedReason=OK;derived=76.87;locationGapMs=989;callbackGapMs=989;fusion=GPS_IMU
LOCATION,1790494033619,29.7177867,52.4586983,118.000,true,11.40,74.161,source=fused:fused;speedReason=OK;derived=75.77;locationGapMs=1015;callbackGapMs=1015;fusion=GPS_IMU
LOCATION,1790494034681,29.7176917,52.4588933,117.000,true,11.40,74.206,source=fused:fused;speedReason=OK;derived=73.45;locationGapMs=1059;callbackGapMs=1059;fusion=GPS_IMU
LOCATION,1790494035624,29.7176017,52.4590983,115.000,true,11.42,74.290,source=fused:fused;speedReason=OK;derived=73.45;locationGapMs=946;callbackGapMs=946;fusion=GPS_IMU
LOCATION,1790494036625,29.7175167,52.4593050,113.000,true,11.44,74.394,source=fused:fused;speedReason=OK;derived=79.43;locationGapMs=1002;callbackGapMs=1002;fusion=GPS_IMU
LOCATION,1790494037618,29.7174417,52.4595167,111.000,true,11.46,74.486,source=fused:fused;speedReason=OK;derived=80.14;locationGapMs=993;callbackGapMs=993;fusion=GPS_IMU
LOCATION,1790494038625,29.7173633,52.4597317,111.000,true,11.48,74.593,source=fused:fused;speedReason=OK;derived=80.14;locationGapMs=1005;callbackGapMs=1005;fusion=GPS_IMU
LOCATION,1790494039617,29.7172850,52.4599533,110.000,true,11.48,74.725,source=fused:fused;speedReason=OK;derived=80.76;locationGapMs=993;callbackGapMs=993;fusion=GPS_IMU
LOCATION,1790494040682,29.7172067,52.4601783,110.000,true,11.50,74.866,source=fused:fused;speedReason=OK;derived=80.76;locationGapMs=1062;callbackGapMs=1062;fusion=GPS_IMU
LOCATION,1790494041628,29.7171250,52.4604100,110.000,true,11.52,75.065,source=fused:fused;speedReason=OK;derived=83.86;locationGapMs=949;callbackGapMs=949;fusion=GPS_IMU
LOCATION,1790494042624,29.7170383,52.4606483,110.000,true,11.54,75.310,source=fused:fused;speedReason=OK;derived=90.38;locationGapMs=995;callbackGapMs=995;fusion=GPS_IMU
LOCATION,1790494043629,29.7169533,52.4608933,110.000,true,11.55,75.664,source=fused:fused;speedReason=OK;derived=91.38;locationGapMs=1005;callbackGapMs=1005;fusion=GPS_IMU
LOCATION,1790494044617,29.7168667,52.4611433,110.000,true,11.57,76.014,source=fused:fused;speedReason=OK;derived=91.38;locationGapMs=990;callbackGapMs=990;fusion=GPS_IMU
LOCATION,1790494045625,29.7167717,52.4613933,110.000,true,11.60,76.409,source=fused:fused;speedReason=OK;derived=94.32;locationGapMs=1007;callbackGapMs=1007;fusion=GPS_IMU
LOCATION,1790494046676,29.7166783,52.4616467,111.000,true,11.60,76.872,source=fused:fused;speedReason=OK;derived=94.32;locationGapMs=1051;callbackGapMs=1051;fusion=GPS_IMU
LOCATION,1790494047623,29.7165867,52.4619067,111.000,true,11.60,77.233,source=fused:fused;speedReason=OK;derived=94.32;locationGapMs=947;callbackGapMs=947;fusion=GPS_IMU
LOCATION,1790494048629,29.7164883,52.4621650,111.000,true,11.62,77.574,source=fused:fused;speedReason=OK;derived=98.27;locationGapMs=999;callbackGapMs=999;fusion=GPS_IMU
LOCATION,1790494049621,29.7163850,52.4624283,112.000,true,11.64,77.874,source=fused:fused;speedReason=OK;derived=100.55;locationGapMs=1000;callbackGapMs=1000;fusion=GPS_IMU
LOCATION,1790494050627,29.7162733,52.4626950,113.000,true,11.66,78.250,source=fused:fused;speedReason=OK;derived=100.55;locationGapMs=1003;callbackGapMs=1003;fusion=GPS_IMU
LOCATION,1790494051617,29.7161567,52.4629567,114.000,true,11.67,78.772,source=fused:fused;speedReason=OK;derived=102.73;locationGapMs=991;callbackGapMs=991;fusion=GPS_IMU
LOCATION,1790494052683,29.7160383,52.4632167,115.000,true,11.70,79.283,source=fused:fused;speedReason=OK;derived=102.73;locationGapMs=1067;callbackGapMs=1067;fusion=GPS_IMU
LOCATION,1790494053620,29.7159233,52.4634917,116.000,true,11.70,79.783,source=fused:fused;speedReason=OK;derived=103.28;locationGapMs=936;callbackGapMs=936;fusion=GPS_IMU
LOCATION,1790494054624,29.7158033,52.4637533,117.000,true,11.70,80.426,source=fused:fused;speedReason=OK;derived=102.74;locationGapMs=1002;callbackGapMs=1002;fusion=GPS_IMU
LOCATION,1790494055626,29.7156850,52.4639933,118.000,true,11.70,80.967,source=fused:fused;speedReason=OK;derived=102.74;locationGapMs=1005;callbackGapMs=1005;fusion=GPS_IMU
LOCATION,1790494056892,29.7155633,52.4642350,119.000,true,11.70,81.413,source=fused:fused;speedReason=OK;derived=97.59;locationGapMs=996;callbackGapMs=996;fusion=GPS_IMU
LOCATION,1790494057616,29.7154350,52.4644633,120.000,true,11.70,81.748,source=fused:fused;speedReason=OK;derived=95.53;locationGapMs=994;callbackGapMs=994;fusion=GPS_IMU
LOCATION,1790494058669,29.7153000,52.4646900,121.000,true,11.70,81.948,source=fused:fused;speedReason=OK;derived=95.15;locationGapMs=1053;callbackGapMs=1053;fusion=GPS_IMU
LOCATION,1790494059911,29.7151667,52.4649117,122.000,true,11.70,82.134,source=fused:fused;speedReason=OK;derived=95.15;locationGapMs=949;callbackGapMs=949;fusion=GPS_IMU
LOCATION,1790494060621,29.7150350,52.4651300,123.000,true,11.70,82.311,source=fused:fused;speedReason=OK;derived=92.44;locationGapMs=1000;callbackGapMs=1000;fusion=GPS_IMU
LOCATION,1790494061616,29.7148983,52.4653400,123.000,true,11.70,82.477,source=fused:fused;speedReason=OK;derived=92.44;locationGapMs=997;callbackGapMs=997;fusion=GPS_IMU
LOCATION,1790494062600,29.7147567,52.4655533,124.000,true,11.70,82.632,source=fused:fused;speedReason=OK;derived=92.44;locationGapMs=985;callbackGapMs=985;fusion=GPS_IMU
LOCATION,1790494063622,29.7146150,52.4657717,125.000,true,11.70,82.738,source=fused:fused;speedReason=OK;derived=92.75;locationGapMs=1022;callbackGapMs=1022;fusion=GPS_IMU
LOCATION,1790494064958,29.7144750,52.4659900,125.000,true,11.70,82.825,source=fused:fused;speedReason=OK;derived=92.75;locationGapMs=1051;callbackGapMs=1051;fusion=GPS_IMU
LOCATION,1790494065618,29.7143400,52.4662000,125.000,true,11.70,82.955,source=fused:fused;speedReason=OK;derived=92.75;locationGapMs=941;callbackGapMs=941;fusion=GPS_IMU
LOCATION,1790494066594,29.7142083,52.4664100,125.000,true,11.70,83.057,source=fused:fused;speedReason=OK;derived=92.01;locationGapMs=979;callbackGapMs=979;fusion=GPS_IMU
LOCATION,1790494067599,29.7140800,52.4666167,124.000,true,11.70,83.092,source=fused:fused;speedReason=OK;derived=92.01;locationGapMs=1006;callbackGapMs=1006;fusion=GPS_IMU
LOCATION,1790494068615,29.7139583,52.4668167,124.000,true,11.70,83.140,source=fused:fused;speedReason=OK;derived=87.82;locationGapMs=1016;callbackGapMs=1016;fusion=GPS_IMU
LOCATION,1790494069609,29.7138317,52.4670100,124.000,true,11.72,83.158,source=fused:fused;speedReason=OK;derived=84.52;locationGapMs=996;callbackGapMs=996;fusion=GPS_IMU
LOCATION,1790494070862,29.7137117,52.4671883,124.000,true,11.73,83.149,source=fused:fused;speedReason=OK;derived=83.59;locationGapMs=993;callbackGapMs=993;fusion=GPS_IMU
LOCATION,1790494071583,29.7135917,52.4673700,123.000,true,11.75,83.135,source=fused:fused;speedReason=OK;derived=81.07;locationGapMs=979;callbackGapMs=979;fusion=GPS_IMU
LOCATION,1790494072591,29.7134750,52.4675633,123.000,true,11.78,83.140,source=fused:fused;speedReason=OK;derived=81.07;locationGapMs=1006;callbackGapMs=1006;fusion=GPS_IMU
LOCATION,1790494073883,29.7133583,52.4677550,123.000,true,11.82,83.145,source=fused:fused;speedReason=OK;derived=81.07;locationGapMs=1025;callbackGapMs=1025;fusion=GPS_IMU
LOCATION,1790494074573,29.7132383,52.4679467,123.000,true,11.83,83.149,source=fused:fused;speedReason=OK;derived=81.38;locationGapMs=961;callbackGapMs=961;fusion=GPS_IMU
LOCATION,1790494075608,29.7131167,52.4681433,123.000,true,11.86,83.152,source=fused:fused;speedReason=OK;derived=81.17;locationGapMs=1034;callbackGapMs=1034;fusion=GPS_IMU
LOCATION,1790494076604,29.7130000,52.4683450,123.000,true,11.88,83.157,source=fused:fused;speedReason=OK;derived=84.63;locationGapMs=996;callbackGapMs=996;fusion=GPS_IMU
LOCATION,1790494077887,29.7128783,52.4685483,124.000,true,11.90,83.161,source=fused:fused;speedReason=OK;derived=84.60;locationGapMs=1015;callbackGapMs=1015;fusion=GPS_IMU
LOCATION,1790494078614,29.7127600,52.4687350,124.000,true,11.90,83.165,source=fused:fused;speedReason=OK;derived=84.60;locationGapMs=995;callbackGapMs=995;fusion=GPS_IMU
LOCATION,1790494079617,29.7126450,52.4689200,124.000,true,12.06,83.154,source=fused:fused;speedReason=OK;derived=80.77;locationGapMs=1002;callbackGapMs=1002;fusion=GPS_IMU
LOCATION_ONLY,1790494080949,29.7125300,52.4691050,124.000,true,12.44,83.144,source=fused:fused;speedReason=POOR_SPEED_ACCURACY;derived=78.96;locationGapMs=1041;callbackGapMs=1041;fusion=GPS_IMU
LOCATION_ONLY,1790494081606,29.7124067,52.4692767,124.000,true,12.45,83.134,source=fused:fused;speedReason=POOR_SPEED_ACCURACY;derived=78.96;locationGapMs=949;callbackGapMs=949;fusion=GPS_IMU
LOCATION,1790494082902,29.7122800,52.4694567,124.000,true,12.53,83.125,source=fused:fused;speedReason=OK;derived=80.63;locationGapMs=999;callbackGapMs=999;fusion=GPS_IMU
LOCATION_ONLY,1790494083612,29.7121650,52.4696350,124.000,true,13.02,83.119,source=fused:fused;speedReason=POOR_SPEED_ACCURACY;derived=80.63;locationGapMs=1004;callbackGapMs=1004;fusion=GPS_IMU
LOCATION_ONLY,1790494084861,29.7121333,52.4697933,124.000,true,13.38,83.104,source=fused:fused;speedReason=POOR_SPEED_ACCURACY;derived=76.92;locationGapMs=986;callbackGapMs=986;fusion=GPS_IMU
LOCATION_ONLY,1790494086195,29.7119600,52.4699850,124.000,true,14.07,83.089,source=fused:fused;speedReason=POOR_SPEED_ACCURACY;derived=76.92;locationGapMs=1012;callbackGapMs=1012;fusion=GPS_IMU
LOCATION_ONLY,1790494086615,29.7118650,52.4701550,124.000,true,14.87,83.058,source=fused:fused;speedReason=POOR_SPEED_ACCURACY;derived=70.67;locationGapMs=995;callbackGapMs=995;fusion=GPS_IMU
LOCATION_ONLY,1790494087901,29.7118217,52.4703217,124.000,true,16.20,83.028,source=fused:fused;speedReason=POOR_SPEED_ACCURACY;derived=70.67;locationGapMs=997;callbackGapMs=997;fusion=GPS_IMU
LOCATION_ONLY,1790494089233,29.7117167,52.4704983,124.000,true,17.90,82.997,source=fused:fused;speedReason=POOR_SPEED_ACCURACY;derived=70.67;locationGapMs=1005;callbackGapMs=1005;fusion=GPS_IMU
LOCATION_ONLY,1790494089621,29.7116133,52.4706733,124.000,true,20.66,82.987,source=fused:fused;speedReason=POOR_SPEED_ACCURACY;derived=73.32;locationGapMs=1004;callbackGapMs=1004;fusion=GPS_IMU
LOCATION_ONLY,1790494090886,29.7115100,52.4708450,124.000,true,22.72,82.978,source=fused:fused;speedReason=POOR_SPEED_ACCURACY;derived=73.32;locationGapMs=997;callbackGapMs=997;fusion=GPS_IMU
LOCATION,1790494091590,29.7112317,52.4711700,124.000,true,23.85,82.982,source=fused:fused;speedReason=OK;derived=73.32;locationGapMs=984;callbackGapMs=984;fusion=GPS_IMU
LOCATION,1790494092609,29.7111083,52.4713283,124.000,true,27.20,83.050,source=fused:fused;speedReason=OK;derived=72.86;locationGapMs=1015;callbackGapMs=1015;fusion=GPS_IMU
LOCATION,1790494093576,29.7109633,52.4715500,124.000,true,25.88,83.150,source=fused:fused;speedReason=OK;derived=99.18;locationGapMs=973;callbackGapMs=973;fusion=GPS_IMU
LOCATION,1790494094620,29.7108233,52.4717767,126.000,true,22.22,83.274,source=fused:fused;speedReason=OK;derived=93.01;locationGapMs=1040;callbackGapMs=1040;fusion=GPS_IMU
LOCATION,1790494095596,29.7106833,52.4720117,127.000,true,19.02,83.448,source=fused:fused;speedReason=OK;derived=99.18;locationGapMs=979;callbackGapMs=979;fusion=GPS_IMU
LOCATION,1790494096617,29.7105367,52.4722400,128.000,true,12.08,83.648,source=fused:fused;speedReason=OK;derived=96.89;locationGapMs=1019;callbackGapMs=1019;fusion=GPS_IMU
LOCATION,1790494097625,29.7103783,52.4724717,128.000,true,6.24,83.999,source=fused:fused;speedReason=OK;derived=101.24;locationGapMs=1009;callbackGapMs=1009;fusion=GPS_IMU
LOCATION,1790494098602,29.7102183,52.4726967,129.000,true,2.92,84.328,source=fused:fused;speedReason=OK;derived=101.60;locationGapMs=978;callbackGapMs=978;fusion=GPS_IMU
LOCATION,1790494099603,29.7100567,52.4729017,130.000,true,2.83,84.770,source=fused:fused;speedReason=OK;derived=101.60;locationGapMs=1000;callbackGapMs=1000;fusion=GPS_IMU
LOCATION,1790494100644,29.7098867,52.4731217,131.000,true,2.64,85.157,source=fused:fused;speedReason=OK;derived=98.70;locationGapMs=1037;callbackGapMs=1037;fusion=GPS_IMU
LOCATION,1790494101676,29.7097083,52.4733383,134.000,true,2.54,85.520,source=fused:fused;speedReason=OK;derived=98.70;locationGapMs=1036;callbackGapMs=1036;fusion=GPS_IMU
LOCATION,1790494102623,29.7095133,52.4735717,135.000,true,4.00,86.069,source=fused:fused;speedReason=OK;derived=100.13;locationGapMs=945;callbackGapMs=945;fusion=GPS_IMU
LOCATION,1790494103900,29.7093267,52.4737683,137.000,true,5.96,86.484,source=fused:fused;speedReason=OK;derived=101.58;locationGapMs=996;callbackGapMs=996;fusion=GPS_IMU
LOCATION,1790494104616,29.7091433,52.4739450,139.000,true,7.74,86.808,source=fused:fused;speedReason=OK;derived=101.58;locationGapMs=999;callbackGapMs=999;fusion=GPS_IMU
LOCATION,1790494105613,29.7089550,52.4741200,140.000,true,9.52,86.982,source=fused:fused;speedReason=OK;derived=97.05;locationGapMs=997;callbackGapMs=997;fusion=GPS_IMU
LOCATION,1790494106619,29.7087733,52.4742833,142.000,true,9.82,87.199,source=fused:fused;speedReason=OK;derived=95.73;locationGapMs=1003;callbackGapMs=1003;fusion=GPS_IMU
LOCATION,1790494107671,29.7085883,52.4744400,143.000,true,11.30,87.358,source=fused:fused;speedReason=OK;derived=91.88;locationGapMs=1055;callbackGapMs=1055;fusion=GPS_IMU
LOCATION,1790494108628,29.7084083,52.4745917,144.000,true,11.30,87.406,source=fused:fused;speedReason=OK;derived=91.88;locationGapMs=957;callbackGapMs=957;fusion=GPS_IMU
LOCATION,1790494109618,29.7082350,52.4747300,145.000,true,11.30,87.402,source=fused:fused;speedReason=OK;derived=87.03;locationGapMs=990;callbackGapMs=990;fusion=GPS_IMU
LOCATION,1790494110626,29.7080633,52.4748600,147.000,true,11.32,87.337,source=fused:fused;speedReason=OK;derived=85.13;locationGapMs=1007;callbackGapMs=1007;fusion=GPS_IMU
LOCATION,1790494111614,29.7078917,52.4749867,148.000,true,11.32,87.265,source=fused:fused;speedReason=OK;derived=82.38;locationGapMs=989;callbackGapMs=989;fusion=GPS_IMU
LOCATION,1790494112622,29.7077233,52.4751083,149.000,true,11.32,87.053,source=fused:fused;speedReason=OK;derived=81.56;locationGapMs=1005;callbackGapMs=1005;fusion=GPS_IMU
LOCATION,1790494113945,29.7075683,52.4752050,149.000,true,11.34,86.791,source=fused:fused;speedReason=OK;derived=79.04;locationGapMs=1052;callbackGapMs=1052;fusion=GPS_IMU
LOCATION,1790494114608,29.7074083,52.4753067,150.000,true,11.35,86.565,source=fused:fused;speedReason=OK;derived=77.93;locationGapMs=937;callbackGapMs=937;fusion=GPS_IMU
LOCATION,1790494115600,29.7072400,52.4754150,151.000,true,11.37,86.399,source=fused:fused;speedReason=OK;derived=77.65;locationGapMs=992;callbackGapMs=992;fusion=GPS_IMU
LOCATION,1790494116612,29.7070700,52.4755233,152.000,true,11.38,86.214,source=fused:fused;speedReason=OK;derived=77.65;locationGapMs=1011;callbackGapMs=1011;fusion=GPS_IMU
LOCATION,1790494117624,29.7068983,52.4756217,154.000,true,11.38,85.961,source=fused:fused;speedReason=OK;derived=76.78;locationGapMs=1009;callbackGapMs=1009;fusion=GPS_IMU
LOCATION,1790494118622,29.7067283,52.4757167,155.000,true,11.40,85.681,source=fused:fused;speedReason=OK;derived=75.93;locationGapMs=1000;callbackGapMs=1000;fusion=GPS_IMU
LOCATION,1790494119892,29.7065550,52.4758050,156.000,true,11.40,85.495,source=fused:fused;speedReason=OK;derived=75.93;locationGapMs=996;callbackGapMs=996;fusion=GPS_IMU
LOCATION,1790494120614,29.7063767,52.4758900,156.000,true,11.40,85.200,source=fused:fused;speedReason=OK;derived=75.99;locationGapMs=998;callbackGapMs=998;fusion=GPS_IMU
LOCATION,1790494121606,29.7062067,52.4759733,156.000,true,11.40,85.031,source=fused:fused;speedReason=OK;derived=75.99;locationGapMs=992;callbackGapMs=992;fusion=GPS_IMU
LOCATION,1790494122611,29.7060433,52.4760550,157.000,true,11.40,84.860,source=fused:fused;speedReason=OK;derived=74.38;locationGapMs=1006;callbackGapMs=1006;fusion=GPS_IMU
LOCATION,1790494123627,29.7058800,52.4761350,157.000,true,11.42,84.576,source=fused:fused;speedReason=OK;derived=70.72;locationGapMs=1011;callbackGapMs=1011;fusion=GPS_IMU
LOCATION,1790494124905,29.7057167,52.4762167,157.000,true,11.43,84.381,source=fused:fused;speedReason=OK;derived=70.10;locationGapMs=1028;callbackGapMs=1028;fusion=GPS_IMU
LOCATION,1790494125592,29.7055517,52.4762983,157.000,true,11.45,84.106,source=fused:fused;speedReason=OK;derived=70.10;locationGapMs=941;callbackGapMs=941;fusion=GPS_IMU
LOCATION,1790494126613,29.7053817,52.4763800,157.000,true,11.48,83.827,source=fused:fused;speedReason=OK;derived=72.05;locationGapMs=1021;callbackGapMs=1021;fusion=GPS_IMU
LOCATION,1790494127621,29.7052083,52.4764617,157.000,true,11.50,83.621,source=fused:fused;speedReason=OK;derived=74.30;locationGapMs=1007;callbackGapMs=1007;fusion=GPS_IMU
LOCATION,1790494128614,29.7050333,52.4765433,156.000,true,11.50,83.417,source=fused:fused;speedReason=OK;derived=74.30;locationGapMs=994;callbackGapMs=994;fusion=GPS_IMU
LOCATION,1790494129615,29.7048550,52.4766317,156.000,true,11.52,83.275,source=fused:fused;speedReason=OK;derived=75.85;locationGapMs=999;callbackGapMs=999;fusion=GPS_IMU
LOCATION,1790494130892,29.7046683,52.4767233,156.000,true,11.54,83.237,source=fused:fused;speedReason=OK;derived=77.61;locationGapMs=1003;callbackGapMs=1003;fusion=GPS_IMU
LOCATION,1790494131612,29.7044867,52.4768150,156.000,true,11.55,83.214,source=fused:fused;speedReason=OK;derived=79.59;locationGapMs=995;callbackGapMs=995;fusion=GPS_IMU
LOCATION,1790494132605,29.7043050,52.4769067,156.000,true,11.57,83.185,source=fused:fused;speedReason=OK;derived=79.71;locationGapMs=994;callbackGapMs=994;fusion=GPS_IMU
LOCATION,1790494133910,29.7041283,52.4769950,157.000,true,11.60,83.003,source=fused:fused;speedReason=OK;derived=79.59;locationGapMs=1030;callbackGapMs=1030;fusion=GPS_IMU
LOCATION,1790494134616,29.7039550,52.4770800,157.000,true,11.60,82.797,source=fused:fused;speedReason=OK;derived=76.69;locationGapMs=981;callbackGapMs=981;fusion=GPS_IMU
LOCATION,1790494135668,29.7037833,52.4771667,157.000,true,11.60,82.510,source=fused:fused;speedReason=OK;derived=74.69;locationGapMs=1052;callbackGapMs=1052;fusion=GPS_IMU
LOCATION,1790494136610,29.7036117,52.4772533,156.000,true,11.60,82.235,source=fused:fused;speedReason=OK;derived=76.69;locationGapMs=942;callbackGapMs=942;fusion=GPS_IMU
LOCATION,1790494137888,29.7034350,52.4773433,156.000,true,11.60,81.971,source=fused:fused;speedReason=OK;derived=75.51;locationGapMs=1022;callbackGapMs=1022;fusion=GPS_IMU
LOCATION,1790494138610,29.7032600,52.4774333,156.000,true,11.60,81.821,source=fused:fused;speedReason=OK;derived=78.27;locationGapMs=978;callbackGapMs=978;fusion=GPS_IMU
LOCATION,1790494139614,29.7030833,52.4775250,156.000,true,11.60,81.695,source=fused:fused;speedReason=OK;derived=77.18;locationGapMs=1003;callbackGapMs=1003;fusion=GPS_IMU
LOCATION,1790494140922,29.7029050,52.4776200,155.000,true,11.60,81.571,source=fused:fused;speedReason=OK;derived=78.16;locationGapMs=1004;callbackGapMs=1004;fusion=GPS_IMU
LOCATION,1790494141658,29.7027200,52.4777233,154.000,true,11.60,81.549,source=fused:fused;speedReason=OK;derived=78.16;locationGapMs=1041;callbackGapMs=1041;fusion=GPS_IMU
LOCATION,1790494142909,29.7025333,52.4778317,153.000,true,11.60,81.524,source=fused:fused;speedReason=OK;derived=78.89;locationGapMs=961;callbackGapMs=961;fusion=GPS_IMU
LOCATION,1790494143616,29.7023483,52.4779517,152.000,true,11.60,81.558,source=fused:fused;speedReason=OK;derived=85.18;locationGapMs=996;callbackGapMs=996;fusion=GPS_IMU
LOCATION,1790494144891,29.7021617,52.4780783,150.000,true,11.60,81.691,source=fused:fused;speedReason=OK;derived=86.72;locationGapMs=998;callbackGapMs=998;fusion=GPS_IMU
LOCATION,1790494146191,29.7019750,52.4782117,148.000,true,11.60,81.906,source=fused:fused;speedReason=OK;derived=86.72;locationGapMs=1002;callbackGapMs=1002;fusion=GPS_IMU
LOCATION,1790494146629,29.7017933,52.4783583,146.000,true,11.60,82.132,source=fused:fused;speedReason=OK;derived=87.63;locationGapMs=1002;callbackGapMs=1002;fusion=GPS_IMU
LOCATION,1790494147967,29.7016183,52.4785067,145.000,true,11.60,82.329,source=fused:fused;speedReason=OK;derived=87.63;locationGapMs=1062;callbackGapMs=1062;fusion=GPS_IMU
LOCATION,1790494149266,29.7014450,52.4786567,143.000,true,11.60,82.470,source=fused:fused;speedReason=OK;derived=88.51;locationGapMs=941;callbackGapMs=941;fusion=GPS_IMU
LOCATION,1790494149624,29.7012850,52.4788083,141.000,true,11.60,82.544,source=fused:fused;speedReason=OK;derived=83.87;locationGapMs=988;callbackGapMs=988;fusion=GPS_IMU
LOCATION,1790494150610,29.7011317,52.4789583,139.000,true,11.60,82.504,source=fused:fused;speedReason=OK;derived=83.87;locationGapMs=1002;callbackGapMs=1002;fusion=GPS_IMU
LOCATION,1790494151619,29.7009817,52.4791217,137.000,true,11.56,82.428,source=fused:fused;speedReason=OK;derived=82.19;locationGapMs=1005;callbackGapMs=1005;fusion=GPS_IMU
LOCATION,1790494152621,29.7008350,52.4792883,134.000,true,11.53,82.295,source=fused:fused;speedReason=OK;derived=82.19;locationGapMs=1000;callbackGapMs=1000;fusion=GPS_IMU
LOCATION,1790494153618,29.7007017,52.4794533,133.000,true,11.48,82.186,source=fused:fused;speedReason=OK;derived=82.19;locationGapMs=1002;callbackGapMs=1002;fusion=GPS_IMU
LOCATION,1790494154923,29.7005717,52.4796233,131.000,true,11.40,82.083,source=fused:fused;speedReason=OK;derived=78.16;locationGapMs=1008;callbackGapMs=1008;fusion=GPS_IMU
LOCATION,1790494155614,29.7004483,52.4797967,129.000,true,11.34,81.970,source=fused:fused;speedReason=OK;derived=78.16;locationGapMs=989;callbackGapMs=989;fusion=GPS_IMU
LOCATION,1790494156575,29.7003200,52.4799833,128.000,true,11.33,81.936,source=fused:fused;speedReason=OK;derived=78.80;locationGapMs=962;callbackGapMs=962;fusion=GPS_IMU
LOCATION,1790494157595,29.7001950,52.4801783,126.000,true,11.32,81.944,source=fused:fused;speedReason=OK;derived=82.87;locationGapMs=1017;callbackGapMs=1017;fusion=GPS_IMU
LOCATION,1790494158676,29.7000700,52.4803833,124.000,true,11.32,82.039,source=fused:fused;speedReason=OK;derived=82.87;locationGapMs=1079;callbackGapMs=1079;fusion=GPS_IMU
LOCATION,1790494159622,29.6999517,52.4805867,123.000,true,11.33,82.086,source=fused:fused;speedReason=OK;derived=82.87;locationGapMs=950;callbackGapMs=950;fusion=GPS_IMU
LOCATION,1790494160899,29.6998383,52.4807867,121.000,true,11.36,82.127,source=fused:fused;speedReason=OK;derived=83.17;locationGapMs=999;callbackGapMs=999;fusion=GPS_IMU
LOCATION,1790494161621,29.6997350,52.4809933,119.000,true,11.38,82.142,source=fused:fused;speedReason=OK;derived=83.28;locationGapMs=996;callbackGapMs=996;fusion=GPS_IMU
LOCATION,1790494162624,29.6996367,52.4812033,117.000,true,11.40,82.161,source=fused:fused;speedReason=OK;derived=83.17;locationGapMs=1003;callbackGapMs=1003;fusion=GPS_IMU
LOCATION,1790494163896,29.6995400,52.4814250,116.000,true,11.40,82.227,source=fused:fused;speedReason=OK;derived=83.28;locationGapMs=988;callbackGapMs=988;fusion=GPS_IMU
LOCATION,1790494164654,29.6994450,52.4816533,115.000,true,11.40,82.402,source=fused:fused;speedReason=OK;derived=84.32;locationGapMs=1045;callbackGapMs=1045;fusion=GPS_IMU
LOCATION,1790494165606,29.6993500,52.4818800,114.000,true,11.40,82.586,source=fused:fused;speedReason=OK;derived=87.39;locationGapMs=954;callbackGapMs=954;fusion=GPS_IMU
LOCATION,1790494166609,29.6992600,52.4821050,114.000,true,11.40,82.765,source=fused:fused;speedReason=OK;derived=86.05;locationGapMs=1002;callbackGapMs=1002;fusion=GPS_IMU
LOCATION,1790494167620,29.6991683,52.4823350,115.000,true,11.40,82.897,source=fused:fused;speedReason=OK;derived=87.39;locationGapMs=1008;callbackGapMs=1008;fusion=GPS_IMU
LOCATION,1790494168623,29.6990683,52.4825617,116.000,true,11.40,82.950,source=fused:fused;speedReason=OK;derived=87.39;locationGapMs=1000;callbackGapMs=1000;fusion=GPS_IMU
LOCATION,1790494169613,29.6989667,52.4827800,118.000,true,11.40,83.056,source=fused:fused;speedReason=OK;derived=87.39;locationGapMs=995;callbackGapMs=995;fusion=GPS_IMU
LOCATION,1790494170897,29.6988633,52.4829850,120.000,true,11.38,83.096,source=fused:fused;speedReason=OK;derived=86.62;locationGapMs=1002;callbackGapMs=1002;fusion=GPS_IMU
LOCATION,1790494171619,29.6987550,52.4831917,121.000,true,11.36,83.122,source=fused:fused;speedReason=OK;derived=83.82;locationGapMs=1002;callbackGapMs=1002;fusion=GPS_IMU
LOCATION,1790494172612,29.6986467,52.4833833,124.000,true,11.35,83.114,source=fused:fused;speedReason=OK;derived=82.32;locationGapMs=996;callbackGapMs=996;fusion=GPS_IMU
LOCATION,1790494173914,29.6985433,52.4835550,126.000,true,11.33,82.994,source=fused:fused;speedReason=OK;derived=79.84;locationGapMs=1001;callbackGapMs=1001;fusion=GPS_IMU
LOCATION,1790494174630,29.6984383,52.4837150,129.000,true,11.33,82.597,source=fused:fused;speedReason=OK;derived=72.60;locationGapMs=1009;callbackGapMs=1009;fusion=GPS_IMU
LOCATION,1790494175677,29.6983300,52.4838583,131.000,true,11.32,82.188,source=fused:fused;speedReason=OK;derived=69.11;locationGapMs=1051;callbackGapMs=1051;fusion=GPS_IMU
LOCATION,1790494176613,29.6982183,52.4839867,134.000,true,11.32,81.762,source=fused:fused;speedReason=OK;derived=67.25;locationGapMs=939;callbackGapMs=939;fusion=GPS_IMU
LOCATION,1790494177890,29.6981000,52.4841050,136.000,true,11.32,81.327,source=fused:fused;speedReason=OK;derived=62.83;locationGapMs=1006;callbackGapMs=1006;fusion=GPS_IMU
LOCATION,1790494178613,29.6979817,52.4842200,138.000,true,11.32,80.933,source=fused:fused;speedReason=OK;derived=62.48;locationGapMs=991;callbackGapMs=991;fusion=GPS_IMU
LOCATION,1790494179885,29.6978583,52.4843350,140.000,true,11.30,80.637,source=fused:fused;speedReason=OK;derived=62.48;locationGapMs=1008;callbackGapMs=1008;fusion=GPS_IMU
LOCATION,1790494180608,29.6977317,52.4844550,142.000,true,11.32,80.311,source=fused:fused;speedReason=OK;derived=62.98;locationGapMs=986;callbackGapMs=986;fusion=GPS_IMU
LOCATION,1790494181928,29.6976000,52.4845650,144.000,true,11.32,80.030,source=fused:fused;speedReason=OK;derived=62.98;locationGapMs=1059;callbackGapMs=1059;fusion=GPS_IMU
LOCATION,1790494183174,29.6974600,52.4846667,146.000,true,11.32,79.672,source=fused:fused;speedReason=OK;derived=66.51;locationGapMs=952;callbackGapMs=952;fusion=GPS_IMU
LOCATION,1790494183628,29.6973133,52.4847650,149.000,true,11.32,79.329,source=fused:fused;speedReason=OK;derived=67.89;locationGapMs=999;callbackGapMs=999;fusion=GPS_IMU
LOCATION,1790494184908,29.6971650,52.4848633,151.000,true,11.32,78.994,source=fused:fused;speedReason=OK;derived=68.10;locationGapMs=1004;callbackGapMs=1004;fusion=GPS_IMU
LOCATION,1790494186238,29.6970133,52.4849517,153.000,true,11.30,78.686,source=fused:fused;speedReason=OK;derived=68.10;locationGapMs=996;callbackGapMs=996;fusion=GPS_IMU
LOCATION,1790494186616,29.6968550,52.4850267,156.000,true,11.30,78.385,source=fused:fused;speedReason=OK;derived=68.19;locationGapMs=993;callbackGapMs=993;fusion=GPS_IMU
LOCATION,1790494187897,29.6966983,52.4850983,158.000,true,11.30,78.092,source=fused:fused;speedReason=OK;derived=68.19;locationGapMs=1008;callbackGapMs=1008;fusion=GPS_IMU
LOCATION,1790494189216,29.6965450,52.4851667,159.000,true,11.30,77.792,source=fused:fused;speedReason=OK;derived=66.79;locationGapMs=993;callbackGapMs=993;fusion=GPS_IMU
LOCATION,1790494189618,29.6963917,52.4852317,161.000,true,11.30,77.454,source=fused:fused;speedReason=OK;derived=66.12;locationGapMs=1001;callbackGapMs=1001;fusion=GPS_IMU
LOCATION,1790494190627,29.6962367,52.4852900,162.000,true,11.30,77.128,source=fused:fused;speedReason=OK;derived=65.17;locationGapMs=1008;callbackGapMs=1008;fusion=GPS_IMU
LOCATION,1790494191616,29.6960800,52.4853417,165.000,true,11.30,76.842,source=fused:fused;speedReason=OK;derived=65.14;locationGapMs=999;callbackGapMs=999;fusion=GPS_IMU
LOCATION,1790494192584,29.6959233,52.4853833,167.000,true,11.30,76.559,source=fused:fused;speedReason=OK;derived=65.14;locationGapMs=970;callbackGapMs=970;fusion=GPS_IMU
LOCATION,1790494193575,29.6957667,52.4854200,169.000,true,11.30,76.315,source=fused:fused;speedReason=OK;derived=65.14;locationGapMs=990;callbackGapMs=990;fusion=GPS_IMU
LOCATION,1790494194581,29.6956117,52.4854500,171.000,true,11.32,76.116,source=fused:fused;speedReason=OK;derived=64.43;locationGapMs=1008;callbackGapMs=1008;fusion=GPS_IMU
LOCATION,1790494195587,29.6954533,52.4854717,174.000,true,11.33,75.868,source=fused:fused;speedReason=OK;derived=63.34;locationGapMs=1005;callbackGapMs=1005;fusion=GPS_IMU
LOCATION,1790494196605,29.6952917,52.4854867,176.000,true,11.35,75.697,source=fused:fused;speedReason=OK;derived=63.34;locationGapMs=1010;callbackGapMs=1010;fusion=GPS_IMU
LOCATION,1790494197624,29.6951267,52.4854950,178.000,true,11.38,75.557,source=fused:fused;speedReason=OK;derived=64.06;locationGapMs=1025;callbackGapMs=1025;fusion=GPS_IMU
LOCATION,1790494198611,29.6949583,52.4854950,181.000,true,11.40,75.446,source=fused:fused;speedReason=OK;derived=64.30;locationGapMs=986;callbackGapMs=986;fusion=GPS_IMU
LOCATION,1790494199596,29.6947950,52.4854883,183.000,true,11.40,75.356,source=fused:fused;speedReason=OK;derived=66.07;locationGapMs=987;callbackGapMs=987;fusion=GPS_IMU
LOCATION,1790494200615,29.6946267,52.4854750,185.000,true,11.40,75.283,source=fused:fused;speedReason=OK;derived=66.07;locationGapMs=1019;callbackGapMs=1019;fusion=GPS_IMU
LOCATION,1790494201628,29.6944533,52.4854533,187.000,true,11.40,75.195,source=fused:fused;speedReason=OK;derived=66.07;locationGapMs=1007;callbackGapMs=1007;fusion=GPS_IMU
LOCATION,1790494202662,29.6942800,52.4854217,190.000,true,11.40,75.120,source=fused:fused;speedReason=OK;derived=67.33;locationGapMs=1040;callbackGapMs=1040;fusion=GPS_IMU
LOCATION,1790494203617,29.6940983,52.4853800,192.000,true,11.40,75.049,source=fused:fused;speedReason=OK;derived=69.12;locationGapMs=952;callbackGapMs=952;fusion=GPS_IMU
LOCATION,1790494204593,29.6939083,52.4853267,195.000,true,11.40,75.035,source=fused:fused;speedReason=OK;derived=77.68;locationGapMs=980;callbackGapMs=980;fusion=GPS_IMU
LOCATION,1790494205603,29.6937267,52.4852717,197.000,true,11.40,75.066,source=fused:fused;speedReason=OK;derived=77.68;locationGapMs=1009;callbackGapMs=1009;fusion=GPS_IMU
LOCATION,1790494206612,29.6935333,52.4851933,199.000,true,11.40,75.094,source=fused:fused;speedReason=OK;derived=79.65;locationGapMs=1008;callbackGapMs=1008;fusion=GPS_IMU
LOCATION,1790494207618,29.6933400,52.4851000,200.000,true,11.40,75.179,source=fused:fused;speedReason=OK;derived=81.22;locationGapMs=1004;callbackGapMs=1004;fusion=GPS_IMU
LOCATION,1790494208664,29.6931383,52.4850117,202.000,true,11.42,75.260,source=fused:fused;speedReason=OK;derived=82.38;locationGapMs=1046;callbackGapMs=1046;fusion=GPS_IMU
LOCATION,1790494209620,29.6929350,52.4849283,202.000,true,11.44,75.412,source=fused:fused;speedReason=OK;derived=83.37;locationGapMs=955;callbackGapMs=955;fusion=GPS_IMU
LOCATION,1790494210617,29.6927400,52.4848417,202.000,true,11.46,75.607,source=fused:fused;speedReason=OK;derived=83.46;locationGapMs=1000;callbackGapMs=1000;fusion=GPS_IMU
LOCATION,1790494211626,29.6925383,52.4847617,202.000,true,11.48,75.824,source=fused:fused;speedReason=OK;derived=84.33;locationGapMs=1010;callbackGapMs=1010;fusion=GPS_IMU
LOCATION,1790494212615,29.6923367,52.4846783,202.000,true,11.50,76.099,source=fused:fused;speedReason=OK;derived=84.33;locationGapMs=988;callbackGapMs=988;fusion=GPS_IMU
LOCATION,1790494213624,29.6921433,52.4845900,202.000,true,11.50,76.344,source=fused:fused;speedReason=OK;derived=84.33;locationGapMs=1005;callbackGapMs=1005;fusion=GPS_IMU
LOCATION,1790494214615,29.6919483,52.4845033,202.000,true,11.52,76.547,source=fused:fused;speedReason=OK;derived=83.98;locationGapMs=994;callbackGapMs=994;fusion=GPS_IMU
LOCATION,1790494215622,29.6917567,52.4843967,202.000,true,11.54,76.751,source=fused:fused;speedReason=OK;derived=83.98;locationGapMs=1009;callbackGapMs=1009;fusion=GPS_IMU
LOCATION,1790494216625,29.6915633,52.4843050,202.000,true,11.55,76.924,source=fused:fused;speedReason=OK;derived=83.98;locationGapMs=1002;callbackGapMs=1002;fusion=GPS_IMU
LOCATION,1790494217619,29.6913700,52.4842217,202.000,true,11.58,77.091,source=fused:fused;speedReason=OK;derived=83.36;locationGapMs=994;callbackGapMs=994;fusion=GPS_IMU
LOCATION,1790494218613,29.6911750,52.4841317,202.000,true,11.58,77.232,source=fused:fused;speedReason=OK;derived=83.36;locationGapMs=995;callbackGapMs=995;fusion=GPS_IMU
LOCATION,1790494219632,29.6909833,52.4840483,203.000,true,11.60,77.367,source=fused:fused;speedReason=OK;derived=82.91;locationGapMs=1013;callbackGapMs=1013;fusion=GPS_IMU
LOCATION,1790494220622,29.6907883,52.4839683,202.000,true,11.57,77.540,source=fused:fused;speedReason=OK;derived=83.07;locationGapMs=995;callbackGapMs=995;fusion=GPS_IMU
LOCATION,1790494221616,29.6905883,52.4838850,202.000,true,11.53,77.736,source=fused:fused;speedReason=OK;derived=83.07;locationGapMs=995;callbackGapMs=995;fusion=GPS_IMU
LOCATION,1790494222622,29.6903850,52.4837983,202.000,true,11.48,77.992,source=fused:fused;speedReason=OK;derived=85.35;locationGapMs=1004;callbackGapMs=1004;fusion=GPS_IMU
LOCATION,1790494223625,29.6901800,52.4837133,202.000,true,11.42,78.207,source=fused:fused;speedReason=OK;derived=86.22;locationGapMs=996;callbackGapMs=996;fusion=GPS_IMU
LOCATION,1790494224619,29.6899733,52.4836317,201.000,true,11.40,78.460,source=fused:fused;speedReason=OK;derived=87.07;locationGapMs=1002;callbackGapMs=1002;fusion=GPS_IMU
LOCATION,1790494225685,29.6897633,52.4835467,200.000,true,11.34,78.716,source=fused:fused;speedReason=OK;derived=87.07;locationGapMs=1061;callbackGapMs=1061;fusion=GPS_IMU
LOCATION,1790494226630,29.6895550,52.4834650,200.000,true,11.32,79.053,source=fused:fused;speedReason=OK;derived=87.07;locationGapMs=948;callbackGapMs=948;fusion=GPS_IMU
LOCATION,1790494227629,29.6893433,52.4833900,199.000,true,11.30,79.374,source=fused:fused;speedReason=OK;derived=88.34;locationGapMs=1001;callbackGapMs=1001;fusion=GPS_IMU
LOCATION,1790494228597,29.6891317,52.4833233,197.000,true,11.30,79.605,source=fused:fused;speedReason=OK;derived=90.19;locationGapMs=971;callbackGapMs=971;fusion=GPS_IMU
LOCATION,1790494229590,29.6889200,52.4832517,195.000,true,11.30,79.830,source=fused:fused;speedReason=OK;derived=89.52;locationGapMs=984;callbackGapMs=984;fusion=GPS_IMU
LOCATION,1790494230590,29.6887083,52.4831867,192.000,true,11.30,79.995,source=fused:fused;speedReason=OK;derived=89.52;locationGapMs=1004;callbackGapMs=1004;fusion=GPS_IMU
LOCATION,1790494231690,29.6884917,52.4831383,189.000,true,11.30,80.159,source=fused:fused;speedReason=OK;derived=87.11;locationGapMs=1092;callbackGapMs=1092;fusion=GPS_IMU
LOCATION,1790494232846,29.6882700,52.4830967,186.000,true,11.30,80.399,source=fused:fused;speedReason=OK;derived=87.11;locationGapMs=915;callbackGapMs=915;fusion=GPS_IMU
LOCATION,1790494233606,29.6880450,52.4830733,183.000,true,11.30,80.688,source=fused:fused;speedReason=OK;derived=89.00;locationGapMs=1013;callbackGapMs=1013;fusion=GPS_IMU
LOCATION,1790494234622,29.6878233,52.4830617,180.000,true,11.30,80.839,source=fused:fused;speedReason=OK;derived=89.00;locationGapMs=1007;callbackGapMs=1007;fusion=GPS_IMU
LOCATION,1790494235617,29.6876017,52.4830683,177.000,true,11.30,80.987,source=fused:fused;speedReason=OK;derived=88.28;locationGapMs=1002;callbackGapMs=1002;fusion=GPS_IMU
LOCATION,1790494236899,29.6873767,52.4830867,174.000,true,11.30,81.117,source=fused:fused;speedReason=OK;derived=88.28;locationGapMs=1001;callbackGapMs=1001;fusion=GPS_IMU
LOCATION,1790494237655,29.6871517,52.4831167,172.000,true,11.30,81.224,source=fused:fused;speedReason=OK;derived=88.28;locationGapMs=1032;callbackGapMs=1032;fusion=GPS_IMU
LOCATION,1790494238618,29.6869300,52.4831617,169.000,true,11.30,81.416,source=fused:fused;speedReason=OK;derived=89.92;locationGapMs=969;callbackGapMs=969;fusion=GPS_IMU
LOCATION,1790494239621,29.6867100,52.4832217,166.000,true,11.30,81.626,source=fused:fused;speedReason=OK;derived=90.52;locationGapMs=997;callbackGapMs=997;fusion=GPS_IMU
LOCATION,1790494240621,29.6865017,52.4832900,163.000,true,11.32,81.862,source=fused:fused;speedReason=OK;derived=90.52;locationGapMs=1005;callbackGapMs=1005;fusion=GPS_IMU
LOCATION,1790494241919,29.6862983,52.4833767,160.000,true,11.32,82.014,source=fused:fused;speedReason=OK;derived=86.18;locationGapMs=1005;callbackGapMs=1005;fusion=GPS_IMU
LOCATION,1790494242618,29.6860983,52.4834683,158.000,true,11.33,82.209,source=fused:fused;speedReason=OK;derived=86.18;locationGapMs=992;callbackGapMs=992;fusion=GPS_IMU
LOCATION,1790494243676,29.6859083,52.4835700,155.000,true,11.34,82.344,source=fused:fused;speedReason=OK;derived=86.18;locationGapMs=1056;callbackGapMs=1056;fusion=GPS_IMU
LOCATION,1790494244608,29.6857267,52.4836850,152.000,true,11.35,82.394,source=fused:fused;speedReason=OK;derived=86.65;locationGapMs=936;callbackGapMs=936;fusion=GPS_IMU
LOCATION,1790494245624,29.6855483,52.4838133,149.000,true,11.37,82.438,source=fused:fused;speedReason=OK;derived=83.31;locationGapMs=1009;callbackGapMs=1009;fusion=GPS_IMU
LOCATION,1790494246612,29.6853717,52.4839500,146.000,true,11.37,82.485,source=fused:fused;speedReason=OK;derived=85.66;locationGapMs=993;callbackGapMs=993;fusion=GPS_IMU
LOCATION,1790494247895,29.6851950,52.4840917,143.000,true,11.38,82.512,source=fused:fused;speedReason=OK;derived=84.89;locationGapMs=1014;callbackGapMs=1014;fusion=GPS_IMU
LOCATION,1790494248613,29.6850250,52.4842417,141.000,true,11.38,82.579,source=fused:fused;speedReason=OK;derived=85.66;locationGapMs=987;callbackGapMs=987;fusion=GPS_IMU
LOCATION,1790494249669,29.6848617,52.4844083,139.000,true,11.40,82.630,source=fused:fused;speedReason=OK;derived=84.89;locationGapMs=1053;callbackGapMs=1053;fusion=GPS_IMU
LOCATION,1790494250608,29.6847050,52.4845767,136.000,true,11.40,82.694,source=fused:fused;speedReason=OK;derived=86.77;locationGapMs=942;callbackGapMs=942;fusion=GPS_IMU
LOCATION,1790494251622,29.6845550,52.4847517,134.000,true,11.40,82.774,source=fused:fused;speedReason=OK;derived=84.68;locationGapMs=1009;callbackGapMs=1009;fusion=GPS_IMU
LOCATION,1790494252900,29.6844283,52.4849250,132.000,true,11.40,82.818,source=fused:fused;speedReason=OK;derived=84.68;locationGapMs=999;callbackGapMs=999;fusion=GPS_IMU
LOCATION,1790494253618,29.6842967,52.4850983,129.000,true,11.42,82.765,source=fused:fused;speedReason=OK;derived=80.19;locationGapMs=998;callbackGapMs=998;fusion=GPS_IMU
LOCATION,1790494254612,29.6841667,52.4852850,127.000,true,11.42,82.718,source=fused:fused;speedReason=OK;derived=80.19;locationGapMs=1000;callbackGapMs=1000;fusion=GPS_IMU
LOCATION,1790494255912,29.6840400,52.4854800,125.000,true,11.42,82.720,source=fused:fused;speedReason=OK;derived=83.21;locationGapMs=1004;callbackGapMs=1004;fusion=GPS_IMU
LOCATION,1790494256616,29.6839250,52.4856750,124.000,true,11.42,82.722,source=fused:fused;speedReason=OK;derived=83.21;locationGapMs=998;callbackGapMs=998;fusion=GPS_IMU
LOCATION,1790494257622,29.6838050,52.4858750,123.000,true,11.42,82.712,source=fused:fused;speedReason=OK;derived=84.36;locationGapMs=997;callbackGapMs=997;fusion=GPS_IMU
LOCATION,1790494258612,29.6836900,52.4860783,123.000,true,11.42,82.702,source=fused:fused;speedReason=OK;derived=84.32;locationGapMs=1001;callbackGapMs=1001;fusion=GPS_IMU
LOCATION,1790494259891,29.6835750,52.4862783,122.000,true,11.42,82.694,source=fused:fused;speedReason=OK;derived=84.32;locationGapMs=998;callbackGapMs=998;fusion=GPS_IMU
LOCATION,1790494260587,29.6834667,52.4864717,121.000,true,11.44,82.680,source=fused:fused;speedReason=OK;derived=83.61;locationGapMs=978;callbackGapMs=978;fusion=GPS_IMU
LOCATION,1790494261985,29.6833667,52.4866633,120.000,true,11.46,82.613,source=fused:fused;speedReason=OK;derived=81.86;locationGapMs=1110;callbackGapMs=1110;fusion=GPS_IMU
LOCATION,1790494262587,29.6832700,52.4868533,120.000,true,11.47,82.556,source=fused:fused;speedReason=OK;derived=81.86;locationGapMs=887;callbackGapMs=887;fusion=GPS_IMU
LOCATION,1790494263854,29.6831750,52.4870417,120.000,true,11.48,82.498,source=fused:fused;speedReason=OK;derived=74.61;locationGapMs=1016;callbackGapMs=1016;fusion=GPS_IMU
LOCATION,1790494264597,29.6830833,52.4872283,120.000,true,11.52,82.456,source=fused:fused;speedReason=OK;derived=74.99;locationGapMs=995;callbackGapMs=995;fusion=GPS_IMU
LOCATION,1790494266530,29.6829950,52.4874050,119.000,true,11.54,82.427,source=fused:fused;speedReason=OK;derived=74.61;locationGapMs=997;callbackGapMs=997;fusion=GPS_IMU
LOCATION,1790494266608,29.6829133,52.4875650,119.000,true,11.63,82.372,source=fused:fused;speedReason=OK;derived=71.15;locationGapMs=994;callbackGapMs=994;fusion=GPS_IMU
LOCATION,1790494267596,29.6828300,52.4877250,119.000,true,11.85,82.268,source=fused:fused;speedReason=OK;derived=65.04;locationGapMs=998;callbackGapMs=998;fusion=GPS_IMU
LOCATION,1790494269568,29.6827367,52.4878950,119.000,true,11.92,82.131,source=fused:fused;speedReason=OK;derived=65.04;locationGapMs=996;callbackGapMs=996;fusion=GPS_IMU
LOCATION,1790494269614,29.6826483,52.4880717,119.000,true,12.22,81.991,source=fused:fused;speedReason=OK;derived=69.71;locationGapMs=1018;callbackGapMs=1018;fusion=GPS_IMU
LOCATION,1790494270619,29.6825600,52.4882583,119.000,true,12.18,81.872,source=fused:fused;speedReason=OK;derived=70.25;locationGapMs=996;callbackGapMs=996;fusion=GPS_IMU
LOCATION,1790494271612,29.6824650,52.4884367,119.000,true,12.46,81.767,source=fused:fused;speedReason=OK;derived=72.38;locationGapMs=1006;callbackGapMs=1006;fusion=GPS_IMU
LOCATION,1790494272604,29.6823467,52.4886117,118.000,true,12.30,81.608,source=fused:fused;speedReason=OK;derived=74.25;locationGapMs=997;callbackGapMs=997;fusion=GPS_IMU
LOCATION,1790494273594,29.6822383,52.4887967,118.000,true,12.30,81.411,source=fused:fused;speedReason=OK;derived=77.35;locationGapMs=997;callbackGapMs=997;fusion=GPS_IMU
LOCATION,1790494274569,29.6821250,52.4890133,121.000,true,10.63,81.277,source=fused:fused;speedReason=OK;derived=77.87;locationGapMs=972;callbackGapMs=972;fusion=GPS_IMU
LOCATION,1790494275899,29.6820167,52.4892083,121.000,true,8.87,81.154,source=fused:fused;speedReason=OK;derived=78.87;locationGapMs=1021;callbackGapMs=1021;fusion=GPS_IMU
LOCATION,1790494276592,29.6819083,52.4894083,121.000,true,7.18,81.043,source=fused:fused;speedReason=OK;derived=81.86;locationGapMs=1002;callbackGapMs=1002;fusion=GPS_IMU
LOCATION,1790494277606,29.6818183,52.4895917,121.000,true,5.33,80.909,source=fused:fused;speedReason=OK;derived=78.87;locationGapMs=1012;callbackGapMs=1012;fusion=GPS_IMU
LOCATION,1790494278598,29.6817233,52.4897717,121.000,true,1.94,80.537,source=fused:fused;speedReason=OK;derived=73.51;locationGapMs=997;callbackGapMs=997;fusion=GPS_IMU
LOCATION,1790494279584,29.6816300,52.4899500,122.000,true,1.80,80.284,source=fused:fused;speedReason=OK;derived=73.51;locationGapMs=985;callbackGapMs=985;fusion=GPS_IMU
LOCATION,1790494280606,29.6815350,52.4901200,122.000,true,1.70,79.904,source=fused:fused;speedReason=OK;derived=73.51;locationGapMs=1020;callbackGapMs=1020;fusion=GPS_IMU
LOCATION,1790494281678,29.6814400,52.4902900,122.000,true,1.64,79.639,source=fused:fused;speedReason=OK;derived=69.70;locationGapMs=1009;callbackGapMs=1009;fusion=GPS_IMU
LOCATION,1790494282570,29.6813400,52.4904567,123.000,true,1.63,79.418,source=fused:fused;speedReason=OK;derived=69.70;locationGapMs=954;callbackGapMs=954;fusion=GPS_IMU
LOCATION,1790494283571,29.6812383,52.4906233,125.000,true,1.60,79.167,source=fused:fused;speedReason=OK;derived=70.62;locationGapMs=1003;callbackGapMs=1003;fusion=GPS_IMU
LOCATION,1790494284616,29.6811317,52.4907883,127.000,true,1.60,78.873,source=fused:fused;speedReason=OK;derived=70.62;locationGapMs=1043;callbackGapMs=1043;fusion=GPS_IMU
LOCATION,1790494285631,29.6810217,52.4909517,127.000,true,1.60,78.718,source=fused:fused;speedReason=OK;derived=70.62;locationGapMs=1011;callbackGapMs=1011;fusion=GPS_IMU
LOCATION,1790494286654,29.6809100,52.4911200,128.000,true,1.60,78.446,source=fused:fused;speedReason=OK;derived=71.11;locationGapMs=993;callbackGapMs=993;fusion=GPS_IMU
LOCATION,1790494287604,29.6807950,52.4912833,129.000,true,1.60,78.185,source=fused:fused;speedReason=OK;derived=74.14;locationGapMs=986;callbackGapMs=986;fusion=GPS_IMU
LOCATION,1790494288600,29.6806783,52.4914400,130.000,true,1.60,77.999,source=fused:fused;speedReason=OK;derived=74.14;locationGapMs=991;callbackGapMs=991;fusion=GPS_IMU
LOCATION,1790494289679,29.6805617,52.4915917,131.000,true,1.60,77.807,source=fused:fused;speedReason=OK;derived=72.42;locationGapMs=1030;callbackGapMs=1030;fusion=GPS_IMU
LOCATION,1790494290569,29.6804417,52.4917433,132.000,true,1.62,77.631,source=fused:fused;speedReason=OK;derived=72.42;locationGapMs=945;callbackGapMs=945;fusion=GPS_IMU
LOCATION,1790494291619,29.6803217,52.4918900,133.000,true,1.64,77.459,source=fused:fused;speedReason=OK;derived=68.37;locationGapMs=1046;callbackGapMs=1046;fusion=GPS_IMU
LOCATION,1790494292841,29.6802000,52.4920333,133.000,true,1.66,77.286,source=fused:fused;speedReason=OK;derived=66.96;locationGapMs=1190;callbackGapMs=1190;fusion=GPS_IMU
LOCATION,1790494293620,29.6800733,52.4921783,134.000,true,1.68,77.092,source=fused:fused;speedReason=OK;derived=66.96;locationGapMs=810;callbackGapMs=810;fusion=GPS_IMU
LOCATION,1790494294621,29.6799433,52.4923200,135.000,true,1.68,76.867,source=fused:fused;speedReason=OK;derived=71.33;locationGapMs=1004;callbackGapMs=1004;fusion=GPS_IMU
LOCATION,1790494295617,29.6798117,52.4924600,136.000,true,1.66,76.608,source=fused:fused;speedReason=OK;derived=71.97;locationGapMs=996;callbackGapMs=996;fusion=GPS_IMU
LOCATION,1790494296691,29.6796817,52.4925967,136.000,true,1.65,76.320,source=fused:fused;speedReason=OK;derived=71.33;locationGapMs=1006;callbackGapMs=1006;fusion=GPS_IMU
LOCATION,1790494297668,29.6795533,52.4927367,135.000,true,1.63,76.046,source=fused:fused;speedReason=OK;derived=70.68;locationGapMs=1001;callbackGapMs=1001;fusion=GPS_IMU
LOCATION,1790494298633,29.6794250,52.4928800,135.000,true,1.62,75.871,source=fused:fused;speedReason=OK;derived=70.68;locationGapMs=976;callbackGapMs=976;fusion=GPS_IMU
LOCATION,1790494299627,29.6792933,52.4930250,136.000,true,1.60,75.724,source=fused:fused;speedReason=OK;derived=71.40;locationGapMs=1021;callbackGapMs=1021;fusion=GPS_IMU
LOCATION,1790494300658,29.6791617,52.4931717,136.000,true,1.60,75.621,source=fused:fused;speedReason=OK;derived=73.28;locationGapMs=996;callbackGapMs=996;fusion=GPS_IMU
LOCATION,1790494301671,29.6790283,52.4933150,137.000,true,1.60,75.549,source=fused:fused;speedReason=OK;derived=72.62;locationGapMs=1005;callbackGapMs=1005;fusion=GPS_IMU
LOCATION,1790494302663,29.6788933,52.4934533,138.000,true,1.60,75.467,source=fused:fused;speedReason=OK;derived=72.62;locationGapMs=1000;callbackGapMs=1000;fusion=GPS_IMU
LOCATION,1790494303663,29.6787567,52.4935900,140.000,true,1.60,75.386,source=fused:fused;speedReason=OK;derived=72.32;locationGapMs=1001;callbackGapMs=1001;fusion=GPS_IMU
LOCATION,1790494304656,29.6786200,52.4937133,142.000,true,1.62,75.290,source=fused:fused;speedReason=OK;derived=72.28;locationGapMs=997;callbackGapMs=997;fusion=GPS_IMU
LOCATION,1790494305668,29.6784833,52.4938333,142.000,true,1.64,75.090,source=fused:fused;speedReason=OK;derived=69.65;locationGapMs=1006;callbackGapMs=1006;fusion=GPS_IMU
LOCATION,1790494306640,29.6783450,52.4939500,144.000,true,1.65,74.934,source=fused:fused;speedReason=OK;derived=69.04;locationGapMs=993;callbackGapMs=993;fusion=GPS_IMU
LOCATION,1790494307652,29.6782050,52.4940633,145.000,true,1.67,74.766,source=fused:fused;speedReason=OK;derived=68.89;locationGapMs=993;callbackGapMs=993;fusion=GPS_IMU
LOCATION,1790494308620,29.6780633,52.4941833,145.000,true,1.68,74.551,source=fused:fused;speedReason=OK;derived=69.04;locationGapMs=1008;callbackGapMs=1008;fusion=GPS_IMU
LOCATION,1790494309614,29.6779217,52.4942933,146.000,true,1.70,74.343,source=fused:fused;speedReason=OK;derived=68.89;locationGapMs=994;callbackGapMs=994;fusion=GPS_IMU
LOCATION,1790494310626,29.6777783,52.4944050,146.000,true,1.68,74.059,source=fused:fused;speedReason=OK;derived=68.69;locationGapMs=1011;callbackGapMs=1011;fusion=GPS_IMU
LOCATION,1790494311668,29.6776333,52.4945150,146.000,true,1.66,73.833,source=fused:fused;speedReason=OK;derived=68.69;locationGapMs=999;callbackGapMs=999;fusion=GPS_IMU
LOCATION,1790494312623,29.6774900,52.4946267,146.000,true,1.64,73.603,source=fused:fused;speedReason=OK;derived=69.48;locationGapMs=994;callbackGapMs=994;fusion=GPS_IMU
LOCATION,1790494313624,29.6773517,52.4947333,146.000,true,1.62,73.432,source=fused:fused;speedReason=OK;derived=69.48;locationGapMs=1006;callbackGapMs=1006;fusion=GPS_IMU
LOCATION,1790494314695,29.6772117,52.4948350,147.000,true,1.62,73.298,source=fused:fused;speedReason=OK;derived=66.13;locationGapMs=1017;callbackGapMs=1017;fusion=GPS_IMU
LOCATION,1790494315654,29.6770717,52.4949317,148.000,true,1.68,73.261,source=fused:fused;speedReason=OK;derived=65.05;locationGapMs=1013;callbackGapMs=1013;fusion=GPS_IMU
LOCATION,1790494316630,29.6769350,52.4950300,148.000,true,1.84,73.241,source=fused:fused;speedReason=OK;derived=65.05;locationGapMs=978;callbackGapMs=978;fusion=GPS_IMU
LOCATION_ONLY,1790494317640,29.6767950,52.4951267,148.000,true,2.12,73.221,source=fused:fused;speedReason=POOR_SPEED_ACCURACY;derived=65.18;locationGapMs=1001;callbackGapMs=1001;fusion=GPS_IMU
LOCATION_ONLY,1790494318674,29.6766567,52.4952183,148.000,true,2.50,73.201,source=fused:fused;speedReason=POOR_SPEED_ACCURACY;derived=65.18;locationGapMs=1007;callbackGapMs=1007;fusion=GPS_IMU
LOCATION_ONLY,1790494319640,29.6765250,52.4953117,148.000,true,2.94,73.177,source=fused:fused;speedReason=POOR_SPEED_ACCURACY;derived=63.31;locationGapMs=998;callbackGapMs=998;fusion=GPS_IMU
LOCATION_ONLY,1790494320631,29.6763933,52.4954033,148.000,true,3.20,73.150,source=fused:fused;speedReason=POOR_SPEED_ACCURACY;derived=62.24;locationGapMs=988;callbackGapMs=988;fusion=GPS_IMU
LOCATION_ONLY,1790494321569,29.6762900,52.4954667,149.000,true,3.67,73.122,source=fused:fused;speedReason=POOR_SPEED_ACCURACY;derived=61.94;locationGapMs=946;callbackGapMs=946;fusion=GPS_IMU
LOCATION,1790494322578,29.6761283,52.4956117,147.000,true,3.83,73.073,source=fused:fused;speedReason=OK;derived=62.24;locationGapMs=993;callbackGapMs=993;fusion=GPS_IMU
LOCATION,1790494323641,29.6759733,52.4957517,147.000,true,3.85,73.032,source=fused:fused;speedReason=OK;derived=73.28;locationGapMs=1075;callbackGapMs=1075;fusion=GPS_IMU
LOCATION,1790494324678,29.6758250,52.4958733,147.000,true,3.72,72.978,source=fused:fused;speedReason=OK;derived=73.28;locationGapMs=1002;callbackGapMs=1002;fusion=GPS_IMU
LOCATION,1790494325657,29.6756767,52.4959883,147.000,true,3.55,72.915,source=fused:fused;speedReason=OK;derived=73.28;locationGapMs=970;callbackGapMs=970;fusion=GPS_IMU
LOCATION,1790494326680,29.6755400,52.4960967,146.000,true,2.94,72.852,source=fused:fused;speedReason=OK;derived=72.64;locationGapMs=1020;callbackGapMs=1020;fusion=GPS_IMU
LOCATION,1790494327697,29.6753800,52.4962217,146.000,true,2.72,72.754,source=fused:fused;speedReason=OK;derived=73.68;locationGapMs=999;callbackGapMs=999;fusion=GPS_IMU
LOCATION,1790494328664,29.6752317,52.4963250,146.000,true,2.63,72.628,source=fused:fused;speedReason=OK;derived=69.76;locationGapMs=993;callbackGapMs=993;fusion=GPS_IMU
LOCATION,1790494329691,29.6750983,52.4964233,147.000,true,2.47,72.458,source=fused:fused;speedReason=OK;derived=69.76;locationGapMs=1014;callbackGapMs=1014;fusion=GPS_IMU
LOCATION,1790494330683,29.6749583,52.4965117,148.000,true,2.22,72.278,source=fused:fused;speedReason=OK;derived=63.99;locationGapMs=997;callbackGapMs=997;fusion=GPS_IMU
LOCATION,1790494331665,29.6748150,52.4966050,149.000,true,2.17,72.114,source=fused:fused;speedReason=OK;derived=63.99;locationGapMs=990;callbackGapMs=990;fusion=GPS_IMU
LOCATION,1790494332623,29.6746700,52.4966983,150.000,true,2.03,71.964,source=fused:fused;speedReason=OK;derived=66.44;locationGapMs=990;callbackGapMs=990;fusion=GPS_IMU
LOCATION,1790494333632,29.6745283,52.4967867,151.000,true,1.88,71.818,source=fused:fused;speedReason=OK;derived=66.44;locationGapMs=1008;callbackGapMs=1008;fusion=GPS_IMU
LOCATION,1790494334624,29.6743783,52.4968733,152.000,true,1.85,71.624,source=fused:fused;speedReason=OK;derived=67.03;locationGapMs=1000;callbackGapMs=1000;fusion=GPS_IMU
LOCATION,1790494335637,29.6742267,52.4969567,153.000,true,1.74,71.438,source=fused:fused;speedReason=OK;derived=66.52;locationGapMs=1009;callbackGapMs=1009;fusion=GPS_IMU
LOCATION,1790494336630,29.6740783,52.4970367,155.000,true,1.68,71.246,source=fused:fused;speedReason=OK;derived=66.52;locationGapMs=998;callbackGapMs=998;fusion=GPS_IMU
LOCATION,1790494337640,29.6739250,52.4971117,156.000,true,1.64,71.048,source=fused:fused;speedReason=OK;derived=66.39;locationGapMs=1002;callbackGapMs=1002;fusion=GPS_IMU
LOCATION,1790494338646,29.6737733,52.4971833,158.000,true,1.62,70.855,source=fused:fused;speedReason=OK;derived=65.58;locationGapMs=1009;callbackGapMs=1009;fusion=GPS_IMU
LOCATION,1790494339628,29.6736217,52.4972483,160.000,true,1.62,70.666,source=fused:fused;speedReason=OK;derived=65.45;locationGapMs=987;callbackGapMs=987;fusion=GPS_IMU
LOCATION,1790494340671,29.6734667,52.4973067,161.000,true,1.62,70.393,source=fused:fused;speedReason=OK;derived=65.31;locationGapMs=997;callbackGapMs=997;fusion=GPS_IMU
LOCATION,1790494341625,29.6733100,52.4973633,162.000,true,1.62,70.175,source=fused:fused;speedReason=OK;derived=65.45;locationGapMs=999;callbackGapMs=999;fusion=GPS_IMU
LOCATION,1790494342616,29.6731483,52.4974183,164.000,true,1.62,70.009,source=fused:fused;speedReason=OK;derived=65.63;locationGapMs=990;callbackGapMs=990;fusion=GPS_IMU
LOCATION,1790494343634,29.6729833,52.4974683,165.000,true,1.63,69.943,source=fused:fused;speedReason=OK;derived=67.37;locationGapMs=1011;callbackGapMs=1011;fusion=GPS_IMU
LOCATION,1790494344620,29.6728183,52.4975133,167.000,true,1.67,69.917,source=fused:fused;speedReason=OK;derived=67.99;locationGapMs=995;callbackGapMs=995;fusion=GPS_IMU
LOCATION,1790494345567,29.6726400,52.4975583,168.000,true,1.73,69.911,source=fused:fused;speedReason=OK;derived=68.02;locationGapMs=951;callbackGapMs=951;fusion=GPS_IMU
LOCATION,1790494346587,29.6724600,52.4976017,168.000,true,1.88,69.909,source=fused:fused;speedReason=OK;derived=73.33;locationGapMs=1001;callbackGapMs=1001;fusion=GPS_IMU
LOCATION_ONLY,1790494347638,29.6722767,52.4976417,168.000,true,2.24,69.917,source=fused:fused;speedReason=POOR_SPEED_ACCURACY;derived=73.33;locationGapMs=1063;callbackGapMs=1063;fusion=GPS_IMU
LOCATION_ONLY,1790494348627,29.6720933,52.4976850,168.000,true,2.48,69.926,source=fused:fused;speedReason=POOR_SPEED_ACCURACY;derived=73.33;locationGapMs=991;callbackGapMs=991;fusion=GPS_IMU
LOCATION_ONLY,1790494349698,29.6719100,52.4977267,168.000,true,2.95,69.926,source=fused:fused;speedReason=POOR_SPEED_ACCURACY;derived=70.05;locationGapMs=1071;callbackGapMs=1071;fusion=GPS_IMU
LOCATION_ONLY,1790494350615,29.6717267,52.4977683,168.000,true,3.80,69.939,source=fused:fused;speedReason=POOR_SPEED_ACCURACY;derived=75.40;locationGapMs=917;callbackGapMs=917;fusion=GPS_IMU
LOCATION_ONLY,1790494363249,29.6695449,52.4985579,,false,52.40,0.000,source=fused:fused;speedReason=NO_SPEED;derived=;locationGapMs=12636;callbackGapMs=5940;fusion=POSITION_OR_SPEED
LOCATION,1790494364690,29.6695850,52.4981950,165.000,true,29.05,64.831,source=fused:fused;speedReason=OK;derived=;locationGapMs=1404;callbackGapMs=1404;fusion=GPS_IMU
LOCATION,1790494365624,29.6694333,52.4984717,166.000,true,20.80,64.831,source=fused:fused;speedReason=OK;derived=117.50;locationGapMs=969;callbackGapMs=969;fusion=GPS_IMU
LOCATION,1790494366678,29.6692700,52.4985533,165.000,true,16.58,64.446,source=fused:fused;speedReason=OK;derived=117.50;locationGapMs=1006;callbackGapMs=1006;fusion=GPS_IMU
LOCATION,1790494367627,29.6690717,52.4986483,163.000,true,4.25,64.280,source=fused:fused;speedReason=OK;derived=86.04;locationGapMs=997;callbackGapMs=997;fusion=GPS_IMU
LOCATION,1790494368700,29.6688967,52.4987267,160.000,true,3.92,64.326,source=fused:fused;speedReason=OK;derived=73.09;locationGapMs=1026;callbackGapMs=1026;fusion=GPS_IMU
LOCATION,1790494369611,29.6687350,52.4988067,157.000,true,3.65,64.366,source=fused:fused;speedReason=OK;derived=73.22;locationGapMs=960;callbackGapMs=960;fusion=GPS_IMU
LOCATION,1790494370675,29.6685800,52.4988867,154.000,true,2.80,65.063,source=fused:fused;speedReason=OK;derived=73.09;locationGapMs=1015;callbackGapMs=1015;fusion=GPS_IMU
LOCATION,1790494371608,29.6684217,52.4989733,153.000,true,2.67,65.591,source=fused:fused;speedReason=OK;derived=71.22;locationGapMs=983;callbackGapMs=983;fusion=GPS_IMU
LOCATION,1790494372617,29.6682733,52.4990617,151.000,true,2.33,66.038,source=fused:fused;speedReason=OK;derived=66.84;locationGapMs=1006;callbackGapMs=1006;fusion=GPS_IMU
LOCATION,1790494373608,29.6681317,52.4991583,149.000,true,2.12,66.317,source=fused:fused;speedReason=OK;derived=66.35;locationGapMs=993;callbackGapMs=993;fusion=GPS_IMU
LOCATION,1790494374624,29.6679933,52.4992583,148.000,true,1.98,66.427,source=fused:fused;speedReason=OK;derived=66.24;locationGapMs=1010;callbackGapMs=1010;fusion=GPS_IMU
LOCATION,1790494375615,29.6678567,52.4993617,146.000,true,1.88,66.366,source=fused:fused;speedReason=OK;derived=65.61;locationGapMs=996;callbackGapMs=996;fusion=GPS_IMU
LOCATION,1790494376621,29.6677183,52.4994717,144.000,true,1.82,66.318,source=fused:fused;speedReason=OK;derived=65.61;locationGapMs=998;callbackGapMs=998;fusion=GPS_IMU
LOCATION,1790494377624,29.6675867,52.4995883,143.000,true,1.74,66.372,source=fused:fused;speedReason=OK;derived=66.20;locationGapMs=1003;callbackGapMs=1003;fusion=GPS_IMU
LOCATION,1790494378617,29.6674483,52.4997083,143.000,true,1.72,66.536,source=fused:fused;speedReason=OK;derived=67.36;locationGapMs=1000;callbackGapMs=1000;fusion=GPS_IMU
LOCATION,1790494379608,29.6673083,52.4998283,142.000,true,1.72,66.773,source=fused:fused;speedReason=OK;derived=69.28;locationGapMs=994;callbackGapMs=994;fusion=GPS_IMU
LOCATION,1790494380617,29.6671700,52.4999500,143.000,true,1.70,66.969,source=fused:fused;speedReason=OK;derived=69.28;locationGapMs=1008;callbackGapMs=1008;fusion=GPS_IMU
LOCATION,1790494381612,29.6670267,52.5000733,143.000,true,1.70,67.190,source=fused:fused;speedReason=OK;derived=70.21;locationGapMs=994;callbackGapMs=994;fusion=GPS_IMU
LOCATION,1790494382635,29.6668883,52.5001967,143.000,true,1.70,67.382,source=fused:fused;speedReason=OK;derived=69.30;locationGapMs=1010;callbackGapMs=1010;fusion=GPS_IMU
LOCATION,1790494383625,29.6667483,52.5003167,143.000,true,1.70,67.547,source=fused:fused;speedReason=OK;derived=69.58;locationGapMs=1003;callbackGapMs=1003;fusion=GPS_IMU
LOCATION,1790494384617,29.6666083,52.5004367,144.000,true,1.70,67.624,source=fused:fused;speedReason=OK;derived=69.58;locationGapMs=993;callbackGapMs=993;fusion=GPS_IMU
LOCATION,1790494385624,29.6664633,52.5005517,146.000,true,1.70,67.691,source=fused:fused;speedReason=OK;derived=69.97;locationGapMs=1006;callbackGapMs=1006;fusion=GPS_IMU
LOCATION,1790494386648,29.6663183,52.5006650,147.000,true,1.70,67.764,source=fused:fused;speedReason=OK;derived=69.97;locationGapMs=1018;callbackGapMs=1018;fusion=GPS_IMU
LOCATION,1790494387602,29.6661717,52.5007750,147.000,true,1.68,67.858,source=fused:fused;speedReason=OK;derived=69.97;locationGapMs=956;callbackGapMs=956;fusion=GPS_IMU
LOCATION,1790494388605,29.6660233,52.5008833,148.000,true,1.65,67.876,source=fused:fused;speedReason=OK;derived=69.87;locationGapMs=1005;callbackGapMs=1005;fusion=GPS_IMU
LOCATION,1790494389590,29.6658767,52.5009850,149.000,true,1.60,67.887,source=fused:fused;speedReason=OK;derived=69.87;locationGapMs=989;callbackGapMs=989;fusion=GPS_IMU
LOCATION,1790494390599,29.6657350,52.5010800,151.000,true,1.55,67.823,source=fused:fused;speedReason=OK;derived=69.16;locationGapMs=1011;callbackGapMs=1011;fusion=GPS_IMU
LOCATION,1790494391588,29.6655867,52.5011717,153.000,true,1.52,67.789,source=fused:fused;speedReason=OK;derived=68.14;locationGapMs=987;callbackGapMs=987;fusion=GPS_IMU
LOCATION,1790494392625,29.6654367,52.5012583,154.000,true,1.48,67.766,source=fused:fused;speedReason=OK;derived=64.83;locationGapMs=1034;callbackGapMs=1034;fusion=GPS_IMU
LOCATION,1790494393612,29.6652883,52.5013383,153.000,true,1.52,67.745,source=fused:fused;speedReason=OK;derived=66.52;locationGapMs=984;callbackGapMs=984;fusion=GPS_IMU
LOCATION,1790494394627,29.6651300,52.5014100,160.000,true,1.58,67.718,source=fused:fused;speedReason=OK;derived=66.52;locationGapMs=1019;callbackGapMs=1019;fusion=GPS_IMU
LOCATION,1790494395700,29.6649617,52.5014683,163.000,true,1.64,67.679,source=fused:fused;speedReason=OK;derived=66.52;locationGapMs=1075;callbackGapMs=1075;fusion=GPS_IMU
LOCATION,1790494396573,29.6647967,52.5015200,165.000,true,1.63,67.661,source=fused:fused;speedReason=OK;derived=66.67;locationGapMs=874;callbackGapMs=874;fusion=GPS_IMU
LOCATION,1790494397568,29.6646333,52.5015617,168.000,true,1.63,67.643,source=fused:fused;speedReason=OK;derived=67.14;locationGapMs=995;callbackGapMs=995;fusion=GPS_IMU
LOCATION,1790494398601,29.6644667,52.5015950,169.000,true,1.62,67.623,source=fused:fused;speedReason=OK;derived=67.14;locationGapMs=1030;callbackGapMs=1030;fusion=GPS_IMU
LOCATION,1790494399608,29.6643000,52.5016250,170.000,true,1.60,67.609,source=fused:fused;speedReason=OK;derived=67.14;locationGapMs=1003;callbackGapMs=1003;fusion=GPS_IMU
LOCATION,1790494400590,29.6641333,52.5016483,172.000,true,1.58,67.569,source=fused:fused;speedReason=OK;derived=67.14;locationGapMs=989;callbackGapMs=989;fusion=GPS_IMU
LOCATION,1790494401589,29.6639650,52.5016600,174.000,true,1.54,67.527,source=fused:fused;speedReason=OK;derived=67.35;locationGapMs=999;callbackGapMs=999;fusion=GPS_IMU
LOCATION,1790494402580,29.6637983,52.5016650,177.000,true,1.54,61.001,source=fused:fused;speedReason=OK;derived=67.35;locationGapMs=989;callbackGapMs=989;fusion=GPS_IMU
LOCATION,1790494403586,29.6636300,52.5016583,179.000,true,1.53,52.584,source=fused:fused;speedReason=OK;derived=67.28;locationGapMs=1005;callbackGapMs=1005;fusion=GPS_IMU
LOCATION,1790494404864,29.6634600,52.5016550,180.000,true,1.52,50.202,source=fused:fused;speedReason=OK;derived=67.28;locationGapMs=998;callbackGapMs=998;fusion=GPS_IMU
LOCATION,1790494405585,29.6632933,52.5016567,179.000,true,1.48,54.574,source=fused:fused;speedReason=OK;derived=66.87;locationGapMs=998;callbackGapMs=998;fusion=GPS_IMU
LOCATION,1790494406587,29.6631250,52.5016600,179.000,true,1.45,53.994,source=fused:fused;speedReason=OK;derived=66.84;locationGapMs=1005;callbackGapMs=1005;fusion=GPS_IMU
LOCATION,1790494407587,29.6629550,52.5016633,178.000,true,1.40,57.160,source=fused:fused;speedReason=OK;derived=66.84;locationGapMs=1002;callbackGapMs=1002;fusion=GPS_IMU
LOCATION,1790494408636,29.6627850,52.5016683,177.000,true,1.36,55.393,source=fused:fused;speedReason=OK;derived=66.84;locationGapMs=1047;callbackGapMs=1047;fusion=GPS_IMU
LOCATION,1790494409852,29.6626183,52.5016750,176.000,true,1.34,51.401,source=fused:fused;speedReason=OK;derived=67.71;locationGapMs=961;callbackGapMs=961;fusion=GPS_IMU
LOCATION,1790494410607,29.6624483,52.5016833,177.000,true,1.32,52.905,source=fused:fused;speedReason=OK;derived=67.43;locationGapMs=1007;callbackGapMs=1007;fusion=GPS_IMU
LOCATION,1790494411617,29.6622717,52.5016900,178.000,true,1.30,52.893,source=fused:fused;speedReason=OK;derived=69.26;locationGapMs=1013;callbackGapMs=1013;fusion=GPS_IMU
LOCATION,1790494412609,29.6620967,52.5016850,183.000,true,1.30,55.467,source=fused:fused;speedReason=OK;derived=69.61;locationGapMs=993;callbackGapMs=993;fusion=GPS_IMU
LOCATION,1790494413926,29.6619267,52.5016633,189.000,true,1.30,59.697,source=fused:fused;speedReason=OK;derived=69.61;locationGapMs=1005;callbackGapMs=1005;fusion=GPS_IMU
LOCATION,1790494414596,29.6617633,52.5016250,194.000,true,1.30,61.202,source=fused:fused;speedReason=OK;derived=67.98;locationGapMs=979;callbackGapMs=979;fusion=GPS_IMU
LOCATION,1790494415924,29.6616033,52.5015717,196.000,true,1.30,62.101,source=fused:fused;speedReason=OK;derived=67.92;locationGapMs=1035;callbackGapMs=1035;fusion=GPS_IMU
LOCATION,1790494416593,29.6614450,52.5015100,201.000,true,1.32,62.841,source=fused:fused;speedReason=OK;derived=67.98;locationGapMs=966;callbackGapMs=966;fusion=GPS_IMU
LOCATION,1790494417580,29.6612933,52.5014367,205.000,true,1.33,63.097,source=fused:fused;speedReason=OK;derived=66.57;locationGapMs=987;callbackGapMs=987;fusion=GPS_IMU
LOCATION,1790494418577,29.6611517,52.5013500,209.000,true,1.37,63.145,source=fused:fused;speedReason=OK;derived=66.57;locationGapMs=998;callbackGapMs=998;fusion=GPS_IMU
LOCATION,1790494419625,29.6610183,52.5012533,214.000,true,1.42,63.143,source=fused:fused;speedReason=OK;derived=64.21;locationGapMs=1044;callbackGapMs=1044;fusion=GPS_IMU
LOCATION,1790494420925,29.6608917,52.5011367,219.000,true,1.46,63.142,source=fused:fused;speedReason=OK;derived=64.21;locationGapMs=1009;callbackGapMs=1009;fusion=GPS_IMU
LOCATION,1790494421630,29.6607700,52.5010050,225.000,true,1.48,63.227,source=fused:fused;speedReason=OK;derived=64.26;locationGapMs=997;callbackGapMs=997;fusion=GPS_IMU
LOCATION,1790494422595,29.6606600,52.5008517,231.000,true,1.50,63.533,source=fused:fused;speedReason=OK;derived=67.02;locationGapMs=964;callbackGapMs=964;fusion=GPS_IMU
LOCATION,1790494423633,29.6605650,52.5006817,238.000,true,1.48,63.954,source=fused:fused;speedReason=OK;derived=67.70;locationGapMs=1039;callbackGapMs=1039;fusion=GPS_IMU
LOCATION,1790494424640,29.6604817,52.5004967,243.000,true,1.46,64.543,source=fused:fused;speedReason=OK;derived=71.73;locationGapMs=1005;callbackGapMs=1005;fusion=GPS_IMU
LOCATION,1790494425924,29.6604033,52.5003000,245.000,true,1.44,64.921,source=fused:fused;speedReason=OK;derived=72.18;locationGapMs=1001;callbackGapMs=1001;fusion=GPS_IMU
LOCATION,1790494426644,29.6603250,52.5000867,246.000,true,1.44,65.332,source=fused:fused;speedReason=OK;derived=75.28;locationGapMs=1002;callbackGapMs=1002;fusion=GPS_IMU
LOCATION,1790494427624,29.6602483,52.4998600,248.000,true,1.44,65.893,source=fused:fused;speedReason=OK;derived=80.48;locationGapMs=984;callbackGapMs=984;fusion=GPS_IMU
LOCATION,1790494428629,29.6601767,52.4996233,250.000,true,1.46,66.856,source=fused:fused;speedReason=OK;derived=86.11;locationGapMs=1005;callbackGapMs=1005;fusion=GPS_IMU
LOCATION,1790494429932,29.6601100,52.4993817,252.000,true,1.45,68.336,source=fused:fused;speedReason=OK;derived=86.87;locationGapMs=1002;callbackGapMs=1002;fusion=GPS_IMU
LOCATION,1790494430644,29.6600467,52.4991417,253.000,true,1.46,69.216,source=fused:fused;speedReason=OK;derived=86.87;locationGapMs=1007;callbackGapMs=1007;fusion=GPS_IMU
LOCATION,1790494431620,29.6599867,52.4989000,254.000,true,1.45,69.885,source=fused:fused;speedReason=OK;derived=88.13;locationGapMs=982;callbackGapMs=982;fusion=GPS_IMU
LOCATION,1790494432944,29.6599333,52.4986633,255.000,true,1.43,71.124,source=fused:fused;speedReason=OK;derived=86.77;locationGapMs=1005;callbackGapMs=1005;fusion=GPS_IMU
LOCATION,1790494433697,29.6598850,52.4984300,256.000,true,1.40,72.294,source=fused:fused;speedReason=OK;derived=84.78;locationGapMs=1072;callbackGapMs=1072;fusion=GPS_IMU
LOCATION,1790494434921,29.6598367,52.4981983,255.000,true,1.38,73.226,source=fused:fused;speedReason=OK;derived=84.78;locationGapMs=933;callbackGapMs=933;fusion=GPS_IMU
LOCATION,1790494435641,29.6597867,52.4979717,256.000,true,1.37,73.993,source=fused:fused;speedReason=OK;derived=80.89;locationGapMs=1007;callbackGapMs=1007;fusion=GPS_IMU
LOCATION,1790494436939,29.6597400,52.4977517,257.000,true,1.34,74.534,source=fused:fused;speedReason=OK;derived=80.89;locationGapMs=995;callbackGapMs=995;fusion=GPS_IMU
LOCATION,1790494437627,29.6596967,52.4975367,256.000,true,1.32,74.773,source=fused:fused;speedReason=OK;derived=79.31;locationGapMs=995;callbackGapMs=995;fusion=GPS_IMU
LOCATION,1790494438946,29.6596500,52.4973267,254.000,true,1.32,74.919,source=fused:fused;speedReason=OK;derived=77.29;locationGapMs=1012;callbackGapMs=1012;fusion=GPS_IMU
LOCATION,1790494439701,29.6596017,52.4971233,254.000,true,1.30,74.923,source=fused:fused;speedReason=OK;derived=74.63;locationGapMs=1062;callbackGapMs=1062;fusion=GPS_IMU
LOCATION,1790494440910,29.6595517,52.4969250,253.000,true,1.30,74.754,source=fused:fused;speedReason=OK;derived=74.63;locationGapMs=930;callbackGapMs=930;fusion=GPS_IMU
LOCATION,1790494441631,29.6595000,52.4967317,252.000,true,1.30,74.524,source=fused:fused;speedReason=OK;derived=70.46;locationGapMs=1000;callbackGapMs=1000;fusion=GPS_IMU
LOCATION,1790494442638,29.6594450,52.4965400,251.000,true,1.30,74.225,source=fused:fused;speedReason=OK;derived=70.46;locationGapMs=1001;callbackGapMs=1001;fusion=GPS_IMU
LOCATION,1790494443636,29.6593867,52.4963550,249.000,true,1.30,73.921,source=fused:fused;speedReason=OK;derived=70.26;locationGapMs=1003;callbackGapMs=1003;fusion=GPS_IMU
LOCATION,1790494444636,29.6593250,52.4961717,249.000,true,1.32,73.658,source=fused:fused;speedReason=OK;derived=68.74;locationGapMs=996;callbackGapMs=996;fusion=GPS_IMU
LOCATION,1790494445700,29.6592583,52.4959883,244.000,true,1.38,73.630,source=fused:fused;speedReason=OK;derived=68.34;locationGapMs=1068;callbackGapMs=1068;fusion=GPS_IMU
LOCATION,1790494446636,29.6591850,52.4958050,244.000,true,1.52,73.615,source=fused:fused;speedReason=OK;derived=68.74;locationGapMs=936;callbackGapMs=936;fusion=GPS_IMU
LOCATION,1790494447641,29.6591150,52.4956183,246.000,true,1.76,73.604,source=fused:fused;speedReason=OK;derived=70.46;locationGapMs=1005;callbackGapMs=1005;fusion=GPS_IMU
LOCATION_ONLY,1790494448638,29.6590400,52.4954267,246.000,true,2.12,73.604,source=fused:fused;speedReason=POOR_SPEED_ACCURACY;derived=73.40;locationGapMs=997;callbackGapMs=997;fusion=GPS_IMU
LOCATION_ONLY,1790494449628,29.6589750,52.4952350,247.000,true,2.58,73.601,source=fused:fused;speedReason=POOR_SPEED_ACCURACY;derived=72.47;locationGapMs=989;callbackGapMs=989;fusion=GPS_IMU
LOCATION_ONLY,1790494450627,29.6589050,52.4950450,247.000,true,2.90,73.598,source=fused:fused;speedReason=POOR_SPEED_ACCURACY;derived=72.47;locationGapMs=1000;callbackGapMs=1000;fusion=GPS_IMU
LOCATION_ONLY,1790494462709,29.6581317,52.4928467,,false,3.30,0.000,source=fused:fused;speedReason=POOR_SPEED_ACCURACY;derived=;locationGapMs=12084;callbackGapMs=6349;fusion=POSITION_OR_SPEED
LOCATION,1790494463633,29.6580217,52.4926400,241.000,true,2.85,68.765,source=fused:fused;speedReason=OK;derived=91.50;locationGapMs=922;callbackGapMs=922;fusion=GPS_IMU
LOCATION,1790494464646,29.6579200,52.4924633,238.000,true,2.57,68.772,source=fused:fused;speedReason=OK;derived=91.50;locationGapMs=1013;callbackGapMs=1013;fusion=GPS_IMU
LOCATION,1790494465654,29.6578250,52.4922983,236.000,true,2.35,68.773,source=fused:fused;speedReason=OK;derived=72.81;locationGapMs=1008;callbackGapMs=1008;fusion=GPS_IMU
LOCATION,1790494466646,29.6577267,52.4921283,235.000,true,2.20,69.348,source=fused:fused;speedReason=OK;derived=71.63;locationGapMs=992;callbackGapMs=992;fusion=GPS_IMU
LOCATION,1790494467641,29.6576233,52.4919583,235.000,true,1.84,70.222,source=fused:fused;speedReason=OK;derived=71.63;locationGapMs=995;callbackGapMs=995;fusion=GPS_IMU
LOCATION,1790494468648,29.6575183,52.4917867,235.000,true,1.66,71.070,source=fused:fused;speedReason=OK;derived=72.52;locationGapMs=1007;callbackGapMs=1007;fusion=GPS_IMU
LOCATION,1790494469639,29.6574133,52.4916117,235.000,true,1.62,71.631,source=fused:fused;speedReason=OK;derived=72.57;locationGapMs=990;callbackGapMs=990;fusion=GPS_IMU
LOCATION,1790494470645,29.6573083,52.4914333,235.000,true,1.52,72.355,source=fused:fused;speedReason=OK;derived=74.53;locationGapMs=1006;callbackGapMs=1006;fusion=GPS_IMU
LOCATION,1790494471632,29.6572000,52.4912500,235.000,true,1.45,73.033,source=fused:fused;speedReason=OK;derived=74.75;locationGapMs=989;callbackGapMs=989;fusion=GPS_IMU
LOCATION,1790494472641,29.6570900,52.4910633,235.000,true,1.38,73.768,source=fused:fused;speedReason=OK;derived=77.79;locationGapMs=1009;callbackGapMs=1009;fusion=GPS_IMU
LOCATION,1790494473715,29.6569767,52.4908750,235.000,true,1.37,74.476,source=fused:fused;speedReason=OK;derived=77.79;locationGapMs=1073;callbackGapMs=1073;fusion=GPS_IMU
LOCATION,1790494474632,29.6568617,52.4906833,235.000,true,1.33,75.182,source=fused:fused;speedReason=OK;derived=77.79;locationGapMs=917;callbackGapMs=917;fusion=GPS_IMU
LOCATION,1790494475638,29.6567467,52.4904883,235.000,true,1.32,75.846,source=fused:fused;speedReason=OK;derived=81.52;locationGapMs=1006;callbackGapMs=1006;fusion=GPS_IMU
LOCATION,1790494476636,29.6566317,52.4902917,236.000,true,1.30,76.452,source=fused:fused;speedReason=OK;derived=82.55;locationGapMs=999;callbackGapMs=999;fusion=GPS_IMU
LOCATION,1790494477636,29.6565167,52.4900900,236.000,true,1.30,77.101,source=fused:fused;speedReason=OK;derived=82.55;locationGapMs=999;callbackGapMs=999;fusion=GPS_IMU
LOCATION,1790494478635,29.6564017,52.4898883,237.000,true,1.30,77.753,source=fused:fused;speedReason=OK;derived=83.95;locationGapMs=1000;callbackGapMs=1000;fusion=GPS_IMU
LOCATION,1790494479689,29.6562883,52.4896833,237.000,true,1.30,78.388,source=fused:fused;speedReason=OK;derived=83.95;locationGapMs=1054;callbackGapMs=1054;fusion=GPS_IMU
LOCATION,1790494480638,29.6561767,52.4894783,238.000,true,1.30,78.840,source=fused:fused;speedReason=OK;derived=83.95;locationGapMs=949;callbackGapMs=949;fusion=GPS_IMU
LOCATION,1790494481627,29.6560700,52.4892733,239.000,true,1.30,79.258,source=fused:fused;speedReason=OK;derived=84.19;locationGapMs=988;callbackGapMs=988;fusion=GPS_IMU
LOCATION,1790494482630,29.6559650,52.4890700,239.000,true,1.30,79.528,source=fused:fused;speedReason=OK;derived=84.19;locationGapMs=1004;callbackGapMs=1004;fusion=GPS_IMU
LOCATION,1790494483628,29.6558617,52.4888667,240.000,true,1.32,79.654,source=fused:fused;speedReason=OK;derived=82.14;locationGapMs=998;callbackGapMs=998;fusion=GPS_IMU
LOCATION,1790494484635,29.6557633,52.4886667,240.000,true,1.34,79.757,source=fused:fused;speedReason=OK;derived=81.99;locationGapMs=1006;callbackGapMs=1006;fusion=GPS_IMU
LOCATION,1790494485628,29.6556650,52.4884683,240.000,true,1.35,79.803,source=fused:fused;speedReason=OK;derived=79.98;locationGapMs=994;callbackGapMs=994;fusion=GPS_IMU
LOCATION,1790494486638,29.6555683,52.4882733,241.000,true,1.40,79.783,source=fused:fused;speedReason=OK;derived=79.53;locationGapMs=1009;callbackGapMs=1009;fusion=GPS_IMU
LOCATION,1790494487642,29.6554800,52.4880767,242.000,true,1.44,79.725,source=fused:fused;speedReason=OK;derived=77.46;locationGapMs=1004;callbackGapMs=1004;fusion=GPS_IMU
LOCATION,1790494488635,29.6553900,52.4878900,241.000,true,1.48,79.598,source=fused:fused;speedReason=OK;derived=76.75;locationGapMs=992;callbackGapMs=992;fusion=GPS_IMU
LOCATION,1790494489633,29.6553033,52.4877117,241.000,true,1.50,79.362,source=fused:fused;speedReason=OK;derived=74.93;locationGapMs=999;callbackGapMs=999;fusion=GPS_IMU
LOCATION,1790494490702,29.6552217,52.4875383,242.000,true,1.53,79.061,source=fused:fused;speedReason=OK;derived=71.20;locationGapMs=1069;callbackGapMs=1069;fusion=GPS_IMU
LOCATION,1790494491635,29.6551450,52.4873700,242.000,true,1.57,78.790,source=fused:fused;speedReason=OK;derived=70.99;locationGapMs=932;callbackGapMs=932;fusion=GPS_IMU
LOCATION,1790494492628,29.6550800,52.4872150,242.000,true,1.60,78.559,source=fused:fused;speedReason=OK;derived=64.22;locationGapMs=995;callbackGapMs=995;fusion=GPS_IMU
LOCATION,1790494493633,29.6550217,52.4870800,242.000,true,1.63,78.235,source=fused:fused;speedReason=OK;derived=60.23;locationGapMs=1004;callbackGapMs=1004;fusion=GPS_IMU
LOCATION,1790494494626,29.6549750,52.4869650,245.000,true,1.67,77.789,source=fused:fused;speedReason=OK;derived=52.28;locationGapMs=994;callbackGapMs=994;fusion=GPS_IMU
LOCATION,1790494495629,29.6549433,52.4868750,247.000,true,1.72,76.853,source=fused:fused;speedReason=OK;derived=44.47;locationGapMs=1001;callbackGapMs=1001;fusion=GPS_IMU
LOCATION,1790494496700,29.6549200,52.4868017,248.000,true,1.73,75.728,source=fused:fused;speedReason=OK;derived=33.79;locationGapMs=1073;callbackGapMs=1073;fusion=GPS_IMU
LOCATION,1790494497627,29.6548933,52.4867617,240.000,true,1.76,74.479,source=fused:fused;speedReason=OK;derived=25.34;locationGapMs=927;callbackGapMs=927;fusion=GPS_IMU
LOCATION,1790494498643,29.6548667,52.4867383,225.000,true,1.76,73.090,source=fused:fused;speedReason=OK;derived=18.93;locationGapMs=1016;callbackGapMs=1016;fusion=GPS_IMU
LOCATION,1790494499636,29.6548483,52.4867333,225.000,true,1.72,70.637,source=fused:fused;speedReason=OK;derived=13.18;locationGapMs=992;callbackGapMs=992;fusion=GPS_IMU
LOCATION,1790494500628,29.6548383,52.4867367,225.000,true,1.68,65.893,source=fused:fused;speedReason=OK;derived=7.61;locationGapMs=993;callbackGapMs=993;fusion=GPS_IMU
LOCATION,1790494501645,29.6548383,52.4867417,225.000,true,1.62,0.000,source=fused:fused;speedReason=OK;derived=4.19;locationGapMs=1015;callbackGapMs=1015;fusion=GPS_IMU
LOCATION,1790494502695,29.6548367,52.4867467,225.000,true,1.58,0.000,source=fused:fused;speedReason=OK;derived=1.76;locationGapMs=1052;callbackGapMs=1052;fusion=GPS_IMU
LOCATION,1790494503630,29.6548367,52.4867467,225.000,true,1.55,0.000,source=fused:fused;speedReason=OK;derived=1.72;locationGapMs=935;callbackGapMs=935;fusion=GPS_IMU
LOCATION,1790494504639,29.6548367,52.4867467,225.000,true,1.50,0.000,source=fused:fused;speedReason=OK;derived=0.00;locationGapMs=1008;callbackGapMs=1008;fusion=GPS_IMU
LOCATION,1790494505633,29.6548367,52.4867467,225.000,true,1.44,0.000,source=fused:fused;speedReason=OK;derived=0.00;locationGapMs=996;callbackGapMs=996;fusion=GPS_IMU
LOCATION,1790494506635,29.6548367,52.4867467,225.000,true,1.42,0.000,source=fused:fused;speedReason=OK;derived=0.00;locationGapMs=1001;callbackGapMs=1001;fusion=GPS_IMU
LOCATION,1790494507629,29.6548367,52.4867467,225.000,true,1.42,0.000,source=fused:fused;speedReason=OK;derived=0.00;locationGapMs=994;callbackGapMs=994;fusion=GPS_IMU
LOCATION,1790494508622,29.6548367,52.4867467,,false,1.40,0.000,source=fused:fused;speedReason=OK;derived=0.00;locationGapMs=996;callbackGapMs=996;fusion=GPS_IMU
LOCATION_ONLY,1790494509499,29.6548367,52.4867467,,false,7.02,0.000,source=fused:fused;speedReason=NO_SPEED;derived=0.00;locationGapMs=877;callbackGapMs=877;fusion=GPS_IMU
LOCATION,1790494510618,29.6548367,52.4867467,,false,6.20,0.000,source=fused:fused;speedReason=OK;derived=0.00;locationGapMs=1119;callbackGapMs=1119;fusion=GPS_IMU
LOCATION,1790494511619,29.6548367,52.4867467,,false,6.20,0.000,source=fused:fused;speedReason=OK;derived=0.00;locationGapMs=1001;callbackGapMs=1001;fusion=GPS_IMU
LOCATION,1790494512629,29.6548283,52.4868417,64.000,true,6.20,0.000,source=fused:fused;speedReason=OK;derived=0.00;locationGapMs=1006;callbackGapMs=1006;fusion=GPS_IMU
LOCATION,1790494513715,29.6548467,52.4868883,60.000,true,7.00,3.847,source=fused:fused;speedReason=OK;derived=16.40;locationGapMs=1087;callbackGapMs=1087;fusion=GPS_IMU
LOCATION,1790494514651,29.6548767,52.4869500,62.000,true,1.40,6.741,source=fused:fused;speedReason=OK;derived=26.30;locationGapMs=936;callbackGapMs=936;fusion=GPS_IMU
LOCATION,1790494515631,29.6549117,52.4870200,60.000,true,1.42,10.280,source=fused:fused;speedReason=OK;derived=26.30;locationGapMs=980;callbackGapMs=980;fusion=GPS_IMU
LOCATION,1790494516623,29.6549517,52.4870917,59.000,true,1.42,13.479,source=fused:fused;speedReason=OK;derived=28.69;locationGapMs=992;callbackGapMs=992;fusion=GPS_IMU
LOCATION,1790494517633,29.6549950,52.4871717,62.000,true,1.44,14.994,source=fused:fused;speedReason=OK;derived=29.89;locationGapMs=1011;callbackGapMs=1011;fusion=GPS_IMU
LOCATION,1790494518651,29.6550400,52.4872650,63.000,true,1.45,16.277,source=fused:fused;speedReason=OK;derived=32.45;locationGapMs=1016;callbackGapMs=1016;fusion=GPS_IMU
LOCATION,1790494519635,29.6550900,52.4873800,62.000,true,1.47,18.381,source=fused:fused;speedReason=OK;derived=36.56;locationGapMs=985;callbackGapMs=985;fusion=GPS_IMU
LOCATION,1790494520637,29.6551500,52.4875067,62.000,true,1.48,20.399,source=fused:fused;speedReason=OK;derived=45.46;locationGapMs=1000;callbackGapMs=1000;fusion=GPS_IMU
LOCATION,1790494521646,29.6552100,52.4876433,61.000,true,1.52,22.100,source=fused:fused;speedReason=OK;derived=50.23;locationGapMs=1009;callbackGapMs=1009;fusion=GPS_IMU
LOCATION,1790494522641,29.6552733,52.4877783,61.000,true,1.52,23.967,source=fused:fused;speedReason=OK;derived=52.82;locationGapMs=996;callbackGapMs=996;fusion=GPS_IMU
LOCATION,1790494523642,29.6553383,52.4879183,61.000,true,1.52,25.698,source=fused:fused;speedReason=OK;derived=53.62;locationGapMs=1001;callbackGapMs=1001;fusion=GPS_IMU
LOCATION,1790494524701,29.6554050,52.4880650,61.000,true,1.52,27.741,source=fused:fused;speedReason=OK;derived=54.38;locationGapMs=1060;callbackGapMs=1060;fusion=GPS_IMU
LOCATION,1790494525637,29.6554750,52.4882183,61.000,true,1.52,29.706,source=fused:fused;speedReason=OK;derived=55.21;locationGapMs=936;callbackGapMs=936;fusion=GPS_IMU
LOCATION,1790494526637,29.6555483,52.4883767,60.000,true,1.52,31.549,source=fused:fused;speedReason=OK;derived=62.54;locationGapMs=999;callbackGapMs=999;fusion=GPS_IMU
LOCATION,1790494527643,29.6556233,52.4885417,61.000,true,1.50,33.724,source=fused:fused;speedReason=OK;derived=64.42;locationGapMs=1005;callbackGapMs=1005;fusion=GPS_IMU
LOCATION,1790494528640,29.6557017,52.4887117,60.000,true,1.50,35.739,source=fused:fused;speedReason=OK;derived=64.51;locationGapMs=998;callbackGapMs=998;fusion=GPS_IMU
LOCATION,1790494529643,29.6557867,52.4888867,61.000,true,1.48,37.341,source=fused:fused;speedReason=OK;derived=67.14;locationGapMs=1002;callbackGapMs=1002;fusion=GPS_IMU
LOCATION,1790494530718,29.6558700,52.4890667,59.000,true,1.48,39.256,source=fused:fused;speedReason=OK;derived=67.14;locationGapMs=1075;callbackGapMs=1075;fusion=GPS_IMU
LOCATION,1790494531631,29.6559583,52.4892483,60.000,true,1.48,41.165,source=fused:fused;speedReason=OK;derived=69.65;locationGapMs=915;callbackGapMs=915;fusion=GPS_IMU
LOCATION,1790494532642,29.6560467,52.4894283,59.000,true,1.48,42.638,source=fused:fused;speedReason=OK;derived=71.26;locationGapMs=1010;callbackGapMs=1010;fusion=GPS_IMU
LOCATION,1790494533628,29.6561367,52.4896067,59.000,true,1.48,44.350,source=fused:fused;speedReason=OK;derived=72.75;locationGapMs=987;callbackGapMs=987;fusion=GPS_IMU
LOCATION,1790494534632,29.6562300,52.4897900,58.000,true,1.47,45.978,source=fused:fused;speedReason=OK;derived=72.75;locationGapMs=1003;callbackGapMs=1003;fusion=GPS_IMU
LOCATION,1790494535637,29.6563283,52.4899683,57.000,true,1.47,47.925,source=fused:fused;speedReason=OK;derived=73.12;locationGapMs=1005;callbackGapMs=1005;fusion=GPS_IMU
LOCATION,1790494536707,29.6564317,52.4901467,56.000,true,1.45,49.766,source=fused:fused;speedReason=OK;derived=73.12;locationGapMs=1068;callbackGapMs=1068;fusion=GPS_IMU
LOCATION,1790494537635,29.6565350,52.4903250,55.000,true,1.43,52.000,source=fused:fused;speedReason=OK;derived=73.12;locationGapMs=930;callbackGapMs=930;fusion=GPS_IMU
LOCATION,1790494538639,29.6566417,52.4905033,55.000,true,1.40,53.654,source=fused:fused;speedReason=OK;derived=75.03;locationGapMs=1004;callbackGapMs=1004;fusion=GPS_IMU
LOCATION,1790494539633,29.6567500,52.4906833,55.000,true,1.38,55.190,source=fused:fused;speedReason=OK;derived=76.56;locationGapMs=995;callbackGapMs=995;fusion=GPS_IMU
LOCATION,1790494540648,29.6568583,52.4908667,55.000,true,1.36,56.674,source=fused:fused;speedReason=OK;derived=76.10;locationGapMs=1014;callbackGapMs=1014;fusion=GPS_IMU
LOCATION,1790494541639,29.6569667,52.4910483,55.000,true,1.34,58.051,source=fused:fused;speedReason=OK;derived=76.56;locationGapMs=993;callbackGapMs=993;fusion=GPS_IMU
LOCATION,1790494542712,29.6570750,52.4912333,55.000,true,1.33,59.399,source=fused:fused;speedReason=OK;derived=76.10;locationGapMs=1071;callbackGapMs=1071;fusion=GPS_IMU
LOCATION,1790494543641,29.6571833,52.4914167,56.000,true,1.32,60.680,source=fused:fused;speedReason=OK;derived=77.20;locationGapMs=929;callbackGapMs=929;fusion=GPS_IMU
LOCATION,1790494544629,29.6572900,52.4916017,56.000,true,1.30,61.867,source=fused:fused;speedReason=OK;derived=78.21;locationGapMs=988;callbackGapMs=988;fusion=GPS_IMU
LOCATION,1790494545648,29.6573933,52.4917867,57.000,true,1.30,62.935,source=fused:fused;speedReason=OK;derived=78.21;locationGapMs=1020;callbackGapMs=1020;fusion=GPS_IMU
LOCATION,1790494546632,29.6574967,52.4919750,57.000,true,1.30,63.920,source=fused:fused;speedReason=OK;derived=78.21;locationGapMs=984;callbackGapMs=984;fusion=GPS_IMU
LOCATION,1790494547641,29.6575967,52.4921617,58.000,true,1.30,65.050,source=fused:fused;speedReason=OK;derived=75.73;locationGapMs=1008;callbackGapMs=1008;fusion=GPS_IMU
LOCATION,1790494548711,29.6576933,52.4923483,60.000,true,1.30,65.845,source=fused:fused;speedReason=OK;derived=75.73;locationGapMs=1070;callbackGapMs=1070;fusion=GPS_IMU
LOCATION,1790494549638,29.6577833,52.4925400,62.000,true,1.30,66.581,source=fused:fused;speedReason=OK;derived=75.73;locationGapMs=927;callbackGapMs=927;fusion=GPS_IMU
LOCATION,1790494550642,29.6578683,52.4927333,63.000,true,1.30,67.230,source=fused:fused;speedReason=OK;derived=75.20;locationGapMs=1003;callbackGapMs=1003;fusion=GPS_IMU
LOCATION,1790494551631,29.6579500,52.4929300,65.000,true,1.30,67.995,source=fused:fused;speedReason=OK;derived=76.60;locationGapMs=991;callbackGapMs=991;fusion=GPS_IMU
LOCATION,1790494552639,29.6580267,52.4931267,67.000,true,1.30,68.511,source=fused:fused;speedReason=OK;derived=75.20;locationGapMs=1008;callbackGapMs=1008;fusion=GPS_IMU
LOCATION,1790494553634,29.6580967,52.4933233,69.000,true,1.30,68.989,source=fused:fused;speedReason=OK;derived=74.48;locationGapMs=995;callbackGapMs=995;fusion=GPS_IMU
LOCATION,1790494554715,29.6581617,52.4935267,70.000,true,1.32,69.065,source=fused:fused;speedReason=OK;derived=74.37;locationGapMs=1079;callbackGapMs=1079;fusion=GPS_IMU
LOCATION,1790494555632,29.6582233,52.4937350,71.000,true,1.40,69.091,source=fused:fused;speedReason=OK;derived=74.37;locationGapMs=917;callbackGapMs=917;fusion=GPS_IMU
LOCATION,1790494556634,29.6582817,52.4939517,72.000,true,1.58,69.105,source=fused:fused;speedReason=OK;derived=78.80;locationGapMs=1003;callbackGapMs=1003;fusion=GPS_IMU
LOCATION_ONLY,1790494557631,29.6583433,52.4941700,72.000,true,1.88,69.133,source=fused:fused;speedReason=POOR_SPEED_ACCURACY;derived=80.12;locationGapMs=998;callbackGapMs=998;fusion=GPS_IMU
LOCATION,1790494569639,29.6591000,52.4965933,71.000,true,6.70,79.097,source=fused:fused;speedReason=OK;derived=;locationGapMs=11998;callbackGapMs=6230;fusion=GPS_IMU
LOCATION,1790494570624,29.6592117,52.4968733,70.000,true,4.95,79.097,source=fused:fused;speedReason=OK;derived=107.83;locationGapMs=995;callbackGapMs=995;fusion=GPS_IMU
LOCATION,1790494571624,29.6592917,52.4970967,70.000,true,4.07,78.749,source=fused:fused;speedReason=OK;derived=107.83;locationGapMs=1000;callbackGapMs=1000;fusion=GPS_IMU
LOCATION,1790494572693,29.6593650,52.4973150,70.000,true,3.55,78.564,source=fused:fused;speedReason=OK;derived=84.15;locationGapMs=1068;callbackGapMs=1068;fusion=GPS_IMU
LOCATION,1790494573628,29.6594317,52.4975367,70.000,true,3.22,78.314,source=fused:fused;speedReason=OK;derived=84.15;locationGapMs=931;callbackGapMs=931;fusion=GPS_IMU
LOCATION,1790494574621,29.6595000,52.4977533,70.000,true,2.97,78.136,source=fused:fused;speedReason=OK;derived=80.50;locationGapMs=997;callbackGapMs=997;fusion=GPS_IMU
LOCATION,1790494575635,29.6595650,52.4979633,71.000,true,1.90,78.038,source=fused:fused;speedReason=OK;derived=80.50;locationGapMs=1007;callbackGapMs=1007;fusion=GPS_IMU
LOCATION,1790494576623,29.6596250,52.4981767,72.000,true,1.76,77.994,source=fused:fused;speedReason=OK;derived=78.53;locationGapMs=995;callbackGapMs=995;fusion=GPS_IMU
LOCATION,1790494577644,29.6596800,52.4983900,73.000,true,1.72,77.926,source=fused:fused;speedReason=OK;derived=77.11;locationGapMs=1016;callbackGapMs=1016;fusion=GPS_IMU
LOCATION,1790494578704,29.6597333,52.4986033,74.000,true,1.58,77.884,source=fused:fused;speedReason=OK;derived=76.29;locationGapMs=1057;callbackGapMs=1057;fusion=GPS_IMU
LOCATION,1790494579632,29.6597833,52.4988200,75.000,true,1.52,77.850,source=fused:fused;speedReason=OK;derived=76.29;locationGapMs=936;callbackGapMs=936;fusion=GPS_IMU
LOCATION,1790494580643,29.6598317,52.4990367,76.000,true,1.48,77.820,source=fused:fused;speedReason=OK;derived=77.72;locationGapMs=1003;callbackGapMs=1003;fusion=GPS_IMU
LOCATION,1790494581627,29.6598750,52.4992567,77.000,true,1.44,77.879,source=fused:fused;speedReason=OK;derived=79.15;locationGapMs=993;callbackGapMs=993;fusion=GPS_IMU
LOCATION,1790494582635,29.6599167,52.4994783,77.000,true,1.42,77.914,source=fused:fused;speedReason=OK;derived=78.38;locationGapMs=1008;callbackGapMs=1008;fusion=GPS_IMU
LOCATION,1790494583644,29.6599550,52.4996967,77.000,true,1.38,77.936,source=fused:fused;speedReason=OK;derived=78.38;locationGapMs=1004;callbackGapMs=1004;fusion=GPS_IMU
LOCATION,1790494584712,29.6599950,52.4999167,78.000,true,1.35,77.955,source=fused:fused;speedReason=OK;derived=77.33;locationGapMs=1068;callbackGapMs=1068;fusion=GPS_IMU
LOCATION,1790494585630,29.6600317,52.5001350,78.000,true,1.33,77.976,source=fused:fused;speedReason=OK;derived=77.33;locationGapMs=923;callbackGapMs=923;fusion=GPS_IMU
LOCATION,1790494586644,29.6600667,52.5003467,78.000,true,1.30,77.933,source=fused:fused;speedReason=OK;derived=74.79;locationGapMs=1004;callbackGapMs=1004;fusion=GPS_IMU
LOCATION,1790494587641,29.6601017,52.5005483,78.000,true,1.30,77.734,source=fused:fused;speedReason=OK;derived=74.79;locationGapMs=1007;callbackGapMs=1007;fusion=GPS_IMU
LOCATION,1790494588617,29.6601350,52.5007367,78.000,true,1.30,77.448,source=fused:fused;speedReason=OK;derived=71.14;locationGapMs=976;callbackGapMs=976;fusion=GPS_IMU
LOCATION,1790494589647,29.6601650,52.5009133,78.000,true,1.30,76.723,source=fused:fused;speedReason=OK;derived=68.64;locationGapMs=1020;callbackGapMs=1020;fusion=GPS_IMU
LOCATION,1790494590712,29.6601950,52.5010800,78.000,true,1.30,75.818,source=fused:fused;speedReason=OK;derived=61.47;locationGapMs=1070;callbackGapMs=1070;fusion=GPS_IMU
LOCATION,1790494591633,29.6602217,52.5012367,78.000,true,1.30,74.801,source=fused:fused;speedReason=OK;derived=60.09;locationGapMs=926;callbackGapMs=926;fusion=GPS_IMU
LOCATION,1790494592638,29.6602483,52.5013883,78.000,true,1.30,73.662,source=fused:fused;speedReason=OK;derived=55.44;locationGapMs=998;callbackGapMs=998;fusion=GPS_IMU
LOCATION,1790494593631,29.6602750,52.5015383,78.000,true,1.30,72.255,source=fused:fused;speedReason=OK;derived=54.00;locationGapMs=1000;callbackGapMs=1000;fusion=GPS_IMU
LOCATION,1790494594631,29.6603000,52.5016850,78.000,true,1.30,70.871,source=fused:fused;speedReason=OK;derived=53.35;locationGapMs=1000;callbackGapMs=1000;fusion=GPS_IMU
LOCATION,1790494595637,29.6603217,52.5018250,81.000,true,1.32,69.732,source=fused:fused;speedReason=OK;derived=52.09;locationGapMs=1000;callbackGapMs=1000;fusion=GPS_IMU
LOCATION,1790494596699,29.6603367,52.5019617,85.000,true,1.33,68.884,source=fused:fused;speedReason=OK;derived=49.56;locationGapMs=1063;callbackGapMs=1063;fusion=GPS_IMU
LOCATION,1790494597642,29.6603417,52.5020950,90.000,true,1.36,67.847,source=fused:fused;speedReason=OK;derived=49.47;locationGapMs=940;callbackGapMs=940;fusion=GPS_IMU
LOCATION,1790494598631,29.6603383,52.5022283,94.000,true,1.37,66.855,source=fused:fused;speedReason=OK;derived=46.62;locationGapMs=997;callbackGapMs=997;fusion=GPS_IMU
LOCATION,1790494599926,29.6603233,52.5023650,99.000,true,1.40,65.910,source=fused:fused;speedReason=OK;derived=47.54;locationGapMs=1010;callbackGapMs=1010;fusion=GPS_IMU
LOCATION,1790494600646,29.6602967,52.5025017,104.000,true,1.40,65.189,source=fused:fused;speedReason=OK;derived=47.54;locationGapMs=995;callbackGapMs=995;fusion=GPS_IMU
LOCATION,1790494601628,29.6602650,52.5026367,107.000,true,1.40,64.518,source=fused:fused;speedReason=OK;derived=49.06;locationGapMs=988;callbackGapMs=988;fusion=GPS_IMU
LOCATION,1790494602610,29.6602233,52.5027733,111.000,true,1.40,63.824,source=fused:fused;speedReason=OK;derived=49.31;locationGapMs=983;callbackGapMs=983;fusion=GPS_IMU
LOCATION,1790494603916,29.6601733,52.5029083,114.000,true,1.42,63.303,source=fused:fused;speedReason=OK;derived=50.01;locationGapMs=1022;callbackGapMs=1022;fusion=GPS_IMU
LOCATION,1790494604628,29.6601133,52.5030383,119.000,true,1.42,62.841,source=fused:fused;speedReason=OK;derived=51.30;locationGapMs=999;callbackGapMs=999;fusion=GPS_IMU
LOCATION,1790494605627,29.6600433,52.5031633,124.000,true,1.42,62.329,source=fused:fused;speedReason=OK;derived=51.30;locationGapMs=998;callbackGapMs=998;fusion=GPS_IMU
LOCATION,1790494606624,29.6599600,52.5032867,128.000,true,1.42,61.861,source=fused:fused;speedReason=OK;derived=51.86;locationGapMs=996;callbackGapMs=996;fusion=GPS_IMU
LOCATION,1790494607928,29.6598700,52.5034017,133.000,true,1.42,61.509,source=fused:fused;speedReason=OK;derived=53.34;locationGapMs=1009;callbackGapMs=1009;fusion=GPS_IMU
LOCATION,1790494608632,29.6597717,52.5035167,134.000,true,1.42,61.210,source=fused:fused;speedReason=OK;derived=54.58;locationGapMs=996;callbackGapMs=996;fusion=GPS_IMU
LOCATION,1790494609922,29.6596717,52.5036383,133.000,true,1.40,60.932,source=fused:fused;speedReason=OK;derived=56.31;locationGapMs=1002;callbackGapMs=1002;fusion=GPS_IMU
LOCATION,1790494610624,29.6595683,52.5037633,133.000,true,1.40,60.771,source=fused:fused;speedReason=OK;derived=58.10;locationGapMs=994;callbackGapMs=994;fusion=GPS_IMU
LOCATION,1790494611918,29.6594633,52.5038900,132.000,true,1.40,60.698,source=fused:fused;speedReason=OK;derived=60.33;locationGapMs=1009;callbackGapMs=1009;fusion=GPS_IMU
LOCATION,1790494612625,29.6593633,52.5040133,132.000,true,1.40,60.642,source=fused:fused;speedReason=OK;derived=60.33;locationGapMs=993;callbackGapMs=993;fusion=GPS_IMU
LOCATION,1790494613940,29.6592617,52.5041367,132.000,true,1.40,60.588,source=fused:fused;speedReason=OK;derived=59.06;locationGapMs=1040;callbackGapMs=1040;fusion=GPS_IMU
LOCATION,1790494614632,29.6591567,52.5042650,132.000,true,1.40,60.552,source=fused:fused;speedReason=OK;derived=59.06;locationGapMs=964;callbackGapMs=964;fusion=GPS_IMU
LOCATION,1790494615936,29.6590483,52.5043950,134.000,true,1.40,60.670,source=fused:fused;speedReason=OK;derived=62.89;locationGapMs=996;callbackGapMs=996;fusion=GPS_IMU
LOCATION,1790494616626,29.6589333,52.5045267,136.000,true,1.40,60.921,source=fused:fused;speedReason=OK;derived=63.57;locationGapMs=1001;callbackGapMs=1001;fusion=GPS_IMU
LOCATION,1790494617920,29.6588150,52.5046533,138.000,true,1.40,61.161,source=fused:fused;speedReason=OK;derived=64.62;locationGapMs=1000;callbackGapMs=1000;fusion=GPS_IMU
LOCATION,1790494618628,29.6586900,52.5047717,141.000,true,1.40,61.340,source=fused:fused;speedReason=OK;derived=64.67;locationGapMs=1001;callbackGapMs=1001;fusion=GPS_IMU
LOCATION,1790494619926,29.6585617,52.5048817,143.000,true,1.40,61.551,source=fused:fused;speedReason=OK;derived=64.62;locationGapMs=1009;callbackGapMs=1009;fusion=GPS_IMU
LOCATION,1790494620639,29.6584300,52.5049867,145.000,true,1.38,61.831,source=fused:fused;speedReason=OK;derived=64.17;locationGapMs=998;callbackGapMs=998;fusion=GPS_IMU
LOCATION,1790494621630,29.6582967,52.5050917,145.000,true,1.36,62.029,source=fused:fused;speedReason=OK;derived=64.17;locationGapMs=996;callbackGapMs=996;fusion=GPS_IMU
LOCATION,1790494622629,29.6581667,52.5051883,146.000,true,1.36,62.139,source=fused:fused;speedReason=OK;derived=64.17;locationGapMs=998;callbackGapMs=998;fusion=GPS_IMU
LOCATION,1790494623636,29.6580417,52.5052767,148.000,true,1.34,62.094,source=fused:fused;speedReason=OK;derived=61.97;locationGapMs=1008;callbackGapMs=1008;fusion=GPS_IMU
LOCATION,1790494625003,29.6579250,52.5053483,152.000,true,1.32,61.778,source=fused:fused;speedReason=OK;derived=58.16;locationGapMs=1066;callbackGapMs=1066;fusion=GPS_IMU
LOCATION,1790494625619,29.6578133,52.5054033,161.000,true,1.33,61.416,source=fused:fused;speedReason=OK;derived=52.86;locationGapMs=918;callbackGapMs=918;fusion=GPS_IMU
LOCATION,1790494626637,29.6577083,52.5054233,172.000,true,1.35,61.036,source=fused:fused;speedReason=OK;derived=49.56;locationGapMs=1011;callbackGapMs=1011;fusion=GPS_IMU
LOCATION,1790494627936,29.6576050,52.5054117,191.000,true,1.38,60.437,source=fused:fused;speedReason=OK;derived=42.01;locationGapMs=1012;callbackGapMs=1012;fusion=GPS_IMU
LOCATION,1790494628629,29.6575117,52.5053633,207.000,true,1.40,59.317,source=fused:fused;speedReason=OK;derived=41.45;locationGapMs=986;callbackGapMs=986;fusion=GPS_IMU
LOCATION,1790494629627,29.6574317,52.5052933,222.000,true,1.43,58.573,source=fused:fused;speedReason=OK;derived=40.93;locationGapMs=996;callbackGapMs=996;fusion=GPS_IMU
LOCATION,1790494630627,29.6573683,52.5052100,231.000,true,1.48,57.821,source=fused:fused;speedReason=OK;derived=40.34;locationGapMs=1001;callbackGapMs=1001;fusion=GPS_IMU
LOCATION,1790494631636,29.6573250,52.5051283,237.000,true,1.48,57.108,source=fused:fused;speedReason=OK;derived=38.47;locationGapMs=1004;callbackGapMs=1004;fusion=GPS_IMU
LOCATION,1790494632643,29.6572917,52.5050550,237.000,true,1.50,56.479,source=fused:fused;speedReason=OK;derived=33.18;locationGapMs=1012;callbackGapMs=1012;fusion=GPS_IMU
LOCATION,1790494633633,29.6572667,52.5049967,237.000,true,1.52,56.044,source=fused:fused;speedReason=OK;derived=28.46;locationGapMs=986;callbackGapMs=986;fusion=GPS_IMU
LOCATION,1790494634647,29.6572583,52.5049650,238.000,true,1.54,55.420,source=fused:fused;speedReason=OK;derived=22.96;locationGapMs=1018;callbackGapMs=1018;fusion=GPS_IMU
LOCATION,1790494635693,29.6572600,52.5049583,238.000,true,1.56,54.277,source=fused:fused;speedReason=OK;derived=11.34;locationGapMs=1045;callbackGapMs=1045;fusion=GPS_IMU
LOCATION,1790494636645,29.6572633,52.5049617,238.000,true,1.56,0.000,source=fused:fused;speedReason=OK;derived=2.33;locationGapMs=948;callbackGapMs=948;fusion=GPS_IMU
LOCATION,1790494637647,29.6572683,52.5049633,238.000,true,1.55,0.000,source=fused:fused;speedReason=OK;derived=2.06;locationGapMs=1006;callbackGapMs=1006;fusion=GPS_IMU
LOCATION,1790494638633,29.6572683,52.5049633,238.000,true,1.87,0.000,source=fused:fused;speedReason=OK;derived=1.87;locationGapMs=986;callbackGapMs=986;fusion=GPS_IMU
LOCATION,1790494639636,29.6572683,52.5049633,238.000,true,1.84,0.000,source=fused:fused;speedReason=OK;derived=0.00;locationGapMs=1005;callbackGapMs=1005;fusion=GPS_IMU
LOCATION,1790494640643,29.6572683,52.5049633,238.000,true,1.78,0.000,source=fused:fused;speedReason=OK;derived=0.00;locationGapMs=1006;callbackGapMs=1006;fusion=GPS_IMU
LOCATION,1790494641711,29.6572683,52.5049633,238.000,true,1.75,0.000,source=fused:fused;speedReason=OK;derived=0.00;locationGapMs=1061;callbackGapMs=1061;fusion=GPS_IMU
LOCATION,1790494642643,29.6572450,52.5049183,238.000,true,1.77,0.000,source=fused:fused;speedReason=OK;derived=0.00;locationGapMs=939;callbackGapMs=939;fusion=GPS_IMU
LOCATION,1790494643640,29.6572200,52.5048733,239.000,true,1.40,3.915,source=fused:fused;speedReason=OK;derived=18.63;locationGapMs=998;callbackGapMs=998;fusion=GPS_IMU
LOCATION,1790494644633,29.6571883,52.5048150,239.000,true,1.40,8.396,source=fused:fused;speedReason=OK;derived=19.42;locationGapMs=992;callbackGapMs=992;fusion=GPS_IMU
LOCATION,1790494645617,29.6571533,52.5047500,238.000,true,1.42,11.916,source=fused:fused;speedReason=OK;derived=24.13;locationGapMs=984;callbackGapMs=984;fusion=GPS_IMU
LOCATION,1790494646637,29.6571167,52.5046817,240.000,true,1.42,14.358,source=fused:fused;speedReason=OK;derived=27.05;locationGapMs=1020;callbackGapMs=1020;fusion=GPS_IMU
LOCATION,1790494647634,29.6570783,52.5046100,239.000,true,1.42,15.897,source=fused:fused;speedReason=OK;derived=27.38;locationGapMs=992;callbackGapMs=992;fusion=GPS_IMU
LOCATION,1790494648580,29.6570333,52.5045333,238.000,true,1.43,17.012,source=fused:fused;speedReason=OK;derived=29.55;locationGapMs=953;callbackGapMs=953;fusion=GPS_IMU
LOCATION,1790494649576,29.6569883,52.5044500,241.000,true,1.45,17.818,source=fused:fused;speedReason=OK;derived=33.79;locationGapMs=996;callbackGapMs=996;fusion=GPS_IMU
LOCATION,1790494650579,29.6569450,52.5043650,239.000,true,1.47,18.705,source=fused:fused;speedReason=OK;derived=34.19;locationGapMs=1003;callbackGapMs=1003;fusion=GPS_IMU
LOCATION,1790494651571,29.6569017,52.5042817,240.000,true,1.47,19.396,source=fused:fused;speedReason=OK;derived=34.19;locationGapMs=993;callbackGapMs=993;fusion=GPS_IMU
LOCATION,1790494652579,29.6568600,52.5041967,239.000,true,1.48,19.947,source=fused:fused;speedReason=OK;derived=34.02;locationGapMs=1008;callbackGapMs=1008;fusion=GPS_IMU
LOCATION,1790494653586,29.6568167,52.5041117,241.000,true,1.52,20.458,source=fused:fused;speedReason=OK;derived=34.02;locationGapMs=1004;callbackGapMs=1004;fusion=GPS_IMU
LOCATION,1790494654585,29.6567717,52.5040250,238.000,true,1.54,21.212,source=fused:fused;speedReason=OK;derived=34.16;locationGapMs=1001;callbackGapMs=1001;fusion=GPS_IMU
LOCATION,1790494655573,29.6567233,52.5039400,239.000,true,1.53,21.557,source=fused:fused;speedReason=OK;derived=35.12;locationGapMs=989;callbackGapMs=989;fusion=GPS_IMU
LOCATION,1790494656583,29.6566783,52.5038517,239.000,true,1.54,22.062,source=fused:fused;speedReason=OK;derived=35.28;locationGapMs=1010;callbackGapMs=1010;fusion=GPS_IMU
LOCATION,1790494657627,29.6566283,52.5037650,239.000,true,1.56,22.529,source=fused:fused;speedReason=OK;derived=35.28;locationGapMs=1040;callbackGapMs=1040;fusion=GPS_IMU
LOCATION,1790494658648,29.6565850,52.5036717,241.000,true,1.56,23.208,source=fused:fused;speedReason=OK;derived=35.28;locationGapMs=1018;callbackGapMs=1018;fusion=GPS_IMU
LOCATION,1790494659634,29.6565417,52.5035750,242.000,true,1.56,23.826,source=fused:fused;speedReason=OK;derived=36.17;locationGapMs=990;callbackGapMs=990;fusion=GPS_IMU
LOCATION,1790494660636,29.6564967,52.5034750,242.000,true,1.58,24.900,source=fused:fused;speedReason=OK;derived=38.26;locationGapMs=1002;callbackGapMs=1002;fusion=GPS_IMU
LOCATION,1790494661644,29.6564517,52.5033750,242.000,true,1.60,25.673,source=fused:fused;speedReason=OK;derived=38.90;locationGapMs=1008;callbackGapMs=1008;fusion=GPS_IMU
LOCATION,1790494662641,29.6564067,52.5032750,243.000,true,1.58,26.730,source=fused:fused;speedReason=OK;derived=39.13;locationGapMs=997;callbackGapMs=997;fusion=GPS_IMU
LOCATION,1790494663641,29.6563650,52.5031700,245.000,true,1.57,27.657,source=fused:fused;speedReason=OK;derived=39.33;locationGapMs=1000;callbackGapMs=1000;fusion=GPS_IMU
LOCATION,1790494664639,29.6563267,52.5030650,247.000,true,1.54,28.313,source=fused:fused;speedReason=OK;derived=39.90;locationGapMs=994;callbackGapMs=994;fusion=GPS_IMU
LOCATION,1790494665625,29.6562917,52.5029633,247.000,true,1.53,28.929,source=fused:fused;speedReason=OK;derived=39.90;locationGapMs=990;callbackGapMs=990;fusion=GPS_IMU
LOCATION,1790494666714,29.6562550,52.5028750,239.000,true,1.52,29.333,source=fused:fused;speedReason=OK;derived=38.48;locationGapMs=1089;callbackGapMs=1089;fusion=GPS_IMU
LOCATION,1790494667600,29.6562067,52.5028083,226.000,true,1.50,29.404,source=fused:fused;speedReason=OK;derived=34.01;locationGapMs=888;callbackGapMs=888;fusion=GPS_IMU
LOCATION,1790494668621,29.6561500,52.5027633,213.000,true,1.52,29.399,source=fused:fused;speedReason=OK;derived=31.30;locationGapMs=1021;callbackGapMs=1021;fusion=GPS_IMU
LOCATION,1790494669628,29.6560883,52.5027450,199.000,true,1.55,29.375,source=fused:fused;speedReason=OK;derived=26.96;locationGapMs=1006;callbackGapMs=1006;fusion=GPS_IMU
LOCATION,1790494670640,29.6560183,52.5027700,174.000,true,1.64,29.350,source=fused:fused;speedReason=OK;derived=26.96;locationGapMs=1006;callbackGapMs=1006;fusion=GPS_IMU
LOCATION,1790494671637,29.6559517,52.5028367,149.000,true,1.74,29.326,source=fused:fused;speedReason=OK;derived=29.09;locationGapMs=1002;callbackGapMs=1002;fusion=GPS_IMU
LOCATION,1790494672636,29.6558900,52.5029367,136.000,true,1.84,29.317,source=fused:fused;speedReason=OK;derived=35.24;locationGapMs=1000;callbackGapMs=1000;fusion=GPS_IMU
LOCATION,1790494673646,29.6558183,52.5030467,133.000,true,1.88,29.587,source=fused:fused;speedReason=OK;derived=42.67;locationGapMs=1008;callbackGapMs=1008;fusion=GPS_IMU
LOCATION,1790494674642,29.6557317,52.5031517,135.000,true,1.88,30.398,source=fused:fused;speedReason=OK;derived=47.46;locationGapMs=996;callbackGapMs=996;fusion=GPS_IMU
LOCATION,1790494675643,29.6556383,52.5032567,139.000,true,1.84,31.480,source=fused:fused;speedReason=OK;derived=50.54;locationGapMs=998;callbackGapMs=998;fusion=GPS_IMU
LOCATION,1790494676628,29.6555417,52.5033450,142.000,true,1.80,32.751,source=fused:fused;speedReason=OK;derived=50.54;locationGapMs=990;callbackGapMs=990;fusion=GPS_IMU
LOCATION,1790494677617,29.6554450,52.5034317,143.000,true,1.72,33.860,source=fused:fused;speedReason=OK;derived=49.83;locationGapMs=989;callbackGapMs=989;fusion=GPS_IMU
LOCATION,1790494678701,29.6553467,52.5035167,144.000,true,1.63,34.888,source=fused:fused;speedReason=OK;derived=49.56;locationGapMs=1083;callbackGapMs=1083;fusion=GPS_IMU
LOCATION,1790494679636,29.6552400,52.5036100,143.000,true,1.57,36.016,source=fused:fused;speedReason=OK;derived=49.56;locationGapMs=935;callbackGapMs=935;fusion=GPS_IMU
LOCATION,1790494680644,29.6551300,52.5037100,141.000,true,1.48,36.873,source=fused:fused;speedReason=OK;derived=55.83;locationGapMs=1004;callbackGapMs=1004;fusion=GPS_IMU
LOCATION,1790494681632,29.6550167,52.5038217,138.000,true,1.44,38.045,source=fused:fused;speedReason=OK;derived=57.30;locationGapMs=992;callbackGapMs=992;fusion=GPS_IMU
LOCATION,1790494682638,29.6549000,52.5039400,136.000,true,1.42,39.296,source=fused:fused;speedReason=OK;derived=60.15;locationGapMs=1005;callbackGapMs=1005;fusion=GPS_IMU
LOCATION,1790494683638,29.6547850,52.5040700,134.000,true,1.40,40.618,source=fused:fused;speedReason=OK;derived=61.89;locationGapMs=1001;callbackGapMs=1001;fusion=GPS_IMU
LOCATION,1790494684702,29.6546667,52.5042100,133.000,true,1.40,42.339,source=fused:fused;speedReason=OK;derived=63.69;locationGapMs=1066;callbackGapMs=1066;fusion=GPS_IMU
LOCATION,1790494685613,29.6545517,52.5043533,131.000,true,1.40,43.454,source=fused:fused;speedReason=OK;derived=64.43;locationGapMs=910;callbackGapMs=910;fusion=GPS_IMU
LOCATION,1790494686639,29.6544450,52.5044983,129.000,true,1.40,44.836,source=fused:fused;speedReason=OK;derived=64.73;locationGapMs=1021;callbackGapMs=1021;fusion=GPS_IMU
LOCATION,1790494687641,29.6543417,52.5046467,128.000,true,1.40,46.052,source=fused:fused;speedReason=OK;derived=65.94;locationGapMs=1003;callbackGapMs=1003;fusion=GPS_IMU
LOCATION,1790494688642,29.6542383,52.5047983,126.000,true,1.42,46.977,source=fused:fused;speedReason=OK;derived=65.94;locationGapMs=1003;callbackGapMs=1003;fusion=GPS_IMU
LOCATION,1790494689629,29.6541400,52.5049550,124.000,true,1.43,48.053,source=fused:fused;speedReason=OK;derived=66.84;locationGapMs=988;callbackGapMs=988;fusion=GPS_IMU
LOCATION,1790494690634,29.6540417,52.5051167,123.000,true,1.46,49.172,source=fused:fused;speedReason=OK;derived=68.06;locationGapMs=1005;callbackGapMs=1005;fusion=GPS_IMU
LOCATION,1790494691644,29.6539467,52.5052833,122.000,true,1.48,50.299,source=fused:fused;speedReason=OK;derived=68.33;locationGapMs=1006;callbackGapMs=1006;fusion=GPS_IMU
LOCATION,1790494692645,29.6538550,52.5054533,121.000,true,1.48,51.411,source=fused:fused;speedReason=OK;derived=68.93;locationGapMs=1001;callbackGapMs=1001;fusion=GPS_IMU
LOCATION,1790494693643,29.6537633,52.5056283,121.000,true,1.50,52.481,source=fused:fused;speedReason=OK;derived=69.57;locationGapMs=1002;callbackGapMs=1002;fusion=GPS_IMU
LOCATION,1790494694634,29.6536700,52.5058050,120.000,true,1.48,53.565,source=fused:fused;speedReason=OK;derived=70.99;locationGapMs=992;callbackGapMs=992;fusion=GPS_IMU
LOCATION,1790494695700,29.6535767,52.5059883,120.000,true,1.47,54.678,source=fused:fused;speedReason=OK;derived=70.99;locationGapMs=1065;callbackGapMs=1065;fusion=GPS_IMU
LOCATION,1790494696639,29.6534817,52.5061733,120.000,true,1.45,56.060,source=fused:fused;speedReason=OK;derived=72.55;locationGapMs=939;callbackGapMs=939;fusion=GPS_IMU
LOCATION,1790494697643,29.6533867,52.5063617,119.000,true,1.43,57.175,source=fused:fused;speedReason=OK;derived=75.90;locationGapMs=999;callbackGapMs=999;fusion=GPS_IMU
LOCATION,1790494698648,29.6532900,52.5065517,121.000,true,1.42,58.253,source=fused:fused;speedReason=OK;derived=76.19;locationGapMs=1006;callbackGapMs=1006;fusion=GPS_IMU
LOCATION,1790494699643,29.6531900,52.5067417,121.000,true,1.40,59.298,source=fused:fused;speedReason=OK;derived=76.19;locationGapMs=998;callbackGapMs=998;fusion=GPS_IMU
LOCATION,1790494700641,29.6530917,52.5069333,120.000,true,1.40,60.341,source=fused:fused;speedReason=OK;derived=77.47;locationGapMs=999;callbackGapMs=999;fusion=GPS_IMU
LOCATION,1790494701711,29.6529917,52.5071267,120.000,true,1.40,61.387,source=fused:fused;speedReason=OK;derived=77.47;locationGapMs=1070;callbackGapMs=1070;fusion=GPS_IMU
LOCATION,1790494702647,29.6528950,52.5073200,120.000,true,1.40,62.395,source=fused:fused;speedReason=OK;derived=77.53;locationGapMs=932;callbackGapMs=932;fusion=GPS_IMU
LOCATION,1790494703639,29.6527983,52.5075133,120.000,true,1.40,63.324,source=fused:fused;speedReason=OK;derived=78.11;locationGapMs=994;callbackGapMs=994;fusion=GPS_IMU
LOCATION,1790494704645,29.6527017,52.5077067,120.000,true,1.40,64.441,source=fused:fused;speedReason=OK;derived=78.11;locationGapMs=1004;callbackGapMs=1004;fusion=GPS_IMU
LOCATION,1790494705624,29.6526050,52.5078983,120.000,true,1.40,65.478,source=fused:fused;speedReason=OK;derived=78.11;locationGapMs=984;callbackGapMs=984;fusion=GPS_IMU
LOCATION,1790494706639,29.6525083,52.5080883,120.000,true,1.40,66.440,source=fused:fused;speedReason=OK;derived=77.34;locationGapMs=1013;callbackGapMs=1013;fusion=GPS_IMU
LOCATION,1790494707703,29.6524117,52.5082767,120.000,true,1.40,67.316,source=fused:fused;speedReason=OK;derived=75.66;locationGapMs=1061;callbackGapMs=1061;fusion=GPS_IMU
LOCATION,1790494708633,29.6523133,52.5084633,120.000,true,1.40,68.127,source=fused:fused;speedReason=OK;derived=75.66;locationGapMs=934;callbackGapMs=934;fusion=GPS_IMU
LOCATION,1790494709638,29.6522167,52.5086517,121.000,true,1.40,68.912,source=fused:fused;speedReason=OK;derived=75.77;locationGapMs=1005;callbackGapMs=1005;fusion=GPS_IMU
LOCATION,1790494710636,29.6521183,52.5088383,120.000,true,1.40,69.469,source=fused:fused;speedReason=OK;derived=76.43;locationGapMs=994;callbackGapMs=994;fusion=GPS_IMU
LOCATION,1790494711647,29.6520217,52.5090300,120.000,true,1.40,69.964,source=fused:fused;speedReason=OK;derived=76.38;locationGapMs=1010;callbackGapMs=1010;fusion=GPS_IMU
LOCATION,1790494712639,29.6519233,52.5092233,120.000,true,1.40,70.473,source=fused:fused;speedReason=OK;derived=76.43;locationGapMs=997;callbackGapMs=997;fusion=GPS_IMU
LOCATION,1790494713718,29.6518250,52.5094183,120.000,true,1.40,70.956,source=fused:fused;speedReason=OK;derived=76.38;locationGapMs=1074;callbackGapMs=1074;fusion=GPS_IMU
LOCATION,1790494714635,29.6517233,52.5096150,120.000,true,1.38,71.473,source=fused:fused;speedReason=OK;derived=78.22;locationGapMs=922;callbackGapMs=922;fusion=GPS_IMU
LOCATION,1790494715629,29.6516200,52.5098150,120.000,true,1.36,72.126,source=fused:fused;speedReason=OK;derived=81.56;locationGapMs=993;callbackGapMs=993;fusion=GPS_IMU
LOCATION,1790494716643,29.6515167,52.5100167,120.000,true,1.35,72.764,source=fused:fused;speedReason=OK;derived=81.56;locationGapMs=1010;callbackGapMs=1010;fusion=GPS_IMU
LOCATION,1790494717636,29.6514133,52.5102183,120.000,true,1.35,73.386,source=fused:fused;speedReason=OK;derived=81.56;locationGapMs=998;callbackGapMs=998;fusion=GPS_IMU
LOCATION,1790494718642,29.6513083,52.5104250,120.000,true,1.33,74.163,source=fused:fused;speedReason=OK;derived=81.65;locationGapMs=1006;callbackGapMs=1006;fusion=GPS_IMU
LOCATION,1790494719719,29.6512033,52.5106317,120.000,true,1.32,74.854,source=fused:fused;speedReason=OK;derived=81.65;locationGapMs=1076;callbackGapMs=1076;fusion=GPS_IMU
LOCATION,1790494720637,29.6510967,52.5108383,120.000,true,1.32,75.500,source=fused:fused;speedReason=OK;derived=82.85;locationGapMs=918;callbackGapMs=918;fusion=GPS_IMU
LOCATION,1790494721643,29.6509917,52.5110433,120.000,true,1.32,76.102,source=fused:fused;speedReason=OK;derived=82.67;locationGapMs=1002;callbackGapMs=1002;fusion=GPS_IMU
LOCATION,1790494722639,29.6508883,52.5112483,120.000,true,1.33,76.660,source=fused:fused;speedReason=OK;derived=82.67;locationGapMs=1001;callbackGapMs=1001;fusion=GPS_IMU
LOCATION,1790494723921,29.6507850,52.5114533,120.000,true,1.33,77.090,source=fused:fused;speedReason=OK;derived=82.67;locationGapMs=996;callbackGapMs=996;fusion=GPS_IMU
LOCATION,1790494724611,29.6506817,52.5116567,120.000,true,1.35,77.337,source=fused:fused;speedReason=OK;derived=82.82;locationGapMs=976;callbackGapMs=976;fusion=GPS_IMU
LOCATION,1790494725691,29.6505783,52.5118583,121.000,true,1.38,77.528,source=fused:fused;speedReason=OK;derived=82.82;locationGapMs=1080;callbackGapMs=1080;fusion=GPS_IMU
LOCATION,1790494726628,29.6504733,52.5120567,121.000,true,1.42,77.706,source=fused:fused;speedReason=OK;derived=84.03;locationGapMs=936;callbackGapMs=936;fusion=GPS_IMU
LOCATION,1790494727632,29.6503683,52.5122550,121.000,true,1.47,77.861,source=fused:fused;speedReason=OK;derived=80.83;locationGapMs=1000;callbackGapMs=1000;fusion=GPS_IMU
LOCATION,1790494728631,29.6502650,52.5124550,121.000,true,1.50,77.975,source=fused:fused;speedReason=OK;derived=80.83;locationGapMs=1005;callbackGapMs=1005;fusion=GPS_IMU
LOCATION,1790494729907,29.6501617,52.5126550,121.000,true,1.56,78.085,source=fused:fused;speedReason=OK;derived=80.83;locationGapMs=997;callbackGapMs=997;fusion=GPS_IMU
LOCATION,1790494730624,29.6500600,52.5128533,120.000,true,1.58,78.256,source=fused:fused;speedReason=OK;derived=80.58;locationGapMs=996;callbackGapMs=996;fusion=GPS_IMU
LOCATION,1790494731628,29.6499600,52.5130567,119.000,true,1.58,78.353,source=fused:fused;speedReason=OK;derived=81.23;locationGapMs=1001;callbackGapMs=1001;fusion=GPS_IMU
LOCATION,1790494732631,29.6498600,52.5132567,120.000,true,1.60,78.418,source=fused:fused;speedReason=OK;derived=80.48;locationGapMs=1001;callbackGapMs=1001;fusion=GPS_IMU
LOCATION,1790494733592,29.6497617,52.5134517,120.000,true,1.60,78.479,source=fused:fused;speedReason=OK;derived=81.28;locationGapMs=964;callbackGapMs=964;fusion=GPS_IMU
LOCATION,1790494734585,29.6496633,52.5136350,122.000,true,1.60,78.422,source=fused:fused;speedReason=OK;derived=80.25;locationGapMs=998;callbackGapMs=998;fusion=GPS_IMU
LOCATION,1790494735572,29.6495667,52.5138050,122.000,true,1.60,78.334,source=fused:fused;speedReason=OK;derived=75.14;locationGapMs=985;callbackGapMs=985;fusion=GPS_IMU
LOCATION,1790494736573,29.6494733,52.5139600,127.000,true,1.60,78.134,source=fused:fused;speedReason=OK;derived=71.77;locationGapMs=1002;callbackGapMs=1002;fusion=GPS_IMU
LOCATION,1790494737569,29.6493767,52.5141000,129.000,true,1.60,77.737,source=fused:fused;speedReason=OK;derived=65.51;locationGapMs=996;callbackGapMs=996;fusion=GPS_IMU
LOCATION,1790494738570,29.6492783,52.5142267,132.000,true,1.60,77.135,source=fused:fused;speedReason=OK;derived=62.44;locationGapMs=998;callbackGapMs=998;fusion=GPS_IMU
LOCATION,1790494739601,29.6491800,52.5143433,134.000,true,1.58,68.551,source=fused:fused;speedReason=OK;derived=59.21;locationGapMs=1034;callbackGapMs=1034;fusion=GPS_IMU
LOCATION,1790494740608,29.6490833,52.5144533,135.000,true,1.56,58.378,source=fused:fused;speedReason=OK;derived=54.63;locationGapMs=1006;callbackGapMs=1006;fusion=GPS_IMU
LOCATION,1790494741604,29.6489883,52.5145567,138.000,true,1.54,51.307,source=fused:fused;speedReason=OK;derived=54.07;locationGapMs=996;callbackGapMs=996;fusion=GPS_IMU
LOCATION,1790494742594,29.6488967,52.5146517,139.000,true,1.52,45.132,source=fused:fused;speedReason=OK;derived=52.52;locationGapMs=990;callbackGapMs=990;fusion=GPS_IMU
LOCATION,1790494743600,29.6488100,52.5147267,146.000,true,1.50,33.217,source=fused:fused;speedReason=OK;derived=49.82;locationGapMs=1006;callbackGapMs=1006;fusion=GPS_IMU
LOCATION,1790494744597,29.6487300,52.5147800,153.000,true,1.50,23.640,source=fused:fused;speedReason=OK;derived=43.11;locationGapMs=997;callbackGapMs=997;fusion=GPS_IMU
LOCATION,1790494745598,29.6486550,52.5148167,160.000,true,1.50,20.122,source=fused:fused;speedReason=OK;derived=37.05;locationGapMs=998;callbackGapMs=998;fusion=GPS_IMU
LOCATION,1790494746606,29.6485783,52.5148417,168.000,true,1.50,16.398,source=fused:fused;speedReason=OK;derived=32.61;locationGapMs=1013;callbackGapMs=1013;fusion=GPS_IMU
LOCATION,1790494747607,29.6485000,52.5148517,176.000,true,1.48,19.454,source=fused:fused;speedReason=OK;derived=31.47;locationGapMs=999;callbackGapMs=999;fusion=GPS_IMU
LOCATION,1790494748595,29.6484233,52.5148517,179.000,true,1.47,20.138,source=fused:fused;speedReason=OK;derived=31.41;locationGapMs=988;callbackGapMs=988;fusion=GPS_IMU
LOCATION,1790494749610,29.6483433,52.5148517,178.000,true,1.44,19.584,source=fused:fused;speedReason=OK;derived=31.47;locationGapMs=1014;callbackGapMs=1014;fusion=GPS_IMU
LOCATION,1790494750603,29.6482533,52.5148500,178.000,true,1.42,18.619,source=fused:fused;speedReason=OK;derived=31.48;locationGapMs=995;callbackGapMs=995;fusion=GPS_IMU
LOCATION,1790494751599,29.6481533,52.5148550,174.000,true,1.42,24.054,source=fused:fused;speedReason=OK;derived=36.10;locationGapMs=996;callbackGapMs=996;fusion=GPS_IMU
LOCATION,1790494752624,29.6480467,52.5148700,169.000,true,1.40,20.015,source=fused:fused;speedReason=OK;derived=40.10;locationGapMs=1024;callbackGapMs=1024;fusion=GPS_IMU
LOCATION,1790494753600,29.6479350,52.5148950,166.000,true,1.40,22.669,source=fused:fused;speedReason=OK;derived=41.85;locationGapMs=978;callbackGapMs=978;fusion=GPS_IMU
LOCATION,1790494754608,29.6478183,52.5149267,165.000,true,1.40,26.898,source=fused:fused;speedReason=OK;derived=46.44;locationGapMs=1006;callbackGapMs=1006;fusion=GPS_IMU
LOCATION,1790494755588,29.6476950,52.5149633,165.000,true,1.40,27.826,source=fused:fused;speedReason=OK;derived=47.58;locationGapMs=975;callbackGapMs=975;fusion=GPS_IMU
LOCATION,1790494756595,29.6475650,52.5150000,166.000,true,1.40,29.903,source=fused:fused;speedReason=OK;derived=52.13;locationGapMs=1012;callbackGapMs=1012;fusion=GPS_IMU
LOCATION,1790494757598,29.6474267,52.5150383,166.000,true,1.40,34.437,source=fused:fused;speedReason=OK;derived=52.80;locationGapMs=1003;callbackGapMs=1003;fusion=GPS_IMU
LOCATION,1790494758593,29.6472867,52.5150767,167.000,true,1.40,38.285,source=fused:fused;speedReason=OK;derived=56.61;locationGapMs=996;callbackGapMs=996;fusion=GPS_IMU
LOCATION,1790494759601,29.6471483,52.5151133,166.000,true,1.40,42.938,source=fused:fused;speedReason=OK;derived=56.61;locationGapMs=1008;callbackGapMs=1008;fusion=GPS_IMU
LOCATION,1790494760602,29.6470200,52.5151517,165.000,true,1.40,45.601,source=fused:fused;speedReason=OK;derived=56.23;locationGapMs=997;callbackGapMs=997;fusion=GPS_IMU
LOCATION,1790494761605,29.6469067,52.5151867,162.000,true,1.40,45.811,source=fused:fused;speedReason=OK;derived=53.08;locationGapMs=1007;callbackGapMs=1007;fusion=GPS_IMU
LOCATION,1790494762618,29.6467983,52.5152117,171.000,true,1.40,49.131,source=fused:fused;speedReason=OK;derived=46.50;locationGapMs=1012;callbackGapMs=1012;fusion=GPS_IMU
LOCATION,1790494763583,29.6466867,52.5152100,185.000,true,1.40,52.909,source=fused:fused;speedReason=OK;derived=46.15;locationGapMs=965;callbackGapMs=965;fusion=GPS_IMU
LOCATION,1790494764601,29.6465783,52.5151733,200.000,true,1.42,51.887,source=fused:fused;speedReason=OK;derived=44.22;locationGapMs=1020;callbackGapMs=1020;fusion=GPS_IMU
LOCATION,1790494765613,29.6464733,52.5151183,210.000,true,1.46,52.395,source=fused:fused;speedReason=OK;derived=45.89;locationGapMs=1004;callbackGapMs=1004;fusion=GPS_IMU
LOCATION,1790494766583,29.6463717,52.5150467,216.000,true,1.48,49.467,source=fused:fused;speedReason=OK;derived=45.89;locationGapMs=977;callbackGapMs=977;fusion=GPS_IMU
LOCATION,1790494767625,29.6462767,52.5149517,221.000,true,1.52,48.938,source=fused:fused;speedReason=OK;derived=48.59;locationGapMs=1036;callbackGapMs=1036;fusion=GPS_IMU
LOCATION,1790494768628,29.6461950,52.5148483,229.000,true,1.58,49.684,source=fused:fused;speedReason=OK;derived=48.59;locationGapMs=1007;callbackGapMs=1007;fusion=GPS_IMU
LOCATION,1790494769628,29.6461317,52.5147267,241.000,true,1.60,50.421,source=fused:fused;speedReason=OK;derived=48.59;locationGapMs=998;callbackGapMs=998;fusion=GPS_IMU
LOCATION,1790494770639,29.6460833,52.5145967,245.000,true,1.60,50.466,source=fused:fused;speedReason=OK;derived=49.06;locationGapMs=1004;callbackGapMs=1004;fusion=GPS_IMU
LOCATION,1790494771627,29.6460417,52.5144567,252.000,true,1.60,49.866,source=fused:fused;speedReason=OK;derived=49.44;locationGapMs=995;callbackGapMs=995;fusion=GPS_IMU
LOCATION,1790494772620,29.6460100,52.5143133,256.000,true,1.60,47.668,source=fused:fused;speedReason=OK;derived=51.81;locationGapMs=995;callbackGapMs=995;fusion=GPS_IMU
LOCATION,1790494773623,29.6459850,52.5141667,257.000,true,1.60,46.410,source=fused:fused;speedReason=OK;derived=51.82;locationGapMs=1003;callbackGapMs=1003;fusion=GPS_IMU
LOCATION,1790494774630,29.6459633,52.5140250,257.000,true,1.60,46.079,source=fused:fused;speedReason=OK;derived=51.82;locationGapMs=1006;callbackGapMs=1006;fusion=GPS_IMU
LOCATION,1790494775707,29.6459383,52.5138867,256.000,true,1.60,44.911,source=fused:fused;speedReason=OK;derived=49.85;locationGapMs=1074;callbackGapMs=1074;fusion=GPS_IMU
LOCATION,1790494776619,29.6459117,52.5137500,255.000,true,1.60,44.800,source=fused:fused;speedReason=OK;derived=49.85;locationGapMs=916;callbackGapMs=916;fusion=GPS_IMU
LOCATION,1790494777632,29.6458833,52.5136117,257.000,true,1.60,43.872,source=fused:fused;speedReason=OK;derived=48.94;locationGapMs=1012;callbackGapMs=1012;fusion=GPS_IMU
LOCATION,1790494778601,29.6458567,52.5134700,257.000,true,1.60,43.974,source=fused:fused;speedReason=OK;derived=52.03;locationGapMs=971;callbackGapMs=971;fusion=GPS_IMU
LOCATION,1790494779636,29.6458233,52.5133267,253.000,true,1.60,44.382,source=fused:fused;speedReason=OK;derived=50.05;locationGapMs=1033;callbackGapMs=1033;fusion=GPS_IMU
LOCATION,1790494780633,29.6457833,52.5131850,251.000,true,1.60,43.860,source=fused:fused;speedReason=OK;derived=52.03;locationGapMs=997;callbackGapMs=997;fusion=GPS_IMU
LOCATION,1790494781694,29.6457417,52.5130483,250.000,true,1.60,43.889,source=fused:fused;speedReason=OK;derived=50.05;locationGapMs=1055;callbackGapMs=1055;fusion=GPS_IMU
LOCATION,1790494782635,29.6456967,52.5129150,247.000,true,1.60,43.208,source=fused:fused;speedReason=OK;derived=52.06;locationGapMs=947;callbackGapMs=947;fusion=GPS_IMU
LOCATION,1790494783622,29.6456500,52.5127867,245.000,true,1.60,43.433,source=fused:fused;speedReason=OK;derived=49.09;locationGapMs=987;callbackGapMs=987;fusion=GPS_IMU
LOCATION,1790494784627,29.6455983,52.5126583,244.000,true,1.60,44.594,source=fused:fused;speedReason=OK;derived=49.09;locationGapMs=1006;callbackGapMs=1006;fusion=GPS_IMU
LOCATION,1790494785629,29.6455433,52.5125300,242.000,true,1.58,46.559,source=fused:fused;speedReason=OK;derived=49.09;locationGapMs=1001;callbackGapMs=1001;fusion=GPS_IMU
LOCATION,1790494786631,29.6454867,52.5124067,238.000,true,1.57,45.835,source=fused:fused;speedReason=OK;derived=48.99;locationGapMs=1002;callbackGapMs=1002;fusion=GPS_IMU
LOCATION,1790494787706,29.6454183,52.5122933,233.000,true,1.55,43.970,source=fused:fused;speedReason=OK;derived=48.46;locationGapMs=1070;callbackGapMs=1070;fusion=GPS_IMU
LOCATION,1790494788625,29.6453400,52.5121950,225.000,true,1.53,40.474,source=fused:fused;speedReason=OK;derived=48.46;locationGapMs=923;callbackGapMs=923;fusion=GPS_IMU
LOCATION,1790494789625,29.6452517,52.5121150,211.000,true,1.50,37.893,source=fused:fused;speedReason=OK;derived=44.89;locationGapMs=1002;callbackGapMs=1002;fusion=GPS_IMU
LOCATION,1790494790636,29.6451533,52.5120650,198.000,true,1.50,37.130,source=fused:fused;speedReason=OK;derived=44.85;locationGapMs=1009;callbackGapMs=1009;fusion=GPS_IMU
LOCATION,1790494791628,29.6450583,52.5120417,185.000,true,1.50,36.351,source=fused:fused;speedReason=OK;derived=42.58;locationGapMs=993;callbackGapMs=993;fusion=GPS_IMU
LOCATION,1790494792633,29.6449750,52.5120433,180.000,true,1.52,31.600,source=fused:fused;speedReason=OK;derived=39.04;locationGapMs=1004;callbackGapMs=1004;fusion=GPS_IMU
LOCATION,1790494793702,29.6449167,52.5120717,165.000,true,1.58,30.732,source=fused:fused;speedReason=OK;derived=33.11;locationGapMs=1066;callbackGapMs=1066;fusion=GPS_IMU
LOCATION,1790494794614,29.6448900,52.5121183,147.000,true,1.65,32.929,source=fused:fused;speedReason=OK;derived=23.72;locationGapMs=916;callbackGapMs=916;fusion=GPS_IMU
LOCATION,1790494795619,29.6449100,52.5121800,107.000,true,1.75,32.712,source=fused:fused;speedReason=OK;derived=22.83;locationGapMs=1005;callbackGapMs=1005;fusion=GPS_IMU
LOCATION,1790494796641,29.6449733,52.5122267,51.000,true,1.90,29.652,source=fused:fused;speedReason=OK;derived=22.83;locationGapMs=1021;callbackGapMs=1021;fusion=GPS_IMU
LOCATION,1790494797639,29.6450433,52.5122450,14.000,true,1.98,27.867,source=fused:fused;speedReason=OK;derived=28.71;locationGapMs=998;callbackGapMs=998;fusion=GPS_IMU
LOCATION,1790494798627,29.6451267,52.5122483,359.000,true,1.97,26.916,source=fused:fused;speedReason=OK;derived=29.43;locationGapMs=989;callbackGapMs=989;fusion=GPS_IMU
LOCATION,1790494799683,29.6452117,52.5122567,11.000,true,1.96,30.691,source=fused:fused;speedReason=OK;derived=32.33;locationGapMs=1053;callbackGapMs=1053;fusion=GPS_IMU
LOCATION,1790494800630,29.6452950,52.5122800,24.000,true,1.88,37.386,source=fused:fused;speedReason=OK;derived=33.67;locationGapMs=949;callbackGapMs=949;fusion=GPS_IMU
LOCATION,1790494801631,29.6453650,52.5123250,36.000,true,1.85,43.792,source=fused:fused;speedReason=OK;derived=32.33;locationGapMs=1003;callbackGapMs=1003;fusion=GPS_IMU
LOCATION,1790494802633,29.6454250,52.5123983,51.000,true,1.78,44.403,source=fused:fused;speedReason=OK;derived=34.98;locationGapMs=1001;callbackGapMs=1001;fusion=GPS_IMU
LOCATION,1790494803626,29.6454767,52.5124867,58.000,true,1.72,40.764,source=fused:fused;speedReason=OK;derived=34.98;locationGapMs=992;callbackGapMs=992;fusion=GPS_IMU
LOCATION,1790494804621,29.6455267,52.5125900,61.000,true,1.65,41.412,source=fused:fused;speedReason=OK;derived=37.38;locationGapMs=996;callbackGapMs=996;fusion=GPS_IMU
LOCATION,1790494805682,29.6455767,52.5127000,63.000,true,1.60,43.531,source=fused:fused;speedReason=OK;derived=40.85;locationGapMs=1058;callbackGapMs=1058;fusion=GPS_IMU
LOCATION,1790494806627,29.6456250,52.5128150,66.000,true,1.54,45.992,source=fused:fused;speedReason=OK;derived=41.33;locationGapMs=948;callbackGapMs=948;fusion=GPS_IMU
LOCATION,1790494807626,29.6456700,52.5129350,67.000,true,1.53,47.597,source=fused:fused;speedReason=OK;derived=45.57;locationGapMs=999;callbackGapMs=999;fusion=GPS_IMU
LOCATION,1790494808641,29.6457150,52.5130617,69.000,true,1.50,49.309,source=fused:fused;speedReason=OK;derived=46.92;locationGapMs=1015;callbackGapMs=1015;fusion=GPS_IMU
LOCATION,1790494809640,29.6457550,52.5131983,71.000,true,1.50,51.303,source=fused:fused;speedReason=OK;derived=46.97;locationGapMs=998;callbackGapMs=998;fusion=GPS_IMU
LOCATION,1790494810625,29.6457900,52.5133417,73.000,true,1.50,52.621,source=fused:fused;speedReason=OK;derived=50.32;locationGapMs=987;callbackGapMs=987;fusion=GPS_IMU
LOCATION,1790494811706,29.6458250,52.5134917,75.000,true,1.50,54.538,source=fused:fused;speedReason=OK;derived=50.39;locationGapMs=1074;callbackGapMs=1074;fusion=GPS_IMU
LOCATION,1790494812628,29.6458600,52.5136417,74.000,true,1.50,55.943,source=fused:fused;speedReason=OK;derived=52.58;locationGapMs=928;callbackGapMs=928;fusion=GPS_IMU
LOCATION,1790494813629,29.6458950,52.5138000,75.000,true,1.50,56.904,source=fused:fused;speedReason=OK;derived=56.86;locationGapMs=1001;callbackGapMs=1001;fusion=GPS_IMU
LOCATION,1790494814629,29.6459300,52.5139633,76.000,true,1.50,58.222,source=fused:fused;speedReason=OK;derived=58.32;locationGapMs=1000;callbackGapMs=1000;fusion=GPS_IMU
LOCATION,1790494815636,29.6459650,52.5141283,75.000,true,1.50,59.862,source=fused:fused;speedReason=OK;derived=58.61;locationGapMs=1004;callbackGapMs=1004;fusion=GPS_IMU
LOCATION,1790494816632,29.6459983,52.5142983,76.000,true,1.52,61.075,source=fused:fused;speedReason=OK;derived=58.95;locationGapMs=999;callbackGapMs=999;fusion=GPS_IMU
LOCATION,1790494817694,29.6460350,52.5144733,76.000,true,1.53,62.440,source=fused:fused;speedReason=OK;derived=59.35;locationGapMs=1057;callbackGapMs=1057;fusion=GPS_IMU
LOCATION,1790494818649,29.6460700,52.5146483,76.000,true,1.56,63.530,source=fused:fused;speedReason=OK;derived=60.79;locationGapMs=960;callbackGapMs=960;fusion=GPS_IMU
LOCATION,1790494819626,29.6461100,52.5148283,75.000,true,1.57,64.957,source=fused:fused;speedReason=OK;derived=65.19;locationGapMs=977;callbackGapMs=977;fusion=GPS_IMU
LOCATION,1790494820621,29.6461467,52.5150050,77.000,true,1.58,67.587,source=fused:fused;speedReason=OK;derived=65.19;locationGapMs=996;callbackGapMs=996;fusion=GPS_IMU
LOCATION,1790494821636,29.6461800,52.5151683,76.000,true,1.62,68.959,source=fused:fused;speedReason=OK;derived=63.56;locationGapMs=1009;callbackGapMs=1009;fusion=GPS_IMU
LOCATION,1790494822633,29.6462100,52.5153150,76.000,true,1.64,66.489,source=fused:fused;speedReason=OK;derived=57.93;locationGapMs=1000;callbackGapMs=1000;fusion=GPS_IMU
LOCATION,1790494823699,29.6462383,52.5154600,76.000,true,1.65,61.630,source=fused:fused;speedReason=OK;derived=52.52;locationGapMs=1063;callbackGapMs=1063;fusion=GPS_IMU
LOCATION,1790494824629,29.6462733,52.5156117,76.000,true,1.66,59.055,source=fused:fused;speedReason=OK;derived=52.52;locationGapMs=934;callbackGapMs=934;fusion=GPS_IMU
LOCATION,1790494825622,29.6463017,52.5157667,77.000,true,1.65,58.662,source=fused:fused;speedReason=OK;derived=55.54;locationGapMs=994;callbackGapMs=994;fusion=GPS_IMU
LOCATION,1790494826624,29.6463300,52.5159217,79.000,true,1.65,61.063,source=fused:fused;speedReason=OK;derived=55.54;locationGapMs=1001;callbackGapMs=1001;fusion=GPS_IMU
LOCATION,1790494827639,29.6463483,52.5160767,82.000,true,1.64,64.227,source=fused:fused;speedReason=OK;derived=55.14;locationGapMs=1012;callbackGapMs=1012;fusion=GPS_IMU
LOCATION,1790494828622,29.6463583,52.5162317,86.000,true,1.67,64.925,source=fused:fused;speedReason=OK;derived=54.89;locationGapMs=987;callbackGapMs=987;fusion=GPS_IMU
LOCATION,1790494829706,29.6463617,52.5163967,90.000,true,1.70,66.045,source=fused:fused;speedReason=OK;derived=53.87;locationGapMs=1080;callbackGapMs=1080;fusion=GPS_IMU
LOCATION,1790494830623,29.6463550,52.5165650,95.000,true,1.74,67.062,source=fused:fused;speedReason=OK;derived=54.89;locationGapMs=921;callbackGapMs=921;fusion=GPS_IMU
LOCATION,1790494831626,29.6463333,52.5167400,99.000,true,1.76,67.722,source=fused:fused;speedReason=OK;derived=61.37;locationGapMs=1004;callbackGapMs=1004;fusion=GPS_IMU
LOCATION,1790494832626,29.6462983,52.5169067,104.000,true,1.75,68.488,source=fused:fused;speedReason=OK;derived=61.37;locationGapMs=998;callbackGapMs=998;fusion=GPS_IMU
LOCATION,1790494833637,29.6462517,52.5170533,110.000,true,1.74,66.675,source=fused:fused;speedReason=OK;derived=59.88;locationGapMs=1007;callbackGapMs=1007;fusion=GPS_IMU
LOCATION,1790494834630,29.6461967,52.5171783,115.000,true,1.72,59.605,source=fused:fused;speedReason=OK;derived=54.00;locationGapMs=998;callbackGapMs=998;fusion=GPS_IMU
LOCATION,1790494835644,29.6461400,52.5172900,119.000,true,1.66,52.303,source=fused:fused;speedReason=OK;derived=48.89;locationGapMs=1010;callbackGapMs=1010;fusion=GPS_IMU
LOCATION,1790494836621,29.6460833,52.5174000,118.000,true,1.65,47.964,source=fused:fused;speedReason=OK;derived=45.38;locationGapMs=981;callbackGapMs=981;fusion=GPS_IMU
LOCATION,1790494837629,29.6460283,52.5175167,116.000,true,1.62,45.303,source=fused:fused;speedReason=OK;derived=45.38;locationGapMs=1008;callbackGapMs=1008;fusion=GPS_IMU
LOCATION,1790494838623,29.6459800,52.5176450,111.000,true,1.58,44.290,source=fused:fused;speedReason=OK;derived=45.86;locationGapMs=994;callbackGapMs=994;fusion=GPS_IMU
LOCATION,1790494839639,29.6459417,52.5177817,104.000,true,1.52,45.645,source=fused:fused;speedReason=OK;derived=48.99;locationGapMs=1012;callbackGapMs=1012;fusion=GPS_IMU
LOCATION,1790494840710,29.6459150,52.5179183,98.000,true,1.50,47.212,source=fused:fused;speedReason=OK;derived=48.99;locationGapMs=1070;callbackGapMs=1070;fusion=GPS_IMU
LOCATION,1790494841638,29.6458917,52.5180567,101.000,true,1.44,50.151,source=fused:fused;speedReason=OK;derived=49.45;locationGapMs=933;callbackGapMs=933;fusion=GPS_IMU
LOCATION,1790494842629,29.6458600,52.5182000,106.000,true,1.42,51.770,source=fused:fused;speedReason=OK;derived=52.00;locationGapMs=991;callbackGapMs=991;fusion=GPS_IMU
LOCATION,1790494843630,29.6458183,52.5183450,109.000,true,1.40,51.917,source=fused:fused;speedReason=OK;derived=52.66;locationGapMs=1001;callbackGapMs=1001;fusion=GPS_IMU
LOCATION,1790494844643,29.6457733,52.5184967,108.000,true,1.40,53.292,source=fused:fused;speedReason=OK;derived=53.16;locationGapMs=1009;callbackGapMs=1009;fusion=GPS_IMU
LOCATION,1790494845629,29.6457283,52.5186517,109.000,true,1.40,55.245,source=fused:fused;speedReason=OK;derived=55.35;locationGapMs=988;callbackGapMs=988;fusion=GPS_IMU
LOCATION,1790494846712,29.6456800,52.5188100,110.000,true,1.40,56.973,source=fused:fused;speedReason=OK;derived=55.35;locationGapMs=1081;callbackGapMs=1081;fusion=GPS_IMU
LOCATION,1790494847640,29.6456250,52.5189717,111.000,true,1.40,58.906,source=fused:fused;speedReason=OK;derived=57.63;locationGapMs=932;callbackGapMs=932;fusion=GPS_IMU
LOCATION,1790494848631,29.6455650,52.5191350,112.000,true,1.40,61.685,source=fused:fused;speedReason=OK;derived=62.31;locationGapMs=991;callbackGapMs=991;fusion=GPS_IMU
LOCATION,1790494849637,29.6454983,52.5192933,117.000,true,1.40,64.399,source=fused:fused;speedReason=OK;derived=62.31;locationGapMs=1005;callbackGapMs=1005;fusion=GPS_IMU
LOCATION,1790494850643,29.6454200,52.5194433,122.000,true,1.40,66.526,source=fused:fused;speedReason=OK;derived=60.96;locationGapMs=1002;callbackGapMs=1002;fusion=GPS_IMU
LOCATION,1790494851632,29.6453333,52.5195817,127.000,true,1.42,65.836,source=fused:fused;speedReason=OK;derived=60.79;locationGapMs=994;callbackGapMs=994;fusion=GPS_IMU
LOCATION,1790494852709,29.6452383,52.5197083,132.000,true,1.43,66.634,source=fused:fused;speedReason=OK;derived=59.72;locationGapMs=1073;callbackGapMs=1073;fusion=GPS_IMU
LOCATION,1790494853636,29.6451350,52.5198200,140.000,true,1.45,65.634,source=fused:fused;speedReason=OK;derived=59.72;locationGapMs=931;callbackGapMs=931;fusion=GPS_IMU
LOCATION,1790494854634,29.6450183,52.5199117,148.000,true,1.48,64.059,source=fused:fused;speedReason=OK;derived=56.60;locationGapMs=998;callbackGapMs=998;fusion=GPS_IMU
LOCATION,1790494855636,29.6448867,52.5199850,156.000,true,1.50,64.108,source=fused:fused;speedReason=OK;derived=58.28;locationGapMs=1002;callbackGapMs=1002;fusion=GPS_IMU
LOCATION,1790494856627,29.6447417,52.5200350,165.000,true,1.53,63.883,source=fused:fused;speedReason=OK;derived=58.28;locationGapMs=986;callbackGapMs=986;fusion=GPS_IMU
LOCATION,1790494857636,29.6445933,52.5200617,173.000,true,1.56,63.866,source=fused:fused;speedReason=OK;derived=59.12;locationGapMs=1014;callbackGapMs=1014;fusion=GPS_IMU
LOCATION,1790494858631,29.6444383,52.5200633,180.000,true,1.58,63.381,source=fused:fused;speedReason=OK;derived=61.29;locationGapMs=995;callbackGapMs=995;fusion=GPS_IMU
LOCATION,1790494859643,29.6442833,52.5200433,189.000,true,1.60,63.271,source=fused:fused;speedReason=OK;derived=61.57;locationGapMs=1011;callbackGapMs=1011;fusion=GPS_IMU
LOCATION,1790494860628,29.6441250,52.5200067,191.000,true,1.60,62.165,source=fused:fused;speedReason=OK;derived=62.17;locationGapMs=986;callbackGapMs=986;fusion=GPS_IMU
LOCATION,1790494861635,29.6439633,52.5199650,191.000,true,1.60,60.512,source=fused:fused;speedReason=OK;derived=65.36;locationGapMs=1002;callbackGapMs=1002;fusion=GPS_IMU
LOCATION,1790494862636,29.6437967,52.5199233,190.000,true,1.60,60.888,source=fused:fused;speedReason=OK;derived=66.01;locationGapMs=1006;callbackGapMs=1006;fusion=GPS_IMU
LOCATION,1790494863705,29.6436250,52.5198850,188.000,true,1.58,60.821,source=fused:fused;speedReason=OK;derived=66.01;locationGapMs=1069;callbackGapMs=1069;fusion=GPS_IMU
LOCATION,1790494864648,29.6434483,52.5198650,182.000,true,1.56,59.495,source=fused:fused;speedReason=OK;derived=67.65;locationGapMs=942;callbackGapMs=942;fusion=GPS_IMU
LOCATION,1790494865606,29.6432717,52.5198583,178.000,true,1.55,59.325,source=fused:fused;speedReason=OK;derived=73.45;locationGapMs=960;callbackGapMs=960;fusion=GPS_IMU
LOCATION,1790494866645,29.6430950,52.5198717,171.000,true,1.52,55.893,source=fused:fused;speedReason=OK;derived=73.45;locationGapMs=1029;callbackGapMs=1029;fusion=GPS_IMU
LOCATION,1790494867628,29.6429200,52.5199133,163.000,true,1.50,56.534,source=fused:fused;speedReason=OK;derived=71.83;locationGapMs=993;callbackGapMs=993;fusion=GPS_IMU
LOCATION,1790494868583,29.6427500,52.5199800,159.000,true,1.50,55.474,source=fused:fused;speedReason=OK;derived=71.83;locationGapMs=956;callbackGapMs=956;fusion=GPS_IMU
LOCATION,1790494869697,29.6425850,52.5200633,152.000,true,1.50,56.222,source=fused:fused;speedReason=OK;derived=71.83;locationGapMs=1112;callbackGapMs=1112;fusion=GPS_IMU
LOCATION,1790494870626,29.6424350,52.5201650,146.000,true,1.50,57.900,source=fused:fused;speedReason=OK;derived=74.80;locationGapMs=930;callbackGapMs=930;fusion=GPS_IMU
LOCATION,1790494871624,29.6423050,52.5202667,142.000,true,1.52,59.556,source=fused:fused;speedReason=OK;derived=64.71;locationGapMs=996;callbackGapMs=996;fusion=GPS_IMU
LOCATION,1790494872634,29.6421983,52.5203617,140.000,true,1.53,55.899,source=fused:fused;speedReason=OK;derived=63.09;locationGapMs=1003;callbackGapMs=1003;fusion=GPS_IMU
LOCATION,1790494873633,29.6421083,52.5204467,139.000,true,1.56,50.223,source=fused:fused;speedReason=OK;derived=53.78;locationGapMs=1006;callbackGapMs=1006;fusion=GPS_IMU
LOCATION,1790494874625,29.6420233,52.5205400,135.000,true,1.57,44.270,source=fused:fused;speedReason=OK;derived=47.28;locationGapMs=994;callbackGapMs=994;fusion=GPS_IMU
LOCATION,1790494875697,29.6419400,52.5206383,135.000,true,1.60,41.985,source=fused:fused;speedReason=OK;derived=46.28;locationGapMs=1071;callbackGapMs=1071;fusion=GPS_IMU
LOCATION,1790494876638,29.6418533,52.5207400,135.000,true,1.60,41.333,source=fused:fused;speedReason=OK;derived=47.28;locationGapMs=941;callbackGapMs=941;fusion=GPS_IMU
LOCATION,1790494877641,29.6417633,52.5208467,133.000,true,1.60,42.787,source=fused:fused;speedReason=OK;derived=51.96;locationGapMs=995;callbackGapMs=995;fusion=GPS_IMU
LOCATION,1790494878628,29.6416717,52.5209583,134.000,true,1.60,45.862,source=fused:fused;speedReason=OK;derived=52.64;locationGapMs=995;callbackGapMs=995;fusion=GPS_IMU
LOCATION,1790494879641,29.6415733,52.5210750,135.000,true,1.60,47.549,source=fused:fused;speedReason=OK;derived=53.65;locationGapMs=1012;callbackGapMs=1012;fusion=GPS_IMU
LOCATION,1790494880641,29.6414700,52.5211900,135.000,true,1.58,50.121,source=fused:fused;speedReason=OK;derived=55.87;locationGapMs=1000;callbackGapMs=1000;fusion=GPS_IMU
LOCATION,1790494881705,29.6413667,52.5213067,135.000,true,1.57,53.971,source=fused:fused;speedReason=OK;derived=55.87;locationGapMs=1065;callbackGapMs=1065;fusion=GPS_IMU
LOCATION,1790494882620,29.6412683,52.5214133,136.000,true,1.55,55.147,source=fused:fused;speedReason=OK;derived=57.50;locationGapMs=916;callbackGapMs=916;fusion=GPS_IMU
LOCATION,1790494883646,29.6411767,52.5215117,137.000,true,1.52,51.707,source=fused:fused;speedReason=OK;derived=54.38;locationGapMs=1017;callbackGapMs=1017;fusion=GPS_IMU
LOCATION,1790494884635,29.6410867,52.5216033,139.000,true,1.52,48.690,source=fused:fused;speedReason=OK;derived=49.29;locationGapMs=996;callbackGapMs=996;fusion=GPS_IMU
LOCATION,1790494885634,29.6409933,52.5216983,138.000,true,1.50,44.613,source=fused:fused;speedReason=OK;derived=49.29;locationGapMs=1000;callbackGapMs=1000;fusion=GPS_IMU
LOCATION,1790494886642,29.6409033,52.5218000,133.000,true,1.50,44.090,source=fused:fused;speedReason=OK;derived=49.86;locationGapMs=1007;callbackGapMs=1007;fusion=GPS_IMU
LOCATION,1790494887701,29.6408133,52.5219133,130.000,true,1.50,46.125,source=fused:fused;speedReason=OK;derived=50.11;locationGapMs=1054;callbackGapMs=1054;fusion=GPS_IMU
LOCATION,1790494888648,29.6407200,52.5220333,131.000,true,1.50,48.813,source=fused:fused;speedReason=OK;derived=50.65;locationGapMs=944;callbackGapMs=944;fusion=GPS_IMU
LOCATION,1790494889620,29.6406233,52.5221550,132.000,true,1.50,51.169,source=fused:fused;speedReason=OK;derived=58.46;locationGapMs=981;callbackGapMs=981;fusion=GPS_IMU
LOCATION,1790494890634,29.6405200,52.5222783,134.000,true,1.50,52.522,source=fused:fused;speedReason=OK;derived=58.67;locationGapMs=1015;callbackGapMs=1015;fusion=GPS_IMU
LOCATION,1790494891639,29.6404117,52.5224033,134.000,true,1.50,54.895,source=fused:fused;speedReason=OK;derived=58.67;locationGapMs=1003;callbackGapMs=1003;fusion=GPS_IMU
LOCATION,1790494892629,29.6403117,52.5225217,134.000,true,1.50,56.314,source=fused:fused;speedReason=OK;derived=58.67;locationGapMs=990;callbackGapMs=990;fusion=GPS_IMU
LOCATION,1790494893699,29.6402133,52.5226383,134.000,true,1.50,56.408,source=fused:fused;speedReason=OK;derived=57.99;locationGapMs=1065;callbackGapMs=1065;fusion=GPS_IMU
LOCATION,1790494894629,29.6401150,52.5227550,134.000,true,1.50,55.060,source=fused:fused;speedReason=OK;derived=57.99;locationGapMs=935;callbackGapMs=935;fusion=GPS_IMU
LOCATION,1790494895635,29.6400150,52.5228750,135.000,true,1.50,54.081,source=fused:fused;speedReason=OK;derived=57.47;locationGapMs=1006;callbackGapMs=1006;fusion=GPS_IMU
LOCATION,1790494896655,29.6399117,52.5229983,134.000,true,1.50,54.945,source=fused:fused;speedReason=OK;derived=58.39;locationGapMs=1020;callbackGapMs=1020;fusion=GPS_IMU
LOCATION,1790494897629,29.6398033,52.5231217,135.000,true,1.50,55.110,source=fused:fused;speedReason=OK;derived=58.39;locationGapMs=974;callbackGapMs=974;fusion=GPS_IMU
LOCATION,1790494898628,29.6396967,52.5232467,135.000,true,1.50,55.961,source=fused:fused;speedReason=OK;derived=60.90;locationGapMs=1000;callbackGapMs=1000;fusion=GPS_IMU
LOCATION,1790494899711,29.6395917,52.5233650,135.000,true,1.50,57.401,source=fused:fused;speedReason=OK;derived=60.90;locationGapMs=1074;callbackGapMs=1074;fusion=GPS_IMU
LOCATION,1790494900643,29.6394983,52.5234733,135.000,true,1.48,57.938,source=fused:fused;speedReason=OK;derived=56.44;locationGapMs=940;callbackGapMs=940;fusion=GPS_IMU
LOCATION,1790494901643,29.6394167,52.5235667,135.000,true,1.47,54.388,source=fused:fused;speedReason=OK;derived=54.74;locationGapMs=1000;callbackGapMs=1000;fusion=GPS_IMU
LOCATION,1790494902640,29.6393533,52.5236417,135.000,true,1.46,47.370,source=fused:fused;speedReason=OK;derived=46.05;locationGapMs=997;callbackGapMs=997;fusion=GPS_IMU
LOCATION,1790494903630,29.6393000,52.5237033,135.000,true,1.46,40.064,source=fused:fused;speedReason=OK;derived=36.49;locationGapMs=990;callbackGapMs=990;fusion=GPS_IMU
LOCATION,1790494904632,29.6392533,52.5237583,135.000,true,1.45,33.657,source=fused:fused;speedReason=OK;derived=30.53;locationGapMs=1003;callbackGapMs=1003;fusion=GPS_IMU
LOCATION,1790494905723,29.6392133,52.5238000,139.000,true,1.45,28.779,source=fused:fused;speedReason=OK;derived=26.66;locationGapMs=1080;callbackGapMs=1080;fusion=GPS_IMU
LOCATION,1790494906629,29.6391817,52.5238350,137.000,true,1.47,24.206,source=fused:fused;speedReason=OK;derived=19.99;locationGapMs=916;callbackGapMs=916;fusion=GPS_IMU
LOCATION,1790494907657,29.6391567,52.5238600,137.000,true,1.48,20.335,source=fused:fused;speedReason=OK;derived=19.16;locationGapMs=1027;callbackGapMs=1027;fusion=GPS_IMU
LOCATION,1790494908639,29.6391383,52.5238750,138.000,true,1.48,15.830,source=fused:fused;speedReason=OK;derived=12.90;locationGapMs=984;callbackGapMs=984;fusion=GPS_IMU
LOCATION,1790494909631,29.6391317,52.5238833,138.000,true,1.48,10.738,source=fused:fused;speedReason=OK;derived=9.16;locationGapMs=992;callbackGapMs=992;fusion=GPS_IMU
LOCATION,1790494910638,29.6391233,52.5238883,138.000,true,1.50,6.831,source=fused:fused;speedReason=OK;derived=3.94;locationGapMs=1007;callbackGapMs=1007;fusion=GPS_IMU
LOCATION,1790494911711,29.6391167,52.5238967,138.000,true,1.48,5.256,source=fused:fused;speedReason=OK;derived=3.75;locationGapMs=1068;callbackGapMs=1068;fusion=GPS_IMU
LOCATION,1790494912630,29.6391067,52.5239083,142.000,true,1.47,4.779,source=fused:fused;speedReason=OK;derived=3.75;locationGapMs=924;callbackGapMs=924;fusion=GPS_IMU
LOCATION,1790494913632,29.6390850,52.5239300,137.000,true,1.45,7.633,source=fused:fused;speedReason=OK;derived=6.15;locationGapMs=1001;callbackGapMs=1001;fusion=GPS_IMU
LOCATION,1790494914640,29.6390583,52.5239533,143.000,true,1.44,10.715,source=fused:fused;speedReason=OK;derived=11.49;locationGapMs=1008;callbackGapMs=1008;fusion=GPS_IMU
LOCATION,1790494915620,29.6390317,52.5239750,143.000,true,1.47,11.339,source=fused:fused;speedReason=OK;derived=13.29;locationGapMs=981;callbackGapMs=981;fusion=GPS_IMU
LOCATION,1790494916641,29.6390067,52.5240033,139.000,true,1.52,11.401,source=fused:fused;speedReason=OK;derived=13.29;locationGapMs=1020;callbackGapMs=1020;fusion=GPS_IMU
LOCATION,1790494917641,29.6389850,52.5240350,122.000,true,1.56,10.512,source=fused:fused;speedReason=OK;derived=13.76;locationGapMs=992;callbackGapMs=992;fusion=GPS_IMU
LOCATION,1790494918625,29.6389783,52.5240750,93.000,true,1.60,9.883,source=fused:fused;speedReason=OK;derived=14.15;locationGapMs=992;callbackGapMs=992;fusion=GPS_IMU
LOCATION,1790494919642,29.6389917,52.5241217,62.000,true,1.60,10.813,source=fused:fused;speedReason=OK;derived=14.31;locationGapMs=1018;callbackGapMs=1018;fusion=GPS_IMU
LOCATION,1790494920638,29.6390267,52.5241617,40.000,true,1.62,13.821,source=fused:fused;speedReason=OK;derived=16.83;locationGapMs=994;callbackGapMs=994;fusion=GPS_IMU
LOCATION,1790494921645,29.6390717,52.5241883,27.000,true,1.60,16.877,source=fused:fused;speedReason=OK;derived=19.85;locationGapMs=1007;callbackGapMs=1007;fusion=GPS_IMU
LOCATION,1790494922696,29.6391200,52.5242117,26.000,true,1.57,19.274,source=fused:fused;speedReason=OK;derived=20.05;locationGapMs=1044;callbackGapMs=1044;fusion=GPS_IMU
LOCATION,1790494923608,29.6391683,52.5242417,31.000,true,1.55,20.103,source=fused:fused;speedReason=OK;derived=20.07;locationGapMs=922;callbackGapMs=922;fusion=GPS_IMU
LOCATION,1790494924633,29.6392117,52.5242767,37.000,true,1.52,19.906,source=fused:fused;speedReason=OK;derived=20.71;locationGapMs=1023;callbackGapMs=1023;fusion=GPS_IMU
LOCATION,1790494925608,29.6392533,52.5243133,40.000,true,1.52,19.816,source=fused:fused;speedReason=OK;derived=21.45;locationGapMs=976;callbackGapMs=976;fusion=GPS_IMU
LOCATION,1790494926660,29.6392883,52.5243483,40.000,true,1.50,19.773,source=fused:fused;speedReason=OK;derived=20.71;locationGapMs=1048;callbackGapMs=1048;fusion=GPS_IMU
LOCATION,1790494927649,29.6393150,52.5243783,41.000,true,1.50,17.547,source=fused:fused;speedReason=OK;derived=17.70;locationGapMs=991;callbackGapMs=991;fusion=GPS_IMU
LOCATION,1790494928632,29.6393450,52.5244083,40.000,true,1.50,16.222,source=fused:fused;speedReason=OK;derived=16.25;locationGapMs=978;callbackGapMs=978;fusion=GPS_IMU
LOCATION,1790494929630,29.6393800,52.5244417,39.000,true,1.50,15.768,source=fused:fused;speedReason=OK;derived=16.25;locationGapMs=1005;callbackGapMs=1005;fusion=GPS_IMU
LOCATION,1790494930647,29.6394217,52.5244850,38.000,true,1.50,17.275,source=fused:fused;speedReason=OK;derived=18.09;locationGapMs=1016;callbackGapMs=1016;fusion=GPS_IMU
LOCATION,1790494931634,29.6394733,52.5245350,39.000,true,1.50,20.848,source=fused:fused;speedReason=OK;derived=22.11;locationGapMs=987;callbackGapMs=987;fusion=GPS_IMU
LOCATION,1790494932637,29.6395317,52.5245933,39.000,true,1.50,26.252,source=fused:fused;speedReason=OK;derived=27.33;locationGapMs=1004;callbackGapMs=1004;fusion=GPS_IMU
LOCATION,1790494933722,29.6395900,52.5246533,41.000,true,1.50,28.614,source=fused:fused;speedReason=OK;derived=29.16;locationGapMs=1073;callbackGapMs=1073;fusion=GPS_IMU
LOCATION,1790494934621,29.6396533,52.5247150,40.000,true,1.50,30.071,source=fused:fused;speedReason=OK;derived=30.80;locationGapMs=911;callbackGapMs=911;fusion=GPS_IMU
LOCATION,1790494935634,29.6397167,52.5247817,41.000,true,1.50,31.787,source=fused:fused;speedReason=OK;derived=33.92;locationGapMs=1013;callbackGapMs=1013;fusion=GPS_IMU
LOCATION,1790494936640,29.6397783,52.5248417,41.000,true,1.50,32.663,source=fused:fused;speedReason=OK;derived=33.92;locationGapMs=1005;callbackGapMs=1005;fusion=GPS_IMU
LOCATION,1790494937633,29.6398333,52.5248967,38.000,true,1.48,30.770,source=fused:fused;speedReason=OK;derived=32.12;locationGapMs=993;callbackGapMs=993;fusion=GPS_IMU
LOCATION,1790494938634,29.6398883,52.5249483,37.000,true,1.47,29.293,source=fused:fused;speedReason=OK;derived=29.35;locationGapMs=1002;callbackGapMs=1002;fusion=GPS_IMU
LOCATION,1790494939706,29.6399417,52.5250000,41.000,true,1.44,29.479,source=fused:fused;speedReason=OK;derived=28.32;locationGapMs=1064;callbackGapMs=1064;fusion=GPS_IMU
LOCATION,1790494940639,29.6399933,52.5250567,46.000,true,1.42,29.964,source=fused:fused;speedReason=OK;derived=28.32;locationGapMs=940;callbackGapMs=940;fusion=GPS_IMU
LOCATION,1790494941636,29.6400350,52.5251200,53.000,true,1.42,29.721,source=fused:fused;speedReason=OK;derived=27.72;locationGapMs=997;callbackGapMs=997;fusion=GPS_IMU
LOCATION,1790494942636,29.6400700,52.5251817,60.000,true,1.40,28.103,source=fused:fused;speedReason=OK;derived=27.72;locationGapMs=1000;callbackGapMs=1000;fusion=GPS_IMU
LOCATION,1790494943635,29.6400983,52.5252467,62.000,true,1.40,26.736,source=fused:fused;speedReason=OK;derived=25.65;locationGapMs=998;callbackGapMs=998;fusion=GPS_IMU
LOCATION,1790494944640,29.6401267,52.5253117,63.000,true,1.40,26.275,source=fused:fused;speedReason=OK;derived=25.37;locationGapMs=1008;callbackGapMs=1008;fusion=GPS_IMU
LOCATION,1790494945707,29.6401500,52.5253700,63.000,true,1.40,24.693,source=fused:fused;speedReason=OK;derived=25.13;locationGapMs=1058;callbackGapMs=1058;fusion=GPS_IMU
LOCATION,1790494946634,29.6401733,52.5254233,64.000,true,1.40,23.443,source=fused:fused;speedReason=OK;derived=22.24;locationGapMs=934;callbackGapMs=934;fusion=GPS_IMU
LOCATION,1790494947638,29.6401933,52.5254700,68.000,true,1.40,22.583,source=fused:fused;speedReason=OK;derived=21.12;locationGapMs=1006;callbackGapMs=1006;fusion=GPS_IMU
LOCATION,1790494948629,29.6402033,52.5255100,75.000,true,1.40,21.416,source=fused:fused;speedReason=OK;derived=18.02;locationGapMs=990;callbackGapMs=990;fusion=GPS_IMU
LOCATION,1790494949632,29.6402133,52.5255450,70.000,true,1.40,20.145,source=fused:fused;speedReason=OK;derived=14.65;locationGapMs=1003;callbackGapMs=1003;fusion=GPS_IMU
LOCATION,1790494950620,29.6402233,52.5255717,62.000,true,1.40,18.549,source=fused:fused;speedReason=OK;derived=12.80;locationGapMs=987;callbackGapMs=987;fusion=GPS_IMU
LOCATION,1790494951707,29.6402300,52.5255933,55.000,true,1.40,16.807,source=fused:fused;speedReason=OK;derived=10.26;locationGapMs=1077;callbackGapMs=1077;fusion=GPS_IMU
LOCATION,1790494952637,29.6402400,52.5256100,49.000,true,1.40,15.639,source=fused:fused;speedReason=OK;derived=7.50;locationGapMs=941;callbackGapMs=941;fusion=GPS_IMU
LOCATION,1790494953627,29.6402483,52.5256283,59.000,true,1.40,14.728,source=fused:fused;speedReason=OK;derived=7.42;locationGapMs=991;callbackGapMs=991;fusion=GPS_IMU
LOCATION,1790494954641,29.6402550,52.5256433,59.000,true,1.40,14.092,source=fused:fused;speedReason=OK;derived=7.25;locationGapMs=1013;callbackGapMs=1013;fusion=GPS_IMU
LOCATION,1790494955624,29.6402567,52.5256517,59.000,true,1.40,13.415,source=fused:fused;speedReason=OK;derived=5.80;locationGapMs=984;callbackGapMs=984;fusion=GPS_IMU
LOCATION,1790494956640,29.6402583,52.5256533,59.000,true,1.40,0.000,source=fused:fused;speedReason=OK;derived=3.05;locationGapMs=1015;callbackGapMs=1015;fusion=GPS_IMU
LOCATION,1790494957705,29.6402583,52.5256550,59.000,true,1.40,0.000,source=fused:fused;speedReason=OK;derived=0.84;locationGapMs=1057;callbackGapMs=1057;fusion=GPS_IMU
LOCATION,1790494958634,29.6402583,52.5256550,59.000,true,1.40,0.000,source=fused:fused;speedReason=OK;derived=0.56;locationGapMs=937;callbackGapMs=937;fusion=GPS_IMU
LOCATION,1790494959639,29.6402583,52.5256550,59.000,true,1.40,0.000,source=fused:fused;speedReason=OK;derived=0.00;locationGapMs=1004;callbackGapMs=1004;fusion=GPS_IMU
LOCATION,1790494960629,29.6402583,52.5256550,59.000,true,1.40,0.000,source=fused:fused;speedReason=OK;derived=0.00;locationGapMs=992;callbackGapMs=992;fusion=GPS_IMU
LOCATION,1790494961644,29.6402583,52.5256550,,false,1.40,0.000,source=fused:fused;speedReason=OK;derived=0.00;locationGapMs=1018;callbackGapMs=1018;fusion=GPS_IMU
LOCATION,1790494962627,29.6402583,52.5256550,,false,1.40,0.000,source=fused:fused;speedReason=OK;derived=0.00;locationGapMs=983;callbackGapMs=983;fusion=GPS_IMU
LOCATION,1790494963634,29.6402583,52.5256550,,false,1.40,0.000,source=fused:fused;speedReason=OK;derived=0.00;locationGapMs=1007;callbackGapMs=1007;fusion=GPS_IMU
LOCATION,1790494964618,29.6402583,52.5256550,,false,1.40,0.000,source=fused:fused;speedReason=OK;derived=0.00;locationGapMs=984;callbackGapMs=984;fusion=GPS_IMU
LOCATION,1790494965627,29.6402583,52.5256550,,false,1.40,0.000,source=fused:fused;speedReason=OK;derived=0.00;locationGapMs=1009;callbackGapMs=1009;fusion=GPS_IMU
LOCATION,1790494966600,29.6402583,52.5256550,,false,1.42,0.000,source=fused:fused;speedReason=OK;derived=0.00;locationGapMs=973;callbackGapMs=973;fusion=GPS_IMU
LOCATION,1790494967596,29.6402583,52.5256550,,false,1.42,0.000,source=fused:fused;speedReason=OK;derived=0.00;locationGapMs=996;callbackGapMs=996;fusion=GPS_IMU
LOCATION,1790494968606,29.6402583,52.5256550,,false,1.43,0.000,source=fused:fused;speedReason=OK;derived=0.00;locationGapMs=1010;callbackGapMs=1010;fusion=GPS_IMU
