record_type,wall_time_ms,lat,lon,bearing_deg,bearing_valid,gps_accuracy_m,fused_speed_kmh,details
LOCATION_ONLY,1790576313259,29.8104287,52.4792221,,false,37.71,0.000,source=fused:fused;speedReason=NO_SPEED;derived=;locationGapMs=0;callbackGapMs=-1;fusion=POSITION_OR_SPEED
LOCATION,1790576315779,29.8103856,52.4792627,,false,22.40,0.096,source=fused:fused;speedReason=OK;derived=8.84;locationGapMs=2519;callbackGapMs=2519;fusion=GPS_IMU
LOCATION,1790576317413,29.8103947,52.4791202,,false,16.90,0.000,source=fused:fused;speedReason=OK;derived=30.43;locationGapMs=1634;callbackGapMs=1634;fusion=GPS_IMU
LOCATION,1790576318294,29.8103965,52.4790892,,false,6.10,0.000,source=fused:fused;speedReason=OK;derived=12.33;locationGapMs=877;callbackGapMs=877;fusion=GPS_IMU
LOCATION,1790576319276,29.8103993,52.4791182,,false,5.55,0.000,source=fused:fused;speedReason=OK;derived=12.33;locationGapMs=987;callbackGapMs=987;fusion=GPS_IMU
LOCATION,1790576320053,29.8103987,52.4791134,,false,10.95,0.000,source=fused:fused;speedReason=OK;derived=10.29;locationGapMs=776;callbackGapMs=776;fusion=GPS_IMU
LOCATION,1790576321273,29.8103939,52.4791017,,false,11.32,0.000,source=fused:fused;speedReason=OK;derived=3.69;locationGapMs=1221;callbackGapMs=1221;fusion=GPS_IMU
LOCATION,1790576322288,29.8103877,52.4790831,,false,11.90,0.000,source=fused:fused;speedReason=OK;derived=3.69;locationGapMs=1014;callbackGapMs=1014;fusion=GPS_IMU
LOCATION,1790576323272,29.8103833,52.4790698,,false,11.46,0.000,source=fused:fused;speedReason=OK;derived=5.03;locationGapMs=985;callbackGapMs=985;fusion=GPS_IMU
LOCATION,1790576324355,29.8103819,52.4790653,,false,11.98,0.000,source=fused:fused;speedReason=OK;derived=5.03;locationGapMs=1082;callbackGapMs=1082;fusion=GPS_IMU
LOCATION,1790576325628,29.8103792,52.4790487,,false,8.85,0.000,source=fused:fused;speedReason=OK;derived=4.61;locationGapMs=1274;callbackGapMs=1274;fusion=GPS_IMU
LOCATION,1790576326591,29.8103778,52.4790420,,false,8.31,0.000,source=fused:fused;speedReason=OK;derived=2.49;locationGapMs=963;callbackGapMs=963;fusion=GPS_IMU
LOCATION,1790576327601,29.8103791,52.4790407,,false,7.61,0.000,source=fused:fused;speedReason=OK;derived=2.49;locationGapMs=1008;callbackGapMs=1008;fusion=GPS_IMU
LOCATION,1790576328635,29.8103795,52.4790387,,false,7.13,0.000,source=fused:fused;speedReason=OK;derived=0.69;locationGapMs=1036;callbackGapMs=1036;fusion=GPS_IMU
LOCATION,1790576329637,29.8103763,52.4790382,,false,6.57,0.000,source=fused:fused;speedReason=OK;derived=0.69;locationGapMs=1001;callbackGapMs=1001;fusion=GPS_IMU
LOCATION,1790576330638,29.8103701,52.4790358,,false,6.28,0.000,source=fused:fused;speedReason=OK;derived=1.29;locationGapMs=1000;callbackGapMs=1000;fusion=GPS_IMU
LOCATION,1790576331620,29.8103612,52.4790349,,false,6.07,0.000,source=fused:fused;speedReason=OK;derived=2.61;locationGapMs=983;callbackGapMs=983;fusion=GPS_IMU
LOCATION,1790576332631,29.8103504,52.4790398,,false,5.72,0.000,source=fused:fused;speedReason=OK;derived=3.63;locationGapMs=1011;callbackGapMs=1011;fusion=GPS_IMU
LOCATION,1790576333382,29.8103464,52.4790422,,false,5.78,0.000,source=fused:fused;speedReason=OK;derived=3.63;locationGapMs=751;callbackGapMs=751;fusion=GPS_IMU
LOCATION,1790576334642,29.8103354,52.4790536,,false,5.56,0.000,source=fused:fused;speedReason=OK;derived=4.58;locationGapMs=1259;callbackGapMs=1259;fusion=GPS_IMU
LOCATION,1790576335709,29.8103308,52.4790573,,false,5.38,0.000,source=fused:fused;speedReason=OK;derived=2.40;locationGapMs=1069;callbackGapMs=1069;fusion=GPS_IMU
LOCATION,1790576336627,29.8103264,52.4790608,,false,5.07,0.000,source=fused:fused;speedReason=OK;derived=2.33;locationGapMs=918;callbackGapMs=918;fusion=GPS_IMU
LOCATION,1790576337628,29.8103206,52.4790620,,false,5.00,0.000,source=fused:fused;speedReason=OK;derived=2.33;locationGapMs=1001;callbackGapMs=1001;fusion=GPS_IMU
LOCATION,1790576338610,29.8103123,52.4790609,,false,4.72,0.000,source=fused:fused;speedReason=OK;derived=2.35;locationGapMs=981;callbackGapMs=981;fusion=GPS_IMU
LOCATION,1790576339697,29.8102994,52.4790482,142.504,true,4.74,2.777,source=fused:fused;speedReason=OK;derived=3.40;locationGapMs=1016;callbackGapMs=1016;fusion=GPS_IMU
LOCATION,1790576340168,29.8102932,52.4790457,145.742,true,4.91,3.436,source=fused:fused;speedReason=OK;derived=4.91;locationGapMs=534;callbackGapMs=534;fusion=GPS_IMU
LOCATION,1790576340643,29.8102804,52.4790190,168.923,true,4.86,3.998,source=fused:fused;speedReason=OK;derived=6.68;locationGapMs=479;callbackGapMs=479;fusion=GPS_IMU
LOCATION,1790576341646,29.8102625,52.4789887,193.130,true,4.83,5.385,source=fused:fused;speedReason=OK;derived=12.71;locationGapMs=1002;callbackGapMs=1002;fusion=GPS_IMU
LOCATION,1790576342678,29.8102183,52.4788567,244.000,true,4.47,5.680,source=fused:fused;speedReason=OK;derived=22.14;locationGapMs=1033;callbackGapMs=1033;fusion=GPS_IMU
LOCATION,1790576343644,29.8102017,52.4788267,248.000,true,4.08,6.536,source=fused:fused;speedReason=OK;derived=12.83;locationGapMs=964;callbackGapMs=964;fusion=GPS_IMU
LOCATION,1790576344663,29.8101800,52.4787917,248.000,true,3.54,7.708,source=fused:fused;speedReason=OK;derived=15.04;locationGapMs=994;callbackGapMs=994;fusion=GPS_IMU
LOCATION,1790576345644,29.8101717,52.4787617,254.000,true,2.58,8.601,source=fused:fused;speedReason=OK;derived=12.83;locationGapMs=1008;callbackGapMs=1008;fusion=GPS_IMU
LOCATION,1790576346619,29.8101683,52.4787300,263.000,true,2.55,9.051,source=fused:fused;speedReason=OK;derived=11.39;locationGapMs=976;callbackGapMs=976;fusion=GPS_IMU
LOCATION,1790576347636,29.8101667,52.4787033,260.000,true,2.37,9.923,source=fused:fused;speedReason=OK;derived=10.87;locationGapMs=1017;callbackGapMs=1017;fusion=GPS_IMU
LOCATION,1790576348643,29.8101650,52.4786783,260.000,true,2.33,11.452,source=fused:fused;speedReason=OK;derived=9.16;locationGapMs=1007;callbackGapMs=1007;fusion=GPS_IMU
LOCATION,1790576349634,29.8101667,52.4786533,285.000,true,2.28,12.589,source=fused:fused;speedReason=OK;derived=8.82;locationGapMs=989;callbackGapMs=989;fusion=GPS_IMU
LOCATION,1790576350663,29.8101783,52.4786317,308.000,true,2.25,12.719,source=fused:fused;speedReason=OK;derived=8.79;locationGapMs=1004;callbackGapMs=1004;fusion=GPS_IMU
LOCATION,1790576351642,29.8102033,52.4786217,330.000,true,2.14,11.742,source=fused:fused;speedReason=OK;derived=8.82;locationGapMs=1007;callbackGapMs=1007;fusion=GPS_IMU
LOCATION,1790576352704,29.8102267,52.4786183,345.000,true,2.02,11.437,source=fused:fused;speedReason=OK;derived=8.90;locationGapMs=1058;callbackGapMs=1058;fusion=GPS_IMU
LOCATION,1790576353629,29.8102600,52.4786117,346.000,true,2.00,10.201,source=fused:fused;speedReason=OK;derived=10.49;locationGapMs=929;callbackGapMs=929;fusion=GPS_IMU
LOCATION_ONLY,1790576354597,29.8102600,52.4786117,346.000,true,8.05,8.521,source=fused:fused;speedReason=NO_SPEED;derived=8.90;locationGapMs=959;callbackGapMs=959;fusion=GPS_IMU
LOCATION,1790576355634,29.8103300,52.4785983,348.000,true,7.16,8.595,source=fused:fused;speedReason=OK;derived=14.52;locationGapMs=1045;callbackGapMs=1045;fusion=GPS_IMU
LOCATION,1790576356677,29.8103700,52.4785900,349.000,true,8.06,9.053,source=fused:fused;speedReason=OK;derived=16.01;locationGapMs=1013;callbackGapMs=1013;fusion=GPS_IMU
LOCATION,1790576357639,29.8104100,52.4785850,351.000,true,7.24,9.310,source=fused:fused;speedReason=OK;derived=16.19;locationGapMs=992;callbackGapMs=992;fusion=GPS_IMU
LOCATION,1790576358630,29.8104483,52.4785783,355.000,true,8.22,9.697,source=fused:fused;speedReason=OK;derived=16.01;locationGapMs=992;callbackGapMs=992;fusion=GPS_IMU
LOCATION,1790576359633,29.8104933,52.4785800,359.000,true,2.18,10.392,source=fused:fused;speedReason=OK;derived=16.19;locationGapMs=1002;callbackGapMs=1002;fusion=GPS_IMU
LOCATION,1790576360646,29.8105383,52.4785850,3.000,true,2.24,10.858,source=fused:fused;speedReason=OK;derived=17.81;locationGapMs=1013;callbackGapMs=1013;fusion=GPS_IMU
LOCATION,1790576361707,29.8105783,52.4785883,1.000,true,2.24,10.901,source=fused:fused;speedReason=OK;derived=17.81;locationGapMs=1032;callbackGapMs=1032;fusion=GPS_IMU
LOCATION,1790576362641,29.8106167,52.4785867,342.000,true,2.25,8.254,source=fused:fused;speedReason=OK;derived=15.91;locationGapMs=964;callbackGapMs=964;fusion=GPS_IMU
LOCATION,1790576363695,29.8106483,52.4785700,326.000,true,2.27,3.679,source=fused:fused;speedReason=OK;derived=15.51;locationGapMs=1053;callbackGapMs=1053;fusion=GPS_IMU
LOCATION,1790576364643,29.8106650,52.4785467,308.000,true,2.28,4.667,source=fused:fused;speedReason=OK;derived=13.19;locationGapMs=945;callbackGapMs=945;fusion=GPS_IMU
LOCATION,1790576365645,29.8106667,52.4785217,284.000,true,2.42,6.938,source=fused:fused;speedReason=OK;derived=11.11;locationGapMs=998;callbackGapMs=998;fusion=GPS_IMU
LOCATION,1790576366635,29.8106450,52.4784983,258.000,true,2.45,9.199,source=fused:fused;speedReason=OK;derived=11.11;locationGapMs=997;callbackGapMs=997;fusion=GPS_IMU
LOCATION,1790576367659,29.8106100,52.4784950,196.000,true,2.44,12.833,source=fused:fused;speedReason=OK;derived=11.92;locationGapMs=1006;callbackGapMs=1006;fusion=GPS_IMU
LOCATION,1790576368681,29.8105733,52.4784950,178.000,true,2.40,12.623,source=fused:fused;speedReason=OK;derived=13.93;locationGapMs=1040;callbackGapMs=1040;fusion=GPS_IMU
LOCATION,1790576369595,29.8105350,52.4784967,174.000,true,2.33,12.160,source=fused:fused;speedReason=OK;derived=14.08;locationGapMs=917;callbackGapMs=917;fusion=GPS_IMU
LOCATION,1790576370589,29.8105017,52.4784967,184.000,true,2.08,11.412,source=fused:fused;speedReason=OK;derived=14.08;locationGapMs=993;callbackGapMs=993;fusion=GPS_IMU
LOCATION,1790576371604,29.8104817,52.4784933,175.000,true,1.97,10.714,source=fused:fused;speedReason=OK;derived=13.38;locationGapMs=1015;callbackGapMs=1015;fusion=GPS_IMU
LOCATION,1790576372639,29.8104617,52.4784883,184.000,true,1.86,9.945,source=fused:fused;speedReason=OK;derived=7.95;locationGapMs=1033;callbackGapMs=1033;fusion=GPS_IMU
LOCATION,1790576373668,29.8104450,52.4784867,181.000,true,1.85,9.755,source=fused:fused;speedReason=OK;derived=7.91;locationGapMs=1004;callbackGapMs=1004;fusion=GPS_IMU
LOCATION,1790576374628,29.8104333,52.4784850,183.000,true,1.80,9.910,source=fused:fused;speedReason=OK;derived=6.66;locationGapMs=985;callbackGapMs=985;fusion=GPS_IMU
LOCATION,1790576375609,29.8104200,52.4784867,179.000,true,2.11,8.197,source=fused:fused;speedReason=OK;derived=5.43;locationGapMs=983;callbackGapMs=983;fusion=GPS_IMU
LOCATION,1790576376646,29.8104067,52.4784850,173.000,true,2.11,7.686,source=fused:fused;speedReason=OK;derived=5.16;locationGapMs=1034;callbackGapMs=1034;fusion=GPS_IMU
LOCATION,1790576377640,29.8104017,52.4784817,145.000,true,2.05,8.372,source=fused:fused;speedReason=OK;derived=5.16;locationGapMs=995;callbackGapMs=995;fusion=GPS_IMU
LOCATION,1790576378666,29.8103967,52.4784817,170.000,true,2.07,8.006,source=fused:fused;speedReason=OK;derived=2.31;locationGapMs=1003;callbackGapMs=1003;fusion=GPS_IMU
LOCATION,1790576379625,29.8103917,52.4784800,181.000,true,2.04,6.824,source=fused:fused;speedReason=OK;derived=2.12;locationGapMs=983;callbackGapMs=983;fusion=GPS_IMU
LOCATION,1790576380633,29.8103850,52.4784783,181.000,true,1.68,6.172,source=fused:fused;speedReason=OK;derived=2.12;locationGapMs=1008;callbackGapMs=1008;fusion=GPS_IMU
LOCATION,1790576381647,29.8103733,52.4784850,181.000,true,1.67,5.081,source=fused:fused;speedReason=OK;derived=2.72;locationGapMs=1011;callbackGapMs=1011;fusion=GPS_IMU
LOCATION,1790576382637,29.8103667,52.4784900,181.000,true,1.65,5.262,source=fused:fused;speedReason=OK;derived=3.18;locationGapMs=992;callbackGapMs=992;fusion=GPS_IMU
LOCATION,1790576383625,29.8103617,52.4784933,181.000,true,1.63,4.344,source=fused:fused;speedReason=OK;derived=3.18;locationGapMs=989;callbackGapMs=989;fusion=GPS_IMU
LOCATION_ONLY,1790576384426,29.8103617,52.4784933,181.000,true,6.51,4.271,source=fused:fused;speedReason=NO_SPEED;derived=2.33;locationGapMs=777;callbackGapMs=777;fusion=GPS_IMU
LOCATION,1790576385704,29.8103567,52.4785033,181.000,true,5.78,0.000,source=fused:fused;speedReason=OK;derived=2.33;locationGapMs=1301;callbackGapMs=1301;fusion=GPS_IMU
LOCATION,1790576386609,29.8103550,52.4785067,181.000,true,5.76,0.000,source=fused:fused;speedReason=OK;derived=1.50;locationGapMs=907;callbackGapMs=907;fusion=GPS_IMU
LOCATION,1790576387670,29.8103550,52.4785083,,false,6.42,0.000,source=fused:fused;speedReason=OK;derived=1.50;locationGapMs=1063;callbackGapMs=1063;fusion=GPS_IMU
LOCATION,1790576388645,29.8103550,52.4785100,,false,6.41,0.000,source=fused:fused;speedReason=OK;derived=0.61;locationGapMs=975;callbackGapMs=975;fusion=GPS_IMU
LOCATION,1790576389625,29.8103550,52.4785100,,false,1.50,0.000,source=fused:fused;speedReason=OK;derived=0.52;locationGapMs=980;callbackGapMs=980;fusion=GPS_IMU
LOCATION,1790576390639,29.8103550,52.4785100,,false,1.50,0.000,source=fused:fused;speedReason=OK;derived=0.00;locationGapMs=1012;callbackGapMs=1012;fusion=GPS_IMU
LOCATION_ONLY,1790576391140,29.8103550,52.4785100,,false,4.57,0.000,source=fused:fused;speedReason=NO_SPEED;derived=0.00;locationGapMs=501;callbackGapMs=501;fusion=GPS_IMU
LOCATION,1790576391625,29.8103550,52.4785100,,false,4.57,0.000,source=fused:fused;speedReason=OK;derived=0.00;locationGapMs=487;callbackGapMs=487;fusion=GPS_IMU
LOCATION,1790576392641,29.8103550,52.4785100,,false,4.55,0.000,source=fused:fused;speedReason=OK;derived=0.00;locationGapMs=1016;callbackGapMs=1016;fusion=GPS_IMU
LOCATION,1790576393638,29.8103550,52.4785100,,false,4.10,0.000,source=fused:fused;speedReason=OK;derived=0.00;locationGapMs=997;callbackGapMs=997;fusion=GPS_IMU
LOCATION,1790576394637,29.8103550,52.4785100,,false,4.50,0.000,source=fused:fused;speedReason=OK;derived=0.00;locationGapMs=998;callbackGapMs=998;fusion=GPS_IMU
LOCATION,1790576395621,29.8103550,52.4785100,,false,4.04,0.000,source=fused:fused;speedReason=OK;derived=0.00;locationGapMs=985;callbackGapMs=985;fusion=GPS_IMU
LOCATION,1790576396629,29.8103550,52.4785100,,false,1.34,0.000,source=fused:fused;speedReason=OK;derived=0.00;locationGapMs=1008;callbackGapMs=1008;fusion=GPS_IMU
LOCATION,1790576397632,29.8103550,52.4785100,,false,1.33,0.000,source=fused:fused;speedReason=OK;derived=0.00;locationGapMs=1003;callbackGapMs=1003;fusion=GPS_IMU
LOCATION,1790576398629,29.8103550,52.4785100,,false,3.00,0.000,source=fused:fused;speedReason=OK;derived=0.00;locationGapMs=997;callbackGapMs=997;fusion=GPS_IMU
LOCATION,1790576399669,29.8103550,52.4785100,,false,3.29,0.000,source=fused:fused;speedReason=OK;derived=0.00;locationGapMs=1040;callbackGapMs=1040;fusion=GPS_IMU
LOCATION,1790576400633,29.8103550,52.4785100,,false,3.30,0.000,source=fused:fused;speedReason=OK;derived=0.00;locationGapMs=964;callbackGapMs=964;fusion=GPS_IMU
LOCATION,1790576401642,29.8103550,52.4785100,,false,3.30,0.000,source=fused:fused;speedReason=OK;derived=0.00;locationGapMs=1009;callbackGapMs=1009;fusion=GPS_IMU
LOCATION,1790576402638,29.8103550,52.4785100,,false,3.30,0.000,source=fused:fused;speedReason=OK;derived=0.00;locationGapMs=996;callbackGapMs=996;fusion=GPS_IMU
LOCATION,1790576403637,29.8103550,52.4785100,,false,1.34,0.000,source=fused:fused;speedReason=OK;derived=0.00;locationGapMs=999;callbackGapMs=999;fusion=GPS_IMU
LOCATION,1790576404617,29.8103550,52.4785100,,false,1.32,0.000,source=fused:fused;speedReason=OK;derived=0.00;locationGapMs=979;callbackGapMs=979;fusion=GPS_IMU
LOCATION,1790576405706,29.8103550,52.4785100,,false,1.62,0.000,source=fused:fused;speedReason=OK;derived=0.00;locationGapMs=1089;callbackGapMs=1089;fusion=GPS_IMU
LOCATION,1790576406622,29.8103550,52.4785100,,false,1.56,0.000,source=fused:fused;speedReason=OK;derived=0.00;locationGapMs=917;callbackGapMs=917;fusion=GPS_IMU
LOCATION,1790576407637,29.8103550,52.4785100,,false,1.58,0.000,source=fused:fused;speedReason=OK;derived=0.00;locationGapMs=1015;callbackGapMs=1015;fusion=GPS_IMU
LOCATION,1790576408642,29.8103550,52.4785100,,false,1.57,0.000,source=fused:fused;speedReason=OK;derived=0.00;locationGapMs=1005;callbackGapMs=1005;fusion=GPS_IMU
LOCATION,1790576409637,29.8103550,52.4785100,,false,1.57,0.000,source=fused:fused;speedReason=OK;derived=0.00;locationGapMs=995;callbackGapMs=995;fusion=GPS_IMU
LOCATION,1790576410626,29.8103550,52.4785100,,false,1.20,0.000,source=fused:fused;speedReason=OK;derived=0.00;locationGapMs=989;callbackGapMs=989;fusion=GPS_IMU
LOCATION_ONLY,1790576411579,29.8103550,52.4785100,,false,7.28,0.000,source=fused:fused;speedReason=NO_SPEED;derived=0.00;locationGapMs=953;callbackGapMs=953;fusion=GPS_IMU
LOCATION,1790576412630,29.8103550,52.4785100,,false,6.41,0.000,source=fused:fused;speedReason=OK;derived=0.00;locationGapMs=1050;callbackGapMs=1050;fusion=GPS_IMU
LOCATION,1790576413644,29.8103550,52.4785100,,false,7.28,0.000,source=fused:fused;speedReason=OK;derived=0.00;locationGapMs=1014;callbackGapMs=1014;fusion=GPS_IMU
LOCATION,1790576414639,29.8103550,52.4785100,,false,7.28,0.000,source=fused:fused;speedReason=OK;derived=0.00;locationGapMs=995;callbackGapMs=995;fusion=GPS_IMU
LOCATION,1790576415632,29.8103550,52.4785100,,false,7.28,0.000,source=fused:fused;speedReason=OK;derived=0.00;locationGapMs=994;callbackGapMs=994;fusion=GPS_IMU
LOCATION,1790576416625,29.8103550,52.4785100,,false,1.20,0.000,source=fused:fused;speedReason=OK;derived=0.00;locationGapMs=993;callbackGapMs=993;fusion=GPS_IMU
LOCATION,1790576417633,29.8103550,52.4785100,,false,1.20,0.000,source=fused:fused;speedReason=OK;derived=0.00;locationGapMs=1008;callbackGapMs=1008;fusion=GPS_IMU
LOCATION_ONLY,1790576418390,29.8103550,52.4785100,,false,5.97,0.000,source=fused:fused;speedReason=NO_SPEED;derived=0.00;locationGapMs=757;callbackGapMs=757;fusion=GPS_IMU
LOCATION,1790576419635,29.8103550,52.4785100,,false,5.28,0.000,source=fused:fused;speedReason=OK;derived=0.00;locationGapMs=1244;callbackGapMs=1244;fusion=GPS_IMU
LOCATION,1790576420644,29.8103550,52.4785100,,false,5.97,0.000,source=fused:fused;speedReason=OK;derived=0.00;locationGapMs=1010;callbackGapMs=1010;fusion=GPS_IMU
LOCATION,1790576421633,29.8103550,52.4785100,,false,5.97,0.000,source=fused:fused;speedReason=OK;derived=0.00;locationGapMs=989;callbackGapMs=989;fusion=GPS_IMU
LOCATION,1790576422704,29.8103550,52.4785100,,false,5.97,0.000,source=fused:fused;speedReason=OK;derived=0.00;locationGapMs=1071;callbackGapMs=1071;fusion=GPS_IMU
LOCATION,1790576423623,29.8103550,52.4785100,,false,1.20,0.000,source=fused:fused;speedReason=OK;derived=0.00;locationGapMs=919;callbackGapMs=919;fusion=GPS_IMU
LOCATION,1790576424629,29.8103550,52.4785100,,false,1.20,0.000,source=fused:fused;speedReason=OK;derived=0.00;locationGapMs=1006;callbackGapMs=1006;fusion=GPS_IMU
LOCATION_ONLY,1790576425253,29.8103550,52.4785100,,false,5.05,0.000,source=fused:fused;speedReason=NO_SPEED;derived=0.00;locationGapMs=624;callbackGapMs=624;fusion=GPS_IMU
LOCATION,1790576426639,29.8103550,52.4785100,,false,5.05,0.000,source=fused:fused;speedReason=OK;derived=0.00;locationGapMs=1385;callbackGapMs=1385;fusion=GPS_IMU
LOCATION,1790576427635,29.8103550,52.4785100,,false,4.50,0.000,source=fused:fused;speedReason=OK;derived=0.00;locationGapMs=997;callbackGapMs=997;fusion=GPS_IMU
LOCATION,1790576428626,29.8103550,52.4785100,,false,5.05,0.000,source=fused:fused;speedReason=OK;derived=0.00;locationGapMs=991;callbackGapMs=991;fusion=GPS_IMU
LOCATION,1790576429641,29.8103550,52.4785100,,false,5.05,0.000,source=fused:fused;speedReason=OK;derived=0.00;locationGapMs=1014;callbackGapMs=1014;fusion=GPS_IMU
LOCATION,1790576430626,29.8103550,52.4785100,,false,1.20,0.000,source=fused:fused;speedReason=OK;derived=0.00;locationGapMs=986;callbackGapMs=986;fusion=GPS_IMU
LOCATION,1790576431628,29.8103550,52.4785100,,false,1.20,0.000,source=fused:fused;speedReason=OK;derived=0.00;locationGapMs=1002;callbackGapMs=1002;fusion=GPS_IMU
LOCATION,1790576432642,29.8103550,52.4785100,,false,3.75,0.000,source=fused:fused;speedReason=OK;derived=0.00;locationGapMs=1014;callbackGapMs=1014;fusion=GPS_IMU
LOCATION,1790576433671,29.8103550,52.4785100,,false,3.38,0.000,source=fused:fused;speedReason=OK;derived=0.00;locationGapMs=1029;callbackGapMs=1029;fusion=GPS_IMU
LOCATION,1790576434638,29.8103550,52.4785100,,false,3.75,0.000,source=fused:fused;speedReason=OK;derived=0.00;locationGapMs=967;callbackGapMs=967;fusion=GPS_IMU
LOCATION,1790576435630,29.8103550,52.4785100,,false,3.75,0.000,source=fused:fused;speedReason=OK;derived=0.00;locationGapMs=992;callbackGapMs=992;fusion=GPS_IMU
LOCATION,1790576436644,29.8103550,52.4785100,,false,3.75,0.000,source=fused:fused;speedReason=OK;derived=0.00;locationGapMs=1014;callbackGapMs=1014;fusion=GPS_IMU
LOCATION,1790576437624,29.8103550,52.4785100,,false,1.20,0.000,source=fused:fused;speedReason=OK;derived=0.00;locationGapMs=979;callbackGapMs=979;fusion=GPS_IMU
LOCATION,1790576438626,29.8103550,52.4785100,,false,1.20,0.000,source=fused:fused;speedReason=OK;derived=0.00;locationGapMs=1003;callbackGapMs=1003;fusion=GPS_IMU
LOCATION,1790576439700,29.8103550,52.4785100,,false,1.91,0.000,source=fused:fused;speedReason=OK;derived=0.00;locationGapMs=1073;callbackGapMs=1073;fusion=GPS_IMU
LOCATION,1790576440637,29.8103550,52.4785100,,false,2.03,0.000,source=fused:fused;speedReason=OK;derived=0.00;locationGapMs=938;callbackGapMs=938;fusion=GPS_IMU
LOCATION,1790576441590,29.8103550,52.4785100,,false,1.91,0.000,source=fused:fused;speedReason=OK;derived=0.00;locationGapMs=953;callbackGapMs=953;fusion=GPS_IMU
LOCATION,1790576442634,29.8103550,52.4785100,,false,2.03,0.000,source=fused:fused;speedReason=OK;derived=0.00;locationGapMs=1044;callbackGapMs=1044;fusion=GPS_IMU
LOCATION,1790576443599,29.8103550,52.4785100,,false,1.91,0.000,source=fused:fused;speedReason=OK;derived=0.00;locationGapMs=965;callbackGapMs=965;fusion=GPS_IMU
LOCATION,1790576444627,29.8103550,52.4785100,,false,1.20,0.000,source=fused:fused;speedReason=OK;derived=0.00;locationGapMs=1028;callbackGapMs=1028;fusion=GPS_IMU
LOCATION,1790576445630,29.8103550,52.4785100,,false,1.20,0.000,source=fused:fused;speedReason=OK;derived=0.00;locationGapMs=1002;callbackGapMs=1002;fusion=GPS_IMU
LOCATION,1790576446639,29.8103550,52.4785100,,false,1.20,0.000,source=fused:fused;speedReason=OK;derived=0.00;locationGapMs=1010;callbackGapMs=1010;fusion=GPS_IMU
LOCATION,1790576447635,29.8103550,52.4785100,,false,1.20,0.000,source=fused:fused;speedReason=OK;derived=0.00;locationGapMs=996;callbackGapMs=996;fusion=GPS_IMU
LOCATION,1790576448637,29.8103550,52.4785100,,false,1.20,0.000,source=fused:fused;speedReason=OK;derived=0.00;locationGapMs=1002;callbackGapMs=1002;fusion=GPS_IMU
LOCATION,1790576449640,29.8103550,52.4785100,,false,1.20,0.000,source=fused:fused;speedReason=OK;derived=0.00;locationGapMs=1003;callbackGapMs=1003;fusion=GPS_IMU
LOCATION,1790576450697,29.8103550,52.4785100,,false,1.20,0.000,source=fused:fused;speedReason=OK;derived=0.00;locationGapMs=1057;callbackGapMs=1057;fusion=GPS_IMU
LOCATION,1790576451644,29.8103550,52.4785100,,false,1.20,0.000,source=fused:fused;speedReason=OK;derived=0.00;locationGapMs=947;callbackGapMs=947;fusion=GPS_IMU
LOCATION_ONLY,1790576452461,29.8103550,52.4785100,,false,6.60,0.000,source=fused:fused;speedReason=NO_SPEED;derived=0.00;locationGapMs=817;callbackGapMs=817;fusion=GPS_IMU
LOCATION,1790576453632,29.8103550,52.4785100,,false,5.83,0.000,source=fused:fused;speedReason=OK;derived=0.00;locationGapMs=1169;callbackGapMs=1169;fusion=GPS_IMU
LOCATION,1790576454637,29.8103550,52.4785100,,false,5.83,0.000,source=fused:fused;speedReason=OK;derived=0.00;locationGapMs=1006;callbackGapMs=1006;fusion=GPS_IMU
LOCATION,1790576455638,29.8103550,52.4785100,,false,5.83,0.000,source=fused:fused;speedReason=OK;derived=0.00;locationGapMs=1002;callbackGapMs=1002;fusion=GPS_IMU
LOCATION,1790576456636,29.8103550,52.4785100,,false,6.60,0.000,source=fused:fused;speedReason=OK;derived=0.00;locationGapMs=997;callbackGapMs=997;fusion=GPS_IMU
LOCATION,1790576457617,29.8103550,52.4785100,,false,1.20,0.000,source=fused:fused;speedReason=OK;derived=0.00;locationGapMs=982;callbackGapMs=982;fusion=GPS_IMU
LOCATION,1790576458621,29.8103550,52.4785100,,false,1.20,0.000,source=fused:fused;speedReason=OK;derived=0.00;locationGapMs=1004;callbackGapMs=1004;fusion=GPS_IMU
LOCATION_ONLY,1790576459297,29.8103550,52.4785100,,false,5.41,0.000,source=fused:fused;speedReason=NO_SPEED;derived=0.00;locationGapMs=676;callbackGapMs=676;fusion=GPS_IMU
LOCATION,1790576460586,29.8103550,52.4785100,,false,4.80,0.000,source=fused:fused;speedReason=OK;derived=0.00;locationGapMs=1289;callbackGapMs=1289;fusion=GPS_IMU
LOCATION,1790576461606,29.8103550,52.4785100,,false,4.80,0.000,source=fused:fused;speedReason=OK;derived=0.00;locationGapMs=1020;callbackGapMs=1020;fusion=GPS_IMU
LOCATION,1790576462631,29.8103550,52.4785100,,false,5.40,0.000,source=fused:fused;speedReason=OK;derived=0.00;locationGapMs=1025;callbackGapMs=1025;fusion=GPS_IMU
LOCATION,1790576463634,29.8103550,52.4785100,,false,5.40,0.000,source=fused:fused;speedReason=OK;derived=0.00;locationGapMs=1003;callbackGapMs=1003;fusion=GPS_IMU
LOCATION,1790576464621,29.8103550,52.4785100,,false,1.18,0.000,source=fused:fused;speedReason=OK;derived=0.00;locationGapMs=987;callbackGapMs=987;fusion=GPS_IMU
LOCATION,1790576465621,29.8103550,52.4785100,,false,1.20,0.000,source=fused:fused;speedReason=OK;derived=0.00;locationGapMs=1000;callbackGapMs=1000;fusion=GPS_IMU
LOCATION,1790576466615,29.8103550,52.4785100,,false,1.20,0.000,source=fused:fused;speedReason=OK;derived=0.00;locationGapMs=994;callbackGapMs=994;fusion=GPS_IMU
LOCATION,1790576467725,29.8103550,52.4785100,,false,1.20,0.000,source=fused:fused;speedReason=OK;derived=0.00;locationGapMs=1110;callbackGapMs=1110;fusion=GPS_IMU
LOCATION,1790576468636,29.8103550,52.4785100,,false,1.20,0.000,source=fused:fused;speedReason=OK;derived=0.00;locationGapMs=911;callbackGapMs=911;fusion=GPS_IMU
LOCATION,1790576469636,29.8103550,52.4785100,,false,1.20,0.000,source=fused:fused;speedReason=OK;derived=0.00;locationGapMs=1000;callbackGapMs=1000;fusion=GPS_IMU
LOCATION,1790576470633,29.8103550,52.4785100,,false,1.20,0.000,source=fused:fused;speedReason=OK;derived=0.00;locationGapMs=997;callbackGapMs=997;fusion=GPS_IMU
LOCATION,1790576471621,29.8103550,52.4785100,,false,1.20,0.000,source=fused:fused;speedReason=OK;derived=0.00;locationGapMs=988;callbackGapMs=988;fusion=GPS_IMU
LOCATION,1790576472622,29.8103550,52.4785100,,false,1.20,0.000,source=fused:fused;speedReason=OK;derived=0.00;locationGapMs=1001;callbackGapMs=1001;fusion=GPS_IMU
LOCATION,1790576473694,29.8103550,52.4785100,,false,2.32,0.000,source=fused:fused;speedReason=OK;derived=0.00;locationGapMs=1072;callbackGapMs=1072;fusion=GPS_IMU
LOCATION,1790576474630,29.8103550,52.4785100,,false,2.32,0.000,source=fused:fused;speedReason=OK;derived=0.00;locationGapMs=936;callbackGapMs=936;fusion=GPS_IMU
LOCATION,1790576475629,29.8103550,52.4785100,,false,2.32,0.000,source=fused:fused;speedReason=OK;derived=0.00;locationGapMs=998;callbackGapMs=998;fusion=GPS_IMU
LOCATION,1790576476635,29.8103550,52.4785100,,false,2.51,0.000,source=fused:fused;speedReason=OK;derived=0.00;locationGapMs=1007;callbackGapMs=1007;fusion=GPS_IMU
LOCATION,1790576477632,29.8103550,52.4785100,,false,2.51,0.000,source=fused:fused;speedReason=OK;derived=0.00;locationGapMs=997;callbackGapMs=997;fusion=GPS_IMU
LOCATION,1790576478622,29.8103550,52.4785100,,false,1.20,0.000,source=fused:fused;speedReason=OK;derived=0.00;locationGapMs=990;callbackGapMs=990;fusion=GPS_IMU
LOCATION,1790576479620,29.8103550,52.4785100,,false,1.20,0.000,source=fused:fused;speedReason=OK;derived=0.00;locationGapMs=998;callbackGapMs=998;fusion=GPS_IMU
LOCATION,1790576480631,29.8103550,52.4785100,,false,1.20,0.000,source=fused:fused;speedReason=OK;derived=0.00;locationGapMs=1011;callbackGapMs=1011;fusion=GPS_IMU
LOCATION,1790576481629,29.8103550,52.4785100,,false,1.20,0.000,source=fused:fused;speedReason=OK;derived=0.00;locationGapMs=998;callbackGapMs=998;fusion=GPS_IMU
LOCATION,1790576482632,29.8103550,52.4785100,,false,1.20,0.000,source=fused:fused;speedReason=OK;derived=0.00;locationGapMs=1003;callbackGapMs=1003;fusion=GPS_IMU
LOCATION,1790576483628,29.8103550,52.4785100,,false,1.20,0.000,source=fused:fused;speedReason=OK;derived=0.00;locationGapMs=996;callbackGapMs=996;fusion=GPS_IMU
LOCATION,1790576484665,29.8103550,52.4785100,,false,1.20,0.000,source=fused:fused;speedReason=OK;derived=0.00;locationGapMs=1037;callbackGapMs=1037;fusion=GPS_IMU
LOCATION,1790576485624,29.8103550,52.4785100,,false,1.20,0.000,source=fused:fused;speedReason=OK;derived=0.00;locationGapMs=959;callbackGapMs=959;fusion=GPS_IMU
LOCATION_ONLY,1790576486376,29.8103550,52.4785100,,false,5.93,0.000,source=fused:fused;speedReason=NO_SPEED;derived=0.00;locationGapMs=752;callbackGapMs=752;fusion=GPS_IMU
LOCATION,1790576487641,29.8103550,52.4785100,,false,5.93,0.000,source=fused:fused;speedReason=OK;derived=0.00;locationGapMs=1265;callbackGapMs=1265;fusion=GPS_IMU
LOCATION,1790576488632,29.8103550,52.4785100,,false,5.93,0.000,source=fused:fused;speedReason=OK;derived=0.00;locationGapMs=991;callbackGapMs=991;fusion=GPS_IMU
LOCATION,1790576489630,29.8103550,52.4785100,,false,5.26,0.000,source=fused:fused;speedReason=OK;derived=0.00;locationGapMs=998;callbackGapMs=998;fusion=GPS_IMU
LOCATION,1790576490682,29.8103550,52.4785100,,false,5.93,0.000,source=fused:fused;speedReason=OK;derived=0.00;locationGapMs=1052;callbackGapMs=1052;fusion=GPS_IMU
LOCATION,1790576491622,29.8103550,52.4785100,,false,1.20,0.000,source=fused:fused;speedReason=OK;derived=0.00;locationGapMs=940;callbackGapMs=940;fusion=GPS_IMU
LOCATION,1790576492629,29.8103550,52.4785100,,false,1.20,0.000,source=fused:fused;speedReason=OK;derived=0.00;locationGapMs=1007;callbackGapMs=1007;fusion=GPS_IMU
LOCATION_ONLY,1790576493182,29.8103550,52.4785100,,false,4.62,0.000,source=fused:fused;speedReason=NO_SPEED;derived=0.00;locationGapMs=553;callbackGapMs=553;fusion=GPS_IMU
LOCATION,1790576493625,29.8103550,52.4785100,,false,4.14,0.000,source=fused:fused;speedReason=OK;derived=0.00;locationGapMs=443;callbackGapMs=443;fusion=GPS_IMU
LOCATION,1790576494638,29.8103550,52.4785100,,false,4.62,0.000,source=fused:fused;speedReason=OK;derived=0.00;locationGapMs=1013;callbackGapMs=1013;fusion=GPS_IMU
LOCATION,1790576495706,29.8103550,52.4785100,,false,4.14,0.000,source=fused:fused;speedReason=OK;derived=0.00;locationGapMs=1067;callbackGapMs=1067;fusion=GPS_IMU
LOCATION,1790576496632,29.8103550,52.4785100,,false,4.62,0.000,source=fused:fused;speedReason=OK;derived=0.00;locationGapMs=927;callbackGapMs=927;fusion=GPS_IMU
LOCATION,1790576497620,29.8103550,52.4785100,,false,4.14,0.000,source=fused:fused;speedReason=OK;derived=0.00;locationGapMs=988;callbackGapMs=988;fusion=GPS_IMU
LOCATION,1790576498627,29.8103550,52.4785100,,false,1.22,0.000,source=fused:fused;speedReason=OK;derived=0.00;locationGapMs=1007;callbackGapMs=1007;fusion=GPS_IMU
LOCATION,1790576499620,29.8103550,52.4785100,,false,1.22,0.000,source=fused:fused;speedReason=OK;derived=0.00;locationGapMs=993;callbackGapMs=993;fusion=GPS_IMU
LOCATION,1790576500627,29.8103550,52.4785100,,false,3.16,0.000,source=fused:fused;speedReason=OK;derived=0.00;locationGapMs=1007;callbackGapMs=1007;fusion=GPS_IMU
LOCATION,1790576501687,29.8103550,52.4785100,,false,3.16,0.000,source=fused:fused;speedReason=OK;derived=0.00;locationGapMs=1060;callbackGapMs=1060;fusion=GPS_IMU
LOCATION,1790576502617,29.8103550,52.4785100,,false,3.49,0.000,source=fused:fused;speedReason=OK;derived=0.00;locationGapMs=930;callbackGapMs=930;fusion=GPS_IMU
LOCATION,1790576503630,29.8103550,52.4785100,,false,3.47,0.000,source=fused:fused;speedReason=OK;derived=0.00;locationGapMs=1013;callbackGapMs=1013;fusion=GPS_IMU
LOCATION,1790576504631,29.8103550,52.4785100,,false,3.47,0.000,source=fused:fused;speedReason=OK;derived=0.00;locationGapMs=1001;callbackGapMs=1001;fusion=GPS_IMU
LOCATION,1790576505626,29.8103550,52.4785100,,false,1.20,0.000,source=fused:fused;speedReason=OK;derived=0.00;locationGapMs=995;callbackGapMs=995;fusion=GPS_IMU
LOCATION,1790576506625,29.8103550,52.4785100,,false,1.20,0.000,source=fused:fused;speedReason=OK;derived=0.00;locationGapMs=999;callbackGapMs=999;fusion=GPS_IMU
LOCATION,1790576507694,29.8103550,52.4785100,,false,1.20,0.000,source=fused:fused;speedReason=OK;derived=0.00;locationGapMs=1069;callbackGapMs=1069;fusion=GPS_IMU
LOCATION,1790576508637,29.8103550,52.4785100,,false,1.20,0.000,source=fused:fused;speedReason=OK;derived=0.00;locationGapMs=943;callbackGapMs=943;fusion=GPS_IMU
LOCATION,1790576509638,29.8103550,52.4785100,,false,1.22,0.000,source=fused:fused;speedReason=OK;derived=0.00;locationGapMs=1001;callbackGapMs=1001;fusion=GPS_IMU
LOCATION,1790576510637,29.8103550,52.4785100,,false,1.24,0.000,source=fused:fused;speedReason=OK;derived=0.00;locationGapMs=999;callbackGapMs=999;fusion=GPS_IMU
LOCATION,1790576511629,29.8103550,52.4785100,,false,1.24,0.000,source=fused:fused;speedReason=OK;derived=0.00;locationGapMs=992;callbackGapMs=992;fusion=GPS_IMU
LOCATION,1790576512627,29.8103550,52.4785100,,false,1.23,0.000,source=fused:fused;speedReason=OK;derived=0.00;locationGapMs=998;callbackGapMs=998;fusion=GPS_IMU
LOCATION_ONLY,1790576513475,29.8103550,52.4785100,,false,6.66,0.000,source=fused:fused;speedReason=NO_SPEED;derived=0.00;locationGapMs=848;callbackGapMs=848;fusion=GPS_IMU
LOCATION,1790576514639,29.8103550,52.4785100,,false,6.64,0.000,source=fused:fused;speedReason=OK;derived=0.00;locationGapMs=1164;callbackGapMs=1164;fusion=GPS_IMU
LOCATION,1790576515639,29.8103550,52.4785100,,false,6.62,0.000,source=fused:fused;speedReason=OK;derived=0.00;locationGapMs=1000;callbackGapMs=1000;fusion=GPS_IMU
LOCATION,1790576516639,29.8103550,52.4785100,,false,6.62,0.000,source=fused:fused;speedReason=OK;derived=0.00;locationGapMs=1000;callbackGapMs=1000;fusion=GPS_IMU
LOCATION,1790576517635,29.8103550,52.4785100,,false,6.62,0.000,source=fused:fused;speedReason=OK;derived=0.00;locationGapMs=995;callbackGapMs=995;fusion=GPS_IMU
LOCATION,1790576518604,29.8103550,52.4785100,,false,1.20,0.000,source=fused:fused;speedReason=OK;derived=0.00;locationGapMs=970;callbackGapMs=970;fusion=GPS_IMU
LOCATION,1790576519622,29.8103550,52.4785100,,false,1.20,0.000,source=fused:fused;speedReason=OK;derived=0.00;locationGapMs=1018;callbackGapMs=1018;fusion=GPS_IMU
LOCATION_ONLY,1790576520282,29.8103550,52.4785100,,false,5.36,0.000,source=fused:fused;speedReason=NO_SPEED;derived=0.00;locationGapMs=660;callbackGapMs=660;fusion=GPS_IMU
LOCATION,1790576521631,29.8103550,52.4785100,,false,4.77,0.000,source=fused:fused;speedReason=OK;derived=0.00;locationGapMs=1349;callbackGapMs=1349;fusion=GPS_IMU
LOCATION,1790576522640,29.8103550,52.4785100,,false,5.36,0.000,source=fused:fused;speedReason=OK;derived=0.00;locationGapMs=1009;callbackGapMs=1009;fusion=GPS_IMU
LOCATION,1790576523680,29.8103550,52.4785100,,false,5.36,0.000,source=fused:fused;speedReason=OK;derived=0.00;locationGapMs=1040;callbackGapMs=1040;fusion=GPS_IMU
LOCATION,1790576524629,29.8103550,52.4785100,,false,5.36,0.000,source=fused:fused;speedReason=OK;derived=0.00;locationGapMs=949;callbackGapMs=949;fusion=GPS_IMU
LOCATION,1790576525626,29.8103550,52.4785100,,false,1.20,0.000,source=fused:fused;speedReason=OK;derived=0.00;locationGapMs=997;callbackGapMs=997;fusion=GPS_IMU
LOCATION,1790576526608,29.8103550,52.4785100,,false,1.20,0.000,source=fused:fused;speedReason=OK;derived=0.00;locationGapMs=982;callbackGapMs=982;fusion=GPS_IMU
LOCATION,1790576527636,29.8103550,52.4785100,,false,3.76,0.000,source=fused:fused;speedReason=OK;derived=0.00;locationGapMs=1028;callbackGapMs=1028;fusion=GPS_IMU
LOCATION,1790576528638,29.8103550,52.4785100,,false,3.78,0.000,source=fused:fused;speedReason=OK;derived=0.00;locationGapMs=1002;callbackGapMs=1002;fusion=GPS_IMU
LOCATION,1790576529684,29.8103550,52.4785100,,false,3.79,0.000,source=fused:fused;speedReason=OK;derived=0.00;locationGapMs=1046;callbackGapMs=1046;fusion=GPS_IMU
LOCATION,1790576530630,29.8103550,52.4785100,,false,4.24,0.000,source=fused:fused;speedReason=OK;derived=0.00;locationGapMs=946;callbackGapMs=946;fusion=GPS_IMU
LOCATION,1790576531630,29.8103550,52.4785100,,false,4.24,0.000,source=fused:fused;speedReason=OK;derived=0.00;locationGapMs=1000;callbackGapMs=1000;fusion=GPS_IMU
LOCATION,1790576532626,29.8103550,52.4785100,,false,1.27,0.000,source=fused:fused;speedReason=OK;derived=0.00;locationGapMs=996;callbackGapMs=996;fusion=GPS_IMU
LOCATION,1790576533624,29.8103550,52.4785100,,false,1.28,0.000,source=fused:fused;speedReason=OK;derived=0.00;locationGapMs=998;callbackGapMs=998;fusion=GPS_IMU
LOCATION,1790576534636,29.8103550,52.4785100,,false,2.74,0.000,source=fused:fused;speedReason=OK;derived=0.00;locationGapMs=1012;callbackGapMs=1012;fusion=GPS_IMU
LOCATION,1790576535691,29.8103550,52.4785100,,false,2.52,0.000,source=fused:fused;speedReason=OK;derived=0.00;locationGapMs=1055;callbackGapMs=1055;fusion=GPS_IMU
LOCATION,1790576536632,29.8103550,52.4785100,,false,2.73,0.000,source=fused:fused;speedReason=OK;derived=0.00;locationGapMs=941;callbackGapMs=941;fusion=GPS_IMU
LOCATION,1790576537636,29.8103550,52.4785100,,false,2.71,0.000,source=fused:fused;speedReason=OK;derived=0.00;locationGapMs=1004;callbackGapMs=1004;fusion=GPS_IMU
LOCATION,1790576538638,29.8103550,52.4785100,,false,2.71,0.000,source=fused:fused;speedReason=OK;derived=0.00;locationGapMs=1002;callbackGapMs=1002;fusion=GPS_IMU
LOCATION,1790576539631,29.8103550,52.4785100,,false,1.23,0.000,source=fused:fused;speedReason=OK;derived=0.00;locationGapMs=993;callbackGapMs=993;fusion=GPS_IMU
LOCATION,1790576540623,29.8103550,52.4785100,,false,1.23,0.000,source=fused:fused;speedReason=OK;derived=0.00;locationGapMs=992;callbackGapMs=992;fusion=GPS_IMU
LOCATION,1790576541703,29.8103550,52.4785100,,false,1.43,0.000,source=fused:fused;speedReason=OK;derived=0.00;locationGapMs=1080;callbackGapMs=1080;fusion=GPS_IMU
LOCATION,1790576542678,29.8103550,52.4785100,,false,1.43,0.000,source=fused:fused;speedReason=OK;derived=0.00;locationGapMs=975;callbackGapMs=975;fusion=GPS_IMU
LOCATION,1790576543639,29.8103550,52.4785100,,false,1.42,0.000,source=fused:fused;speedReason=OK;derived=0.00;locationGapMs=961;callbackGapMs=961;fusion=GPS_IMU
LOCATION,1790576544642,29.8103550,52.4785100,,false,1.40,0.000,source=fused:fused;speedReason=OK;derived=0.00;locationGapMs=1003;callbackGapMs=1003;fusion=GPS_IMU
LOCATION,1790576545631,29.8103550,52.4785100,,false,1.40,0.000,source=fused:fused;speedReason=OK;derived=0.00;locationGapMs=989;callbackGapMs=989;fusion=GPS_IMU
LOCATION,1790576546633,29.8103550,52.4785100,,false,1.20,0.000,source=fused:fused;speedReason=OK;derived=0.00;locationGapMs=1002;callbackGapMs=1002;fusion=GPS_IMU
LOCATION_ONLY,1790576547436,29.8103550,52.4785100,,false,6.25,0.000,source=fused:fused;speedReason=NO_SPEED;derived=0.00;locationGapMs=803;callbackGapMs=803;fusion=GPS_IMU
LOCATION,1790576548680,29.8103550,52.4785100,,false,6.25,0.000,source=fused:fused;speedReason=OK;derived=0.00;locationGapMs=1244;callbackGapMs=1244;fusion=GPS_IMU
LOCATION,1790576549641,29.8103550,52.4785100,,false,5.53,0.000,source=fused:fused;speedReason=OK;derived=0.00;locationGapMs=961;callbackGapMs=961;fusion=GPS_IMU
LOCATION,1790576550644,29.8103550,52.4785100,,false,6.25,0.000,source=fused:fused;speedReason=OK;derived=0.00;locationGapMs=1003;callbackGapMs=1003;fusion=GPS_IMU
LOCATION,1790576551594,29.8103550,52.4785100,,false,5.53,0.000,source=fused:fused;speedReason=OK;derived=0.00;locationGapMs=950;callbackGapMs=950;fusion=GPS_IMU
LOCATION,1790576552589,29.8103550,52.4785100,,false,1.20,0.000,source=fused:fused;speedReason=OK;derived=0.00;locationGapMs=995;callbackGapMs=995;fusion=GPS_IMU
LOCATION,1790576553618,29.8103550,52.4785100,,false,1.20,0.000,source=fused:fused;speedReason=OK;derived=0.00;locationGapMs=1029;callbackGapMs=1029;fusion=GPS_IMU
LOCATION_ONLY,1790576554177,29.8103550,52.4785100,,false,4.87,0.000,source=fused:fused;speedReason=NO_SPEED;derived=0.00;locationGapMs=559;callbackGapMs=559;fusion=GPS_IMU
LOCATION,1790576555630,29.8103550,52.4785100,,false,4.35,0.000,source=fused:fused;speedReason=OK;derived=0.00;locationGapMs=1453;callbackGapMs=1453;fusion=GPS_IMU
LOCATION,1790576556631,29.8103550,52.4785100,,false,4.89,0.000,source=fused:fused;speedReason=OK;derived=0.00;locationGapMs=1001;callbackGapMs=1001;fusion=GPS_IMU
LOCATION,1790576557673,29.8103550,52.4785100,,false,4.91,0.000,source=fused:fused;speedReason=OK;derived=0.00;locationGapMs=1042;callbackGapMs=1042;fusion=GPS_IMU
LOCATION,1790576558633,29.8103550,52.4785100,,false,4.92,0.000,source=fused:fused;speedReason=OK;derived=0.00;locationGapMs=960;callbackGapMs=960;fusion=GPS_IMU
LOCATION,1790576559617,29.8103550,52.4785100,,false,1.28,0.000,source=fused:fused;speedReason=OK;derived=0.00;locationGapMs=984;callbackGapMs=984;fusion=GPS_IMU
LOCATION,1790576560629,29.8103550,52.4785100,,false,1.28,0.000,source=fused:fused;speedReason=OK;derived=0.00;locationGapMs=1012;callbackGapMs=1012;fusion=GPS_IMU
LOCATION,1790576561636,29.8103550,52.4785100,,false,3.85,0.000,source=fused:fused;speedReason=OK;derived=0.00;locationGapMs=1007;callbackGapMs=1007;fusion=GPS_IMU
LOCATION,1790576562621,29.8103550,52.4785100,,false,3.47,0.000,source=fused:fused;speedReason=OK;derived=0.00;locationGapMs=985;callbackGapMs=985;fusion=GPS_IMU
LOCATION,1790576563695,29.8103550,52.4785100,,false,3.46,0.000,source=fused:fused;speedReason=OK;derived=0.00;locationGapMs=1074;callbackGapMs=1074;fusion=GPS_IMU
LOCATION,1790576564640,29.8103550,52.4785100,,false,3.80,0.000,source=fused:fused;speedReason=OK;derived=0.00;locationGapMs=945;callbackGapMs=945;fusion=GPS_IMU
LOCATION,1790576565615,29.8103550,52.4785100,,false,3.43,0.000,source=fused:fused;speedReason=OK;derived=0.00;locationGapMs=975;callbackGapMs=975;fusion=GPS_IMU
LOCATION,1790576566621,29.8103550,52.4785100,,false,1.22,0.000,source=fused:fused;speedReason=OK;derived=0.00;locationGapMs=1006;callbackGapMs=1006;fusion=GPS_IMU
LOCATION,1790576567625,29.8103550,52.4785100,,false,1.24,0.000,source=fused:fused;speedReason=OK;derived=0.00;locationGapMs=1004;callbackGapMs=1004;fusion=GPS_IMU
LOCATION,1790576568635,29.8103550,52.4785100,,false,2.20,0.000,source=fused:fused;speedReason=OK;derived=0.00;locationGapMs=1010;callbackGapMs=1010;fusion=GPS_IMU
LOCATION,1790576569704,29.8103550,52.4785100,,false,2.21,0.000,source=fused:fused;speedReason=OK;derived=0.00;locationGapMs=1069;callbackGapMs=1069;fusion=GPS_IMU
LOCATION,1790576570630,29.8103550,52.4785100,,false,2.21,0.000,source=fused:fused;speedReason=OK;derived=0.00;locationGapMs=926;callbackGapMs=926;fusion=GPS_IMU
LOCATION,1790576571649,29.8103550,52.4785100,,false,2.20,0.000,source=fused:fused;speedReason=OK;derived=0.00;locationGapMs=1019;callbackGapMs=1019;fusion=GPS_IMU
LOCATION,1790576572638,29.8103550,52.4785100,,false,2.18,0.000,source=fused:fused;speedReason=OK;derived=0.00;locationGapMs=989;callbackGapMs=989;fusion=GPS_IMU
LOCATION,1790576573623,29.8103550,52.4785100,,false,1.23,0.000,source=fused:fused;speedReason=OK;derived=0.00;locationGapMs=985;callbackGapMs=985;fusion=GPS_IMU
LOCATION_ONLY,1790576574617,29.8103550,52.4785100,,false,7.48,0.000,source=fused:fused;speedReason=NO_SPEED;derived=0.00;locationGapMs=994;callbackGapMs=994;fusion=GPS_IMU
LOCATION,1790576575702,29.8103550,52.4785100,,false,7.47,0.000,source=fused:fused;speedReason=OK;derived=0.00;locationGapMs=1085;callbackGapMs=1085;fusion=GPS_IMU
LOCATION,1790576576679,29.8103550,52.4785100,,false,7.47,0.000,source=fused:fused;speedReason=OK;derived=0.00;locationGapMs=977;callbackGapMs=977;fusion=GPS_IMU
LOCATION,1790576577677,29.8103550,52.4785100,,false,6.57,0.000,source=fused:fused;speedReason=OK;derived=0.00;locationGapMs=998;callbackGapMs=998;fusion=GPS_IMU
LOCATION,1790576578636,29.8103550,52.4785100,,false,7.47,0.000,source=fused:fused;speedReason=OK;derived=0.00;locationGapMs=959;callbackGapMs=959;fusion=GPS_IMU
LOCATION,1790576579622,29.8103550,52.4785100,,false,1.20,0.000,source=fused:fused;speedReason=OK;derived=0.00;locationGapMs=986;callbackGapMs=986;fusion=GPS_IMU
LOCATION,1790576580636,29.8103550,52.4785100,,false,1.18,0.000,source=fused:fused;speedReason=OK;derived=0.00;locationGapMs=1014;callbackGapMs=1014;fusion=GPS_IMU
LOCATION_ONLY,1790576581381,29.8103550,52.4785100,,false,5.88,0.000,source=fused:fused;speedReason=NO_SPEED;derived=0.00;locationGapMs=745;callbackGapMs=745;fusion=GPS_IMU
LOCATION,1790576582643,29.8103550,52.4785100,,false,5.88,0.000,source=fused:fused;speedReason=OK;derived=0.00;locationGapMs=1261;callbackGapMs=1261;fusion=GPS_IMU
LOCATION,1790576583630,29.8103550,52.4785100,,false,5.21,0.000,source=fused:fused;speedReason=OK;derived=0.00;locationGapMs=988;callbackGapMs=988;fusion=GPS_IMU
LOCATION,1790576584643,29.8103550,52.4785100,,false,5.88,0.000,source=fused:fused;speedReason=OK;derived=0.00;locationGapMs=1013;callbackGapMs=1013;fusion=GPS_IMU
LOCATION,1790576585641,29.8103550,52.4785100,,false,5.89,0.000,source=fused:fused;speedReason=OK;derived=0.00;locationGapMs=998;callbackGapMs=998;fusion=GPS_IMU
LOCATION,1790576586619,29.8103550,52.4785100,,false,1.20,0.000,source=fused:fused;speedReason=OK;derived=0.00;locationGapMs=978;callbackGapMs=978;fusion=GPS_IMU
LOCATION,1790576587629,29.8103550,52.4785100,,false,1.20,0.000,source=fused:fused;speedReason=OK;derived=0.00;locationGapMs=1010;callbackGapMs=1010;fusion=GPS_IMU
LOCATION_ONLY,1790576588164,29.8103550,52.4785100,,false,4.51,0.000,source=fused:fused;speedReason=NO_SPEED;derived=0.00;locationGapMs=535;callbackGapMs=535;fusion=GPS_IMU
LOCATION,1790576588634,29.8103550,52.4785100,,false,4.51,0.000,source=fused:fused;speedReason=OK;derived=0.00;locationGapMs=470;callbackGapMs=470;fusion=GPS_IMU
LOCATION,1790576589629,29.8103550,52.4785100,,false,4.04,0.000,source=fused:fused;speedReason=OK;derived=0.00;locationGapMs=995;callbackGapMs=995;fusion=GPS_IMU
LOCATION,1790576590640,29.8103550,52.4785100,,false,4.51,0.000,source=fused:fused;speedReason=OK;derived=0.00;locationGapMs=1011;callbackGapMs=1011;fusion=GPS_IMU
LOCATION,1790576591688,29.8103550,52.4785100,,false,4.51,0.000,source=fused:fused;speedReason=OK;derived=0.00;locationGapMs=1048;callbackGapMs=1048;fusion=GPS_IMU
LOCATION,1790576592680,29.8103550,52.4785100,,false,4.51,0.000,source=fused:fused;speedReason=OK;derived=0.00;locationGapMs=992;callbackGapMs=992;fusion=GPS_IMU
LOCATION,1790576593632,29.8103550,52.4785100,,false,1.20,0.000,source=fused:fused;speedReason=OK;derived=0.00;locationGapMs=952;callbackGapMs=952;fusion=GPS_IMU
LOCATION,1790576594623,29.8103550,52.4785100,,false,1.20,0.000,source=fused:fused;speedReason=OK;derived=0.00;locationGapMs=991;callbackGapMs=991;fusion=GPS_IMU
LOCATION,1790576595684,29.8103550,52.4785100,,false,3.37,0.000,source=fused:fused;speedReason=OK;derived=0.00;locationGapMs=1061;callbackGapMs=1061;fusion=GPS_IMU
LOCATION,1790576596614,29.8103550,52.4785100,,false,3.06,0.000,source=fused:fused;speedReason=OK;derived=0.00;locationGapMs=930;callbackGapMs=930;fusion=GPS_IMU
LOCATION,1790576597714,29.8103550,52.4785100,,false,3.06,0.000,source=fused:fused;speedReason=OK;derived=0.00;locationGapMs=1100;callbackGapMs=1100;fusion=GPS_IMU
LOCATION,1790576598635,29.8103550,52.4785100,,false,3.37,0.000,source=fused:fused;speedReason=OK;derived=0.00;locationGapMs=921;callbackGapMs=921;fusion=GPS_IMU
LOCATION,1790576599639,29.8103550,52.4785100,,false,3.37,0.000,source=fused:fused;speedReason=OK;derived=0.00;locationGapMs=1004;callbackGapMs=1004;fusion=GPS_IMU
LOCATION,1790576600627,29.8103550,52.4785100,,false,1.20,0.000,source=fused:fused;speedReason=OK;derived=0.00;locationGapMs=988;callbackGapMs=988;fusion=GPS_IMU
LOCATION,1790576601633,29.8103550,52.4785100,,false,1.20,0.000,source=fused:fused;speedReason=OK;derived=0.00;locationGapMs=1006;callbackGapMs=1006;fusion=GPS_IMU
LOCATION,1790576602679,29.8103550,52.4785100,,false,1.20,0.000,source=fused:fused;speedReason=OK;derived=0.00;locationGapMs=1045;callbackGapMs=1045;fusion=GPS_IMU
LOCATION,1790576603703,29.8103550,52.4785100,,false,1.20,0.000,source=fused:fused;speedReason=OK;derived=0.00;locationGapMs=1025;callbackGapMs=1025;fusion=GPS_IMU
LOCATION,1790576604626,29.8103550,52.4785100,,false,1.20,0.000,source=fused:fused;speedReason=OK;derived=0.00;locationGapMs=923;callbackGapMs=923;fusion=GPS_IMU
LOCATION,1790576605636,29.8103550,52.4785100,,false,1.20,0.000,source=fused:fused;speedReason=OK;derived=0.00;locationGapMs=1010;callbackGapMs=1010;fusion=GPS_IMU
LOCATION,1790576606629,29.8103550,52.4785100,,false,1.20,0.000,source=fused:fused;speedReason=OK;derived=0.00;locationGapMs=994;callbackGapMs=994;fusion=GPS_IMU
LOCATION,1790576607633,29.8103550,52.4785100,,false,1.20,0.000,source=fused:fused;speedReason=OK;derived=0.00;locationGapMs=1003;callbackGapMs=1003;fusion=GPS_IMU
LOCATION,1790576608632,29.8103550,52.4785100,,false,1.20,0.000,source=fused:fused;speedReason=OK;derived=0.00;locationGapMs=999;callbackGapMs=999;fusion=GPS_IMU
LOCATION,1790576609701,29.8103550,52.4785100,,false,1.20,0.000,source=fused:fused;speedReason=OK;derived=0.00;locationGapMs=1069;callbackGapMs=1069;fusion=GPS_IMU
LOCATION,1790576610640,29.8103550,52.4785100,,false,1.20,0.000,source=fused:fused;speedReason=OK;derived=0.00;locationGapMs=939;callbackGapMs=939;fusion=GPS_IMU
LOCATION,1790576611633,29.8103550,52.4785100,,false,1.20,0.000,source=fused:fused;speedReason=OK;derived=0.00;locationGapMs=993;callbackGapMs=993;fusion=GPS_IMU
LOCATION,1790576612642,29.8103550,52.4785100,,false,1.20,0.000,source=fused:fused;speedReason=OK;derived=0.00;locationGapMs=1009;callbackGapMs=1009;fusion=GPS_IMU
LOCATION,1790576613622,29.8103550,52.4785100,,false,1.20,0.000,source=fused:fused;speedReason=OK;derived=0.00;locationGapMs=980;callbackGapMs=980;fusion=GPS_IMU
LOCATION,1790576614632,29.8103550,52.4785100,,false,1.20,0.000,source=fused:fused;speedReason=OK;derived=0.00;locationGapMs=1010;callbackGapMs=1010;fusion=GPS_IMU
LOCATION_ONLY,1790576615383,29.8103550,52.4785100,,false,5.93,0.000,source=fused:fused;speedReason=NO_SPEED;derived=0.00;locationGapMs=751;callbackGapMs=751;fusion=GPS_IMU
LOCATION,1790576616641,29.8103550,52.4785100,,false,5.93,0.000,source=fused:fused;speedReason=OK;derived=0.00;locationGapMs=1258;callbackGapMs=1258;fusion=GPS_IMU
LOCATION,1790576617637,29.8103550,52.4785100,,false,5.25,0.000,source=fused:fused;speedReason=OK;derived=0.00;locationGapMs=996;callbackGapMs=996;fusion=GPS_IMU
LOCATION,1790576618676,29.8103550,52.4785100,,false,5.93,0.000,source=fused:fused;speedReason=OK;derived=0.00;locationGapMs=1039;callbackGapMs=1039;fusion=GPS_IMU
LOCATION,1790576619644,29.8103550,52.4785100,,false,5.93,0.000,source=fused:fused;speedReason=OK;derived=0.00;locationGapMs=968;callbackGapMs=968;fusion=GPS_IMU
LOCATION,1790576620605,29.8103550,52.4785100,,false,1.20,0.000,source=fused:fused;speedReason=OK;derived=0.00;locationGapMs=961;callbackGapMs=961;fusion=GPS_IMU
LOCATION,1790576621632,29.8103550,52.4785100,,false,1.20,0.000,source=fused:fused;speedReason=OK;derived=0.00;locationGapMs=1027;callbackGapMs=1027;fusion=GPS_IMU
LOCATION_ONLY,1790576622216,29.8103550,52.4785100,,false,4.84,0.000,source=fused:fused;speedReason=NO_SPEED;derived=0.00;locationGapMs=584;callbackGapMs=584;fusion=GPS_IMU
LOCATION,1790576622632,29.8103550,52.4785100,,false,4.32,0.000,source=fused:fused;speedReason=OK;derived=0.00;locationGapMs=416;callbackGapMs=416;fusion=GPS_IMU
LOCATION,1790576623640,29.8103550,52.4785100,,false,4.32,0.000,source=fused:fused;speedReason=OK;derived=0.00;locationGapMs=1008;callbackGapMs=1008;fusion=GPS_IMU
LOCATION,1790576624639,29.8103550,52.4785100,,false,4.32,0.000,source=fused:fused;speedReason=OK;derived=0.00;locationGapMs=999;callbackGapMs=999;fusion=GPS_IMU
LOCATION,1790576625689,29.8103550,52.4785100,,false,4.84,0.000,source=fused:fused;speedReason=OK;derived=0.00;locationGapMs=1050;callbackGapMs=1050;fusion=GPS_IMU
LOCATION,1790576626640,29.8103550,52.4785100,,false,4.84,0.000,source=fused:fused;speedReason=OK;derived=0.00;locationGapMs=951;callbackGapMs=951;fusion=GPS_IMU
LOCATION,1790576627635,29.8103550,52.4785100,,false,1.20,0.000,source=fused:fused;speedReason=OK;derived=0.00;locationGapMs=995;callbackGapMs=995;fusion=GPS_IMU
LOCATION,1790576628625,29.8103550,52.4785100,,false,1.20,0.000,source=fused:fused;speedReason=OK;derived=0.00;locationGapMs=990;callbackGapMs=990;fusion=GPS_IMU
LOCATION,1790576629635,29.8103550,52.4785100,,false,3.08,0.000,source=fused:fused;speedReason=OK;derived=0.00;locationGapMs=1010;callbackGapMs=1010;fusion=GPS_IMU
LOCATION,1790576630626,29.8103550,52.4785100,,false,3.08,0.000,source=fused:fused;speedReason=OK;derived=0.00;locationGapMs=991;callbackGapMs=991;fusion=GPS_IMU
LOCATION,1790576631701,29.8103550,52.4785100,,false,3.08,0.000,source=fused:fused;speedReason=OK;derived=0.00;locationGapMs=1075;callbackGapMs=1075;fusion=GPS_IMU
LOCATION,1790576632680,29.8103550,52.4785100,,false,3.39,0.000,source=fused:fused;speedReason=OK;derived=0.00;locationGapMs=979;callbackGapMs=979;fusion=GPS_IMU
LOCATION,1790576633679,29.8103550,52.4785100,,false,3.39,0.000,source=fused:fused;speedReason=OK;derived=0.00;locationGapMs=999;callbackGapMs=999;fusion=GPS_IMU
LOCATION,1790576634626,29.8103550,52.4785100,,false,1.20,0.000,source=fused:fused;speedReason=OK;derived=0.00;locationGapMs=947;callbackGapMs=947;fusion=GPS_IMU
LOCATION,1790576635627,29.8103550,52.4785100,,false,1.20,0.000,source=fused:fused;speedReason=OK;derived=0.00;locationGapMs=1001;callbackGapMs=1001;fusion=GPS_IMU
LOCATION,1790576636640,29.8103550,52.4785100,,false,2.46,0.000,source=fused:fused;speedReason=OK;derived=0.00;locationGapMs=1013;callbackGapMs=1013;fusion=GPS_IMU
LOCATION,1790576637703,29.8103550,52.4785100,,false,2.28,0.000,source=fused:fused;speedReason=OK;derived=0.00;locationGapMs=1063;callbackGapMs=1063;fusion=GPS_IMU
LOCATION,1790576638643,29.8103550,52.4785100,,false,2.46,0.000,source=fused:fused;speedReason=OK;derived=0.00;locationGapMs=940;callbackGapMs=940;fusion=GPS_IMU
LOCATION,1790576639641,29.8103550,52.4785100,,false,2.46,0.000,source=fused:fused;speedReason=OK;derived=0.00;locationGapMs=998;callbackGapMs=998;fusion=GPS_IMU
LOCATION,1790576640674,29.8103550,52.4785100,,false,2.46,0.000,source=fused:fused;speedReason=OK;derived=0.00;locationGapMs=1033;callbackGapMs=1033;fusion=GPS_IMU
LOCATION,1790576641630,29.8103550,52.4785100,,false,1.20,0.000,source=fused:fused;speedReason=OK;derived=0.00;locationGapMs=956;callbackGapMs=956;fusion=GPS_IMU
LOCATION,1790576642632,29.8103550,52.4785100,,false,1.20,0.000,source=fused:fused;speedReason=OK;derived=0.00;locationGapMs=1002;callbackGapMs=1002;fusion=GPS_IMU
LOCATION,1790576643697,29.8103550,52.4785100,,false,1.40,0.000,source=fused:fused;speedReason=OK;derived=0.00;locationGapMs=1065;callbackGapMs=1065;fusion=GPS_IMU
LOCATION,1790576644640,29.8103550,52.4785100,,false,1.43,0.000,source=fused:fused;speedReason=OK;derived=0.00;locationGapMs=943;callbackGapMs=943;fusion=GPS_IMU
LOCATION,1790576645633,29.8103550,52.4785100,,false,1.40,0.000,source=fused:fused;speedReason=OK;derived=0.00;locationGapMs=993;callbackGapMs=993;fusion=GPS_IMU
LOCATION,1790576646677,29.8103550,52.4785100,,false,1.43,0.000,source=fused:fused;speedReason=OK;derived=0.00;locationGapMs=1044;callbackGapMs=1044;fusion=GPS_IMU
LOCATION,1790576647628,29.8103550,52.4785100,,false,1.40,0.000,source=fused:fused;speedReason=OK;derived=0.00;locationGapMs=951;callbackGapMs=951;fusion=GPS_IMU
LOCATION,1790576648636,29.8103550,52.4785100,,false,1.20,0.000,source=fused:fused;speedReason=OK;derived=0.00;locationGapMs=1008;callbackGapMs=1008;fusion=GPS_IMU
LOCATION_ONLY,1790576649479,29.8103550,52.4785100,,false,6.58,0.000,source=fused:fused;speedReason=NO_SPEED;derived=0.00;locationGapMs=843;callbackGapMs=843;fusion=GPS_IMU
LOCATION,1790576650636,29.8103550,52.4785100,,false,6.58,0.000,source=fused:fused;speedReason=OK;derived=0.00;locationGapMs=1157;callbackGapMs=1157;fusion=GPS_IMU
LOCATION,1790576651643,29.8103550,52.4785100,,false,5.81,0.000,source=fused:fused;speedReason=OK;derived=0.00;locationGapMs=1007;callbackGapMs=1007;fusion=GPS_IMU
LOCATION,1790576652676,29.8103550,52.4785100,,false,6.58,0.000,source=fused:fused;speedReason=OK;derived=0.00;locationGapMs=1032;callbackGapMs=1032;fusion=GPS_IMU
LOCATION,1790576653639,29.8103550,52.4785100,,false,6.58,0.000,source=fused:fused;speedReason=OK;derived=0.00;locationGapMs=964;callbackGapMs=964;fusion=GPS_IMU
LOCATION,1790576654603,29.8103550,52.4785100,,false,1.20,0.000,source=fused:fused;speedReason=OK;derived=0.00;locationGapMs=964;callbackGapMs=964;fusion=GPS_IMU
LOCATION,1790576655632,29.8103550,52.4785100,,false,1.20,0.000,source=fused:fused;speedReason=OK;derived=0.00;locationGapMs=1029;callbackGapMs=1029;fusion=GPS_IMU
LOCATION_ONLY,1790576656327,29.8103550,52.4785100,,false,5.50,0.000,source=fused:fused;speedReason=NO_SPEED;derived=0.00;locationGapMs=695;callbackGapMs=695;fusion=GPS_IMU
LOCATION,1790576657641,29.8103550,52.4785100,,false,4.89,0.000,source=fused:fused;speedReason=OK;derived=0.00;locationGapMs=1314;callbackGapMs=1314;fusion=GPS_IMU
LOCATION,1790576658629,29.8103550,52.4785100,,false,4.89,0.000,source=fused:fused;speedReason=OK;derived=0.00;locationGapMs=988;callbackGapMs=988;fusion=GPS_IMU
LOCATION,1790576659684,29.8103550,52.4785100,,false,5.52,0.000,source=fused:fused;speedReason=OK;derived=0.00;locationGapMs=1055;callbackGapMs=1055;fusion=GPS_IMU
LOCATION,1790576660684,29.8103550,52.4785100,,false,5.52,0.000,source=fused:fused;speedReason=OK;derived=0.00;locationGapMs=1000;callbackGapMs=1000;fusion=GPS_IMU
LOCATION,1790576661629,29.8103550,52.4785100,,false,1.22,0.000,source=fused:fused;speedReason=OK;derived=0.00;locationGapMs=945;callbackGapMs=945;fusion=GPS_IMU
LOCATION,1790576662633,29.8103550,52.4785100,,false,1.22,0.000,source=fused:fused;speedReason=OK;derived=0.00;locationGapMs=1004;callbackGapMs=1004;fusion=GPS_IMU
LOCATION,1790576663632,29.8103550,52.4785100,,false,3.69,0.000,source=fused:fused;speedReason=OK;derived=0.00;locationGapMs=999;callbackGapMs=999;fusion=GPS_IMU
LOCATION,1790576664629,29.8103550,52.4785100,,false,3.33,0.000,source=fused:fused;speedReason=OK;derived=0.00;locationGapMs=997;callbackGapMs=997;fusion=GPS_IMU
LOCATION,1790576665698,29.8103550,52.4785100,,false,3.32,0.000,source=fused:fused;speedReason=OK;derived=0.00;locationGapMs=1069;callbackGapMs=1069;fusion=GPS_IMU
LOCATION,1790576666627,29.8103550,52.4785100,,false,3.67,0.000,source=fused:fused;speedReason=OK;derived=0.00;locationGapMs=928;callbackGapMs=928;fusion=GPS_IMU
LOCATION,1790576667620,29.8103550,52.4785100,,false,3.32,0.000,source=fused:fused;speedReason=OK;derived=0.00;locationGapMs=994;callbackGapMs=994;fusion=GPS_IMU
LOCATION,1790576668630,29.8103550,52.4785100,,false,1.20,0.000,source=fused:fused;speedReason=OK;derived=0.00;locationGapMs=1010;callbackGapMs=1010;fusion=GPS_IMU
LOCATION,1790576669629,29.8103550,52.4785100,,false,1.20,0.000,source=fused:fused;speedReason=OK;derived=0.00;locationGapMs=999;callbackGapMs=999;fusion=GPS_IMU
LOCATION,1790576670644,29.8103550,52.4785100,,false,1.95,0.000,source=fused:fused;speedReason=OK;derived=0.00;locationGapMs=1015;callbackGapMs=1015;fusion=GPS_IMU
LOCATION,1790576671698,29.8103550,52.4785100,,false,1.95,0.000,source=fused:fused;speedReason=OK;derived=0.00;locationGapMs=1054;callbackGapMs=1054;fusion=GPS_IMU
LOCATION,1790576672635,29.8103550,52.4785100,,false,1.95,0.000,source=fused:fused;speedReason=OK;derived=0.00;locationGapMs=938;callbackGapMs=938;fusion=GPS_IMU
LOCATION,1790576673642,29.8103550,52.4785100,,false,1.95,0.000,source=fused:fused;speedReason=OK;derived=0.00;locationGapMs=1006;callbackGapMs=1006;fusion=GPS_IMU
LOCATION,1790576674628,29.8103550,52.4785100,,false,1.84,0.000,source=fused:fused;speedReason=OK;derived=0.00;locationGapMs=986;callbackGapMs=986;fusion=GPS_IMU
LOCATION,1790576675630,29.8103550,52.4785100,,false,1.20,0.000,source=fused:fused;speedReason=OK;derived=0.00;locationGapMs=1002;callbackGapMs=1002;fusion=GPS_IMU
LOCATION_ONLY,1790576676609,29.8103550,52.4785100,,false,7.50,0.000,source=fused:fused;speedReason=NO_SPEED;derived=0.00;locationGapMs=979;callbackGapMs=979;fusion=GPS_IMU
LOCATION,1790576677673,29.8103550,52.4785100,,false,7.50,0.000,source=fused:fused;speedReason=OK;derived=0.00;locationGapMs=1064;callbackGapMs=1064;fusion=GPS_IMU
LOCATION,1790576678625,29.8103550,52.4785100,,false,6.60,0.000,source=fused:fused;speedReason=OK;derived=0.00;locationGapMs=952;callbackGapMs=952;fusion=GPS_IMU
LOCATION,1790576679637,29.8103550,52.4785100,,false,7.50,0.000,source=fused:fused;speedReason=OK;derived=0.00;locationGapMs=1012;callbackGapMs=1012;fusion=GPS_IMU
LOCATION,1790576680635,29.8103550,52.4785100,,false,7.50,0.000,source=fused:fused;speedReason=OK;derived=0.00;locationGapMs=998;callbackGapMs=998;fusion=GPS_IMU
LOCATION,1790576681617,29.8103550,52.4785100,,false,1.20,0.000,source=fused:fused;speedReason=OK;derived=0.00;locationGapMs=982;callbackGapMs=982;fusion=GPS_IMU
LOCATION,1790576682618,29.8103550,52.4785100,,false,1.20,0.000,source=fused:fused;speedReason=OK;derived=0.00;locationGapMs=1001;callbackGapMs=1001;fusion=GPS_IMU
LOCATION_ONLY,1790576683326,29.8103550,52.4785100,,false,5.65,0.000,source=fused:fused;speedReason=NO_SPEED;derived=0.00;locationGapMs=708;callbackGapMs=708;fusion=GPS_IMU
LOCATION,1790576684635,29.8103550,52.4785100,,false,5.01,0.000,source=fused:fused;speedReason=OK;derived=0.00;locationGapMs=1309;callbackGapMs=1309;fusion=GPS_IMU
LOCATION,1790576685638,29.8103550,52.4785100,,false,5.65,0.000,source=fused:fused;speedReason=OK;derived=0.00;locationGapMs=1003;callbackGapMs=1003;fusion=GPS_IMU
LOCATION,1790576686638,29.8103550,52.4785100,,false,5.65,0.000,source=fused:fused;speedReason=OK;derived=0.00;locationGapMs=1000;callbackGapMs=1000;fusion=GPS_IMU
LOCATION,1790576687634,29.8103550,52.4785100,,false,5.65,0.000,source=fused:fused;speedReason=OK;derived=0.00;locationGapMs=996;callbackGapMs=996;fusion=GPS_IMU
LOCATION,1790576688622,29.8103550,52.4785100,,false,1.20,0.000,source=fused:fused;speedReason=OK;derived=0.00;locationGapMs=988;callbackGapMs=988;fusion=GPS_IMU
LOCATION,1790576689627,29.8103550,52.4785100,,false,1.20,0.000,source=fused:fused;speedReason=OK;derived=0.00;locationGapMs=1004;callbackGapMs=1004;fusion=GPS_IMU
LOCATION_ONLY,1790576690165,29.8103550,52.4785100,,false,4.43,0.000,source=fused:fused;speedReason=NO_SPEED;derived=0.00;locationGapMs=539;callbackGapMs=539;fusion=GPS_IMU
LOCATION,1790576690625,29.8103550,52.4785100,,false,3.97,0.000,source=fused:fused;speedReason=OK;derived=0.00;locationGapMs=460;callbackGapMs=460;fusion=GPS_IMU
LOCATION,1790576691637,29.8103550,52.4785100,,false,4.43,0.000,source=fused:fused;speedReason=OK;derived=0.00;locationGapMs=1013;callbackGapMs=1013;fusion=GPS_IMU
LOCATION,1790576692630,29.8103550,52.4785100,,false,3.97,0.000,source=fused:fused;speedReason=OK;derived=0.00;locationGapMs=992;callbackGapMs=992;fusion=GPS_IMU
LOCATION,1790576693684,29.8103550,52.4785100,,false,4.43,0.000,source=fused:fused;speedReason=OK;derived=0.00;locationGapMs=1054;callbackGapMs=1054;fusion=GPS_IMU
LOCATION,1790576694630,29.8103550,52.4785100,,false,4.43,0.000,source=fused:fused;speedReason=OK;derived=0.00;locationGapMs=946;callbackGapMs=946;fusion=GPS_IMU
LOCATION,1790576695630,29.8103550,52.4785100,,false,1.20,0.000,source=fused:fused;speedReason=OK;derived=0.00;locationGapMs=1000;callbackGapMs=1000;fusion=GPS_IMU
LOCATION,1790576696624,29.8103550,52.4785100,,false,1.20,0.000,source=fused:fused;speedReason=OK;derived=0.00;locationGapMs=994;callbackGapMs=994;fusion=GPS_IMU
LOCATION,1790576697642,29.8103550,52.4785100,,false,3.11,0.000,source=fused:fused;speedReason=OK;derived=0.00;locationGapMs=1018;callbackGapMs=1018;fusion=GPS_IMU
LOCATION,1790576698622,29.8103550,52.4785100,,false,2.84,0.000,source=fused:fused;speedReason=OK;derived=0.00;locationGapMs=980;callbackGapMs=980;fusion=GPS_IMU
LOCATION,1790576699695,29.8103550,52.4785100,,false,3.11,0.000,source=fused:fused;speedReason=OK;derived=0.00;locationGapMs=1073;callbackGapMs=1073;fusion=GPS_IMU
LOCATION,1790576700629,29.8103550,52.4785100,,false,3.11,0.000,source=fused:fused;speedReason=OK;derived=0.00;locationGapMs=934;callbackGapMs=934;fusion=GPS_IMU
LOCATION,1790576701628,29.8103550,52.4785100,,false,3.11,0.000,source=fused:fused;speedReason=OK;derived=0.00;locationGapMs=999;callbackGapMs=999;fusion=GPS_IMU
LOCATION,1790576702626,29.8103550,52.4785100,,false,1.20,0.000,source=fused:fused;speedReason=OK;derived=0.00;locationGapMs=998;callbackGapMs=998;fusion=GPS_IMU
LOCATION,1790576703622,29.8103550,52.4785100,,false,1.20,0.000,source=fused:fused;speedReason=OK;derived=0.00;locationGapMs=996;callbackGapMs=996;fusion=GPS_IMU
LOCATION,1790576704636,29.8103550,52.4785100,,false,1.77,0.000,source=fused:fused;speedReason=OK;derived=0.00;locationGapMs=1014;callbackGapMs=1014;fusion=GPS_IMU
LOCATION,1790576705700,29.8103550,52.4785100,,false,1.87,0.000,source=fused:fused;speedReason=OK;derived=0.00;locationGapMs=1064;callbackGapMs=1064;fusion=GPS_IMU
LOCATION,1790576706678,29.8103550,52.4785100,,false,1.87,0.000,source=fused:fused;speedReason=OK;derived=0.00;locationGapMs=978;callbackGapMs=978;fusion=GPS_IMU
LOCATION,1790576707639,29.8103550,52.4785100,,false,1.87,0.000,source=fused:fused;speedReason=OK;derived=0.00;locationGapMs=961;callbackGapMs=961;fusion=GPS_IMU
LOCATION,1790576708632,29.8103550,52.4785100,,false,1.87,0.000,source=fused:fused;speedReason=OK;derived=0.00;locationGapMs=994;callbackGapMs=994;fusion=GPS_IMU
LOCATION,1790576709623,29.8103550,52.4785100,,false,1.20,0.000,source=fused:fused;speedReason=OK;derived=0.00;locationGapMs=990;callbackGapMs=990;fusion=GPS_IMU
LOCATION_ONLY,1790576710604,29.8103550,52.4785100,,false,7.44,0.000,source=fused:fused;speedReason=NO_SPEED;derived=0.00;locationGapMs=982;callbackGapMs=982;fusion=GPS_IMU
LOCATION,1790576711697,29.8103550,52.4785100,,false,6.55,0.000,source=fused:fused;speedReason=OK;derived=0.00;locationGapMs=1092;callbackGapMs=1092;fusion=GPS_IMU
LOCATION,1790576712633,29.8103550,52.4785100,,false,6.55,0.000,source=fused:fused;speedReason=OK;derived=0.00;locationGapMs=936;callbackGapMs=936;fusion=GPS_IMU
LOCATION,1790576713639,29.8103550,52.4785100,,false,7.44,0.000,source=fused:fused;speedReason=OK;derived=0.00;locationGapMs=1006;callbackGapMs=1006;fusion=GPS_IMU
LOCATION,1790576714626,29.8103550,52.4785100,,false,7.44,0.000,source=fused:fused;speedReason=OK;derived=0.00;locationGapMs=987;callbackGapMs=987;fusion=GPS_IMU
LOCATION,1790576715613,29.8103550,52.4785100,,false,1.20,0.000,source=fused:fused;speedReason=OK;derived=0.00;locationGapMs=987;callbackGapMs=987;fusion=GPS_IMU
LOCATION,1790576716623,29.8103550,52.4785100,,false,1.20,0.000,source=fused:fused;speedReason=OK;derived=0.00;locationGapMs=1010;callbackGapMs=1010;fusion=GPS_IMU
LOCATION_ONLY,1790576717337,29.8103550,52.4785100,,false,5.68,0.000,source=fused:fused;speedReason=NO_SPEED;derived=0.00;locationGapMs=714;callbackGapMs=714;fusion=GPS_IMU
LOCATION,1790576718636,29.8103550,52.4785100,,false,5.04,0.000,source=fused:fused;speedReason=OK;derived=0.00;locationGapMs=1299;callbackGapMs=1299;fusion=GPS_IMU
LOCATION,1790576719631,29.8103550,52.4785100,,false,5.68,0.000,source=fused:fused;speedReason=OK;derived=0.00;locationGapMs=995;callbackGapMs=995;fusion=GPS_IMU
LOCATION,1790576720632,29.8103550,52.4785100,,false,5.68,0.000,source=fused:fused;speedReason=OK;derived=0.00;locationGapMs=1001;callbackGapMs=1001;fusion=GPS_IMU
LOCATION,1790576721628,29.8103550,52.4785100,,false,5.68,0.000,source=fused:fused;speedReason=OK;derived=0.00;locationGapMs=996;callbackGapMs=996;fusion=GPS_IMU
LOCATION,1790576722618,29.8103550,52.4785100,,false,1.20,0.000,source=fused:fused;speedReason=OK;derived=0.00;locationGapMs=990;callbackGapMs=990;fusion=GPS_IMU
LOCATION,1790576723623,29.8103550,52.4785100,,false,1.20,0.000,source=fused:fused;speedReason=OK;derived=0.00;locationGapMs=1004;callbackGapMs=1004;fusion=GPS_IMU
LOCATION,1790576724636,29.8103550,52.4785100,,false,4.12,0.000,source=fused:fused;speedReason=OK;derived=0.00;locationGapMs=1014;callbackGapMs=1014;fusion=GPS_IMU
LOCATION,1790576725633,29.8103550,52.4785100,,false,4.12,0.000,source=fused:fused;speedReason=OK;derived=0.00;locationGapMs=998;callbackGapMs=998;fusion=GPS_IMU
LOCATION,1790576726632,29.8103550,52.4785100,,false,4.12,0.000,source=fused:fused;speedReason=OK;derived=0.00;locationGapMs=998;callbackGapMs=998;fusion=GPS_IMU
LOCATION,1790576727695,29.8103550,52.4785100,,false,4.12,0.000,source=fused:fused;speedReason=OK;derived=0.00;locationGapMs=1063;callbackGapMs=1063;fusion=GPS_IMU
LOCATION,1790576728639,29.8103550,52.4785100,,false,4.12,0.000,source=fused:fused;speedReason=OK;derived=0.00;locationGapMs=944;callbackGapMs=944;fusion=GPS_IMU
LOCATION,1790576729632,29.8103550,52.4785100,,false,1.20,0.000,source=fused:fused;speedReason=OK;derived=0.00;locationGapMs=993;callbackGapMs=993;fusion=GPS_IMU
LOCATION,1790576730630,29.8103550,52.4785100,,false,1.20,0.000,source=fused:fused;speedReason=OK;derived=0.00;locationGapMs=998;callbackGapMs=998;fusion=GPS_IMU
LOCATION,1790576731636,29.8103550,52.4785100,,false,2.36,0.000,source=fused:fused;speedReason=OK;derived=0.00;locationGapMs=1006;callbackGapMs=1006;fusion=GPS_IMU
LOCATION,1790576732624,29.8103550,52.4785100,,false,2.19,0.000,source=fused:fused;speedReason=OK;derived=0.00;locationGapMs=988;callbackGapMs=988;fusion=GPS_IMU
LOCATION,1790576733676,29.8103550,52.4785100,,false,2.19,0.000,source=fused:fused;speedReason=OK;derived=0.00;locationGapMs=1053;callbackGapMs=1053;fusion=GPS_IMU
LOCATION,1790576734634,29.8103550,52.4785100,,false,2.36,0.000,source=fused:fused;speedReason=OK;derived=0.00;locationGapMs=957;callbackGapMs=957;fusion=GPS_IMU
LOCATION,1790576735631,29.8103550,52.4785100,,false,2.36,0.000,source=fused:fused;speedReason=OK;derived=0.00;locationGapMs=997;callbackGapMs=997;fusion=GPS_IMU
LOCATION,1790576736621,29.8103550,52.4785100,,false,1.20,0.000,source=fused:fused;speedReason=OK;derived=0.00;locationGapMs=990;callbackGapMs=990;fusion=GPS_IMU
LOCATION,1790576737618,29.8103550,52.4785100,,false,1.20,0.000,source=fused:fused;speedReason=OK;derived=0.00;locationGapMs=997;callbackGapMs=997;fusion=GPS_IMU
LOCATION,1790576738637,29.8103550,52.4785100,,false,1.20,0.000,source=fused:fused;speedReason=OK;derived=0.00;locationGapMs=1019;callbackGapMs=1019;fusion=GPS_IMU
LOCATION,1790576739700,29.8103550,52.4785100,,false,1.20,0.000,source=fused:fused;speedReason=OK;derived=0.00;locationGapMs=1063;callbackGapMs=1063;fusion=GPS_IMU
LOCATION,1790576740630,29.8103550,52.4785100,,false,1.20,0.000,source=fused:fused;speedReason=OK;derived=0.00;locationGapMs=930;callbackGapMs=930;fusion=GPS_IMU
LOCATION,1790576741631,29.8103550,52.4785100,,false,1.20,0.000,source=fused:fused;speedReason=OK;derived=0.00;locationGapMs=1001;callbackGapMs=1001;fusion=GPS_IMU
LOCATION,1790576742617,29.8103550,52.4785100,,false,1.20,0.000,source=fused:fused;speedReason=OK;derived=0.00;locationGapMs=986;callbackGapMs=986;fusion=GPS_IMU
LOCATION,1790576743622,29.8103550,52.4785100,,false,1.20,0.000,source=fused:fused;speedReason=OK;derived=0.00;locationGapMs=1005;callbackGapMs=1005;fusion=GPS_IMU
LOCATION_ONLY,1790576744459,29.8103550,52.4785100,,false,6.49,0.000,source=fused:fused;speedReason=NO_SPEED;derived=0.00;locationGapMs=837;callbackGapMs=837;fusion=GPS_IMU
LOCATION,1790576745684,29.8103550,52.4785100,,false,5.73,0.000,source=fused:fused;speedReason=OK;derived=0.00;locationGapMs=1226;callbackGapMs=1226;fusion=GPS_IMU
LOCATION,1790576746633,29.8103550,52.4785100,,false,5.73,0.000,source=fused:fused;speedReason=OK;derived=0.00;locationGapMs=948;callbackGapMs=948;fusion=GPS_IMU
LOCATION,1790576747633,29.8103550,52.4785100,,false,6.49,0.000,source=fused:fused;speedReason=OK;derived=0.00;locationGapMs=1000;callbackGapMs=1000;fusion=GPS_IMU
LOCATION,1790576748637,29.8103550,52.4785100,,false,6.49,0.000,source=fused:fused;speedReason=OK;derived=0.00;locationGapMs=1004;callbackGapMs=1004;fusion=GPS_IMU
LOCATION,1790576749619,29.8103550,52.4785100,,false,1.20,0.000,source=fused:fused;speedReason=OK;derived=0.00;locationGapMs=982;callbackGapMs=982;fusion=GPS_IMU
LOCATION,1790576750629,29.8103550,52.4785100,,false,1.20,0.000,source=fused:fused;speedReason=OK;derived=0.00;locationGapMs=1010;callbackGapMs=1010;fusion=GPS_IMU
LOCATION_ONLY,1790576751226,29.8103550,52.4785100,,false,4.94,0.000,source=fused:fused;speedReason=NO_SPEED;derived=0.00;locationGapMs=597;callbackGapMs=597;fusion=GPS_IMU
LOCATION,1790576752629,29.8103550,52.4785100,,false,4.40,0.000,source=fused:fused;speedReason=OK;derived=0.00;locationGapMs=1403;callbackGapMs=1403;fusion=GPS_IMU
LOCATION,1790576753632,29.8103550,52.4785100,,false,4.40,0.000,source=fused:fused;speedReason=OK;derived=0.00;locationGapMs=1003;callbackGapMs=1003;fusion=GPS_IMU
LOCATION,1790576754633,29.8103550,52.4785100,,false,4.94,0.000,source=fused:fused;speedReason=OK;derived=0.00;locationGapMs=1001;callbackGapMs=1001;fusion=GPS_IMU
LOCATION,1790576755633,29.8103550,52.4785100,,false,4.94,0.000,source=fused:fused;speedReason=OK;derived=0.00;locationGapMs=1000;callbackGapMs=1000;fusion=GPS_IMU
LOCATION,1790576756622,29.8103550,52.4785100,,false,1.20,0.000,source=fused:fused;speedReason=OK;derived=0.00;locationGapMs=989;callbackGapMs=989;fusion=GPS_IMU
LOCATION,1790576757628,29.8103550,52.4785100,,false,1.20,0.000,source=fused:fused;speedReason=OK;derived=0.00;locationGapMs=1006;callbackGapMs=1006;fusion=GPS_IMU
LOCATION,1790576758641,29.8103550,52.4785100,,false,3.58,0.000,source=fused:fused;speedReason=OK;derived=0.00;locationGapMs=1013;callbackGapMs=1013;fusion=GPS_IMU
LOCATION,1790576759618,29.8103550,52.4785100,,false,3.24,0.000,source=fused:fused;speedReason=OK;derived=0.00;locationGapMs=977;callbackGapMs=977;fusion=GPS_IMU
LOCATION,1790576760631,29.8103550,52.4785100,,false,3.24,0.000,source=fused:fused;speedReason=OK;derived=0.00;locationGapMs=1013;callbackGapMs=1013;fusion=GPS_IMU
LOCATION,1790576761686,29.8103550,52.4785100,,false,3.59,0.000,source=fused:fused;speedReason=OK;derived=0.00;locationGapMs=1055;callbackGapMs=1055;fusion=GPS_IMU
LOCATION,1790576762641,29.8103550,52.4785100,,false,3.61,0.000,source=fused:fused;speedReason=OK;derived=0.00;locationGapMs=955;callbackGapMs=955;fusion=GPS_IMU
LOCATION,1790576763614,29.8103550,52.4785100,,false,1.25,0.000,source=fused:fused;speedReason=OK;derived=0.00;locationGapMs=973;callbackGapMs=973;fusion=GPS_IMU
LOCATION,1790576764636,29.8103550,52.4785100,,false,1.28,0.000,source=fused:fused;speedReason=OK;derived=0.00;locationGapMs=1022;callbackGapMs=1022;fusion=GPS_IMU
LOCATION,1790576765679,29.8103550,52.4785100,,false,1.99,0.000,source=fused:fused;speedReason=OK;derived=0.00;locationGapMs=1042;callbackGapMs=1042;fusion=GPS_IMU
LOCATION,1790576766633,29.8103550,52.4785100,,false,1.91,0.000,source=fused:fused;speedReason=OK;derived=0.00;locationGapMs=955;callbackGapMs=955;fusion=GPS_IMU
LOCATION,1790576767705,29.8103550,52.4785100,,false,1.92,0.000,source=fused:fused;speedReason=OK;derived=0.00;locationGapMs=1072;callbackGapMs=1072;fusion=GPS_IMU
LOCATION,1790576768640,29.8103550,52.4785100,,false,2.04,0.000,source=fused:fused;speedReason=OK;derived=0.00;locationGapMs=935;callbackGapMs=935;fusion=GPS_IMU
LOCATION,1790576769683,29.8103550,52.4785100,,false,2.08,0.000,source=fused:fused;speedReason=OK;derived=0.00;locationGapMs=1043;callbackGapMs=1043;fusion=GPS_IMU
LOCATION,1790576770632,29.8103550,52.4785100,,false,1.42,0.000,source=fused:fused;speedReason=OK;derived=0.00;locationGapMs=949;callbackGapMs=949;fusion=GPS_IMU
LOCATION_ONLY,1790576771468,29.8103550,52.4785100,,false,6.77,0.000,source=fused:fused;speedReason=NO_SPEED;derived=0.00;locationGapMs=836;callbackGapMs=836;fusion=GPS_IMU
LOCATION,1790576772636,29.8103550,52.4785100,,false,6.80,0.000,source=fused:fused;speedReason=OK;derived=0.00;locationGapMs=1168;callbackGapMs=1168;fusion=GPS_IMU
LOCATION,1790576773639,29.8103550,52.4785100,,false,6.82,0.000,source=fused:fused;speedReason=OK;derived=0.00;locationGapMs=1003;callbackGapMs=1003;fusion=GPS_IMU
LOCATION,1790576774636,29.8103550,52.4785100,,false,6.07,0.000,source=fused:fused;speedReason=OK;derived=0.00;locationGapMs=997;callbackGapMs=997;fusion=GPS_IMU
LOCATION,1790576775636,29.8103550,52.4785100,,false,6.83,0.000,source=fused:fused;speedReason=OK;derived=0.00;locationGapMs=1000;callbackGapMs=1000;fusion=GPS_IMU
LOCATION,1790576776617,29.8103550,52.4785100,,false,1.53,0.000,source=fused:fused;speedReason=OK;derived=0.00;locationGapMs=981;callbackGapMs=981;fusion=GPS_IMU
LOCATION,1790576777631,29.8103350,52.4785333,,false,1.55,0.000,source=fused:fused;speedReason=OK;derived=0.00;locationGapMs=1014;callbackGapMs=1014;fusion=GPS_IMU
LOCATION_ONLY,1790576778219,29.8103350,52.4785333,,false,5.23,0.000,source=fused:fused;speedReason=NO_SPEED;derived=0.00;locationGapMs=588;callbackGapMs=588;fusion=GPS_IMU
LOCATION,1790576779630,29.8103017,52.4785417,,false,5.33,0.000,source=fused:fused;speedReason=OK;derived=9.64;locationGapMs=1411;callbackGapMs=1411;fusion=GPS_IMU
LOCATION,1790576780570,29.8102733,52.4785450,,false,4.85,0.552,source=fused:fused;speedReason=OK;derived=9.64;locationGapMs=940;callbackGapMs=940;fusion=GPS_IMU
LOCATION,1790576781588,29.8102400,52.4785517,,false,4.92,0.862,source=fused:fused;speedReason=OK;derived=12.12;locationGapMs=1018;callbackGapMs=1018;fusion=GPS_IMU
LOCATION,1790576782610,29.8102117,52.4785567,168.000,true,5.02,1.089,source=fused:fused;speedReason=OK;derived=12.12;locationGapMs=1018;callbackGapMs=1018;fusion=GPS_IMU
LOCATION,1790576783579,29.8101883,52.4785617,184.000,true,2.07,29.352,source=fused:fused;speedReason=OK;derived=11.22;locationGapMs=973;callbackGapMs=973;fusion=GPS_IMU
LOCATION,1790576784579,29.8101600,52.4785550,203.000,true,2.20,54.096,source=fused:fused;speedReason=OK;derived=11.22;locationGapMs=1000;callbackGapMs=1000;fusion=GPS_IMU
LOCATION,1790576785569,29.8101350,52.4785417,174.000,true,3.92,49.583,source=fused:fused;speedReason=OK;derived=11.11;locationGapMs=990;callbackGapMs=990;fusion=GPS_IMU
LOCATION,1790576786583,29.8101050,52.4785433,173.000,true,4.04,42.881,source=fused:fused;speedReason=OK;derived=11.53;locationGapMs=1011;callbackGapMs=1011;fusion=GPS_IMU
LOCATION,1790576787577,29.8100750,52.4785583,175.000,true,3.82,42.417,source=fused:fused;speedReason=OK;derived=11.85;locationGapMs=995;callbackGapMs=995;fusion=GPS_IMU
LOCATION,1790576788600,29.8100567,52.4785883,171.000,true,4.07,35.121,source=fused:fused;speedReason=OK;derived=12.54;locationGapMs=1016;callbackGapMs=1016;fusion=GPS_IMU
LOCATION,1790576789602,29.8100233,52.4785983,167.000,true,4.05,29.071,source=fused:fused;speedReason=OK;derived=13.13;locationGapMs=1007;callbackGapMs=1007;fusion=GPS_IMU
LOCATION,1790576790583,29.8099900,52.4786033,168.000,true,2.54,28.625,source=fused:fused;speedReason=OK;derived=13.63;locationGapMs=983;callbackGapMs=983;fusion=GPS_IMU
LOCATION,1790576791643,29.8099567,52.4786033,174.000,true,2.52,24.089,source=fused:fused;speedReason=OK;derived=13.63;locationGapMs=1061;callbackGapMs=1061;fusion=GPS_IMU
LOCATION,1790576792590,29.8099167,52.4786100,174.000,true,2.52,21.896,source=fused:fused;speedReason=OK;derived=13.63;locationGapMs=946;callbackGapMs=946;fusion=GPS_IMU
LOCATION,1790576793587,29.8098767,52.4786183,176.000,true,3.91,19.463,source=fused:fused;speedReason=OK;derived=16.27;locationGapMs=997;callbackGapMs=997;fusion=GPS_IMU
LOCATION,1790576794594,29.8098267,52.4786283,174.000,true,3.87,16.528,source=fused:fused;speedReason=OK;derived=17.05;locationGapMs=1000;callbackGapMs=1000;fusion=GPS_IMU
LOCATION,1790576795592,29.8097833,52.4786250,175.000,true,4.02,15.267,source=fused:fused;speedReason=OK;derived=17.27;locationGapMs=1005;callbackGapMs=1005;fusion=GPS_IMU
LOCATION,1790576796619,29.8097417,52.4786350,176.000,true,3.71,15.906,source=fused:fused;speedReason=OK;derived=17.27;locationGapMs=1026;callbackGapMs=1026;fusion=GPS_IMU
LOCATION,1790576797593,29.8096967,52.4786400,175.000,true,3.80,17.218,source=fused:fused;speedReason=OK;derived=17.27;locationGapMs=975;callbackGapMs=975;fusion=GPS_IMU
LOCATION,1790576798607,29.8096717,52.4786433,174.000,true,1.96,17.634,source=fused:fused;speedReason=OK;derived=16.53;locationGapMs=1014;callbackGapMs=1014;fusion=GPS_IMU
LOCATION,1790576799616,29.8096483,52.4786417,176.000,true,1.96,18.142,source=fused:fused;speedReason=OK;derived=9.90;locationGapMs=999;callbackGapMs=999;fusion=GPS_IMU
LOCATION,1790576800612,29.8096283,52.4786417,174.000,true,1.96,17.679,source=fused:fused;speedReason=OK;derived=9.36;locationGapMs=1005;callbackGapMs=1005;fusion=GPS_IMU
LOCATION,1790576801617,29.8096133,52.4786433,166.000,true,2.02,16.372,source=fused:fused;speedReason=OK;derived=7.94;locationGapMs=1005;callbackGapMs=1005;fusion=GPS_IMU
LOCATION,1790576802618,29.8096050,52.4786433,171.000,true,2.10,14.854,source=fused:fused;speedReason=OK;derived=5.98;locationGapMs=999;callbackGapMs=999;fusion=GPS_IMU
LOCATION,1790576803692,29.8095917,52.4786450,166.000,true,2.76,13.683,source=fused:fused;speedReason=OK;derived=4.95;locationGapMs=1078;callbackGapMs=1078;fusion=GPS_IMU
LOCATION,1790576804602,29.8095767,52.4786517,158.000,true,2.70,12.279,source=fused:fused;speedReason=OK;derived=4.95;locationGapMs=907;callbackGapMs=907;fusion=GPS_IMU
LOCATION,1790576805570,29.8095650,52.4786583,154.000,true,2.72,11.098,source=fused:fused;speedReason=OK;derived=5.39;locationGapMs=966;callbackGapMs=966;fusion=GPS_IMU
LOCATION,1790576806605,29.8095317,52.4786650,159.000,true,2.74,9.699,source=fused:fused;speedReason=OK;derived=7.08;locationGapMs=1036;callbackGapMs=1036;fusion=GPS_IMU
LOCATION,1790576807632,29.8094933,52.4786683,170.000,true,2.72,9.568,source=fused:fused;speedReason=OK;derived=13.02;locationGapMs=1028;callbackGapMs=1028;fusion=GPS_IMU
LOCATION,1790576808616,29.8094600,52.4786667,174.000,true,2.20,9.472,source=fused:fused;speedReason=OK;derived=13.50;locationGapMs=985;callbackGapMs=985;fusion=GPS_IMU
LOCATION,1790576809610,29.8094267,52.4786633,182.000,true,2.12,9.208,source=fused:fused;speedReason=OK;derived=13.50;locationGapMs=994;callbackGapMs=994;fusion=GPS_IMU
LOCATION,1790576810628,29.8093950,52.4786583,184.000,true,2.04,9.212,source=fused:fused;speedReason=OK;derived=13.42;locationGapMs=1010;callbackGapMs=1010;fusion=GPS_IMU
LOCATION,1790576811618,29.8093692,52.4786566,185.513,true,2.20,9.132,source=fused:fused;speedReason=OK;derived=12.64;locationGapMs=998;callbackGapMs=998;fusion=GPS_IMU
LOCATION,1790576812614,29.8093386,52.4786535,186.373,true,2.33,9.558,source=fused:fused;speedReason=OK;derived=12.31;locationGapMs=996;callbackGapMs=996;fusion=GPS_IMU
LOCATION,1790576813616,29.8093078,52.4786487,188.790,true,2.65,9.912,source=fused:fused;speedReason=OK;derived=12.31;locationGapMs=1001;callbackGapMs=1001;fusion=GPS_IMU
LOCATION,1790576814621,29.8092784,52.4786413,190.876,true,2.82,10.318,source=fused:fused;speedReason=OK;derived=12.31;locationGapMs=1005;callbackGapMs=1005;fusion=GPS_IMU
LOCATION,1790576815636,29.8092510,52.4786348,187.998,true,2.84,11.017,source=fused:fused;speedReason=OK;derived=11.95;locationGapMs=1009;callbackGapMs=1009;fusion=GPS_IMU
LOCATION,1790576816607,29.8092226,52.4786331,178.888,true,3.00,11.178,source=fused:fused;speedReason=OK;derived=11.62;locationGapMs=977;callbackGapMs=977;fusion=GPS_IMU
LOCATION,1790576817608,29.8091983,52.4786322,166.699,true,3.00,11.205,source=fused:fused;speedReason=OK;derived=11.07;locationGapMs=1001;callbackGapMs=1001;fusion=GPS_IMU
LOCATION,1790576818609,29.8091782,52.4786365,159.346,true,3.00,10.525,source=fused:fused;speedReason=OK;derived=9.69;locationGapMs=1001;callbackGapMs=1001;fusion=GPS_IMU
LOCATION,1790576819625,29.8091645,52.4786437,148.799,true,3.00,10.440,source=fused:fused;speedReason=OK;derived=8.15;locationGapMs=1016;callbackGapMs=1016;fusion=GPS_IMU
LOCATION,1790576820114,29.8091535,52.4786525,141.200,true,3.00,9.755,source=fused:fused;speedReason=OK;derived=8.15;locationGapMs=489;callbackGapMs=489;fusion=GPS_IMU
LOCATION,1790576820607,29.8091535,52.4786548,133.469,true,3.00,9.856,source=fused:fused;speedReason=OK;derived=5.92;locationGapMs=495;callbackGapMs=495;fusion=GPS_IMU
LOCATION,1790576821599,29.8091462,52.4786764,110.711,true,3.00,9.718,source=fused:fused;speedReason=OK;derived=8.17;locationGapMs=987;callbackGapMs=987;fusion=GPS_IMU
LOCATION,1790576822625,29.8091461,52.4787109,88.658,true,3.00,9.165,source=fused:fused;speedReason=OK;derived=8.17;locationGapMs=1030;callbackGapMs=1030;fusion=GPS_IMU
LOCATION,1790576823619,29.8091546,52.4787501,75.051,true,3.00,9.222,source=fused:fused;speedReason=OK;derived=11.66;locationGapMs=993;callbackGapMs=993;fusion=GPS_IMU
LOCATION,1790576824614,29.8091628,52.4787941,72.221,true,3.00,9.488,source=fused:fused;speedReason=OK;derived=14.16;locationGapMs=995;callbackGapMs=995;fusion=GPS_IMU
LOCATION,1790576825614,29.8091707,52.4788303,73.111,true,3.00,9.855,source=fused:fused;speedReason=OK;derived=14.16;locationGapMs=996;callbackGapMs=996;fusion=GPS_IMU
LOCATION,1790576826612,29.8091766,52.4788668,71.300,true,3.00,10.645,source=fused:fused;speedReason=OK;derived=13.04;locationGapMs=999;callbackGapMs=999;fusion=GPS_IMU
LOCATION,1790576827621,29.8091819,52.4789073,63.707,true,3.00,11.518,source=fused:fused;speedReason=OK;derived=13.04;locationGapMs=1012;callbackGapMs=1012;fusion=GPS_IMU
LOCATION,1790576828623,29.8091863,52.4789539,76.631,true,3.00,12.145,source=fused:fused;speedReason=OK;derived=14.08;locationGapMs=1001;callbackGapMs=1001;fusion=GPS_IMU
LOCATION,1790576829617,29.8091907,52.4790062,84.577,true,3.00,13.396,source=fused:fused;speedReason=OK;derived=16.30;locationGapMs=996;callbackGapMs=996;fusion=GPS_IMU
LOCATION,1790576830623,29.8091952,52.4790615,84.699,true,3.00,15.063,source=fused:fused;speedReason=OK;derived=18.36;locationGapMs=1006;callbackGapMs=1006;fusion=GPS_IMU
LOCATION,1790576831624,29.8091990,52.4791198,81.871,true,3.00,16.467,source=fused:fused;speedReason=OK;derived=19.21;locationGapMs=995;callbackGapMs=995;fusion=GPS_IMU
LOCATION,1790576832626,29.8092044,52.4791800,89.937,true,3.00,16.483,source=fused:fused;speedReason=OK;derived=20.45;locationGapMs=1005;callbackGapMs=1005;fusion=GPS_IMU
LOCATION,1790576833628,29.8092092,52.4792397,93.865,true,3.03,16.980,source=fused:fused;speedReason=OK;derived=20.78;locationGapMs=1004;callbackGapMs=1004;fusion=GPS_IMU
LOCATION,1790576834619,29.8092283,52.4793483,84.000,true,2.98,17.471,source=fused:fused;speedReason=OK;derived=20.96;locationGapMs=990;callbackGapMs=990;fusion=GPS_IMU
LOCATION,1790576835611,29.8092333,52.4794167,86.000,true,2.94,18.247,source=fused:fused;speedReason=OK;derived=24.03;locationGapMs=994;callbackGapMs=994;fusion=GPS_IMU
LOCATION,1790576836626,29.8092367,52.4794867,88.000,true,2.88,19.201,source=fused:fused;speedReason=OK;derived=24.13;locationGapMs=1011;callbackGapMs=1011;fusion=GPS_IMU
LOCATION,1790576837619,29.8092367,52.4795650,89.000,true,2.80,20.049,source=fused:fused;speedReason=OK;derived=24.13;locationGapMs=999;callbackGapMs=999;fusion=GPS_IMU
LOCATION,1790576838626,29.8092367,52.4796467,89.000,true,2.50,21.047,source=fused:fused;speedReason=OK;derived=27.28;locationGapMs=1005;callbackGapMs=1005;fusion=GPS_IMU
LOCATION,1790576839638,29.8092267,52.4797283,91.000,true,2.36,24.750,source=fused:fused;speedReason=OK;derived=28.29;locationGapMs=1012;callbackGapMs=1012;fusion=GPS_IMU
LOCATION,1790576840636,29.8092200,52.4798117,95.000,true,2.20,27.047,source=fused:fused;speedReason=OK;derived=28.34;locationGapMs=997;callbackGapMs=997;fusion=GPS_IMU
LOCATION,1790576841622,29.8092117,52.4798950,95.000,true,2.15,28.167,source=fused:fused;speedReason=OK;derived=29.23;locationGapMs=985;callbackGapMs=985;fusion=GPS_IMU
LOCATION,1790576842646,29.8092000,52.4799783,97.000,true,1.94,29.206,source=fused:fused;speedReason=OK;derived=29.23;locationGapMs=1020;callbackGapMs=1020;fusion=GPS_IMU
LOCATION,1790576843639,29.8091883,52.4800583,97.000,true,1.92,29.433,source=fused:fused;speedReason=OK;derived=28.79;locationGapMs=999;callbackGapMs=999;fusion=GPS_IMU
LOCATION,1790576844632,29.8091733,52.4801350,100.000,true,1.87,28.759,source=fused:fused;speedReason=OK;derived=28.26;locationGapMs=992;callbackGapMs=992;fusion=GPS_IMU
LOCATION,1790576845636,29.8091617,52.4802117,98.000,true,1.82,28.330,source=fused:fused;speedReason=OK;derived=27.58;locationGapMs=1004;callbackGapMs=1004;fusion=GPS_IMU
LOCATION,1790576846616,29.8091483,52.4802850,101.000,true,1.80,28.287,source=fused:fused;speedReason=OK;derived=26.98;locationGapMs=982;callbackGapMs=982;fusion=GPS_IMU
LOCATION,1790576847651,29.8091367,52.4803567,99.000,true,1.78,28.167,source=fused:fused;speedReason=OK;derived=26.54;locationGapMs=1026;callbackGapMs=1026;fusion=GPS_IMU
LOCATION,1790576848635,29.8091267,52.4804267,104.000,true,1.76,27.497,source=fused:fused;speedReason=OK;derived=24.88;locationGapMs=992;callbackGapMs=992;fusion=GPS_IMU
LOCATION,1790576849635,29.8091067,52.4804933,109.000,true,1.75,26.259,source=fused:fused;speedReason=OK;derived=24.74;locationGapMs=1001;callbackGapMs=1001;fusion=GPS_IMU
LOCATION,1790576850631,29.8090833,52.4805567,111.000,true,1.73,25.745,source=fused:fused;speedReason=OK;derived=24.49;locationGapMs=993;callbackGapMs=993;fusion=GPS_IMU
LOCATION,1790576851695,29.8090567,52.4806217,114.000,true,1.72,25.495,source=fused:fused;speedReason=OK;derived=24.13;locationGapMs=1065;callbackGapMs=1065;fusion=GPS_IMU
LOCATION,1790576852647,29.8090317,52.4806867,115.000,true,1.72,25.693,source=fused:fused;speedReason=OK;derived=24.13;locationGapMs=948;callbackGapMs=948;fusion=GPS_IMU
LOCATION,1790576853622,29.8090033,52.4807533,116.000,true,1.70,25.922,source=fused:fused;speedReason=OK;derived=26.08;locationGapMs=980;callbackGapMs=980;fusion=GPS_IMU
LOCATION,1790576854638,29.8089717,52.4808200,116.000,true,1.70,25.904,source=fused:fused;speedReason=OK;derived=26.08;locationGapMs=1015;callbackGapMs=1015;fusion=GPS_IMU
LOCATION,1790576855644,29.8089433,52.4808867,116.000,true,1.70,26.076,source=fused:fused;speedReason=OK;derived=26.03;locationGapMs=1007;callbackGapMs=1007;fusion=GPS_IMU
LOCATION,1790576856643,29.8089133,52.4809533,118.000,true,1.70,26.136,source=fused:fused;speedReason=OK;derived=26.03;locationGapMs=997;callbackGapMs=997;fusion=GPS_IMU
LOCATION,1790576857714,29.8088817,52.4810183,117.000,true,1.68,26.392,source=fused:fused;speedReason=OK;derived=25.65;locationGapMs=1065;callbackGapMs=1065;fusion=GPS_IMU
LOCATION,1790576858637,29.8088500,52.4810833,119.000,true,1.66,26.441,source=fused:fused;speedReason=OK;derived=26.17;locationGapMs=931;callbackGapMs=931;fusion=GPS_IMU
LOCATION,1790576859632,29.8088133,52.4811450,123.000,true,1.65,27.431,source=fused:fused;speedReason=OK;derived=26.12;locationGapMs=995;callbackGapMs=995;fusion=GPS_IMU
LOCATION,1790576860645,29.8087750,52.4812017,128.000,true,1.63,27.015,source=fused:fused;speedReason=OK;derived=26.12;locationGapMs=1012;callbackGapMs=1012;fusion=GPS_IMU
LOCATION,1790576861645,29.8087350,52.4812533,128.000,true,1.60,26.436,source=fused:fused;speedReason=OK;derived=24.66;locationGapMs=1000;callbackGapMs=1000;fusion=GPS_IMU
LOCATION,1790576862621,29.8087000,52.4813000,129.000,true,1.60,25.410,source=fused:fused;speedReason=OK;derived=24.03;locationGapMs=977;callbackGapMs=977;fusion=GPS_IMU
LOCATION,1790576863651,29.8086700,52.4813433,124.000,true,1.60,23.450,source=fused:fused;speedReason=OK;derived=21.93;locationGapMs=1024;callbackGapMs=1024;fusion=GPS_IMU
LOCATION,1790576864641,29.8086433,52.4813833,129.000,true,1.60,23.124,source=fused:fused;speedReason=OK;derived=18.79;locationGapMs=995;callbackGapMs=995;fusion=GPS_IMU
LOCATION,1790576865712,29.8086167,52.4814133,135.000,true,1.60,21.017,source=fused:fused;speedReason=OK;derived=17.62;locationGapMs=1072;callbackGapMs=1072;fusion=GPS_IMU
LOCATION,1790576866640,29.8085900,52.4814350,149.000,true,1.60,17.001,source=fused:fused;speedReason=OK;derived=14.07;locationGapMs=928;callbackGapMs=928;fusion=GPS_IMU
LOCATION,1790576867643,29.8085633,52.4814450,163.000,true,1.60,15.045,source=fused:fused;speedReason=OK;derived=13.89;locationGapMs=1001;callbackGapMs=1001;fusion=GPS_IMU
LOCATION,1790576868632,29.8085283,52.4814483,181.000,true,1.60,13.147,source=fused:fused;speedReason=OK;derived=14.07;locationGapMs=991;callbackGapMs=991;fusion=GPS_IMU
LOCATION,1790576869643,29.8084883,52.4814350,199.000,true,1.62,12.723,source=fused:fused;speedReason=OK;derived=14.14;locationGapMs=1006;callbackGapMs=1006;fusion=GPS_IMU
LOCATION,1790576870651,29.8084417,52.4814083,205.000,true,1.62,14.773,source=fused:fused;speedReason=OK;derived=16.52;locationGapMs=1013;callbackGapMs=1013;fusion=GPS_IMU
LOCATION,1790576871613,29.8083900,52.4813750,207.000,true,1.62,18.551,source=fused:fused;speedReason=OK;derived=20.52;locationGapMs=963;callbackGapMs=963;fusion=GPS_IMU
LOCATION,1790576872636,29.8083317,52.4813367,209.000,true,1.62,22.345,source=fused:fused;speedReason=OK;derived=24.57;locationGapMs=1021;callbackGapMs=1021;fusion=GPS_IMU
LOCATION,1790576873633,29.8082633,52.4812950,208.000,true,1.62,25.994,source=fused:fused;speedReason=OK;derived=26.26;locationGapMs=998;callbackGapMs=998;fusion=GPS_IMU
LOCATION,1790576874638,29.8081950,52.4812483,209.000,true,1.62,29.341,source=fused:fused;speedReason=OK;derived=30.98;locationGapMs=1005;callbackGapMs=1005;fusion=GPS_IMU
LOCATION,1790576875649,29.8081283,52.4812017,210.000,true,1.60,31.921,source=fused:fused;speedReason=OK;derived=31.01;locationGapMs=1005;callbackGapMs=1005;fusion=GPS_IMU
LOCATION,1790576876633,29.8080567,52.4811550,210.000,true,1.60,32.904,source=fused:fused;speedReason=OK;derived=31.58;locationGapMs=990;callbackGapMs=990;fusion=GPS_IMU
LOCATION,1790576877621,29.8079867,52.4811100,210.000,true,1.60,33.354,source=fused:fused;speedReason=OK;derived=32.41;locationGapMs=988;callbackGapMs=988;fusion=GPS_IMU
LOCATION,1790576878634,29.8079150,52.4810633,210.000,true,1.60,33.309,source=fused:fused;speedReason=OK;derived=32.52;locationGapMs=1012;callbackGapMs=1012;fusion=GPS_IMU
LOCATION,1790576879635,29.8078450,52.4810200,209.000,true,1.60,33.646,source=fused:fused;speedReason=OK;derived=32.41;locationGapMs=1002;callbackGapMs=1002;fusion=GPS_IMU
LOCATION,1790576880638,29.8077750,52.4809750,208.000,true,1.60,32.881,source=fused:fused;speedReason=OK;derived=31.93;locationGapMs=1003;callbackGapMs=1003;fusion=GPS_IMU
LOCATION,1790576881642,29.8077100,52.4809350,209.000,true,1.60,32.099,source=fused:fused;speedReason=OK;derived=31.68;locationGapMs=999;callbackGapMs=999;fusion=GPS_IMU
LOCATION,1790576882695,29.8076433,52.4808917,208.000,true,1.60,30.950,source=fused:fused;speedReason=OK;derived=29.47;locationGapMs=1057;callbackGapMs=1057;fusion=GPS_IMU
LOCATION,1790576883631,29.8075750,52.4808500,208.000,true,1.60,30.553,source=fused:fused;speedReason=OK;derived=29.47;locationGapMs=936;callbackGapMs=936;fusion=GPS_IMU
LOCATION,1790576884632,29.8075117,52.4808117,207.000,true,1.60,30.258,source=fused:fused;speedReason=OK;derived=28.94;locationGapMs=1002;callbackGapMs=1002;fusion=GPS_IMU
LOCATION,1790576885638,29.8074467,52.4807733,208.000,true,1.60,29.875,source=fused:fused;speedReason=OK;derived=29.03;locationGapMs=1005;callbackGapMs=1005;fusion=GPS_IMU
LOCATION,1790576886642,29.8073833,52.4807333,209.000,true,1.60,29.393,source=fused:fused;speedReason=OK;derived=28.88;locationGapMs=1000;callbackGapMs=1000;fusion=GPS_IMU
LOCATION,1790576887649,29.8073200,52.4806933,209.000,true,1.60,28.807,source=fused:fused;speedReason=OK;derived=28.88;locationGapMs=1011;callbackGapMs=1011;fusion=GPS_IMU
LOCATION,1790576888712,29.8072583,52.4806567,209.000,true,1.60,28.284,source=fused:fused;speedReason=OK;derived=28.53;locationGapMs=1063;callbackGapMs=1063;fusion=GPS_IMU
LOCATION,1790576889645,29.8071950,52.4806200,209.000,true,1.60,27.481,source=fused:fused;speedReason=OK;derived=28.53;locationGapMs=932;callbackGapMs=932;fusion=GPS_IMU
LOCATION,1790576890641,29.8071350,52.4805833,210.000,true,1.60,27.109,source=fused:fused;speedReason=OK;derived=27.25;locationGapMs=996;callbackGapMs=996;fusion=GPS_IMU
LOCATION,1790576891620,29.8070783,52.4805483,209.000,true,1.60,27.281,source=fused:fused;speedReason=OK;derived=27.25;locationGapMs=981;callbackGapMs=981;fusion=GPS_IMU
LOCATION,1790576892633,29.8070217,52.4805150,209.000,true,1.60,26.950,source=fused:fused;speedReason=OK;derived=26.19;locationGapMs=1007;callbackGapMs=1007;fusion=GPS_IMU
LOCATION,1790576893631,29.8069717,52.4804850,210.000,true,1.60,25.196,source=fused:fused;speedReason=OK;derived=25.21;locationGapMs=1004;callbackGapMs=1004;fusion=GPS_IMU
LOCATION,1790576894700,29.8069267,52.4804533,209.000,true,1.60,23.502,source=fused:fused;speedReason=OK;derived=22.43;locationGapMs=1069;callbackGapMs=1069;fusion=GPS_IMU
LOCATION,1790576895638,29.8068833,52.4804233,210.000,true,1.60,20.076,source=fused:fused;speedReason=OK;derived=21.56;locationGapMs=938;callbackGapMs=938;fusion=GPS_IMU
LOCATION,1790576896634,29.8068400,52.4803917,209.000,true,1.60,18.467,source=fused:fused;speedReason=OK;derived=20.58;locationGapMs=995;callbackGapMs=995;fusion=GPS_IMU
LOCATION,1790576897645,29.8067933,52.4803667,200.000,true,1.60,17.946,source=fused:fused;speedReason=OK;derived=20.58;locationGapMs=1008;callbackGapMs=1008;fusion=GPS_IMU
LOCATION,1790576898634,29.8067383,52.4803417,194.000,true,1.60,19.511,source=fused:fused;speedReason=OK;derived=20.58;locationGapMs=992;callbackGapMs=992;fusion=GPS_IMU
LOCATION,1790576899685,29.8066783,52.4803317,183.000,true,1.60,21.377,source=fused:fused;speedReason=OK;derived=23.80;locationGapMs=1010;callbackGapMs=1010;fusion=GPS_IMU
LOCATION,1790576900702,29.8066200,52.4803350,169.000,true,1.60,22.747,source=fused:fused;speedReason=OK;derived=23.80;locationGapMs=1057;callbackGapMs=1057;fusion=GPS_IMU
LOCATION,1790576901638,29.8065633,52.4803600,153.000,true,1.62,23.839,source=fused:fused;speedReason=OK;derived=23.96;locationGapMs=937;callbackGapMs=937;fusion=GPS_IMU
LOCATION,1790576902649,29.8065117,52.4804017,142.000,true,1.63,24.996,source=fused:fused;speedReason=OK;derived=25.02;locationGapMs=1007;callbackGapMs=1007;fusion=GPS_IMU
LOCATION,1790576903636,29.8064817,52.4804683,128.000,true,1.66,24.536,source=fused:fused;speedReason=OK;derived=25.87;locationGapMs=991;callbackGapMs=991;fusion=GPS_IMU
LOCATION,1790576904632,29.8064483,52.4805283,122.000,true,1.67,23.753,source=fused:fused;speedReason=OK;derived=25.02;locationGapMs=996;callbackGapMs=996;fusion=GPS_IMU
LOCATION,1790576905631,29.8064150,52.4805983,120.000,true,1.67,23.413,source=fused:fused;speedReason=OK;derived=26.32;locationGapMs=1003;callbackGapMs=1003;fusion=GPS_IMU
LOCATION,1790576906656,29.8063800,52.4806717,120.000,true,1.67,24.379,source=fused:fused;speedReason=OK;derived=27.67;locationGapMs=1025;callbackGapMs=1025;fusion=GPS_IMU
LOCATION,1790576907637,29.8063433,52.4807467,119.000,true,1.67,25.270,source=fused:fused;speedReason=OK;derived=28.40;locationGapMs=980;callbackGapMs=980;fusion=GPS_IMU
LOCATION,1790576908561,29.8063100,52.4808250,119.000,true,1.67,26.779,source=fused:fused;speedReason=OK;derived=30.54;locationGapMs=922;callbackGapMs=922;fusion=GPS_IMU
LOCATION,1790576909582,29.8062733,52.4809033,118.000,true,1.67,26.106,source=fused:fused;speedReason=OK;derived=30.54;locationGapMs=1022;callbackGapMs=1022;fusion=GPS_IMU
LOCATION,1790576910621,29.8062367,52.4809883,119.000,true,1.68,25.647,source=fused:fused;speedReason=OK;derived=31.78;locationGapMs=1038;callbackGapMs=1038;fusion=GPS_IMU
LOCATION,1790576911640,29.8061917,52.4810733,120.000,true,1.72,25.570,source=fused:fused;speedReason=OK;derived=31.78;locationGapMs=1019;callbackGapMs=1019;fusion=GPS_IMU
LOCATION,1790576912641,29.8061450,52.4811633,119.000,true,1.74,26.629,source=fused:fused;speedReason=OK;derived=33.96;locationGapMs=1000;callbackGapMs=1000;fusion=GPS_IMU
LOCATION,1790576913633,29.8060917,52.4812733,119.000,true,1.78,28.442,source=fused:fused;speedReason=OK;derived=36.45;locationGapMs=988;callbackGapMs=988;fusion=GPS_IMU
LOCATION,1790576914631,29.8060333,52.4813967,118.000,true,1.82,34.367,source=fused:fused;speedReason=OK;derived=44.33;locationGapMs=1004;callbackGapMs=1004;fusion=GPS_IMU
LOCATION,1790576915629,29.8059700,52.4815250,119.000,true,1.84,40.457,source=fused:fused;speedReason=OK;derived=48.67;locationGapMs=996;callbackGapMs=996;fusion=GPS_IMU
LOCATION,1790576916631,29.8058950,52.4816517,122.000,true,1.82,46.502,source=fused:fused;speedReason=OK;derived=51.51;locationGapMs=1004;callbackGapMs=1004;fusion=GPS_IMU
LOCATION,1790576917626,29.8058250,52.4817750,122.000,true,1.80,49.646,source=fused:fused;speedReason=OK;derived=51.56;locationGapMs=993;callbackGapMs=993;fusion=GPS_IMU
LOCATION,1790576918650,29.8057600,52.4818900,121.000,true,1.74,51.137,source=fused:fused;speedReason=OK;derived=51.56;locationGapMs=1018;callbackGapMs=1018;fusion=GPS_IMU
LOCATION,1790576919696,29.8056983,52.4820017,122.000,true,1.73,50.656,source=fused:fused;speedReason=OK;derived=46.85;locationGapMs=1052;callbackGapMs=1052;fusion=GPS_IMU
LOCATION,1790576920635,29.8056400,52.4821117,120.000,true,1.68,48.495,source=fused:fused;speedReason=OK;derived=46.85;locationGapMs=939;callbackGapMs=939;fusion=GPS_IMU
LOCATION,1790576921645,29.8055850,52.4822183,120.000,true,1.68,46.943,source=fused:fused;speedReason=OK;derived=43.74;locationGapMs=1010;callbackGapMs=1010;fusion=GPS_IMU
LOCATION,1790576922645,29.8055283,52.4823283,121.000,true,1.68,45.849,source=fused:fused;speedReason=OK;derived=44.43;locationGapMs=1001;callbackGapMs=1001;fusion=GPS_IMU
LOCATION,1790576923656,29.8054700,52.4824450,120.000,true,1.70,45.823,source=fused:fused;speedReason=OK;derived=44.43;locationGapMs=1004;callbackGapMs=1004;fusion=GPS_IMU
LOCATION,1790576924635,29.8054100,52.4825600,121.000,true,1.70,46.328,source=fused:fused;speedReason=OK;derived=46.62;locationGapMs=985;callbackGapMs=985;fusion=GPS_IMU
LOCATION,1790576925684,29.8053467,52.4826767,120.000,true,1.70,47.239,source=fused:fused;speedReason=OK;derived=46.62;locationGapMs=1049;callbackGapMs=1049;fusion=GPS_IMU
LOCATION,1790576926638,29.8052833,52.4827983,120.000,true,1.68,48.172,source=fused:fused;speedReason=OK;derived=47.35;locationGapMs=955;callbackGapMs=955;fusion=GPS_IMU
LOCATION,1790576927648,29.8052200,52.4829217,120.000,true,1.67,48.800,source=fused:fused;speedReason=OK;derived=49.38;locationGapMs=1009;callbackGapMs=1009;fusion=GPS_IMU
LOCATION,1790576928634,29.8051533,52.4830450,121.000,true,1.65,49.780,source=fused:fused;speedReason=OK;derived=51.21;locationGapMs=986;callbackGapMs=986;fusion=GPS_IMU
LOCATION,1790576929656,29.8050850,52.4831700,122.000,true,1.62,51.022,source=fused:fused;speedReason=OK;derived=50.53;locationGapMs=1016;callbackGapMs=1016;fusion=GPS_IMU
LOCATION,1790576930641,29.8050183,52.4833000,121.000,true,1.60,51.786,source=fused:fused;speedReason=OK;derived=51.21;locationGapMs=990;callbackGapMs=990;fusion=GPS_IMU
LOCATION,1790576931715,29.8049500,52.4834317,121.000,true,1.60,52.529,source=fused:fused;speedReason=OK;derived=50.53;locationGapMs=1069;callbackGapMs=1069;fusion=GPS_IMU
LOCATION,1790576932649,29.8048783,52.4835600,122.000,true,1.60,52.736,source=fused:fused;speedReason=OK;derived=53.02;locationGapMs=939;callbackGapMs=939;fusion=GPS_IMU
LOCATION,1790576933629,29.8048050,52.4836900,121.000,true,1.60,53.269,source=fused:fused;speedReason=OK;derived=54.92;locationGapMs=981;callbackGapMs=981;fusion=GPS_IMU
LOCATION,1790576934627,29.8047367,52.4838217,121.000,true,1.60,53.686,source=fused:fused;speedReason=OK;derived=54.92;locationGapMs=996;callbackGapMs=996;fusion=GPS_IMU
LOCATION,1790576935637,29.8046667,52.4839550,121.000,true,1.60,53.857,source=fused:fused;speedReason=OK;derived=53.62;locationGapMs=1010;callbackGapMs=1010;fusion=GPS_IMU
LOCATION,1790576936633,29.8045983,52.4840900,120.000,true,1.60,54.282,source=fused:fused;speedReason=OK;derived=53.62;locationGapMs=999;callbackGapMs=999;fusion=GPS_IMU
LOCATION,1790576937629,29.8045267,52.4842250,120.000,true,1.60,54.805,source=fused:fused;speedReason=OK;derived=54.39;locationGapMs=996;callbackGapMs=996;fusion=GPS_IMU
LOCATION,1790576938634,29.8044567,52.4843600,121.000,true,1.60,55.177,source=fused:fused;speedReason=OK;derived=54.39;locationGapMs=1005;callbackGapMs=1005;fusion=GPS_IMU
LOCATION,1790576939647,29.8043883,52.4844917,121.000,true,1.60,55.501,source=fused:fused;speedReason=OK;derived=54.39;locationGapMs=1012;callbackGapMs=1012;fusion=GPS_IMU
LOCATION,1790576940642,29.8043200,52.4846233,121.000,true,1.60,55.573,source=fused:fused;speedReason=OK;derived=53.73;locationGapMs=992;callbackGapMs=992;fusion=GPS_IMU
LOCATION,1790576941636,29.8042500,52.4847517,121.000,true,1.60,54.703,source=fused:fused;speedReason=OK;derived=52.86;locationGapMs=997;callbackGapMs=997;fusion=GPS_IMU
LOCATION,1790576942709,29.8041800,52.4848767,122.000,true,1.60,54.203,source=fused:fused;speedReason=OK;derived=52.86;locationGapMs=1073;callbackGapMs=1073;fusion=GPS_IMU
LOCATION,1790576943633,29.8041100,52.4849967,121.000,true,1.60,53.717,source=fused:fused;speedReason=OK;derived=52.86;locationGapMs=925;callbackGapMs=925;fusion=GPS_IMU
LOCATION,1790576944646,29.8040433,52.4851150,121.000,true,1.58,52.186,source=fused:fused;speedReason=OK;derived=48.45;locationGapMs=1012;callbackGapMs=1012;fusion=GPS_IMU
LOCATION,1790576945637,29.8039817,52.4852350,121.000,true,1.57,51.264,source=fused:fused;speedReason=OK;derived=48.85;locationGapMs=992;callbackGapMs=992;fusion=GPS_IMU
LOCATION,1790576946639,29.8039200,52.4853550,120.000,true,1.57,50.558,source=fused:fused;speedReason=OK;derived=48.58;locationGapMs=998;callbackGapMs=998;fusion=GPS_IMU
LOCATION,1790576947635,29.8038583,52.4854717,121.000,true,1.57,49.651,source=fused:fused;speedReason=OK;derived=48.58;locationGapMs=1000;callbackGapMs=1000;fusion=GPS_IMU
LOCATION,1790576948697,29.8037983,52.4855867,120.000,true,1.56,49.518,source=fused:fused;speedReason=OK;derived=47.50;locationGapMs=1062;callbackGapMs=1062;fusion=GPS_IMU
LOCATION,1790576949640,29.8037383,52.4856983,121.000,true,1.57,48.301,source=fused:fused;speedReason=OK;derived=47.50;locationGapMs=942;callbackGapMs=942;fusion=GPS_IMU
LOCATION,1790576950644,29.8036767,52.4858100,121.000,true,1.60,47.671,source=fused:fused;speedReason=OK;derived=45.81;locationGapMs=1004;callbackGapMs=1004;fusion=GPS_IMU
LOCATION,1790576951625,29.8036167,52.4859217,120.000,true,1.60,46.422,source=fused:fused;speedReason=OK;derived=46.45;locationGapMs=983;callbackGapMs=983;fusion=GPS_IMU
LOCATION,1790576952647,29.8035600,52.4860350,119.000,true,1.60,45.639,source=fused:fused;speedReason=OK;derived=45.81;locationGapMs=1015;callbackGapMs=1015;fusion=GPS_IMU
LOCATION,1790576953650,29.8035050,52.4861517,119.000,true,1.60,45.379,source=fused:fused;speedReason=OK;derived=45.75;locationGapMs=1009;callbackGapMs=1009;fusion=GPS_IMU
LOCATION,1790576954705,29.8034450,52.4862700,119.000,true,1.60,46.141,source=fused:fused;speedReason=OK;derived=45.19;locationGapMs=1054;callbackGapMs=1054;fusion=GPS_IMU
LOCATION,1790576955640,29.8033867,52.4863883,120.000,true,1.60,47.395,source=fused:fused;speedReason=OK;derived=45.75;locationGapMs=935;callbackGapMs=935;fusion=GPS_IMU
LOCATION,1790576956651,29.8033283,52.4865083,121.000,true,1.60,48.148,source=fused:fused;speedReason=OK;derived=47.26;locationGapMs=1012;callbackGapMs=1012;fusion=GPS_IMU
LOCATION,1790576957648,29.8032667,52.4866267,121.000,true,1.60,48.693,source=fused:fused;speedReason=OK;derived=48.32;locationGapMs=993;callbackGapMs=993;fusion=GPS_IMU
LOCATION,1790576958647,29.8032083,52.4867400,120.000,true,1.60,48.157,source=fused:fused;speedReason=OK;derived=47.26;locationGapMs=1003;callbackGapMs=1003;fusion=GPS_IMU
LOCATION,1790576959646,29.8031500,52.4868500,121.000,true,1.60,46.907,source=fused:fused;speedReason=OK;derived=45.67;locationGapMs=999;callbackGapMs=999;fusion=GPS_IMU
LOCATION,1790576960707,29.8030983,52.4869633,120.000,true,1.60,45.052,source=fused:fused;speedReason=OK;derived=44.84;locationGapMs=1061;callbackGapMs=1061;fusion=GPS_IMU
LOCATION,1790576961643,29.8030400,52.4870783,119.000,true,1.60,43.947,source=fused:fused;speedReason=OK;derived=44.84;locationGapMs=935;callbackGapMs=935;fusion=GPS_IMU
LOCATION,1790576962633,29.8029783,52.4871967,119.000,true,1.60,44.512,source=fused:fused;speedReason=OK;derived=48.39;locationGapMs=992;callbackGapMs=992;fusion=GPS_IMU
LOCATION,1790576963642,29.8029183,52.4873200,119.000,true,1.60,45.688,source=fused:fused;speedReason=OK;derived=48.99;locationGapMs=1003;callbackGapMs=1003;fusion=GPS_IMU
LOCATION,1790576964646,29.8028550,52.4874467,120.000,true,1.60,47.044,source=fused:fused;speedReason=OK;derived=48.99;locationGapMs=1008;callbackGapMs=1008;fusion=GPS_IMU
LOCATION,1790576965648,29.8027867,52.4875733,121.000,true,1.60,47.992,source=fused:fused;speedReason=OK;derived=50.42;locationGapMs=1002;callbackGapMs=1002;fusion=GPS_IMU
LOCATION,1790576966726,29.8027200,52.4876983,120.000,true,1.60,48.641,source=fused:fused;speedReason=OK;derived=50.42;locationGapMs=1079;callbackGapMs=1079;fusion=GPS_IMU
LOCATION,1790576967643,29.8026533,52.4878250,120.000,true,1.60,49.176,source=fused:fused;speedReason=OK;derived=51.71;locationGapMs=917;callbackGapMs=917;fusion=GPS_IMU
LOCATION,1790576968634,29.8025850,52.4879567,120.000,true,1.60,49.651,source=fused:fused;speedReason=OK;derived=53.87;locationGapMs=990;callbackGapMs=990;fusion=GPS_IMU
LOCATION,1790576969600,29.8025150,52.4880850,121.000,true,1.60,49.994,source=fused:fused;speedReason=OK;derived=54.47;locationGapMs=967;callbackGapMs=967;fusion=GPS_IMU
LOCATION,1790576970587,29.8024450,52.4882133,121.000,true,1.60,50.194,source=fused:fused;speedReason=OK;derived=53.87;locationGapMs=990;callbackGapMs=990;fusion=GPS_IMU
LOCATION,1790576971641,29.8023767,52.4883400,120.000,true,1.62,50.307,source=fused:fused;speedReason=OK;derived=53.20;locationGapMs=1049;callbackGapMs=1049;fusion=GPS_IMU
LOCATION,1790576972589,29.8023117,52.4884650,121.000,true,1.63,50.404,source=fused:fused;speedReason=OK;derived=53.20;locationGapMs=951;callbackGapMs=951;fusion=GPS_IMU
LOCATION,1790576973634,29.8022433,52.4885900,120.000,true,1.65,50.452,source=fused:fused;speedReason=OK;derived=49.42;locationGapMs=1043;callbackGapMs=1043;fusion=GPS_IMU
LOCATION,1790576974650,29.8021800,52.4887167,119.000,true,1.66,50.520,source=fused:fused;speedReason=OK;derived=50.22;locationGapMs=1012;callbackGapMs=1012;fusion=GPS_IMU
LOCATION,1790576975643,29.8021200,52.4888433,119.000,true,1.66,50.526,source=fused:fused;speedReason=OK;derived=50.22;locationGapMs=995;callbackGapMs=995;fusion=GPS_IMU
LOCATION,1790576976636,29.8020683,52.4889717,118.000,true,1.65,50.531,source=fused:fused;speedReason=OK;derived=50.22;locationGapMs=995;callbackGapMs=995;fusion=GPS_IMU
LOCATION,1790576977641,29.8020117,52.4890933,117.000,true,1.60,50.406,source=fused:fused;speedReason=OK;derived=49.47;locationGapMs=1005;callbackGapMs=1005;fusion=GPS_IMU
LOCATION,1790576978706,29.8019567,52.4892200,117.000,true,3.52,50.289,source=fused:fused;speedReason=OK;derived=47.73;locationGapMs=1063;callbackGapMs=1063;fusion=GPS_IMU
LOCATION,1790576979630,29.8019017,52.4893483,116.000,true,4.82,50.179,source=fused:fused;speedReason=OK;derived=47.73;locationGapMs=927;callbackGapMs=927;fusion=GPS_IMU
LOCATION,1790576980649,29.8018417,52.4894800,115.000,true,6.43,50.230,source=fused:fused;speedReason=OK;derived=51.05;locationGapMs=1013;callbackGapMs=1013;fusion=GPS_IMU
LOCATION,1790576981621,29.8017867,52.4896117,114.000,true,8.05,50.265,source=fused:fused;speedReason=OK;derived=51.96;locationGapMs=978;callbackGapMs=978;fusion=GPS_IMU
LOCATION,1790576982634,29.8017333,52.4897483,113.000,true,9.67,50.336,source=fused:fused;speedReason=OK;derived=51.43;locationGapMs=1013;callbackGapMs=1013;fusion=GPS_IMU
LOCATION,1790576983636,29.8016833,52.4898817,112.000,true,11.30,50.386,source=fused:fused;speedReason=OK;derived=51.43;locationGapMs=1001;callbackGapMs=1001;fusion=GPS_IMU
LOCATION,1790576984636,29.8016350,52.4900150,111.000,true,11.30,50.432,source=fused:fused;speedReason=OK;derived=50.48;locationGapMs=999;callbackGapMs=999;fusion=GPS_IMU
LOCATION,1790576985634,29.8015883,52.4901433,111.000,true,11.30,50.420,source=fused:fused;speedReason=OK;derived=50.29;locationGapMs=1001;callbackGapMs=1001;fusion=GPS_IMU
LOCATION,1790576986634,29.8015417,52.4902683,111.000,true,11.30,50.268,source=fused:fused;speedReason=OK;derived=48.34;locationGapMs=995;callbackGapMs=995;fusion=GPS_IMU
LOCATION,1790576987635,29.8014983,52.4903917,111.000,true,11.30,50.012,source=fused:fused;speedReason=OK;derived=47.55;locationGapMs=1005;callbackGapMs=1005;fusion=GPS_IMU
LOCATION,1790576988624,29.8014550,52.4905117,111.000,true,11.30,49.605,source=fused:fused;speedReason=OK;derived=46.08;locationGapMs=988;callbackGapMs=988;fusion=GPS_IMU
LOCATION,1790576989697,29.8014117,52.4906300,111.000,true,11.30,49.258,source=fused:fused;speedReason=OK;derived=45.75;locationGapMs=1072;callbackGapMs=1072;fusion=GPS_IMU
LOCATION,1790576990646,29.8013700,52.4907467,111.000,true,11.30,48.861,source=fused:fused;speedReason=OK;derived=45.75;locationGapMs=951;callbackGapMs=951;fusion=GPS_IMU
LOCATION,1790576991633,29.8013267,52.4908650,112.000,true,11.30,48.493,source=fused:fused;speedReason=OK;derived=45.24;locationGapMs=987;callbackGapMs=987;fusion=GPS_IMU
LOCATION,1790576992641,29.8012817,52.4909817,112.000,true,11.30,48.174,source=fused:fused;speedReason=OK;derived=45.24;locationGapMs=1007;callbackGapMs=1007;fusion=GPS_IMU
LOCATION,1790576993639,29.8012383,52.4910967,112.000,true,11.30,47.878,source=fused:fused;speedReason=OK;derived=44.10;locationGapMs=997;callbackGapMs=997;fusion=GPS_IMU
LOCATION,1790576994640,29.8011950,52.4912067,113.000,true,11.30,47.392,source=fused:fused;speedReason=OK;derived=43.74;locationGapMs=1003;callbackGapMs=1003;fusion=GPS_IMU
LOCATION,1790576995707,29.8011550,52.4913133,113.000,true,11.30,46.956,source=fused:fused;speedReason=OK;derived=41.88;locationGapMs=1066;callbackGapMs=1066;fusion=GPS_IMU
LOCATION,1790576996636,29.8011150,52.4914167,113.000,true,11.30,46.434,source=fused:fused;speedReason=OK;derived=41.88;locationGapMs=931;callbackGapMs=931;fusion=GPS_IMU
LOCATION,1790576997641,29.8010750,52.4915167,114.000,true,11.30,45.732,source=fused:fused;speedReason=OK;derived=38.14;locationGapMs=1004;callbackGapMs=1004;fusion=GPS_IMU
LOCATION,1790576998643,29.8010367,52.4916083,114.000,true,11.30,45.103,source=fused:fused;speedReason=OK;derived=38.14;locationGapMs=1002;callbackGapMs=1002;fusion=GPS_IMU
LOCATION,1790576999640,29.8010017,52.4916933,114.000,true,11.30,44.110,source=fused:fused;speedReason=OK;derived=35.28;locationGapMs=997;callbackGapMs=997;fusion=GPS_IMU
LOCATION,1790577000636,29.8009733,52.4917633,113.000,true,11.30,43.104,source=fused:fused;speedReason=OK;derived=32.81;locationGapMs=995;callbackGapMs=995;fusion=GPS_IMU
LOCATION,1790577001719,29.8009500,52.4918183,113.000,true,11.30,41.990,source=fused:fused;speedReason=OK;derived=27.00;locationGapMs=1083;callbackGapMs=1083;fusion=GPS_IMU
LOCATION,1790577002652,29.8009317,52.4918617,114.000,true,11.30,40.316,source=fused:fused;speedReason=OK;derived=19.65;locationGapMs=933;callbackGapMs=933;fusion=GPS_IMU
LOCATION,1790577003641,29.8009183,52.4918967,113.000,true,11.32,38.802,source=fused:fused;speedReason=OK;derived=17.98;locationGapMs=990;callbackGapMs=990;fusion=GPS_IMU
LOCATION,1790577004647,29.8009050,52.4919283,112.000,true,11.34,36.953,source=fused:fused;speedReason=OK;derived=13.44;locationGapMs=1006;callbackGapMs=1006;fusion=GPS_IMU
LOCATION,1790577005641,29.8008950,52.4919533,113.000,true,11.36,35.121,source=fused:fused;speedReason=OK;derived=12.14;locationGapMs=992;callbackGapMs=992;fusion=GPS_IMU
LOCATION,1790577006634,29.8008867,52.4919667,113.000,true,11.38,33.849,source=fused:fused;speedReason=OK;derived=9.65;locationGapMs=995;callbackGapMs=995;fusion=GPS_IMU
LOCATION,1790577007640,29.8008817,52.4919700,113.000,true,11.46,32.111,source=fused:fused;speedReason=OK;derived=5.75;locationGapMs=1006;callbackGapMs=1006;fusion=GPS_IMU
LOCATION,1790577008651,29.8008817,52.4919667,113.000,true,9.80,0.000,source=fused:fused;speedReason=OK;derived=2.29;locationGapMs=1009;callbackGapMs=1009;fusion=GPS_IMU
LOCATION_ONLY,1790577009641,29.8008817,52.4919667,113.000,true,14.59,0.000,source=fused:fused;speedReason=NO_SPEED;derived=1.14;locationGapMs=991;callbackGapMs=991;fusion=GPS_IMU
LOCATION,1790577010647,29.8008833,52.4919633,113.000,true,11.29,0.000,source=fused:fused;speedReason=OK;derived=1.14;locationGapMs=1007;callbackGapMs=1007;fusion=GPS_IMU
LOCATION,1790577011651,29.8008833,52.4919633,113.000,true,9.62,0.000,source=fused:fused;speedReason=OK;derived=0.00;locationGapMs=1003;callbackGapMs=1003;fusion=GPS_IMU
LOCATION,1790577012615,29.8008833,52.4919633,113.000,true,8.40,0.000,source=fused:fused;speedReason=OK;derived=0.00;locationGapMs=966;callbackGapMs=966;fusion=GPS_IMU
LOCATION,1790577013572,29.8008833,52.4919633,113.000,true,6.93,0.000,source=fused:fused;speedReason=OK;derived=0.00;locationGapMs=957;callbackGapMs=957;fusion=GPS_IMU
LOCATION,1790577014568,29.8008833,52.4919633,,false,6.92,0.000,source=fused:fused;speedReason=OK;derived=0.00;locationGapMs=999;callbackGapMs=999;fusion=GPS_IMU
LOCATION,1790577015586,29.8008833,52.4919633,,false,1.37,0.000,source=fused:fused;speedReason=OK;derived=0.00;locationGapMs=1016;callbackGapMs=1016;fusion=GPS_IMU
LOCATION_ONLY,1790577016298,29.8008833,52.4919633,,false,5.93,0.000,source=fused:fused;speedReason=NO_SPEED;derived=0.00;locationGapMs=713;callbackGapMs=713;fusion=GPS_IMU
LOCATION_ONLY,1790577018603,29.8008817,52.4919217,,false,7.20,0.000,source=fused:fused;speedReason=POOR_SPEED_ACCURACY;derived=0.00;locationGapMs=2305;callbackGapMs=2305;fusion=GPS_IMU
LOCATION,1790577019565,29.8008767,52.4919083,,false,6.45,0.000,source=fused:fused;speedReason=OK;derived=5.27;locationGapMs=963;callbackGapMs=963;fusion=GPS_IMU
LOCATION,1790577020570,29.8008800,52.4919117,,false,6.59,0.000,source=fused:fused;speedReason=OK;derived=5.27;locationGapMs=1004;callbackGapMs=1004;fusion=GPS_IMU
LOCATION,1790577021687,29.8008800,52.4919100,,false,2.45,0.000,source=fused:fused;speedReason=OK;derived=1.76;locationGapMs=1117;callbackGapMs=1117;fusion=GPS_IMU
LOCATION,1790577022585,29.8008833,52.4919117,,false,2.40,0.000,source=fused:fused;speedReason=OK;derived=1.61;locationGapMs=898;callbackGapMs=898;fusion=GPS_IMU
LOCATION,1790577023593,29.8008833,52.4919117,,false,3.63,0.000,source=fused:fused;speedReason=OK;derived=0.53;locationGapMs=1008;callbackGapMs=1008;fusion=GPS_IMU
LOCATION,1790577024635,29.8008833,52.4919117,,false,3.70,0.000,source=fused:fused;speedReason=OK;derived=0.00;locationGapMs=1037;callbackGapMs=1037;fusion=GPS_IMU
LOCATION,1790577025595,29.8008833,52.4919117,,false,3.67,0.000,source=fused:fused;speedReason=OK;derived=0.00;locationGapMs=965;callbackGapMs=965;fusion=GPS_IMU
LOCATION,1790577026572,29.8008833,52.4919117,,false,3.43,0.000,source=fused:fused;speedReason=OK;derived=0.00;locationGapMs=977;callbackGapMs=977;fusion=GPS_IMU
LOCATION,1790577027563,29.8008833,52.4919117,,false,3.38,0.000,source=fused:fused;speedReason=OK;derived=0.00;locationGapMs=991;callbackGapMs=991;fusion=GPS_IMU
LOCATION,1790577028568,29.8008833,52.4919117,,false,2.00,0.000,source=fused:fused;speedReason=OK;derived=0.00;locationGapMs=1006;callbackGapMs=1006;fusion=GPS_IMU
LOCATION,1790577029560,29.8008833,52.4919117,,false,1.97,0.000,source=fused:fused;speedReason=OK;derived=0.00;locationGapMs=991;callbackGapMs=991;fusion=GPS_IMU
LOCATION,1790577030572,29.8008833,52.4919117,,false,1.93,0.000,source=fused:fused;speedReason=OK;derived=0.00;locationGapMs=1012;callbackGapMs=1012;fusion=GPS_IMU
LOCATION,1790577031585,29.8008833,52.4919117,,false,1.86,0.000,source=fused:fused;speedReason=OK;derived=0.00;locationGapMs=1013;callbackGapMs=1013;fusion=GPS_IMU
LOCATION,1790577032587,29.8008833,52.4919117,,false,1.82,0.000,source=fused:fused;speedReason=OK;derived=0.00;locationGapMs=1002;callbackGapMs=1002;fusion=GPS_IMU
LOCATION,1790577033577,29.8008833,52.4919117,,false,1.78,0.000,source=fused:fused;speedReason=OK;derived=0.00;locationGapMs=990;callbackGapMs=990;fusion=GPS_IMU
LOCATION,1790577034597,29.8008833,52.4919117,,false,1.74,0.000,source=fused:fused;speedReason=OK;derived=0.00;locationGapMs=1020;callbackGapMs=1020;fusion=GPS_IMU
LOCATION,1790577035572,29.8008833,52.4919117,,false,1.72,0.000,source=fused:fused;speedReason=OK;derived=0.00;locationGapMs=976;callbackGapMs=976;fusion=GPS_IMU
LOCATION,1790577036616,29.8008833,52.4919117,,false,1.70,0.000,source=fused:fused;speedReason=OK;derived=0.00;locationGapMs=1043;callbackGapMs=1043;fusion=GPS_IMU
LOCATION,1790577037633,29.8008833,52.4919117,,false,1.70,0.000,source=fused:fused;speedReason=OK;derived=0.00;locationGapMs=1017;callbackGapMs=1017;fusion=GPS_IMU
LOCATION,1790577038642,29.8008833,52.4919117,,false,1.68,0.000,source=fused:fused;speedReason=OK;derived=0.00;locationGapMs=1009;callbackGapMs=1009;fusion=GPS_IMU
LOCATION,1790577039621,29.8008833,52.4919117,,false,1.68,0.000,source=fused:fused;speedReason=OK;derived=0.00;locationGapMs=979;callbackGapMs=979;fusion=GPS_IMU
LOCATION,1790577040643,29.8008833,52.4919117,,false,1.56,0.000,source=fused:fused;speedReason=OK;derived=0.00;locationGapMs=1023;callbackGapMs=1023;fusion=GPS_IMU
LOCATION,1790577041631,29.8008833,52.4919117,,false,1.42,0.000,source=fused:fused;speedReason=OK;derived=0.00;locationGapMs=987;callbackGapMs=987;fusion=GPS_IMU
LOCATION,1790577042615,29.8008833,52.4919117,,false,1.35,0.000,source=fused:fused;speedReason=OK;derived=0.00;locationGapMs=984;callbackGapMs=984;fusion=GPS_IMU
LOCATION,1790577043653,29.8008833,52.4919117,,false,3.46,0.000,source=fused:fused;speedReason=OK;derived=0.00;locationGapMs=1038;callbackGapMs=1038;fusion=GPS_IMU
LOCATION,1790577044646,29.8008833,52.4919117,,false,3.34,0.000,source=fused:fused;speedReason=OK;derived=0.00;locationGapMs=993;callbackGapMs=993;fusion=GPS_IMU
LOCATION,1790577045712,29.8008833,52.4919117,,false,3.01,0.000,source=fused:fused;speedReason=OK;derived=0.00;locationGapMs=1066;callbackGapMs=1066;fusion=GPS_IMU
LOCATION,1790577046648,29.8008833,52.4919117,,false,3.33,0.000,source=fused:fused;speedReason=OK;derived=0.00;locationGapMs=936;callbackGapMs=936;fusion=GPS_IMU
LOCATION,1790577047647,29.8008833,52.4919117,,false,3.33,0.000,source=fused:fused;speedReason=OK;derived=0.00;locationGapMs=999;callbackGapMs=999;fusion=GPS_IMU
LOCATION,1790577048630,29.8008833,52.4919117,,false,1.00,0.000,source=fused:fused;speedReason=OK;derived=0.00;locationGapMs=983;callbackGapMs=983;fusion=GPS_IMU
LOCATION,1790577049644,29.8008833,52.4919117,,false,1.02,0.000,source=fused:fused;speedReason=OK;derived=0.00;locationGapMs=1014;callbackGapMs=1014;fusion=GPS_IMU
LOCATION,1790577050651,29.8008833,52.4919117,,false,1.18,0.000,source=fused:fused;speedReason=OK;derived=0.00;locationGapMs=1007;callbackGapMs=1007;fusion=GPS_IMU
LOCATION,1790577051626,29.8008833,52.4919117,,false,1.18,0.000,source=fused:fused;speedReason=OK;derived=0.00;locationGapMs=975;callbackGapMs=975;fusion=GPS_IMU
LOCATION,1790577052617,29.8008833,52.4919117,,false,1.23,0.000,source=fused:fused;speedReason=OK;derived=0.00;locationGapMs=991;callbackGapMs=991;fusion=GPS_IMU
LOCATION,1790577053648,29.8008717,52.4919933,117.000,true,1.31,0.000,source=fused:fused;speedReason=OK;derived=0.00;locationGapMs=1027;callbackGapMs=1027;fusion=GPS_IMU
LOCATION,1790577054668,29.8008583,52.4920217,117.000,true,1.35,3.417,source=fused:fused;speedReason=OK;derived=11.02;locationGapMs=1020;callbackGapMs=1020;fusion=GPS_IMU
LOCATION,1790577055643,29.8008467,52.4920500,116.000,true,1.28,4.804,source=fused:fused;speedReason=OK;derived=11.16;locationGapMs=975;callbackGapMs=975;fusion=GPS_IMU
LOCATION_ONLY,1790577056543,29.8008467,52.4920500,116.000,true,7.03,4.844,source=fused:fused;speedReason=NO_SPEED;derived=11.02;locationGapMs=897;callbackGapMs=897;fusion=GPS_IMU
LOCATION,1790577057627,29.8008167,52.4921100,123.000,true,7.08,5.585,source=fused:fused;speedReason=OK;derived=11.16;locationGapMs=1088;callbackGapMs=1088;fusion=GPS_IMU
LOCATION,1790577058645,29.8008000,52.4921417,122.000,true,6.27,6.187,source=fused:fused;speedReason=OK;derived=12.66;locationGapMs=1018;callbackGapMs=1018;fusion=GPS_IMU
LOCATION,1790577059644,29.8007850,52.4921700,122.000,true,6.30,6.600,source=fused:fused;speedReason=OK;derived=12.66;locationGapMs=999;callbackGapMs=999;fusion=GPS_IMU
LOCATION,1790577060636,29.8007733,52.4921900,126.000,true,6.32,6.897,source=fused:fused;speedReason=OK;derived=11.54;locationGapMs=991;callbackGapMs=991;fusion=GPS_IMU
LOCATION,1790577061649,29.8007633,52.4922067,128.000,true,1.46,6.926,source=fused:fused;speedReason=OK;derived=8.46;locationGapMs=1014;callbackGapMs=1014;fusion=GPS_IMU
LOCATION,1790577062704,29.8007483,52.4922300,127.000,true,1.48,6.950,source=fused:fused;speedReason=OK;derived=8.46;locationGapMs=1055;callbackGapMs=1055;fusion=GPS_IMU
LOCATION,1790577063646,29.8007283,52.4922600,124.000,true,1.50,7.227,source=fused:fused;speedReason=OK;derived=9.55;locationGapMs=942;callbackGapMs=942;fusion=GPS_IMU
LOCATION,1790577064655,29.8007033,52.4923050,121.000,true,1.50,7.587,source=fused:fused;speedReason=OK;derived=13.95;locationGapMs=1009;callbackGapMs=1009;fusion=GPS_IMU
LOCATION_ONLY,1790577065546,29.8007033,52.4923050,121.000,true,7.31,7.606,source=fused:fused;speedReason=NO_SPEED;derived=13.95;locationGapMs=889;callbackGapMs=889;fusion=GPS_IMU
LOCATION,1790577066607,29.8006417,52.4924183,120.000,true,6.48,8.465,source=fused:fused;speedReason=OK;derived=18.40;locationGapMs=1063;callbackGapMs=1063;fusion=GPS_IMU
LOCATION,1790577067638,29.8006133,52.4924750,122.000,true,6.49,8.966,source=fused:fused;speedReason=OK;derived=22.09;locationGapMs=1030;callbackGapMs=1030;fusion=GPS_IMU
LOCATION,1790577068717,29.8005833,52.4925317,121.000,true,7.34,9.451,source=fused:fused;speedReason=OK;derived=22.09;locationGapMs=1079;callbackGapMs=1079;fusion=GPS_IMU
LOCATION,1790577069645,29.8005483,52.4925917,122.000,true,7.36,9.986,source=fused:fused;speedReason=OK;derived=22.09;locationGapMs=928;callbackGapMs=928;fusion=GPS_IMU
LOCATION,1790577070637,29.8005117,52.4926617,122.000,true,1.60,10.535,source=fused:fused;speedReason=OK;derived=27.07;locationGapMs=993;callbackGapMs=993;fusion=GPS_IMU
LOCATION,1790577071649,29.8004717,52.4927317,123.000,true,1.64,11.259,source=fused:fused;speedReason=OK;derived=28.61;locationGapMs=1010;callbackGapMs=1010;fusion=GPS_IMU
LOCATION,1790577072647,29.8004333,52.4928017,122.000,true,1.66,12.095,source=fused:fused;speedReason=OK;derived=28.84;locationGapMs=998;callbackGapMs=998;fusion=GPS_IMU
LOCATION,1790577073661,29.8003967,52.4928683,122.000,true,1.67,12.734,source=fused:fused;speedReason=OK;derived=28.84;locationGapMs=1015;callbackGapMs=1015;fusion=GPS_IMU
LOCATION,1790577074716,29.8003600,52.4929333,122.000,true,1.70,13.299,source=fused:fused;speedReason=OK;derived=26.99;locationGapMs=1054;callbackGapMs=1054;fusion=GPS_IMU
LOCATION,1790577075646,29.8003267,52.4930000,121.000,true,1.70,13.825,source=fused:fused;speedReason=OK;derived=26.99;locationGapMs=931;callbackGapMs=931;fusion=GPS_IMU
LOCATION,1790577076643,29.8002933,52.4930667,122.000,true,1.70,14.330,source=fused:fused;speedReason=OK;derived=26.85;locationGapMs=997;callbackGapMs=997;fusion=GPS_IMU
LOCATION,1790577077648,29.8002567,52.4931350,121.000,true,3.62,15.215,source=fused:fused;speedReason=OK;derived=27.73;locationGapMs=1006;callbackGapMs=1006;fusion=GPS_IMU
LOCATION,1790577078644,29.8002183,52.4932133,122.000,true,4.90,16.198,source=fused:fused;speedReason=OK;derived=27.73;locationGapMs=995;callbackGapMs=995;fusion=GPS_IMU
LOCATION,1790577079645,29.8001750,52.4932983,122.000,true,7.46,17.357,source=fused:fused;speedReason=OK;derived=31.42;locationGapMs=1002;callbackGapMs=1002;fusion=GPS_IMU
LOCATION,1790577080645,29.8001267,52.4933917,122.000,true,8.10,18.689,source=fused:fused;speedReason=OK;derived=34.19;locationGapMs=999;callbackGapMs=999;fusion=GPS_IMU
LOCATION,1790577081641,29.8000750,52.4934900,122.000,true,9.70,20.173,source=fused:fused;speedReason=OK;derived=37.83;locationGapMs=997;callbackGapMs=997;fusion=GPS_IMU
LOCATION,1790577082644,29.8000200,52.4935867,122.000,true,11.30,21.119,source=fused:fused;speedReason=OK;derived=40.07;locationGapMs=1002;callbackGapMs=1002;fusion=GPS_IMU
LOCATION,1790577083642,29.7999683,52.4936833,122.000,true,11.30,21.870,source=fused:fused;speedReason=OK;derived=40.07;locationGapMs=998;callbackGapMs=998;fusion=GPS_IMU
LOCATION,1790577084632,29.7999167,52.4937800,122.000,true,11.30,22.697,source=fused:fused;speedReason=OK;derived=39.81;locationGapMs=991;callbackGapMs=991;fusion=GPS_IMU
LOCATION,1790577085705,29.7998650,52.4938817,122.000,true,11.30,24.229,source=fused:fused;speedReason=OK;derived=39.53;locationGapMs=1074;callbackGapMs=1074;fusion=GPS_IMU
LOCATION,1790577086623,29.7998100,52.4939883,122.000,true,11.30,25.060,source=fused:fused;speedReason=OK;derived=39.81;locationGapMs=917;callbackGapMs=917;fusion=GPS_IMU
LOCATION,1790577087641,29.7997517,52.4941017,121.000,true,11.30,26.441,source=fused:fused;speedReason=OK;derived=45.05;locationGapMs=1017;callbackGapMs=1017;fusion=GPS_IMU
LOCATION,1790577088645,29.7996900,52.4942217,121.000,true,11.30,27.136,source=fused:fused;speedReason=OK;derived=47.01;locationGapMs=1003;callbackGapMs=1003;fusion=GPS_IMU
LOCATION,1790577089645,29.7996267,52.4943450,121.000,true,11.30,27.852,source=fused:fused;speedReason=OK;derived=48.34;locationGapMs=1000;callbackGapMs=1000;fusion=GPS_IMU
LOCATION,1790577090647,29.7995600,52.4944717,121.000,true,11.30,28.734,source=fused:fused;speedReason=OK;derived=49.80;locationGapMs=1002;callbackGapMs=1002;fusion=GPS_IMU
LOCATION,1790577091630,29.7994950,52.4946033,121.000,true,11.30,29.497,source=fused:fused;speedReason=OK;derived=51.41;locationGapMs=986;callbackGapMs=986;fusion=GPS_IMU
LOCATION,1790577092636,29.7994267,52.4947367,121.000,true,11.30,30.270,source=fused:fused;speedReason=OK;derived=53.39;locationGapMs=1004;callbackGapMs=1004;fusion=GPS_IMU
LOCATION,1790577093640,29.7993567,52.4948700,121.000,true,11.30,31.188,source=fused:fused;speedReason=OK;derived=53.62;locationGapMs=1005;callbackGapMs=1005;fusion=GPS_IMU
LOCATION,1790577094637,29.7992850,52.4950067,120.000,true,11.30,32.306,source=fused:fused;speedReason=OK;derived=53.89;locationGapMs=998;callbackGapMs=998;fusion=GPS_IMU
LOCATION,1790577095644,29.7992133,52.4951450,120.000,true,11.30,33.216,source=fused:fused;speedReason=OK;derived=55.63;locationGapMs=1006;callbackGapMs=1006;fusion=GPS_IMU
LOCATION,1790577096648,29.7991383,52.4952850,121.000,true,11.30,34.119,source=fused:fused;speedReason=OK;derived=55.66;locationGapMs=1003;callbackGapMs=1003;fusion=GPS_IMU
LOCATION,1790577097716,29.7990650,52.4954267,121.000,true,11.30,35.404,source=fused:fused;speedReason=OK;derived=55.66;locationGapMs=1068;callbackGapMs=1068;fusion=GPS_IMU
LOCATION,1790577098646,29.7989917,52.4955717,121.000,true,11.30,36.991,source=fused:fused;speedReason=OK;derived=57.01;locationGapMs=930;callbackGapMs=930;fusion=GPS_IMU
LOCATION,1790577099644,29.7989167,52.4957150,121.000,true,11.30,38.172,source=fused:fused;speedReason=OK;derived=58.28;locationGapMs=998;callbackGapMs=998;fusion=GPS_IMU
LOCATION,1790577100642,29.7988417,52.4958583,121.000,true,11.30,38.933,source=fused:fused;speedReason=OK;derived=58.28;locationGapMs=1000;callbackGapMs=1000;fusion=GPS_IMU
LOCATION,1790577101635,29.7987650,52.4960017,121.000,true,11.30,40.037,source=fused:fused;speedReason=OK;derived=58.28;locationGapMs=992;callbackGapMs=992;fusion=GPS_IMU
LOCATION,1790577102645,29.7986917,52.4961433,121.000,true,11.30,41.079,source=fused:fused;speedReason=OK;derived=58.17;locationGapMs=1008;callbackGapMs=1008;fusion=GPS_IMU
LOCATION,1790577103722,29.7986150,52.4962817,121.000,true,11.30,41.880,source=fused:fused;speedReason=OK;derived=56.86;locationGapMs=1076;callbackGapMs=1076;fusion=GPS_IMU
LOCATION,1790577104642,29.7985400,52.4964133,122.000,true,11.30,42.657,source=fused:fused;speedReason=OK;derived=56.86;locationGapMs=922;callbackGapMs=922;fusion=GPS_IMU
LOCATION,1790577105638,29.7984667,52.4965417,121.000,true,11.30,43.374,source=fused:fused;speedReason=OK;derived=53.57;locationGapMs=997;callbackGapMs=997;fusion=GPS_IMU
LOCATION,1790577106626,29.7983967,52.4966700,121.000,true,11.30,44.015,source=fused:fused;speedReason=OK;derived=53.57;locationGapMs=986;callbackGapMs=986;fusion=GPS_IMU
LOCATION,1790577107643,29.7983317,52.4967933,120.000,true,11.30,44.416,source=fused:fused;speedReason=OK;derived=53.42;locationGapMs=1019;callbackGapMs=1019;fusion=GPS_IMU
LOCATION,1790577108638,29.7982683,52.4969133,119.000,true,11.30,44.657,source=fused:fused;speedReason=OK;derived=49.21;locationGapMs=994;callbackGapMs=994;fusion=GPS_IMU
LOCATION,1790577109646,29.7982067,52.4970300,119.000,true,11.30,44.838,source=fused:fused;speedReason=OK;derived=49.13;locationGapMs=1008;callbackGapMs=1008;fusion=GPS_IMU
LOCATION,1790577110645,29.7981467,52.4971450,120.000,true,11.30,44.918,source=fused:fused;speedReason=OK;derived=47.10;locationGapMs=999;callbackGapMs=999;fusion=GPS_IMU
LOCATION,1790577111631,29.7980883,52.4972517,120.000,true,11.30,44.975,source=fused:fused;speedReason=OK;derived=46.69;locationGapMs=986;callbackGapMs=986;fusion=GPS_IMU
LOCATION,1790577112650,29.7980383,52.4973500,120.000,true,11.30,44.769,source=fused:fused;speedReason=OK;derived=44.47;locationGapMs=1020;callbackGapMs=1020;fusion=GPS_IMU
LOCATION,1790577113635,29.7979917,52.4974367,121.000,true,11.30,44.233,source=fused:fused;speedReason=OK;derived=38.83;locationGapMs=985;callbackGapMs=985;fusion=GPS_IMU
LOCATION,1790577114714,29.7979483,52.4975167,121.000,true,11.30,43.187,source=fused:fused;speedReason=OK;derived=35.99;locationGapMs=1079;callbackGapMs=1079;fusion=GPS_IMU
LOCATION,1790577115649,29.7979017,52.4975983,122.000,true,11.30,42.238,source=fused:fused;speedReason=OK;derived=35.99;locationGapMs=935;callbackGapMs=935;fusion=GPS_IMU
LOCATION,1790577116638,29.7978517,52.4976883,122.000,true,11.30,41.653,source=fused:fused;speedReason=OK;derived=36.31;locationGapMs=988;callbackGapMs=988;fusion=GPS_IMU
LOCATION,1790577117640,29.7977983,52.4977883,121.000,true,11.30,41.481,source=fused:fused;speedReason=OK;derived=37.59;locationGapMs=1003;callbackGapMs=1003;fusion=GPS_IMU
LOCATION,1790577118641,29.7977433,52.4978883,121.000,true,11.30,41.505,source=fused:fused;speedReason=OK;derived=40.69;locationGapMs=1000;callbackGapMs=1000;fusion=GPS_IMU
LOCATION,1790577119646,29.7976900,52.4979900,120.000,true,11.32,41.519,source=fused:fused;speedReason=OK;derived=41.09;locationGapMs=1005;callbackGapMs=1005;fusion=GPS_IMU
LOCATION,1790577120717,29.7976400,52.4980867,120.000,true,11.33,41.463,source=fused:fused;speedReason=OK;derived=41.09;locationGapMs=1072;callbackGapMs=1072;fusion=GPS_IMU
LOCATION,1790577121644,29.7975933,52.4981783,120.000,true,11.36,41.292,source=fused:fused;speedReason=OK;derived=39.88;locationGapMs=926;callbackGapMs=926;fusion=GPS_IMU
LOCATION,1790577122641,29.7975450,52.4982683,120.000,true,11.37,41.017,source=fused:fused;speedReason=OK;derived=36.85;locationGapMs=998;callbackGapMs=998;fusion=GPS_IMU
LOCATION,1790577123638,29.7974983,52.4983600,120.000,true,11.38,40.693,source=fused:fused;speedReason=OK;derived=37.07;locationGapMs=997;callbackGapMs=997;fusion=GPS_IMU
LOCATION,1790577124630,29.7974500,52.4984517,120.000,true,11.37,40.544,source=fused:fused;speedReason=OK;derived=37.07;locationGapMs=991;callbackGapMs=991;fusion=GPS_IMU
LOCATION,1790577125650,29.7973983,52.4985517,121.000,true,11.34,40.399,source=fused:fused;speedReason=OK;derived=37.62;locationGapMs=1019;callbackGapMs=1019;fusion=GPS_IMU
LOCATION,1790577126717,29.7973417,52.4986567,121.000,true,11.32,40.469,source=fused:fused;speedReason=OK;derived=39.71;locationGapMs=1068;callbackGapMs=1068;fusion=GPS_IMU
LOCATION,1790577127648,29.7972833,52.4987650,121.000,true,11.30,40.617,source=fused:fused;speedReason=OK;derived=40.23;locationGapMs=931;callbackGapMs=931;fusion=GPS_IMU
LOCATION,1790577128643,29.7972250,52.4988767,120.000,true,11.32,40.793,source=fused:fused;speedReason=OK;derived=45.53;locationGapMs=995;callbackGapMs=995;fusion=GPS_IMU
LOCATION,1790577129640,29.7971650,52.4989883,120.000,true,11.32,41.014,source=fused:fused;speedReason=OK;derived=45.72;locationGapMs=998;callbackGapMs=998;fusion=GPS_IMU
LOCATION,1790577130639,29.7971067,52.4990967,120.000,true,11.32,41.271,source=fused:fused;speedReason=OK;derived=45.53;locationGapMs=997;callbackGapMs=997;fusion=GPS_IMU
LOCATION,1790577131647,29.7970483,52.4992033,121.000,true,11.32,41.414,source=fused:fused;speedReason=OK;derived=44.46;locationGapMs=1008;callbackGapMs=1008;fusion=GPS_IMU
LOCATION,1790577132601,29.7969917,52.4993117,122.000,true,11.32,41.582,source=fused:fused;speedReason=OK;derived=44.46;locationGapMs=956;callbackGapMs=956;fusion=GPS_IMU
LOCATION,1790577133633,29.7969383,52.4994183,122.000,true,11.32,41.712,source=fused:fused;speedReason=OK;derived=43.47;locationGapMs=1032;callbackGapMs=1032;fusion=GPS_IMU
LOCATION,1790577134638,29.7968783,52.4995250,122.000,true,11.30,41.865,source=fused:fused;speedReason=OK;derived=43.97;locationGapMs=1005;callbackGapMs=1005;fusion=GPS_IMU
LOCATION,1790577135643,29.7968150,52.4996317,122.000,true,11.30,42.062,source=fused:fused;speedReason=OK;derived=43.97;locationGapMs=1004;callbackGapMs=1004;fusion=GPS_IMU
LOCATION,1790577136646,29.7967533,52.4997417,122.000,true,11.30,42.286,source=fused:fused;speedReason=OK;derived=44.74;locationGapMs=1003;callbackGapMs=1003;fusion=GPS_IMU
LOCATION,1790577137643,29.7966883,52.4998500,123.000,true,11.30,42.520,source=fused:fused;speedReason=OK;derived=45.38;locationGapMs=996;callbackGapMs=996;fusion=GPS_IMU
LOCATION,1790577138628,29.7966217,52.4999583,124.000,true,11.30,42.759,source=fused:fused;speedReason=OK;derived=45.94;locationGapMs=985;callbackGapMs=985;fusion=GPS_IMU
LOCATION,1790577139642,29.7965550,52.5000667,125.000,true,11.30,42.984,source=fused:fused;speedReason=OK;derived=45.94;locationGapMs=1015;callbackGapMs=1015;fusion=GPS_IMU
LOCATION,1790577140644,29.7964900,52.5001750,126.000,true,11.30,43.250,source=fused:fused;speedReason=OK;derived=45.67;locationGapMs=1002;callbackGapMs=1002;fusion=GPS_IMU
LOCATION,1790577141638,29.7964217,52.5002767,127.000,true,11.30,43.426,source=fused:fused;speedReason=OK;derived=45.49;locationGapMs=996;callbackGapMs=996;fusion=GPS_IMU
LOCATION,1790577142647,29.7963533,52.5003750,129.000,true,11.30,43.518,source=fused:fused;speedReason=OK;derived=44.85;locationGapMs=1007;callbackGapMs=1007;fusion=GPS_IMU
LOCATION,1790577143704,29.7962833,52.5004683,131.000,true,11.30,43.511,source=fused:fused;speedReason=OK;derived=43.46;locationGapMs=1056;callbackGapMs=1056;fusion=GPS_IMU
LOCATION,1790577144645,29.7962117,52.5005533,133.000,true,11.30,43.412,source=fused:fused;speedReason=OK;derived=43.46;locationGapMs=942;callbackGapMs=942;fusion=GPS_IMU
LOCATION,1790577145640,29.7961467,52.5006283,134.000,true,11.30,43.084,source=fused:fused;speedReason=OK;derived=40.56;locationGapMs=996;callbackGapMs=996;fusion=GPS_IMU
LOCATION,1790577146645,29.7960867,52.5006933,135.000,true,11.30,42.062,source=fused:fused;speedReason=OK;derived=36.95;locationGapMs=1003;callbackGapMs=1003;fusion=GPS_IMU
LOCATION,1790577147639,29.7960283,52.5007533,136.000,true,11.30,41.164,source=fused:fused;speedReason=OK;derived=32.84;locationGapMs=996;callbackGapMs=996;fusion=GPS_IMU
LOCATION,1790577148644,29.7959600,52.5008117,140.000,true,11.30,40.349,source=fused:fused;speedReason=OK;derived=32.84;locationGapMs=1003;callbackGapMs=1003;fusion=GPS_IMU
LOCATION,1790577149726,29.7958883,52.5008650,144.000,true,11.30,39.696,source=fused:fused;speedReason=OK;derived=31.46;locationGapMs=1084;callbackGapMs=1084;fusion=GPS_IMU
LOCATION,1790577150646,29.7958200,52.5009100,148.000,true,11.30,38.914,source=fused:fused;speedReason=OK;derived=33.90;locationGapMs=920;callbackGapMs=920;fusion=GPS_IMU
LOCATION,1790577151650,29.7957517,52.5009467,153.000,true,11.30,37.835,source=fused:fused;speedReason=OK;derived=31.46;locationGapMs=1002;callbackGapMs=1002;fusion=GPS_IMU
LOCATION,1790577152644,29.7956867,52.5009683,161.000,true,11.30,36.960,source=fused:fused;speedReason=OK;derived=30.04;locationGapMs=995;callbackGapMs=995;fusion=GPS_IMU
LOCATION,1790577153641,29.7956267,52.5009767,170.000,true,11.30,36.172,source=fused:fused;speedReason=OK;derived=27.14;locationGapMs=998;callbackGapMs=998;fusion=GPS_IMU
LOCATION,1790577154639,29.7955600,52.5009717,179.000,true,11.30,35.238,source=fused:fused;speedReason=OK;derived=26.75;locationGapMs=997;callbackGapMs=997;fusion=GPS_IMU
LOCATION,1790577155732,29.7954883,52.5009550,187.000,true,11.30,34.372,source=fused:fused;speedReason=OK;derived=26.71;locationGapMs=1093;callbackGapMs=1093;fusion=GPS_IMU
LOCATION,1790577156644,29.7954100,52.5009250,195.000,true,11.30,34.241,source=fused:fused;speedReason=OK;derived=26.75;locationGapMs=912;callbackGapMs=912;fusion=GPS_IMU
LOCATION,1790577157650,29.7953267,52.5008867,200.000,true,11.30,34.401,source=fused:fused;speedReason=OK;derived=35.60;locationGapMs=1006;callbackGapMs=1006;fusion=GPS_IMU
LOCATION,1790577158643,29.7952367,52.5008433,203.000,true,11.30,34.693,source=fused:fused;speedReason=OK;derived=36.12;locationGapMs=992;callbackGapMs=992;fusion=GPS_IMU
LOCATION,1790577159643,29.7951467,52.5007967,206.000,true,11.30,35.165,source=fused:fused;speedReason=OK;derived=39.28;locationGapMs=1001;callbackGapMs=1001;fusion=GPS_IMU
LOCATION,1790577160648,29.7950617,52.5007483,207.000,true,11.30,35.729,source=fused:fused;speedReason=OK;derived=39.28;locationGapMs=1004;callbackGapMs=1004;fusion=GPS_IMU
LOCATION,1790577161723,29.7949800,52.5006983,208.000,true,11.30,36.080,source=fused:fused;speedReason=OK;derived=37.72;locationGapMs=1075;callbackGapMs=1075;fusion=GPS_IMU
LOCATION,1790577162646,29.7949017,52.5006500,208.000,true,11.30,36.140,source=fused:fused;speedReason=OK;derived=37.72;locationGapMs=924;callbackGapMs=924;fusion=GPS_IMU
LOCATION,1790577163648,29.7948267,52.5006033,209.000,true,11.30,36.061,source=fused:fused;speedReason=OK;derived=34.38;locationGapMs=1002;callbackGapMs=1002;fusion=GPS_IMU
LOCATION,1790577164641,29.7947533,52.5005533,209.000,true,11.30,35.948,source=fused:fused;speedReason=OK;derived=34.31;locationGapMs=993;callbackGapMs=993;fusion=GPS_IMU
LOCATION,1790577165638,29.7946767,52.5005017,209.000,true,11.30,35.846,source=fused:fused;speedReason=OK;derived=34.31;locationGapMs=998;callbackGapMs=998;fusion=GPS_IMU
LOCATION,1790577166645,29.7945950,52.5004483,209.000,true,11.30,35.913,source=fused:fused;speedReason=OK;derived=35.52;locationGapMs=1007;callbackGapMs=1007;fusion=GPS_IMU
LOCATION,1790577167715,29.7945083,52.5003933,208.000,true,11.30,36.121,source=fused:fused;speedReason=OK;derived=36.99;locationGapMs=1069;callbackGapMs=1069;fusion=GPS_IMU
LOCATION,1790577168648,29.7944133,52.5003367,207.000,true,11.30,36.798,source=fused:fused;speedReason=OK;derived=37.27;locationGapMs=933;callbackGapMs=933;fusion=GPS_IMU
LOCATION,1790577169646,29.7943117,52.5002750,207.000,true,11.30,37.465,source=fused:fused;speedReason=OK;derived=45.79;locationGapMs=999;callbackGapMs=999;fusion=GPS_IMU
LOCATION,1790577170641,29.7942067,52.5002067,208.000,true,11.30,38.163,source=fused:fused;speedReason=OK;derived=45.93;locationGapMs=994;callbackGapMs=994;fusion=GPS_IMU
LOCATION,1790577171642,29.7940950,52.5001317,209.000,true,11.30,39.024,source=fused:fused;speedReason=OK;derived=48.47;locationGapMs=1001;callbackGapMs=1001;fusion=GPS_IMU
LOCATION,1790577172647,29.7939817,52.5000533,210.000,true,11.30,40.276,source=fused:fused;speedReason=OK;derived=51.60;locationGapMs=1003;callbackGapMs=1003;fusion=GPS_IMU
LOCATION,1790577173714,29.7938683,52.4999700,211.000,true,11.30,41.057,source=fused:fused;speedReason=OK;derived=51.60;locationGapMs=1069;callbackGapMs=1069;fusion=GPS_IMU
LOCATION,1790577174634,29.7937550,52.4998833,212.000,true,11.30,41.824,source=fused:fused;speedReason=OK;derived=52.65;locationGapMs=920;callbackGapMs=920;fusion=GPS_IMU
LOCATION,1790577175644,29.7936383,52.4997967,213.000,true,11.30,42.731,source=fused:fused;speedReason=OK;derived=54.92;locationGapMs=1010;callbackGapMs=1010;fusion=GPS_IMU
LOCATION,1790577176629,29.7935267,52.4997083,214.000,true,11.30,43.571,source=fused:fused;speedReason=OK;derived=54.95;locationGapMs=985;callbackGapMs=985;fusion=GPS_IMU
LOCATION,1790577177640,29.7934167,52.4996183,216.000,true,11.30,44.534,source=fused:fused;speedReason=OK;derived=54.92;locationGapMs=1011;callbackGapMs=1011;fusion=GPS_IMU
LOCATION,1790577178637,29.7933133,52.4995200,219.000,true,11.30,45.391,source=fused:fused;speedReason=OK;derived=53.71;locationGapMs=998;callbackGapMs=998;fusion=GPS_IMU
LOCATION,1790577179704,29.7932150,52.4994150,222.000,true,11.30,45.996,source=fused:fused;speedReason=OK;derived=53.34;locationGapMs=1064;callbackGapMs=1064;fusion=GPS_IMU
LOCATION,1790577180640,29.7931217,52.4993067,224.000,true,11.30,46.714,source=fused:fused;speedReason=OK;derived=53.71;locationGapMs=938;callbackGapMs=938;fusion=GPS_IMU
LOCATION,1790577181639,29.7930333,52.4991983,227.000,true,11.30,47.036,source=fused:fused;speedReason=OK;derived=51.70;locationGapMs=999;callbackGapMs=999;fusion=GPS_IMU
LOCATION,1790577182639,29.7929550,52.4990883,231.000,true,11.30,47.226,source=fused:fused;speedReason=OK;derived=51.70;locationGapMs=1000;callbackGapMs=1000;fusion=GPS_IMU
LOCATION,1790577183640,29.7928883,52.4989733,235.000,true,11.30,47.293,source=fused:fused;speedReason=OK;derived=49.42;locationGapMs=1002;callbackGapMs=1002;fusion=GPS_IMU
LOCATION,1790577184643,29.7928317,52.4988583,240.000,true,11.30,47.260,source=fused:fused;speedReason=OK;derived=47.97;locationGapMs=1003;callbackGapMs=1003;fusion=GPS_IMU
LOCATION,1790577185712,29.7927850,52.4987517,244.000,true,11.30,47.048,source=fused:fused;speedReason=OK;derived=45.82;locationGapMs=1068;callbackGapMs=1068;fusion=GPS_IMU
LOCATION,1790577186645,29.7927517,52.4986567,247.000,true,11.30,46.123,source=fused:fused;speedReason=OK;derived=38.88;locationGapMs=933;callbackGapMs=933;fusion=GPS_IMU
LOCATION,1790577187636,29.7927217,52.4985700,249.000,true,11.30,44.486,source=fused:fused;speedReason=OK;derived=38.20;locationGapMs=992;callbackGapMs=992;fusion=GPS_IMU
LOCATION,1790577188632,29.7926917,52.4984817,250.000,true,11.30,43.049,source=fused:fused;speedReason=OK;derived=33.12;locationGapMs=996;callbackGapMs=996;fusion=GPS_IMU
LOCATION,1790577189628,29.7926633,52.4983917,251.000,true,11.30,42.138,source=fused:fused;speedReason=OK;derived=33.12;locationGapMs=996;callbackGapMs=996;fusion=GPS_IMU
LOCATION,1790577190631,29.7926400,52.4983100,251.000,true,11.30,41.311,source=fused:fused;speedReason=OK;derived=33.12;locationGapMs=1003;callbackGapMs=1003;fusion=GPS_IMU
LOCATION,1790577191701,29.7926200,52.4982433,252.000,true,11.30,40.075,source=fused:fused;speedReason=OK;derived=29.83;locationGapMs=1069;callbackGapMs=1069;fusion=GPS_IMU
LOCATION,1790577192637,29.7926067,52.4981967,252.000,true,11.30,38.257,source=fused:fused;speedReason=OK;derived=22.97;locationGapMs=938;callbackGapMs=938;fusion=GPS_IMU
LOCATION,1790577193645,29.7925933,52.4981600,250.000,true,11.32,36.535,source=fused:fused;speedReason=OK;derived=18.19;locationGapMs=1006;callbackGapMs=1006;fusion=GPS_IMU
LOCATION,1790577194619,29.7925767,52.4981233,248.000,true,11.33,34.495,source=fused:fused;speedReason=OK;derived=14.76;locationGapMs=975;callbackGapMs=975;fusion=GPS_IMU
LOCATION,1790577195636,29.7925583,52.4980800,245.000,true,11.36,32.152,source=fused:fused;speedReason=OK;derived=14.76;locationGapMs=1016;callbackGapMs=1016;fusion=GPS_IMU
LOCATION,1790577196647,29.7925350,52.4980250,243.000,true,11.36,30.508,source=fused:fused;speedReason=OK;derived=16.50;locationGapMs=1012;callbackGapMs=1012;fusion=GPS_IMU
LOCATION,1790577197701,29.7925083,52.4979700,242.000,true,11.36,29.812,source=fused:fused;speedReason=OK;derived=20.81;locationGapMs=1053;callbackGapMs=1053;fusion=GPS_IMU
LOCATION,1790577198639,29.7924800,52.4979150,241.000,true,11.35,28.807,source=fused:fused;speedReason=OK;derived=21.03;locationGapMs=939;callbackGapMs=939;fusion=GPS_IMU
LOCATION,1790577199638,29.7924483,52.4978567,239.000,true,11.32,27.952,source=fused:fused;speedReason=OK;derived=23.67;locationGapMs=999;callbackGapMs=999;fusion=GPS_IMU
LOCATION,1790577200642,29.7924100,52.4977983,234.000,true,11.30,27.577,source=fused:fused;speedReason=OK;derived=23.94;locationGapMs=1003;callbackGapMs=1003;fusion=GPS_IMU
LOCATION,1790577201642,29.7923633,52.4977433,227.000,true,11.30,27.329,source=fused:fused;speedReason=OK;derived=25.36;locationGapMs=1001;callbackGapMs=1001;fusion=GPS_IMU
LOCATION,1790577202634,29.7923050,52.4976983,215.000,true,11.30,27.345,source=fused:fused;speedReason=OK;derived=26.69;locationGapMs=991;callbackGapMs=991;fusion=GPS_IMU
LOCATION,1790577203706,29.7922350,52.4976683,202.000,true,11.30,27.495,source=fused:fused;speedReason=OK;derived=27.79;locationGapMs=1073;callbackGapMs=1073;fusion=GPS_IMU
LOCATION,1790577204641,29.7921583,52.4976583,186.000,true,11.30,27.758,source=fused:fused;speedReason=OK;derived=28.30;locationGapMs=934;callbackGapMs=934;fusion=GPS_IMU
LOCATION,1790577205636,29.7920733,52.4976733,173.000,true,11.30,28.314,source=fused:fused;speedReason=OK;derived=32.98;locationGapMs=995;callbackGapMs=995;fusion=GPS_IMU
LOCATION,1790577206622,29.7919833,52.4977100,162.000,true,11.30,29.143,source=fused:fused;speedReason=OK;derived=34.49;locationGapMs=987;callbackGapMs=987;fusion=GPS_IMU
LOCATION,1790577207639,29.7918917,52.4977617,154.000,true,11.30,29.828,source=fused:fused;speedReason=OK;derived=38.62;locationGapMs=1016;callbackGapMs=1016;fusion=GPS_IMU
LOCATION,1790577208636,29.7917950,52.4978267,149.000,true,11.30,31.012,source=fused:fused;speedReason=OK;derived=40.10;locationGapMs=998;callbackGapMs=998;fusion=GPS_IMU
LOCATION,1790577209714,29.7917050,52.4978967,144.000,true,11.30,32.087,source=fused:fused;speedReason=OK;derived=40.33;locationGapMs=1076;callbackGapMs=1076;fusion=GPS_IMU
LOCATION,1790577210639,29.7916233,52.4979750,140.000,true,11.30,33.037,source=fused:fused;speedReason=OK;derived=44.82;locationGapMs=927;callbackGapMs=927;fusion=GPS_IMU
LOCATION,1790577211637,29.7915433,52.4980617,136.000,true,11.30,33.900,source=fused:fused;speedReason=OK;derived=44.06;locationGapMs=997;callbackGapMs=997;fusion=GPS_IMU
LOCATION,1790577212637,29.7914600,52.4981617,133.000,true,11.30,34.958,source=fused:fused;speedReason=OK;derived=45.84;locationGapMs=1001;callbackGapMs=1001;fusion=GPS_IMU
LOCATION,1790577213651,29.7913783,52.4982683,130.000,true,11.30,36.115,source=fused:fused;speedReason=OK;derived=48.08;locationGapMs=1011;callbackGapMs=1011;fusion=GPS_IMU
LOCATION,1790577214637,29.7913000,52.4983783,128.000,true,11.30,37.004,source=fused:fused;speedReason=OK;derived=48.86;locationGapMs=989;callbackGapMs=989;fusion=GPS_IMU
LOCATION,1790577215689,29.7912183,52.4984917,127.000,true,11.30,38.153,source=fused:fused;speedReason=OK;derived=48.86;locationGapMs=1052;callbackGapMs=1052;fusion=GPS_IMU
LOCATION,1790577216628,29.7911400,52.4986067,127.000,true,11.30,39.012,source=fused:fused;speedReason=OK;derived=49.97;locationGapMs=938;callbackGapMs=938;fusion=GPS_IMU
LOCATION,1790577217624,29.7910583,52.4987217,128.000,true,11.30,40.059,source=fused:fused;speedReason=OK;derived=51.78;locationGapMs=997;callbackGapMs=997;fusion=GPS_IMU
LOCATION,1790577218597,29.7909750,52.4988383,130.000,true,11.30,41.072,source=fused:fused;speedReason=OK;derived=53.86;locationGapMs=974;callbackGapMs=974;fusion=GPS_IMU
LOCATION,1790577219632,29.7908850,52.4989550,131.000,true,11.30,41.806,source=fused:fused;speedReason=OK;derived=52.44;locationGapMs=1034;callbackGapMs=1034;fusion=GPS_IMU
LOCATION,1790577220633,29.7907917,52.4990700,132.000,true,11.30,42.796,source=fused:fused;speedReason=OK;derived=53.86;locationGapMs=1001;callbackGapMs=1001;fusion=GPS_IMU
LOCATION,1790577221696,29.7906933,52.4991867,133.000,true,11.30,43.527,source=fused:fused;speedReason=OK;derived=53.25;locationGapMs=1061;callbackGapMs=1061;fusion=GPS_IMU
LOCATION,1790577222630,29.7905917,52.4993017,134.000,true,11.30,44.657,source=fused:fused;speedReason=OK;derived=54.61;locationGapMs=937;callbackGapMs=937;fusion=GPS_IMU
LOCATION,1790577223632,29.7904850,52.4994183,135.000,true,11.30,45.555,source=fused:fused;speedReason=OK;derived=58.82;locationGapMs=1000;callbackGapMs=1000;fusion=GPS_IMU
LOCATION,1790577224631,29.7903733,52.4995367,136.000,true,11.30,46.805,source=fused:fused;speedReason=OK;derived=60.71;locationGapMs=1000;callbackGapMs=1000;fusion=GPS_IMU
LOCATION,1790577225629,29.7902583,52.4996533,137.000,true,11.30,48.089,source=fused:fused;speedReason=OK;derived=60.71;locationGapMs=999;callbackGapMs=999;fusion=GPS_IMU
LOCATION,1790577226641,29.7901450,52.4997717,138.000,true,11.30,49.001,source=fused:fused;speedReason=OK;derived=60.71;locationGapMs=1011;callbackGapMs=1011;fusion=GPS_IMU
LOCATION,1790577227700,29.7900317,52.4998883,138.000,true,11.30,50.087,source=fused:fused;speedReason=OK;derived=60.51;locationGapMs=1057;callbackGapMs=1057;fusion=GPS_IMU
LOCATION,1790577228634,29.7899150,52.5000067,138.000,true,11.30,50.913,source=fused:fused;speedReason=OK;derived=60.51;locationGapMs=936;callbackGapMs=936;fusion=GPS_IMU
LOCATION,1790577229635,29.7897933,52.5001283,139.000,true,11.30,51.927,source=fused:fused;speedReason=OK;derived=64.29;locationGapMs=1002;callbackGapMs=1002;fusion=GPS_IMU
LOCATION,1790577230642,29.7896667,52.5002500,140.000,true,11.30,52.872,source=fused:fused;speedReason=OK;derived=65.54;locationGapMs=1006;callbackGapMs=1006;fusion=GPS_IMU
LOCATION,1790577231643,29.7895433,52.5003650,141.000,true,11.30,53.562,source=fused:fused;speedReason=OK;derived=64.29;locationGapMs=1001;callbackGapMs=1001;fusion=GPS_IMU
LOCATION,1790577232636,29.7894150,52.5004767,142.000,true,11.30,54.270,source=fused:fused;speedReason=OK;derived=64.74;locationGapMs=993;callbackGapMs=993;fusion=GPS_IMU
LOCATION,1790577233710,29.7892800,52.5005883,143.000,true,11.30,55.057,source=fused:fused;speedReason=OK;derived=63.40;locationGapMs=1072;callbackGapMs=1072;fusion=GPS_IMU
LOCATION,1790577234645,29.7891417,52.5006950,146.000,true,11.30,55.903,source=fused:fused;speedReason=OK;derived=64.74;locationGapMs=936;callbackGapMs=936;fusion=GPS_IMU
LOCATION,1790577235638,29.7889983,52.5007983,148.000,true,11.30,56.688,source=fused:fused;speedReason=OK;derived=67.99;locationGapMs=994;callbackGapMs=994;fusion=GPS_IMU
LOCATION,1790577236603,29.7888500,52.5008933,151.000,true,11.30,57.427,source=fused:fused;speedReason=OK;derived=70.18;locationGapMs=966;callbackGapMs=966;fusion=GPS_IMU
LOCATION,1790577237638,29.7886967,52.5009800,154.000,true,11.30,58.177,source=fused:fused;speedReason=OK;derived=67.99;locationGapMs=1033;callbackGapMs=1033;fusion=GPS_IMU
LOCATION,1790577238601,29.7885367,52.5010617,157.000,true,11.30,58.676,source=fused:fused;speedReason=OK;derived=70.18;locationGapMs=965;callbackGapMs=965;fusion=GPS_IMU
LOCATION,1790577239606,29.7883750,52.5011350,159.000,true,11.30,59.151,source=fused:fused;speedReason=OK;derived=68.91;locationGapMs=1007;callbackGapMs=1007;fusion=GPS_IMU
LOCATION,1790577240635,29.7882100,52.5011983,162.000,true,11.30,59.721,source=fused:fused;speedReason=OK;derived=68.91;locationGapMs=1026;callbackGapMs=1026;fusion=GPS_IMU
LOCATION,1790577241644,29.7880450,52.5012567,164.000,true,11.30,60.160,source=fused:fused;speedReason=OK;derived=68.43;locationGapMs=1007;callbackGapMs=1007;fusion=GPS_IMU
LOCATION,1790577242622,29.7878800,52.5013050,167.000,true,11.30,60.671,source=fused:fused;speedReason=OK;derived=68.43;locationGapMs=980;callbackGapMs=980;fusion=GPS_IMU
LOCATION,1790577243643,29.7877083,52.5013467,169.000,true,11.30,61.161,source=fused:fused;speedReason=OK;derived=68.60;locationGapMs=1021;callbackGapMs=1021;fusion=GPS_IMU
LOCATION,1790577244645,29.7875350,52.5013767,171.000,true,11.30,61.780,source=fused:fused;speedReason=OK;derived=69.34;locationGapMs=1000;callbackGapMs=1000;fusion=GPS_IMU
LOCATION,1790577245705,29.7873583,52.5013967,174.000,true,11.30,62.179,source=fused:fused;speedReason=OK;derived=68.60;locationGapMs=1062;callbackGapMs=1062;fusion=GPS_IMU
LOCATION,1790577246621,29.7871783,52.5014083,176.000,true,11.30,62.762,source=fused:fused;speedReason=OK;derived=69.94;locationGapMs=916;callbackGapMs=916;fusion=GPS_IMU
LOCATION,1790577247635,29.7869950,52.5014133,179.000,true,11.30,63.385,source=fused:fused;speedReason=OK;derived=72.23;locationGapMs=1013;callbackGapMs=1013;fusion=GPS_IMU
LOCATION,1790577248648,29.7868083,52.5014067,182.000,true,11.30,64.075,source=fused:fused;speedReason=OK;derived=73.44;locationGapMs=1015;callbackGapMs=1015;fusion=GPS_IMU
LOCATION,1790577249640,29.7866233,52.5013883,185.000,true,11.30,64.763,source=fused:fused;speedReason=OK;derived=73.44;locationGapMs=991;callbackGapMs=991;fusion=GPS_IMU
LOCATION,1790577250641,29.7864417,52.5013633,187.000,true,11.30,65.578,source=fused:fused;speedReason=OK;derived=73.44;locationGapMs=1001;callbackGapMs=1001;fusion=GPS_IMU
LOCATION,1790577251600,29.7862617,52.5013300,190.000,true,11.30,66.149,source=fused:fused;speedReason=OK;derived=74.78;locationGapMs=960;callbackGapMs=960;fusion=GPS_IMU
LOCATION,1790577252640,29.7860850,52.5012850,193.000,true,11.30,66.782,source=fused:fused;speedReason=OK;derived=72.92;locationGapMs=1036;callbackGapMs=1036;fusion=GPS_IMU
LOCATION,1790577253646,29.7859083,52.5012267,196.000,true,11.30,67.401,source=fused:fused;speedReason=OK;derived=72.87;locationGapMs=1007;callbackGapMs=1007;fusion=GPS_IMU
LOCATION,1790577254640,29.7857350,52.5011583,199.000,true,11.30,67.982,source=fused:fused;speedReason=OK;derived=72.87;locationGapMs=995;callbackGapMs=995;fusion=GPS_IMU
LOCATION,1790577255639,29.7855600,52.5010800,202.000,true,11.30,68.613,source=fused:fused;speedReason=OK;derived=73.51;locationGapMs=1000;callbackGapMs=1000;fusion=GPS_IMU
LOCATION,1790577256643,29.7853883,52.5009933,205.000,true,11.30,69.023,source=fused:fused;speedReason=OK;derived=74.57;locationGapMs=1004;callbackGapMs=1004;fusion=GPS_IMU
LOCATION,1790577257713,29.7852183,52.5008983,207.000,true,11.30,69.684,source=fused:fused;speedReason=OK;derived=74.57;locationGapMs=1070;callbackGapMs=1070;fusion=GPS_IMU
LOCATION,1790577258646,29.7850517,52.5007950,209.000,true,11.30,70.157,source=fused:fused;speedReason=OK;derived=74.57;locationGapMs=933;callbackGapMs=933;fusion=GPS_IMU
LOCATION,1790577259646,29.7848900,52.5006817,212.000,true,11.30,70.593,source=fused:fused;speedReason=OK;derived=75.70;locationGapMs=999;callbackGapMs=999;fusion=GPS_IMU
LOCATION,1790577260644,29.7847317,52.5005617,214.000,true,11.30,71.007,source=fused:fused;speedReason=OK;derived=75.88;locationGapMs=998;callbackGapMs=998;fusion=GPS_IMU
LOCATION,1790577261644,29.7845733,52.5004350,216.000,true,11.30,71.253,source=fused:fused;speedReason=OK;derived=75.88;locationGapMs=998;callbackGapMs=998;fusion=GPS_IMU
LOCATION,1790577262642,29.7844183,52.5003067,217.000,true,11.30,71.686,source=fused:fused;speedReason=OK;derived=76.14;locationGapMs=1002;callbackGapMs=1002;fusion=GPS_IMU
LOCATION,1790577263707,29.7842650,52.5001783,217.000,true,11.30,71.866,source=fused:fused;speedReason=OK;derived=76.14;locationGapMs=1063;callbackGapMs=1063;fusion=GPS_IMU
LOCATION,1790577264637,29.7841167,52.5000500,218.000,true,11.30,72.039,source=fused:fused;speedReason=OK;derived=76.14;locationGapMs=931;callbackGapMs=931;fusion=GPS_IMU
LOCATION,1790577265648,29.7839750,52.4999283,217.000,true,11.30,72.066,source=fused:fused;speedReason=OK;derived=71.27;locationGapMs=1009;callbackGapMs=1009;fusion=GPS_IMU
LOCATION,1790577266642,29.7838433,52.4998133,217.000,true,11.30,71.780,source=fused:fused;speedReason=OK;derived=70.03;locationGapMs=996;callbackGapMs=996;fusion=GPS_IMU
LOCATION,1790577267631,29.7837150,52.4997083,216.000,true,11.30,71.137,source=fused:fused;speedReason=OK;derived=66.33;locationGapMs=989;callbackGapMs=989;fusion=GPS_IMU
LOCATION,1790577268640,29.7835867,52.4996033,216.000,true,11.30,70.520,source=fused:fused;speedReason=OK;derived=63.61;locationGapMs=1008;callbackGapMs=1008;fusion=GPS_IMU
LOCATION,1790577269722,29.7834583,52.4994967,216.000,true,11.30,69.899,source=fused:fused;speedReason=OK;derived=62.41;locationGapMs=1078;callbackGapMs=1078;fusion=GPS_IMU
LOCATION,1790577270642,29.7833267,52.4993883,215.000,true,11.30,69.553,source=fused:fused;speedReason=OK;derived=62.41;locationGapMs=924;callbackGapMs=924;fusion=GPS_IMU
LOCATION,1790577271648,29.7831917,52.4992783,215.000,true,11.30,69.232,source=fused:fused;speedReason=OK;derived=65.70;locationGapMs=1006;callbackGapMs=1006;fusion=GPS_IMU
LOCATION,1790577272647,29.7830517,52.4991683,214.000,true,11.30,69.109,source=fused:fused;speedReason=OK;derived=67.87;locationGapMs=998;callbackGapMs=998;fusion=GPS_IMU
LOCATION,1790577273645,29.7829100,52.4990567,214.000,true,11.30,69.073,source=fused:fused;speedReason=OK;derived=67.87;locationGapMs=999;callbackGapMs=999;fusion=GPS_IMU
LOCATION,1790577274646,29.7827667,52.4989433,214.000,true,11.30,69.116,source=fused:fused;speedReason=OK;derived=68.67;locationGapMs=1001;callbackGapMs=1001;fusion=GPS_IMU
LOCATION,1790577275716,29.7826233,52.4988300,214.000,true,11.30,69.162,source=fused:fused;speedReason=OK;derived=68.67;locationGapMs=1070;callbackGapMs=1070;fusion=GPS_IMU
LOCATION,1790577276646,29.7824783,52.4987133,215.000,true,11.30,69.247,source=fused:fused;speedReason=OK;derived=69.42;locationGapMs=929;callbackGapMs=929;fusion=GPS_IMU
LOCATION,1790577277647,29.7823317,52.4985933,215.000,true,11.30,69.397,source=fused:fused;speedReason=OK;derived=71.74;locationGapMs=1002;callbackGapMs=1002;fusion=GPS_IMU
LOCATION,1790577278641,29.7821833,52.4984717,215.000,true,11.30,69.692,source=fused:fused;speedReason=OK;derived=73.23;locationGapMs=994;callbackGapMs=994;fusion=GPS_IMU
LOCATION,1790577279644,29.7820333,52.4983467,215.000,true,11.30,69.984,source=fused:fused;speedReason=OK;derived=73.23;locationGapMs=1004;callbackGapMs=1004;fusion=GPS_IMU
LOCATION,1790577280651,29.7818817,52.4982217,215.000,true,11.30,70.326,source=fused:fused;speedReason=OK;derived=73.71;locationGapMs=999;callbackGapMs=999;fusion=GPS_IMU
LOCATION,1790577281730,29.7817283,52.4980933,215.000,true,11.30,70.854,source=fused:fused;speedReason=OK;derived=73.71;locationGapMs=1081;callbackGapMs=1081;fusion=GPS_IMU
LOCATION,1790577282643,29.7815733,52.4979650,215.000,true,11.30,71.030,source=fused:fused;speedReason=OK;derived=74.59;locationGapMs=919;callbackGapMs=919;fusion=GPS_IMU
LOCATION,1790577283642,29.7814200,52.4978350,215.000,true,11.30,71.253,source=fused:fused;speedReason=OK;derived=76.09;locationGapMs=1000;callbackGapMs=1000;fusion=GPS_IMU
LOCATION,1790577284646,29.7812667,52.4977033,214.000,true,11.30,71.473,source=fused:fused;speedReason=OK;derived=76.30;locationGapMs=1002;callbackGapMs=1002;fusion=GPS_IMU
LOCATION,1790577285702,29.7811133,52.4975667,217.000,true,9.67,71.648,source=fused:fused;speedReason=OK;derived=76.09;locationGapMs=1055;callbackGapMs=1055;fusion=GPS_IMU
LOCATION,1790577286570,29.7809600,52.4974267,218.000,true,8.03,71.793,source=fused:fused;speedReason=OK;derived=76.30;locationGapMs=871;callbackGapMs=871;fusion=GPS_IMU
LOCATION,1790577287566,29.7808083,52.4972883,219.000,true,6.43,71.851,source=fused:fused;speedReason=OK;derived=77.84;locationGapMs=994;callbackGapMs=994;fusion=GPS_IMU
LOCATION,1790577288567,29.7806650,52.4971483,221.000,true,4.83,71.906,source=fused:fused;speedReason=OK;derived=77.84;locationGapMs=1003;callbackGapMs=1003;fusion=GPS_IMU
LOCATION,1790577289563,29.7805250,52.4970050,222.000,true,3.23,71.956,source=fused:fused;speedReason=OK;derived=75.12;locationGapMs=997;callbackGapMs=997;fusion=GPS_IMU
LOCATION,1790577290572,29.7803850,52.4968650,219.000,true,1.63,71.993,source=fused:fused;speedReason=OK;derived=74.91;locationGapMs=1007;callbackGapMs=1007;fusion=GPS_IMU
LOCATION,1790577291657,29.7802483,52.4967167,226.000,true,1.70,72.045,source=fused:fused;speedReason=OK;derived=73.62;locationGapMs=1083;callbackGapMs=1083;fusion=GPS_IMU
LOCATION,1790577292583,29.7801200,52.4965567,229.000,true,1.72,72.079,source=fused:fused;speedReason=OK;derived=73.62;locationGapMs=926;callbackGapMs=926;fusion=GPS_IMU
LOCATION,1790577293611,29.7800000,52.4963900,230.000,true,1.74,72.118,source=fused:fused;speedReason=OK;derived=72.90;locationGapMs=1032;callbackGapMs=1032;fusion=GPS_IMU
LOCATION,1790577294805,29.7798800,52.4962183,229.000,true,1.76,72.141,source=fused:fused;speedReason=OK;derived=76.51;locationGapMs=1001;callbackGapMs=1001;fusion=GPS_IMU
LOCATION,1790577295818,29.7797583,52.4960500,231.000,true,1.80,72.158,source=fused:fused;speedReason=OK;derived=72.90;locationGapMs=1206;callbackGapMs=1206;fusion=GPS_IMU
LOCATION,1790577296620,29.7796483,52.4958833,232.000,true,1.83,72.180,source=fused:fused;speedReason=OK;derived=76.51;locationGapMs=803;callbackGapMs=803;fusion=GPS_IMU
LOCATION,1790577297732,29.7795483,52.4957100,234.000,true,1.90,72.202,source=fused:fused;speedReason=OK;derived=65.16;locationGapMs=1110;callbackGapMs=1110;fusion=GPS_IMU
LOCATION,1790577298615,29.7794533,52.4955367,234.000,true,1.94,72.210,source=fused:fused;speedReason=OK;derived=80.51;locationGapMs=885;callbackGapMs=885;fusion=GPS_IMU
LOCATION,1790577299601,29.7793533,52.4953617,236.000,true,1.93,72.219,source=fused:fused;speedReason=OK;derived=73.94;locationGapMs=985;callbackGapMs=985;fusion=GPS_IMU
LOCATION,1790577300879,29.7792567,52.4951800,237.000,true,1.93,72.233,source=fused:fused;speedReason=OK;derived=74.75;locationGapMs=991;callbackGapMs=991;fusion=GPS_IMU
LOCATION,1790577301588,29.7791633,52.4949950,240.000,true,1.92,72.246,source=fused:fused;speedReason=OK;derived=74.71;locationGapMs=996;callbackGapMs=996;fusion=GPS_IMU
LOCATION,1790577302609,29.7790783,52.4948100,242.000,true,1.87,72.264,source=fused:fused;speedReason=OK;derived=74.71;locationGapMs=1020;callbackGapMs=1020;fusion=GPS_IMU
LOCATION,1790577303581,29.7789983,52.4946217,243.000,true,1.82,72.288,source=fused:fused;speedReason=OK;derived=74.71;locationGapMs=969;callbackGapMs=969;fusion=GPS_IMU
LOCATION,1790577304577,29.7789167,52.4944283,245.000,true,1.75,72.346,source=fused:fused;speedReason=OK;derived=74.86;locationGapMs=999;callbackGapMs=999;fusion=GPS_IMU
LOCATION,1790577305580,29.7788367,52.4942250,246.000,true,1.66,72.423,source=fused:fused;speedReason=OK;derived=75.24;locationGapMs=1003;callbackGapMs=1003;fusion=GPS_IMU
LOCATION,1790577306857,29.7787550,52.4940150,247.000,true,1.60,72.688,source=fused:fused;speedReason=OK;derived=77.41;locationGapMs=1019;callbackGapMs=1019;fusion=GPS_IMU
LOCATION,1790577307586,29.7786817,52.4938000,250.000,true,1.58,72.880,source=fused:fused;speedReason=OK;derived=78.55;locationGapMs=987;callbackGapMs=987;fusion=GPS_IMU
LOCATION,1790577308651,29.7786133,52.4935783,250.000,true,1.52,73.158,source=fused:fused;speedReason=OK;derived=78.55;locationGapMs=1061;callbackGapMs=1061;fusion=GPS_IMU
LOCATION,1790577309906,29.7785500,52.4933533,252.000,true,1.50,73.574,source=fused:fused;speedReason=OK;derived=81.42;locationGapMs=964;callbackGapMs=964;fusion=GPS_IMU
LOCATION,1790577310613,29.7784967,52.4931217,254.000,true,1.50,74.128,source=fused:fused;speedReason=OK;derived=83.22;locationGapMs=1002;callbackGapMs=1002;fusion=GPS_IMU
LOCATION,1790577311616,29.7784467,52.4928900,256.000,true,1.48,74.651,source=fused:fused;speedReason=OK;derived=83.22;locationGapMs=1000;callbackGapMs=1000;fusion=GPS_IMU
LOCATION,1790577312884,29.7784033,52.4926567,258.000,true,1.46,75.265,source=fused:fused;speedReason=OK;derived=83.13;locationGapMs=999;callbackGapMs=999;fusion=GPS_IMU
LOCATION,1790577313611,29.7783683,52.4924233,259.000,true,1.45,75.838,source=fused:fused;speedReason=OK;derived=83.09;locationGapMs=998;callbackGapMs=998;fusion=GPS_IMU
LOCATION,1790577314677,29.7783367,52.4921883,261.000,true,1.43,76.293,source=fused:fused;speedReason=OK;derived=82.61;locationGapMs=1063;callbackGapMs=1063;fusion=GPS_IMU
LOCATION,1790577315910,29.7783100,52.4919500,262.000,true,1.42,76.848,source=fused:fused;speedReason=OK;derived=82.61;locationGapMs=941;callbackGapMs=941;fusion=GPS_IMU
LOCATION,1790577316615,29.7782900,52.4917167,264.000,true,1.40,77.366,source=fused:fused;speedReason=OK;derived=81.61;locationGapMs=1000;callbackGapMs=1000;fusion=GPS_IMU
LOCATION,1790577317899,29.7782750,52.4914867,266.000,true,1.40,77.748,source=fused:fused;speedReason=OK;derived=81.61;locationGapMs=999;callbackGapMs=999;fusion=GPS_IMU
LOCATION,1790577318599,29.7782683,52.4912583,267.000,true,1.40,77.946,source=fused:fused;speedReason=OK;derived=80.69;locationGapMs=986;callbackGapMs=986;fusion=GPS_IMU
LOCATION,1790577319894,29.7782633,52.4910350,267.000,true,1.40,77.951,source=fused:fused;speedReason=OK;derived=80.37;locationGapMs=1010;callbackGapMs=1010;fusion=GPS_IMU
LOCATION,1790577321165,29.7782567,52.4908150,267.000,true,1.40,77.925,source=fused:fused;speedReason=OK;derived=76.99;locationGapMs=1064;callbackGapMs=1064;fusion=GPS_IMU
LOCATION,1790577321619,29.7782517,52.4905950,268.000,true,1.40,77.869,source=fused:fused;speedReason=OK;derived=76.99;locationGapMs=933;callbackGapMs=933;fusion=GPS_IMU
LOCATION,1790577322905,29.7782433,52.4903800,266.000,true,1.40,77.806,source=fused:fused;speedReason=OK;derived=74.18;locationGapMs=1010;callbackGapMs=1010;fusion=GPS_IMU
LOCATION,1790577324233,29.7782367,52.4901683,267.000,true,1.40,77.591,source=fused:fused;speedReason=OK;derived=74.19;locationGapMs=994;callbackGapMs=994;fusion=GPS_IMU
LOCATION,1790577324627,29.7782267,52.4899583,267.000,true,1.40,77.293,source=fused:fused;speedReason=OK;derived=74.18;locationGapMs=997;callbackGapMs=997;fusion=GPS_IMU
LOCATION,1790577325881,29.7782183,52.4897433,267.000,true,1.40,77.050,source=fused:fused;speedReason=OK;derived=74.19;locationGapMs=985;callbackGapMs=985;fusion=GPS_IMU
LOCATION,1790577327179,29.7782083,52.4895267,267.000,true,1.40,76.843,source=fused:fused;speedReason=OK;derived=76.06;locationGapMs=990;callbackGapMs=990;fusion=GPS_IMU
LOCATION,1790577327595,29.7781983,52.4893083,268.000,true,1.40,76.806,source=fused:fused;speedReason=OK;derived=76.06;locationGapMs=1013;callbackGapMs=1013;fusion=GPS_IMU
LOCATION,1790577328609,29.7781900,52.4890867,267.000,true,1.40,76.823,source=fused:fused;speedReason=OK;derived=76.22;locationGapMs=1013;callbackGapMs=1013;fusion=GPS_IMU
LOCATION,1790577329612,29.7781800,52.4888650,267.000,true,1.40,76.837,source=fused:fused;speedReason=OK;derived=76.22;locationGapMs=1000;callbackGapMs=1000;fusion=GPS_IMU
LOCATION,1790577330615,29.7781717,52.4886417,267.000,true,1.40,76.856,source=fused:fused;speedReason=OK;derived=77.28;locationGapMs=1006;callbackGapMs=1006;fusion=GPS_IMU
LOCATION,1790577331623,29.7781633,52.4884133,266.000,true,1.40,76.944,source=fused:fused;speedReason=OK;derived=77.34;locationGapMs=1005;callbackGapMs=1005;fusion=GPS_IMU
LOCATION,1790577332621,29.7781533,52.4881900,267.000,true,1.42,77.016,source=fused:fused;speedReason=OK;derived=77.76;locationGapMs=1001;callbackGapMs=1001;fusion=GPS_IMU
LOCATION,1790577333626,29.7781467,52.4879667,267.000,true,1.46,77.075,source=fused:fused;speedReason=OK;derived=77.76;locationGapMs=1005;callbackGapMs=1005;fusion=GPS_IMU
LOCATION,1790577334615,29.7781383,52.4877417,267.000,true,1.54,77.082,source=fused:fused;speedReason=OK;derived=77.76;locationGapMs=990;callbackGapMs=990;fusion=GPS_IMU
LOCATION,1790577335607,29.7781333,52.4875183,268.000,true,1.60,77.102,source=fused:fused;speedReason=OK;derived=78.42;locationGapMs=992;callbackGapMs=992;fusion=GPS_IMU
LOCATION,1790577336608,29.7781250,52.4873050,267.000,true,1.67,77.087,source=fused:fused;speedReason=OK;derived=78.42;locationGapMs=1000;callbackGapMs=1000;fusion=GPS_IMU
LOCATION,1790577337656,29.7781200,52.4870983,267.000,true,3.70,76.908,source=fused:fused;speedReason=OK;derived=74.33;locationGapMs=1046;callbackGapMs=1046;fusion=GPS_IMU
LOCATION,1790577338623,29.7781150,52.4869050,268.000,true,4.98,76.416,source=fused:fused;speedReason=OK;derived=69.40;locationGapMs=970;callbackGapMs=970;fusion=GPS_IMU
LOCATION,1790577339622,29.7781117,52.4867283,268.000,true,7.56,75.786,source=fused:fused;speedReason=OK;derived=68.82;locationGapMs=999;callbackGapMs=999;fusion=GPS_IMU
LOCATION,1790577340619,29.7781050,52.4865583,268.000,true,9.46,75.063,source=fused:fused;speedReason=OK;derived=61.59;locationGapMs=997;callbackGapMs=997;fusion=GPS_IMU
LOCATION,1790577341628,29.7780983,52.4863917,268.000,true,11.36,74.169,source=fused:fused;speedReason=OK;derived=59.42;locationGapMs=1006;callbackGapMs=1006;fusion=GPS_IMU
LOCATION,1790577342619,29.7780967,52.4862200,269.000,true,11.35,73.328,source=fused:fused;speedReason=OK;derived=59.42;locationGapMs=993;callbackGapMs=993;fusion=GPS_IMU
LOCATION,1790577343676,29.7780967,52.4860433,270.000,true,11.32,72.657,source=fused:fused;speedReason=OK;derived=58.36;locationGapMs=1054;callbackGapMs=1054;fusion=GPS_IMU
LOCATION,1790577344614,29.7780950,52.4858633,268.000,true,11.32,72.176,source=fused:fused;speedReason=OK;derived=60.20;locationGapMs=941;callbackGapMs=941;fusion=GPS_IMU
LOCATION,1790577345590,29.7780850,52.4856800,266.000,true,11.32,71.725,source=fused:fused;speedReason=OK;derived=65.37;locationGapMs=978;callbackGapMs=978;fusion=GPS_IMU
LOCATION,1790577346620,29.7780717,52.4854933,266.000,true,11.32,71.457,source=fused:fused;speedReason=OK;derived=65.37;locationGapMs=1029;callbackGapMs=1029;fusion=GPS_IMU
LOCATION,1790577347625,29.7780567,52.4852983,265.000,true,11.34,71.183,source=fused:fused;speedReason=OK;derived=65.37;locationGapMs=1003;callbackGapMs=1003;fusion=GPS_IMU
LOCATION,1790577348617,29.7780417,52.4850983,265.000,true,11.35,71.080,source=fused:fused;speedReason=OK;derived=67.94;locationGapMs=994;callbackGapMs=994;fusion=GPS_IMU
LOCATION,1790577349681,29.7780250,52.4848917,265.000,true,11.38,71.100,source=fused:fused;speedReason=OK;derived=68.08;locationGapMs=1061;callbackGapMs=1061;fusion=GPS_IMU
LOCATION,1790577350618,29.7780100,52.4846817,265.000,true,11.40,71.258,source=fused:fused;speedReason=OK;derived=70.30;locationGapMs=938;callbackGapMs=938;fusion=GPS_IMU
LOCATION,1790577351619,29.7779950,52.4844650,266.000,true,11.40,71.395,source=fused:fused;speedReason=OK;derived=75.60;locationGapMs=1001;callbackGapMs=1001;fusion=GPS_IMU
LOCATION,1790577352619,29.7779833,52.4842483,266.000,true,11.40,71.571,source=fused:fused;speedReason=OK;derived=75.60;locationGapMs=1001;callbackGapMs=1001;fusion=GPS_IMU
LOCATION,1790577353617,29.7779750,52.4840250,267.000,true,11.40,71.796,source=fused:fused;speedReason=OK;derived=75.60;locationGapMs=999;callbackGapMs=999;fusion=GPS_IMU
LOCATION,1790577354610,29.7779667,52.4837967,267.000,true,11.40,72.149,source=fused:fused;speedReason=OK;derived=77.88;locationGapMs=993;callbackGapMs=993;fusion=GPS_IMU
LOCATION,1790577355655,29.7779583,52.4835650,267.000,true,11.42,72.704,source=fused:fused;speedReason=OK;derived=77.88;locationGapMs=1041;callbackGapMs=1041;fusion=GPS_IMU
LOCATION,1790577356622,29.7779517,52.4833333,267.000,true,11.44,72.985,source=fused:fused;speedReason=OK;derived=80.11;locationGapMs=970;callbackGapMs=970;fusion=GPS_IMU
LOCATION,1790577357580,29.7779433,52.4831017,267.000,true,11.45,73.356,source=fused:fused;speedReason=OK;derived=83.20;locationGapMs=959;callbackGapMs=959;fusion=GPS_IMU
LOCATION,1790577358617,29.7779317,52.4828717,267.000,true,11.47,73.666,source=fused:fused;speedReason=OK;derived=83.20;locationGapMs=1036;callbackGapMs=1036;fusion=GPS_IMU
LOCATION,1790577359617,29.7779217,52.4826383,267.000,true,11.48,74.038,source=fused:fused;speedReason=OK;derived=81.43;locationGapMs=999;callbackGapMs=999;fusion=GPS_IMU
LOCATION,1790577360613,29.7779133,52.4824033,267.000,true,11.50,74.403,source=fused:fused;speedReason=OK;derived=81.43;locationGapMs=996;callbackGapMs=996;fusion=GPS_IMU
LOCATION,1790577361681,29.7779050,52.4821667,267.000,true,11.50,74.862,source=fused:fused;speedReason=OK;derived=81.43;locationGapMs=1066;callbackGapMs=1066;fusion=GPS_IMU
LOCATION,1790577362619,29.7778983,52.4819250,267.000,true,11.52,75.220,source=fused:fused;speedReason=OK;derived=82.21;locationGapMs=941;callbackGapMs=941;fusion=GPS_IMU
LOCATION,1790577363607,29.7778900,52.4816817,267.000,true,11.53,75.663,source=fused:fused;speedReason=OK;derived=85.71;locationGapMs=989;callbackGapMs=989;fusion=GPS_IMU
LOCATION,1790577364612,29.7778800,52.4814383,267.000,true,11.55,76.183,source=fused:fused;speedReason=OK;derived=85.71;locationGapMs=1001;callbackGapMs=1001;fusion=GPS_IMU
LOCATION,1790577365614,29.7778700,52.4811950,267.000,true,11.58,76.800,source=fused:fused;speedReason=OK;derived=84.74;locationGapMs=1005;callbackGapMs=1005;fusion=GPS_IMU
LOCATION,1790577366618,29.7778567,52.4809450,266.000,true,11.58,77.445,source=fused:fused;speedReason=OK;derived=84.74;locationGapMs=1004;callbackGapMs=1004;fusion=GPS_IMU
LOCATION,1790577367677,29.7778433,52.4806950,266.000,true,11.60,78.055,source=fused:fused;speedReason=OK;derived=84.37;locationGapMs=1054;callbackGapMs=1054;fusion=GPS_IMU
LOCATION,1790577368610,29.7778267,52.4804417,265.000,true,11.60,78.778,source=fused:fused;speedReason=OK;derived=86.84;locationGapMs=939;callbackGapMs=939;fusion=GPS_IMU
LOCATION,1790577369619,29.7778083,52.4801833,265.000,true,11.60,79.526,source=fused:fused;speedReason=OK;derived=89.63;locationGapMs=1007;callbackGapMs=1007;fusion=GPS_IMU
LOCATION,1790577370621,29.7777817,52.4799250,263.000,true,11.60,80.118,source=fused:fused;speedReason=OK;derived=90.36;locationGapMs=1002;callbackGapMs=1002;fusion=GPS_IMU
LOCATION,1790577371612,29.7777500,52.4796650,261.000,true,11.60,80.754,source=fused:fused;speedReason=OK;derived=90.36;locationGapMs=992;callbackGapMs=992;fusion=GPS_IMU
LOCATION,1790577372892,29.7777133,52.4794067,259.000,true,11.60,81.550,source=fused:fused;speedReason=OK;derived=90.38;locationGapMs=1008;callbackGapMs=1008;fusion=GPS_IMU
LOCATION,1790577373665,29.7776683,52.4791500,258.000,true,11.60,82.143,source=fused:fused;speedReason=OK;derived=90.38;locationGapMs=1046;callbackGapMs=1046;fusion=GPS_IMU
LOCATION,1790577374615,29.7776200,52.4788933,257.000,true,11.60,82.600,source=fused:fused;speedReason=OK;derived=90.38;locationGapMs=949;callbackGapMs=949;fusion=GPS_IMU
LOCATION,1790577375606,29.7775667,52.4786400,255.000,true,11.60,82.961,source=fused:fused;speedReason=OK;derived=91.44;locationGapMs=992;callbackGapMs=992;fusion=GPS_IMU
LOCATION,1790577376619,29.7775067,52.4783917,253.000,true,11.60,83.215,source=fused:fused;speedReason=OK;derived=91.44;locationGapMs=1013;callbackGapMs=1013;fusion=GPS_IMU
LOCATION,1790577377620,29.7774383,52.4781500,252.000,true,11.60,83.397,source=fused:fused;speedReason=OK;derived=88.54;locationGapMs=1000;callbackGapMs=1000;fusion=GPS_IMU
LOCATION,1790577378614,29.7773700,52.4779083,251.000,true,11.60,83.680,source=fused:fused;speedReason=OK;derived=88.54;locationGapMs=993;callbackGapMs=993;fusion=GPS_IMU
LOCATION,1790577379664,29.7772950,52.4776700,250.000,true,11.60,84.119,source=fused:fused;speedReason=OK;derived=88.46;locationGapMs=1051;callbackGapMs=1051;fusion=GPS_IMU
LOCATION,1790577380602,29.7772167,52.4774333,249.000,true,11.60,84.424,source=fused:fused;speedReason=OK;derived=89.07;locationGapMs=938;callbackGapMs=938;fusion=GPS_IMU
LOCATION,1790577381622,29.7771317,52.4772017,247.000,true,11.60,84.707,source=fused:fused;speedReason=OK;derived=85.76;locationGapMs=1020;callbackGapMs=1020;fusion=GPS_IMU
LOCATION,1790577382617,29.7770417,52.4769700,245.000,true,11.60,84.960,source=fused:fused;speedReason=OK;derived=88.65;locationGapMs=996;callbackGapMs=996;fusion=GPS_IMU
LOCATION,1790577383628,29.7769467,52.4767400,244.000,true,11.60,85.190,source=fused:fused;speedReason=OK;derived=87.71;locationGapMs=1010;callbackGapMs=1010;fusion=GPS_IMU
LOCATION,1790577384618,29.7768450,52.4765133,242.000,true,11.60,85.361,source=fused:fused;speedReason=OK;derived=88.65;locationGapMs=990;callbackGapMs=990;fusion=GPS_IMU
LOCATION,1790577385651,29.7767400,52.4762900,241.000,true,11.60,85.522,source=fused:fused;speedReason=OK;derived=87.71;locationGapMs=1034;callbackGapMs=1034;fusion=GPS_IMU
LOCATION,1790577386612,29.7766317,52.4760683,240.000,true,11.60,85.763,source=fused:fused;speedReason=OK;derived=89.64;locationGapMs=960;callbackGapMs=960;fusion=GPS_IMU
LOCATION,1790577387617,29.7765183,52.4758533,238.000,true,11.60,85.880,source=fused:fused;speedReason=OK;derived=86.94;locationGapMs=1006;callbackGapMs=1006;fusion=GPS_IMU
LOCATION,1790577388886,29.7763983,52.4756450,237.000,true,11.60,85.905,source=fused:fused;speedReason=OK;derived=87.42;locationGapMs=994;callbackGapMs=994;fusion=GPS_IMU
LOCATION,1790577389594,29.7762850,52.4754383,236.000,true,11.60,85.912,source=fused:fused;speedReason=OK;derived=86.94;locationGapMs=983;callbackGapMs=983;fusion=GPS_IMU
LOCATION,1790577390603,29.7761650,52.4752367,235.000,true,11.62,85.914,source=fused:fused;speedReason=OK;derived=86.45;locationGapMs=1008;callbackGapMs=1008;fusion=GPS_IMU
LOCATION,1790577391609,29.7760417,52.4750450,234.000,true,11.63,85.898,source=fused:fused;speedReason=OK;derived=84.29;locationGapMs=1007;callbackGapMs=1007;fusion=GPS_IMU
LOCATION,1790577392612,29.7759167,52.4748450,234.000,true,11.65,85.791,source=fused:fused;speedReason=OK;derived=84.29;locationGapMs=1002;callbackGapMs=1002;fusion=GPS_IMU
LOCATION,1790577393608,29.7757967,52.4746450,235.000,true,10.00,85.750,source=fused:fused;speedReason=OK;derived=84.59;locationGapMs=999;callbackGapMs=999;fusion=GPS_IMU
LOCATION,1790577394610,29.7756733,52.4744450,234.000,true,7.70,85.683,source=fused:fused;speedReason=OK;derived=85.37;locationGapMs=999;callbackGapMs=999;fusion=GPS_IMU
LOCATION,1790577395605,29.7755500,52.4742500,234.000,true,5.68,85.574,source=fused:fused;speedReason=OK;derived=84.59;locationGapMs=995;callbackGapMs=995;fusion=GPS_IMU
LOCATION,1790577396626,29.7754283,52.4740550,235.000,true,4.98,85.528,source=fused:fused;speedReason=OK;derived=84.26;locationGapMs=1021;callbackGapMs=1021;fusion=GPS_IMU
LOCATION,1790577397616,29.7753100,52.4738583,235.000,true,1.60,85.430,source=fused:fused;speedReason=OK;derived=84.01;locationGapMs=990;callbackGapMs=990;fusion=GPS_IMU
LOCATION,1790577398601,29.7751933,52.4736633,235.000,true,1.56,85.302,source=fused:fused;speedReason=OK;derived=83.49;locationGapMs=986;callbackGapMs=986;fusion=GPS_IMU
LOCATION,1790577399614,29.7750750,52.4734683,235.000,true,1.52,85.151,source=fused:fused;speedReason=OK;derived=83.49;locationGapMs=1012;callbackGapMs=1012;fusion=GPS_IMU
LOCATION,1790577400624,29.7749567,52.4732750,234.000,true,3.46,85.022,source=fused:fused;speedReason=OK;derived=81.71;locationGapMs=1006;callbackGapMs=1006;fusion=GPS_IMU
LOCATION,1790577401622,29.7748433,52.4730833,235.000,true,5.42,84.765,source=fused:fused;speedReason=OK;derived=81.71;locationGapMs=1001;callbackGapMs=1001;fusion=GPS_IMU
LOCATION,1790577402600,29.7747333,52.4728950,235.000,true,6.40,84.580,source=fused:fused;speedReason=OK;derived=80.59;locationGapMs=979;callbackGapMs=979;fusion=GPS_IMU
LOCATION,1790577403898,29.7746200,52.4727100,234.000,true,9.34,84.323,source=fused:fused;speedReason=OK;derived=80.55;locationGapMs=1021;callbackGapMs=1021;fusion=GPS_IMU
LOCATION,1790577404611,29.7745083,52.4725267,234.000,true,9.67,84.187,source=fused:fused;speedReason=OK;derived=78.71;locationGapMs=989;callbackGapMs=989;fusion=GPS_IMU
LOCATION,1790577405617,29.7743967,52.4723467,234.000,true,11.30,83.791,source=fused:fused;speedReason=OK;derived=77.07;locationGapMs=1007;callbackGapMs=1007;fusion=GPS_IMU
LOCATION,1790577406609,29.7742883,52.4721700,234.000,true,11.30,83.238,source=fused:fused;speedReason=OK;derived=76.34;locationGapMs=992;callbackGapMs=992;fusion=GPS_IMU
LOCATION,1790577407616,29.7741850,52.4720017,234.000,true,11.30,82.584,source=fused:fused;speedReason=OK;derived=75.81;locationGapMs=1006;callbackGapMs=1006;fusion=GPS_IMU
LOCATION,1790577408684,29.7740900,52.4718467,235.000,true,11.30,81.970,source=fused:fused;speedReason=OK;derived=71.21;locationGapMs=1069;callbackGapMs=1069;fusion=GPS_IMU
LOCATION,1790577409625,29.7740150,52.4717217,235.000,true,11.30,81.172,source=fused:fused;speedReason=OK;derived=61.69;locationGapMs=941;callbackGapMs=941;fusion=GPS_IMU
LOCATION,1790577410628,29.7739533,52.4716150,235.000,true,11.30,79.774,source=fused:fused;speedReason=OK;derived=56.13;locationGapMs=999;callbackGapMs=999;fusion=GPS_IMU
LOCATION,1790577411626,29.7738917,52.4715150,235.000,true,11.30,77.205,source=fused:fused;speedReason=OK;derived=44.61;locationGapMs=1001;callbackGapMs=1001;fusion=GPS_IMU
LOCATION,1790577412605,29.7738383,52.4714183,236.000,true,11.30,74.495,source=fused:fused;speedReason=OK;derived=42.57;locationGapMs=981;callbackGapMs=981;fusion=GPS_IMU
LOCATION,1790577413621,29.7737867,52.4713267,236.000,true,11.30,71.871,source=fused:fused;speedReason=OK;derived=40.61;locationGapMs=1015;callbackGapMs=1015;fusion=GPS_IMU
LOCATION,1790577414672,29.7737317,52.4712283,236.000,true,11.30,68.760,source=fused:fused;speedReason=OK;derived=38.75;locationGapMs=1050;callbackGapMs=1050;fusion=GPS_IMU
LOCATION,1790577415619,29.7736750,52.4711267,236.000,true,11.30,66.153,source=fused:fused;speedReason=OK;derived=38.75;locationGapMs=948;callbackGapMs=948;fusion=GPS_IMU
LOCATION,1790577416625,29.7736133,52.4710200,236.000,true,11.32,64.020,source=fused:fused;speedReason=OK;derived=44.29;locationGapMs=1001;callbackGapMs=1001;fusion=GPS_IMU
LOCATION,1790577417607,29.7735467,52.4709050,236.000,true,11.33,62.294,source=fused:fused;speedReason=OK;derived=44.52;locationGapMs=987;callbackGapMs=987;fusion=GPS_IMU
LOCATION,1790577418603,29.7734717,52.4707850,234.000,true,11.35,61.161,source=fused:fused;speedReason=OK;derived=48.69;locationGapMs=997;callbackGapMs=997;fusion=GPS_IMU
LOCATION,1790577419617,29.7733867,52.4706600,232.000,true,11.35,60.674,source=fused:fused;speedReason=OK;derived=51.55;locationGapMs=1013;callbackGapMs=1013;fusion=GPS_IMU
LOCATION,1790577420679,29.7733017,52.4705367,231.000,true,11.36,60.226,source=fused:fused;speedReason=OK;derived=51.55;locationGapMs=1063;callbackGapMs=1063;fusion=GPS_IMU
LOCATION,1790577421617,29.7732200,52.4704067,232.000,true,11.34,59.727,source=fused:fused;speedReason=OK;derived=54.47;locationGapMs=938;callbackGapMs=938;fusion=GPS_IMU
LOCATION,1790577422627,29.7731350,52.4702733,233.000,true,11.32,59.471,source=fused:fused;speedReason=OK;derived=57.17;locationGapMs=1006;callbackGapMs=1006;fusion=GPS_IMU
LOCATION,1790577423615,29.7730467,52.4701333,233.000,true,11.30,59.418,source=fused:fused;speedReason=OK;derived=59.47;locationGapMs=992;callbackGapMs=992;fusion=GPS_IMU
LOCATION,1790577424616,29.7729550,52.4699850,234.000,true,11.30,59.597,source=fused:fused;speedReason=OK;derived=60.63;locationGapMs=999;callbackGapMs=999;fusion=GPS_IMU
LOCATION,1790577425616,29.7728600,52.4698283,234.000,true,11.30,59.894,source=fused:fused;speedReason=OK;derived=63.35;locationGapMs=1002;callbackGapMs=1002;fusion=GPS_IMU
LOCATION,1790577426678,29.7727600,52.4696633,235.000,true,11.30,60.685,source=fused:fused;speedReason=OK;derived=65.98;locationGapMs=1060;callbackGapMs=1060;fusion=GPS_IMU
LOCATION,1790577427613,29.7726567,52.4694900,235.000,true,11.30,61.693,source=fused:fused;speedReason=OK;derived=66.30;locationGapMs=936;callbackGapMs=936;fusion=GPS_IMU
LOCATION,1790577428624,29.7725483,52.4693117,235.000,true,11.30,62.607,source=fused:fused;speedReason=OK;derived=75.13;locationGapMs=1007;callbackGapMs=1007;fusion=GPS_IMU
LOCATION,1790577429613,29.7724350,52.4691233,235.000,true,11.30,63.718,source=fused:fused;speedReason=OK;derived=78.07;locationGapMs=993;callbackGapMs=993;fusion=GPS_IMU
LOCATION,1790577430622,29.7723200,52.4689350,235.000,true,11.30,65.095,source=fused:fused;speedReason=OK;derived=79.39;locationGapMs=1008;callbackGapMs=1008;fusion=GPS_IMU
LOCATION,1790577431626,29.7722067,52.4687483,234.000,true,11.30,66.073,source=fused:fused;speedReason=OK;derived=79.39;locationGapMs=1004;callbackGapMs=1004;fusion=GPS_IMU
LOCATION,1790577432945,29.7720917,52.4685633,234.000,true,11.30,67.231,source=fused:fused;speedReason=OK;derived=78.86;locationGapMs=1036;callbackGapMs=1036;fusion=GPS_IMU
LOCATION,1790577433608,29.7719750,52.4683733,234.000,true,11.30,68.165,source=fused:fused;speedReason=OK;derived=78.86;locationGapMs=947;callbackGapMs=947;fusion=GPS_IMU
LOCATION,1790577434617,29.7718583,52.4681783,234.000,true,11.30,68.642,source=fused:fused;speedReason=OK;derived=81.75;locationGapMs=1007;callbackGapMs=1007;fusion=GPS_IMU
LOCATION,1790577435621,29.7717400,52.4679800,234.000,true,11.30,69.620,source=fused:fused;speedReason=OK;derived=83.05;locationGapMs=1007;callbackGapMs=1007;fusion=GPS_IMU
LOCATION,1790577436619,29.7716200,52.4677833,235.000,true,11.30,70.409,source=fused:fused;speedReason=OK;derived=83.05;locationGapMs=997;callbackGapMs=997;fusion=GPS_IMU
LOCATION,1790577437621,29.7714983,52.4675833,235.000,true,11.30,70.851,source=fused:fused;speedReason=OK;derived=83.81;locationGapMs=1002;callbackGapMs=1002;fusion=GPS_IMU
LOCATION,1790577438902,29.7713733,52.4673800,235.000,true,11.30,71.809,source=fused:fused;speedReason=OK;derived=84.72;locationGapMs=995;callbackGapMs=995;fusion=GPS_IMU
LOCATION,1790577439618,29.7712450,52.4671717,234.000,true,11.30,72.958,source=fused:fused;speedReason=OK;derived=87.02;locationGapMs=1000;callbackGapMs=1000;fusion=GPS_IMU
LOCATION,1790577440617,29.7711133,52.4669617,234.000,true,11.30,73.897,source=fused:fused;speedReason=OK;derived=88.77;locationGapMs=1000;callbackGapMs=1000;fusion=GPS_IMU
LOCATION,1790577441614,29.7709800,52.4667500,234.000,true,11.30,75.363,source=fused:fused;speedReason=OK;derived=90.04;locationGapMs=999;callbackGapMs=999;fusion=GPS_IMU
LOCATION,1790577442883,29.7708500,52.4665400,234.000,true,11.30,76.245,source=fused:fused;speedReason=OK;derived=90.04;locationGapMs=1002;callbackGapMs=1002;fusion=GPS_IMU
LOCATION,1790577443672,29.7707217,52.4663317,234.000,true,11.30,77.105,source=fused:fused;speedReason=OK;derived=89.47;locationGapMs=1055;callbackGapMs=1055;fusion=GPS_IMU
LOCATION,1790577444612,29.7705917,52.4661233,234.000,true,11.30,78.138,source=fused:fused;speedReason=OK;derived=89.47;locationGapMs=939;callbackGapMs=939;fusion=GPS_IMU
LOCATION,1790577445913,29.7704617,52.4659150,234.000,true,11.30,79.362,source=fused:fused;speedReason=OK;derived=88.28;locationGapMs=1010;callbackGapMs=1010;fusion=GPS_IMU
LOCATION,1790577446612,29.7703350,52.4657083,234.000,true,11.30,80.225,source=fused:fused;speedReason=OK;derived=88.75;locationGapMs=991;callbackGapMs=991;fusion=GPS_IMU
LOCATION,1790577447906,29.7702100,52.4655050,235.000,true,11.30,81.234,source=fused:fused;speedReason=OK;derived=88.28;locationGapMs=1000;callbackGapMs=1000;fusion=GPS_IMU
LOCATION,1790577448609,29.7700867,52.4653033,235.000,true,11.30,81.607,source=fused:fused;speedReason=OK;derived=86.59;locationGapMs=997;callbackGapMs=997;fusion=GPS_IMU
LOCATION,1790577449949,29.7699617,52.4651017,234.000,true,11.30,81.972,source=fused:fused;speedReason=OK;derived=86.00;locationGapMs=1057;callbackGapMs=1057;fusion=GPS_IMU
LOCATION,1790577451253,29.7698383,52.4649017,234.000,true,11.30,82.299,source=fused:fused;speedReason=OK;derived=86.00;locationGapMs=959;callbackGapMs=959;fusion=GPS_IMU
LOCATION,1790577451624,29.7697167,52.4647000,234.000,true,11.30,82.584,source=fused:fused;speedReason=OK;derived=86.39;locationGapMs=988;callbackGapMs=988;fusion=GPS_IMU
LOCATION,1790577452911,29.7695950,52.4644983,235.000,true,11.30,82.707,source=fused:fused;speedReason=OK;derived=86.39;locationGapMs=996;callbackGapMs=996;fusion=GPS_IMU
LOCATION,1790577454244,29.7694750,52.4642983,235.000,true,11.30,82.847,source=fused:fused;speedReason=OK;derived=85.72;locationGapMs=1003;callbackGapMs=1003;fusion=GPS_IMU
LOCATION,1790577454611,29.7693550,52.4640983,235.000,true,11.30,82.947,source=fused:fused;speedReason=OK;derived=85.45;locationGapMs=989;callbackGapMs=989;fusion=GPS_IMU
LOCATION,1790577455902,29.7692333,52.4639017,234.000,true,11.30,83.043,source=fused:fused;speedReason=OK;derived=84.25;locationGapMs=1015;callbackGapMs=1015;fusion=GPS_IMU
LOCATION,1790577457255,29.7691133,52.4637083,234.000,true,11.30,83.093,source=fused:fused;speedReason=OK;derived=82.69;locationGapMs=1000;callbackGapMs=1000;fusion=GPS_IMU
LOCATION,1790577457603,29.7689967,52.4635167,235.000,true,11.30,83.123,source=fused:fused;speedReason=OK;derived=82.62;locationGapMs=988;callbackGapMs=988;fusion=GPS_IMU
LOCATION,1790577458621,29.7688800,52.4633250,235.000,true,11.30,82.974,source=fused:fused;speedReason=OK;derived=82.32;locationGapMs=1011;callbackGapMs=1011;fusion=GPS_IMU
LOCATION,1790577459616,29.7687650,52.4631350,235.000,true,11.30,82.743,source=fused:fused;speedReason=OK;derived=80.50;locationGapMs=1001;callbackGapMs=1001;fusion=GPS_IMU
LOCATION,1790577460612,29.7686500,52.4629433,235.000,true,11.30,82.571,source=fused:fused;speedReason=OK;derived=80.50;locationGapMs=995;callbackGapMs=995;fusion=GPS_IMU
LOCATION,1790577461623,29.7685367,52.4627500,235.000,true,11.30,82.466,source=fused:fused;speedReason=OK;derived=80.51;locationGapMs=1007;callbackGapMs=1007;fusion=GPS_IMU
LOCATION,1790577462623,29.7684183,52.4625583,235.000,true,11.30,82.335,source=fused:fused;speedReason=OK;derived=81.40;locationGapMs=1004;callbackGapMs=1004;fusion=GPS_IMU
LOCATION,1790577463628,29.7683017,52.4623650,235.000,true,11.30,82.237,source=fused:fused;speedReason=OK;derived=81.33;locationGapMs=1006;callbackGapMs=1006;fusion=GPS_IMU
LOCATION,1790577464617,29.7681867,52.4621733,235.000,true,11.30,82.123,source=fused:fused;speedReason=OK;derived=81.45;locationGapMs=990;callbackGapMs=990;fusion=GPS_IMU
LOCATION,1790577465622,29.7680700,52.4619850,234.000,true,11.30,82.017,source=fused:fused;speedReason=OK;derived=81.33;locationGapMs=1002;callbackGapMs=1002;fusion=GPS_IMU
LOCATION,1790577466622,29.7679533,52.4617950,234.000,true,11.30,81.939,source=fused:fused;speedReason=OK;derived=80.98;locationGapMs=999;callbackGapMs=999;fusion=GPS_IMU
LOCATION,1790577467607,29.7678367,52.4616033,234.000,true,11.30,81.886,source=fused:fused;speedReason=OK;derived=80.98;locationGapMs=988;callbackGapMs=988;fusion=GPS_IMU
LOCATION,1790577468618,29.7677183,52.4614117,234.000,true,11.30,81.865,source=fused:fused;speedReason=OK;derived=80.98;locationGapMs=1012;callbackGapMs=1012;fusion=GPS_IMU
LOCATION,1790577469615,29.7676050,52.4612217,235.000,true,11.30,81.854,source=fused:fused;speedReason=OK;derived=80.78;locationGapMs=997;callbackGapMs=997;fusion=GPS_IMU
LOCATION,1790577470609,29.7674917,52.4610333,235.000,true,11.30,81.852,source=fused:fused;speedReason=OK;derived=80.37;locationGapMs=993;callbackGapMs=993;fusion=GPS_IMU
LOCATION,1790577471608,29.7673833,52.4608500,235.000,true,11.30,81.839,source=fused:fused;speedReason=OK;derived=80.23;locationGapMs=999;callbackGapMs=999;fusion=GPS_IMU
LOCATION,1790577472911,29.7672783,52.4606783,235.000,true,11.30,81.642,source=fused:fused;speedReason=OK;derived=77.17;locationGapMs=1009;callbackGapMs=1009;fusion=GPS_IMU
LOCATION,1790577473610,29.7671867,52.4605217,235.000,true,11.30,81.098,source=fused:fused;speedReason=OK;derived=72.35;locationGapMs=993;callbackGapMs=993;fusion=GPS_IMU
LOCATION,1790577474615,29.7671133,52.4603933,235.000,true,11.30,80.314,source=fused:fused;speedReason=OK;derived=66.10;locationGapMs=1004;callbackGapMs=1004;fusion=GPS_IMU
LOCATION,1790577475613,29.7670533,52.4602817,236.000,true,11.30,78.058,source=fused:fused;speedReason=OK;derived=53.23;locationGapMs=999;callbackGapMs=999;fusion=GPS_IMU
LOCATION,1790577476617,29.7669967,52.4601783,236.000,true,11.30,76.488,source=fused:fused;speedReason=OK;derived=45.69;locationGapMs=1004;callbackGapMs=1004;fusion=GPS_IMU
LOCATION,1790577477624,29.7669333,52.4600683,235.000,true,11.30,75.243,source=fused:fused;speedReason=OK;derived=45.69;locationGapMs=1004;callbackGapMs=1004;fusion=GPS_IMU
LOCATION,1790577478618,29.7668600,52.4599483,234.000,true,11.30,73.638,source=fused:fused;speedReason=OK;derived=45.72;locationGapMs=997;callbackGapMs=997;fusion=GPS_IMU
LOCATION,1790577479611,29.7667800,52.4598233,234.000,true,11.30,72.460,source=fused:fused;speedReason=OK;derived=51.15;locationGapMs=994;callbackGapMs=994;fusion=GPS_IMU
LOCATION,1790577480675,29.7666983,52.4596900,234.000,true,11.32,70.950,source=fused:fused;speedReason=OK;derived=53.41;locationGapMs=1062;callbackGapMs=1062;fusion=GPS_IMU
LOCATION,1790577481628,29.7666100,52.4595450,234.000,true,11.34,70.233,source=fused:fused;speedReason=OK;derived=54.30;locationGapMs=955;callbackGapMs=955;fusion=GPS_IMU
LOCATION,1790577482620,29.7665150,52.4593950,234.000,true,11.35,69.665,source=fused:fused;speedReason=OK;derived=64.47;locationGapMs=991;callbackGapMs=991;fusion=GPS_IMU
LOCATION,1790577483605,29.7664200,52.4592367,234.000,true,11.37,69.306,source=fused:fused;speedReason=OK;derived=65.12;locationGapMs=982;callbackGapMs=982;fusion=GPS_IMU
LOCATION,1790577484614,29.7663217,52.4590717,234.000,true,11.38,69.158,source=fused:fused;speedReason=OK;derived=68.12;locationGapMs=1012;callbackGapMs=1012;fusion=GPS_IMU
LOCATION,1790577485615,29.7662200,52.4589067,234.000,true,11.40,69.166,source=fused:fused;speedReason=OK;derived=68.74;locationGapMs=1001;callbackGapMs=1001;fusion=GPS_IMU
LOCATION,1790577486672,29.7661133,52.4587300,234.000,true,11.40,69.411,source=fused:fused;speedReason=OK;derived=70.27;locationGapMs=1056;callbackGapMs=1056;fusion=GPS_IMU
LOCATION,1790577487622,29.7660050,52.4585517,235.000,true,11.40,69.825,source=fused:fused;speedReason=OK;derived=70.85;locationGapMs=951;callbackGapMs=951;fusion=GPS_IMU
LOCATION,1790577488612,29.7658967,52.4583667,235.000,true,11.40,69.928,source=fused:fused;speedReason=OK;derived=78.59;locationGapMs=987;callbackGapMs=987;fusion=GPS_IMU
LOCATION,1790577489604,29.7657900,52.4581833,234.000,true,11.40,69.949,source=fused:fused;speedReason=OK;derived=78.59;locationGapMs=993;callbackGapMs=993;fusion=GPS_IMU
LOCATION,1790577490617,29.7656833,52.4579883,234.000,true,11.42,70.385,source=fused:fused;speedReason=OK;derived=78.59;locationGapMs=1015;callbackGapMs=1015;fusion=GPS_IMU
LOCATION,1790577491620,29.7655650,52.4578017,234.000,true,11.44,70.671,source=fused:fused;speedReason=OK;derived=78.95;locationGapMs=1002;callbackGapMs=1002;fusion=GPS_IMU
LOCATION,1790577492618,29.7654467,52.4576100,234.000,true,11.43,71.011,source=fused:fused;speedReason=OK;derived=80.15;locationGapMs=1000;callbackGapMs=1000;fusion=GPS_IMU
LOCATION,1790577493622,29.7653267,52.4574200,234.000,true,11.42,71.793,source=fused:fused;speedReason=OK;derived=81.66;locationGapMs=1000;callbackGapMs=1000;fusion=GPS_IMU
LOCATION,1790577494609,29.7652100,52.4572317,234.000,true,11.40,72.271,source=fused:fused;speedReason=OK;derived=81.66;locationGapMs=991;callbackGapMs=991;fusion=GPS_IMU
LOCATION,1790577495613,29.7650933,52.4570433,234.000,true,11.38,72.987,source=fused:fused;speedReason=OK;derived=81.15;locationGapMs=1002;callbackGapMs=1002;fusion=GPS_IMU
LOCATION,1790577496599,29.7649750,52.4568567,234.000,true,11.35,73.637,source=fused:fused;speedReason=OK;derived=81.15;locationGapMs=988;callbackGapMs=988;fusion=GPS_IMU
LOCATION,1790577497574,29.7648567,52.4566683,234.000,true,11.32,74.219,source=fused:fused;speedReason=OK;derived=81.28;locationGapMs=976;callbackGapMs=976;fusion=GPS_IMU
LOCATION,1790577498574,29.7647367,52.4564817,234.000,true,11.30,74.756,source=fused:fused;speedReason=OK;derived=81.28;locationGapMs=1000;callbackGapMs=1000;fusion=GPS_IMU
LOCATION,1790577499577,29.7646150,52.4562950,233.000,true,11.30,75.156,source=fused:fused;speedReason=OK;derived=81.14;locationGapMs=1000;callbackGapMs=1000;fusion=GPS_IMU
LOCATION,1790577500579,29.7644933,52.4561050,233.000,true,11.30,75.573,source=fused:fused;speedReason=OK;derived=81.14;locationGapMs=1004;callbackGapMs=1004;fusion=GPS_IMU
LOCATION,1790577501574,29.7643717,52.4559167,233.000,true,11.30,75.968,source=fused:fused;speedReason=OK;derived=81.74;locationGapMs=996;callbackGapMs=996;fusion=GPS_IMU
LOCATION,1790577502577,29.7642517,52.4557267,233.000,true,11.30,76.361,source=fused:fused;speedReason=OK;derived=81.74;locationGapMs=1004;callbackGapMs=1004;fusion=GPS_IMU
LOCATION,1790577503591,29.7641317,52.4555350,234.000,true,11.30,76.725,source=fused:fused;speedReason=OK;derived=81.34;locationGapMs=1013;callbackGapMs=1013;fusion=GPS_IMU
LOCATION,1790577504580,29.7640150,52.4553433,234.000,true,11.30,77.035,source=fused:fused;speedReason=OK;derived=81.34;locationGapMs=988;callbackGapMs=988;fusion=GPS_IMU
LOCATION,1790577505574,29.7639000,52.4551517,235.000,true,11.30,77.317,source=fused:fused;speedReason=OK;derived=81.38;locationGapMs=995;callbackGapMs=995;fusion=GPS_IMU
LOCATION,1790577506568,29.7637850,52.4549617,234.000,true,11.30,77.596,source=fused:fused;speedReason=OK;derived=81.38;locationGapMs=994;callbackGapMs=994;fusion=GPS_IMU
LOCATION,1790577507575,29.7636683,52.4547717,234.000,true,11.30,77.850,source=fused:fused;speedReason=OK;derived=81.00;locationGapMs=1007;callbackGapMs=1007;fusion=GPS_IMU
LOCATION,1790577508576,29.7635533,52.4545833,235.000,true,11.30,78.016,source=fused:fused;speedReason=OK;derived=80.34;locationGapMs=1001;callbackGapMs=1001;fusion=GPS_IMU
LOCATION,1790577509585,29.7634383,52.4543967,235.000,true,11.30,78.159,source=fused:fused;speedReason=OK;derived=79.97;locationGapMs=1009;callbackGapMs=1009;fusion=GPS_IMU
LOCATION,1790577510575,29.7633217,52.4542083,235.000,true,11.30,78.323,source=fused:fused;speedReason=OK;derived=79.97;locationGapMs=989;callbackGapMs=989;fusion=GPS_IMU
LOCATION,1790577511571,29.7632067,52.4540200,235.000,true,11.30,78.420,source=fused:fused;speedReason=OK;derived=80.27;locationGapMs=997;callbackGapMs=997;fusion=GPS_IMU
LOCATION,1790577512576,29.7630933,52.4538300,235.000,true,11.30,78.497,source=fused:fused;speedReason=OK;derived=80.27;locationGapMs=1005;callbackGapMs=1005;fusion=GPS_IMU
LOCATION,1790577513571,29.7629767,52.4536417,235.000,true,11.30,78.568,source=fused:fused;speedReason=OK;derived=80.27;locationGapMs=995;callbackGapMs=995;fusion=GPS_IMU
LOCATION,1790577514577,29.7628600,52.4534517,235.000,true,11.30,78.634,source=fused:fused;speedReason=OK;derived=80.42;locationGapMs=1006;callbackGapMs=1006;fusion=GPS_IMU
LOCATION,1790577515575,29.7627450,52.4532633,234.000,true,11.30,78.776,source=fused:fused;speedReason=OK;derived=80.42;locationGapMs=997;callbackGapMs=997;fusion=GPS_IMU
LOCATION,1790577516572,29.7626267,52.4530767,234.000,true,11.30,78.879,source=fused:fused;speedReason=OK;derived=80.42;locationGapMs=997;callbackGapMs=997;fusion=GPS_IMU
LOCATION,1790577517573,29.7625083,52.4528867,234.000,true,11.30,79.007,source=fused:fused;speedReason=OK;derived=80.55;locationGapMs=1002;callbackGapMs=1002;fusion=GPS_IMU
LOCATION,1790577518575,29.7623900,52.4526950,234.000,true,11.30,79.183,source=fused:fused;speedReason=OK;derived=81.13;locationGapMs=1002;callbackGapMs=1002;fusion=GPS_IMU
LOCATION,1790577519580,29.7622683,52.4525000,235.000,true,11.30,79.448,source=fused:fused;speedReason=OK;derived=81.59;locationGapMs=1004;callbackGapMs=1004;fusion=GPS_IMU
LOCATION,1790577520628,29.7621483,52.4523017,235.000,true,11.30,79.735,source=fused:fused;speedReason=OK;derived=81.59;locationGapMs=1048;callbackGapMs=1048;fusion=GPS_IMU
LOCATION,1790577521574,29.7620267,52.4521033,235.000,true,11.30,80.042,source=fused:fused;speedReason=OK;derived=83.14;locationGapMs=946;callbackGapMs=946;fusion=GPS_IMU
LOCATION,1790577522574,29.7619050,52.4519050,234.000,true,11.30,80.417,source=fused:fused;speedReason=OK;derived=84.41;locationGapMs=1000;callbackGapMs=1000;fusion=GPS_IMU
LOCATION,1790577523576,29.7617833,52.4517067,234.000,true,11.30,80.785,source=fused:fused;speedReason=OK;derived=84.41;locationGapMs=1002;callbackGapMs=1002;fusion=GPS_IMU
LOCATION,1790577524835,29.7616633,52.4515067,234.000,true,11.30,81.046,source=fused:fused;speedReason=OK;derived=84.24;locationGapMs=1005;callbackGapMs=1005;fusion=GPS_IMU
LOCATION,1790577525574,29.7615450,52.4513083,235.000,true,11.30,81.175,source=fused:fused;speedReason=OK;derived=84.24;locationGapMs=993;callbackGapMs=993;fusion=GPS_IMU
LOCATION,1790577526597,29.7614250,52.4511083,234.000,true,11.30,81.258,source=fused:fused;speedReason=OK;derived=84.09;locationGapMs=1024;callbackGapMs=1024;fusion=GPS_IMU
LOCATION,1790577527573,29.7613017,52.4509083,234.000,true,11.30,81.390,source=fused:fused;speedReason=OK;derived=84.26;locationGapMs=976;callbackGapMs=976;fusion=GPS_IMU
LOCATION,1790577528574,29.7611817,52.4507083,234.000,true,11.30,81.516,source=fused:fused;speedReason=OK;derived=84.43;locationGapMs=1001;callbackGapMs=1001;fusion=GPS_IMU
LOCATION,1790577529572,29.7610583,52.4505083,234.000,true,11.30,81.629,source=fused:fused;speedReason=OK;derived=85.46;locationGapMs=998;callbackGapMs=998;fusion=GPS_IMU
LOCATION,1790577530580,29.7609350,52.4503067,234.000,true,11.30,81.883,source=fused:fused;speedReason=OK;derived=85.12;locationGapMs=1007;callbackGapMs=1007;fusion=GPS_IMU
LOCATION,1790577531575,29.7608167,52.4501067,235.000,true,11.30,82.118,source=fused:fused;speedReason=OK;derived=85.12;locationGapMs=995;callbackGapMs=995;fusion=GPS_IMU
LOCATION,1790577532592,29.7606983,52.4499033,235.000,true,11.30,82.254,source=fused:fused;speedReason=OK;derived=84.55;locationGapMs=1017;callbackGapMs=1017;fusion=GPS_IMU
LOCATION,1790577533567,29.7605800,52.4496950,236.000,true,11.30,82.452,source=fused:fused;speedReason=OK;derived=84.55;locationGapMs=976;callbackGapMs=976;fusion=GPS_IMU
LOCATION,1790577534572,29.7604600,52.4494817,237.000,true,11.30,82.771,source=fused:fused;speedReason=OK;derived=87.93;locationGapMs=1005;callbackGapMs=1005;fusion=GPS_IMU
LOCATION,1790577535569,29.7603417,52.4492667,237.000,true,11.30,83.173,source=fused:fused;speedReason=OK;derived=88.66;locationGapMs=996;callbackGapMs=996;fusion=GPS_IMU
LOCATION,1790577536574,29.7602233,52.4490500,238.000,true,11.30,83.576,source=fused:fused;speedReason=OK;derived=88.58;locationGapMs=1005;callbackGapMs=1005;fusion=GPS_IMU
LOCATION,1790577537570,29.7601083,52.4488317,238.000,true,11.30,83.949,source=fused:fused;speedReason=OK;derived=88.86;locationGapMs=997;callbackGapMs=997;fusion=GPS_IMU
LOCATION,1790577538588,29.7599950,52.4486150,239.000,true,11.30,84.228,source=fused:fused;speedReason=OK;derived=88.58;locationGapMs=1018;callbackGapMs=1018;fusion=GPS_IMU
LOCATION,1790577539572,29.7598817,52.4483983,239.000,true,11.30,84.487,source=fused:fused;speedReason=OK;derived=89.05;locationGapMs=984;callbackGapMs=984;fusion=GPS_IMU
LOCATION,1790577540834,29.7597733,52.4481783,240.000,true,11.30,84.719,source=fused:fused;speedReason=OK;derived=87.71;locationGapMs=1003;callbackGapMs=1003;fusion=GPS_IMU
LOCATION,1790577541576,29.7596633,52.4479567,240.000,true,11.30,84.890,source=fused:fused;speedReason=OK;derived=88.86;locationGapMs=999;callbackGapMs=999;fusion=GPS_IMU
LOCATION,1790577542575,29.7595567,52.4477333,240.000,true,11.30,85.023,source=fused:fused;speedReason=OK;derived=88.57;locationGapMs=1001;callbackGapMs=1001;fusion=GPS_IMU
LOCATION,1790577543571,29.7594483,52.4475117,240.000,true,11.30,85.172,source=fused:fused;speedReason=OK;derived=88.81;locationGapMs=996;callbackGapMs=996;fusion=GPS_IMU
LOCATION,1790577544592,29.7593417,52.4472967,241.000,true,11.30,85.273,source=fused:fused;speedReason=OK;derived=88.57;locationGapMs=1021;callbackGapMs=1021;fusion=GPS_IMU
LOCATION,1790577545571,29.7592367,52.4470767,242.000,true,11.30,85.354,source=fused:fused;speedReason=OK;derived=88.81;locationGapMs=978;callbackGapMs=978;fusion=GPS_IMU
LOCATION,1790577546572,29.7591317,52.4468567,242.000,true,11.30,85.507,source=fused:fused;speedReason=OK;derived=87.22;locationGapMs=1001;callbackGapMs=1001;fusion=GPS_IMU
LOCATION,1790577547570,29.7590283,52.4466350,242.000,true,11.30,85.654,source=fused:fused;speedReason=OK;derived=87.70;locationGapMs=998;callbackGapMs=998;fusion=GPS_IMU
LOCATION,1790577548584,29.7589300,52.4464100,243.000,true,11.30,85.822,source=fused:fused;speedReason=OK;derived=87.22;locationGapMs=1012;callbackGapMs=1012;fusion=GPS_IMU
LOCATION,1790577549571,29.7588333,52.4461850,244.000,true,11.30,85.906,source=fused:fused;speedReason=OK;derived=87.70;locationGapMs=990;callbackGapMs=990;fusion=GPS_IMU
LOCATION,1790577550589,29.7587383,52.4459583,244.000,true,11.30,85.983,source=fused:fused;speedReason=OK;derived=86.58;locationGapMs=1017;callbackGapMs=1017;fusion=GPS_IMU
LOCATION,1790577551572,29.7586450,52.4457283,245.000,true,11.30,86.065,source=fused:fused;speedReason=OK;derived=88.21;locationGapMs=983;callbackGapMs=983;fusion=GPS_IMU
LOCATION,1790577552576,29.7585517,52.4455000,245.000,true,11.30,86.232,source=fused:fused;speedReason=OK;derived=87.52;locationGapMs=1003;callbackGapMs=1003;fusion=GPS_IMU
LOCATION,1790577553574,29.7584617,52.4452700,245.000,true,11.30,86.388,source=fused:fused;speedReason=OK;derived=87.77;locationGapMs=1000;callbackGapMs=1000;fusion=GPS_IMU
LOCATION,1790577554576,29.7583700,52.4450417,245.000,true,11.30,86.504,source=fused:fused;speedReason=OK;derived=87.60;locationGapMs=999;callbackGapMs=999;fusion=GPS_IMU
LOCATION,1790577555834,29.7582783,52.4448117,245.000,true,11.30,86.616,source=fused:fused;speedReason=OK;derived=87.70;locationGapMs=1004;callbackGapMs=1004;fusion=GPS_IMU
LOCATION,1790577556616,29.7581883,52.4445850,245.000,true,11.30,86.673,source=fused:fused;speedReason=OK;derived=87.60;locationGapMs=1037;callbackGapMs=1037;fusion=GPS_IMU
LOCATION,1790577557611,29.7580983,52.4443617,245.000,true,11.30,86.691,source=fused:fused;speedReason=OK;derived=86.34;locationGapMs=992;callbackGapMs=992;fusion=GPS_IMU
LOCATION,1790577558617,29.7580100,52.4441450,245.000,true,11.30,86.698,source=fused:fused;speedReason=OK;derived=83.63;locationGapMs=1009;callbackGapMs=1009;fusion=GPS_IMU
LOCATION,1790577559616,29.7579217,52.4439300,245.000,true,11.30,86.577,source=fused:fused;speedReason=OK;derived=82.99;locationGapMs=997;callbackGapMs=997;fusion=GPS_IMU
LOCATION,1790577560892,29.7578333,52.4437150,245.000,true,11.30,86.424,source=fused:fused;speedReason=OK;derived=82.53;locationGapMs=1006;callbackGapMs=1006;fusion=GPS_IMU
LOCATION,1790577561612,29.7577450,52.4434967,245.000,true,11.30,86.155,source=fused:fused;speedReason=OK;derived=82.99;locationGapMs=991;callbackGapMs=991;fusion=GPS_IMU
LOCATION,1790577562670,29.7576600,52.4432800,245.000,true,11.30,86.030,source=fused:fused;speedReason=OK;derived=82.26;locationGapMs=1058;callbackGapMs=1058;fusion=GPS_IMU
LOCATION,1790577563608,29.7575750,52.4430650,245.000,true,11.30,85.811,source=fused:fused;speedReason=OK;derived=84.54;locationGapMs=939;callbackGapMs=939;fusion=GPS_IMU
LOCATION,1790577564622,29.7574917,52.4428517,245.000,true,11.30,85.619,source=fused:fused;speedReason=OK;derived=80.64;locationGapMs=1009;callbackGapMs=1009;fusion=GPS_IMU
LOCATION,1790577565910,29.7574067,52.4426400,245.000,true,11.30,85.503,source=fused:fused;speedReason=OK;derived=80.64;locationGapMs=1008;callbackGapMs=1008;fusion=GPS_IMU
LOCATION,1790577566612,29.7573217,52.4424267,245.000,true,11.30,85.292,source=fused:fused;speedReason=OK;derived=80.64;locationGapMs=987;callbackGapMs=987;fusion=GPS_IMU
LOCATION,1790577567609,29.7572333,52.4422117,245.000,true,11.30,85.131,source=fused:fused;speedReason=OK;derived=82.72;locationGapMs=996;callbackGapMs=996;fusion=GPS_IMU
LOCATION,1790577568659,29.7571467,52.4419950,245.000,true,11.30,84.895,source=fused:fused;speedReason=OK;derived=82.72;locationGapMs=1050;callbackGapMs=1050;fusion=GPS_IMU
LOCATION,1790577569624,29.7570600,52.4417783,245.000,true,11.30,84.752,source=fused:fused;speedReason=OK;derived=83.09;locationGapMs=961;callbackGapMs=961;fusion=GPS_IMU
LOCATION,1790577570618,29.7569717,52.4415650,245.000,true,11.30,84.680,source=fused:fused;speedReason=OK;derived=82.29;locationGapMs=999;callbackGapMs=999;fusion=GPS_IMU
LOCATION,1790577571895,29.7568850,52.4413550,245.000,true,11.30,84.485,source=fused:fused;speedReason=OK;derived=82.29;locationGapMs=1000;callbackGapMs=1000;fusion=GPS_IMU
LOCATION,1790577572609,29.7568017,52.4411450,245.000,true,11.30,84.384,source=fused:fused;speedReason=OK;derived=81.13;locationGapMs=990;callbackGapMs=990;fusion=GPS_IMU
LOCATION,1790577573613,29.7567217,52.4409383,245.000,true,11.30,84.219,source=fused:fused;speedReason=OK;derived=80.89;locationGapMs=1005;callbackGapMs=1005;fusion=GPS_IMU
LOCATION,1790577574613,29.7566400,52.4407350,245.000,true,11.30,83.848,source=fused:fused;speedReason=OK;derived=78.34;locationGapMs=999;callbackGapMs=999;fusion=GPS_IMU
LOCATION,1790577575899,29.7565650,52.4405467,245.000,true,11.30,83.402,source=fused:fused;speedReason=OK;derived=78.01;locationGapMs=999;callbackGapMs=999;fusion=GPS_IMU
LOCATION,1790577576612,29.7564967,52.4403767,245.000,true,11.30,82.508,source=fused:fused;speedReason=OK;derived=72.15;locationGapMs=1000;callbackGapMs=1000;fusion=GPS_IMU
LOCATION,1790577577618,29.7564333,52.4402183,245.000,true,11.30,81.545,source=fused:fused;speedReason=OK;derived=65.17;locationGapMs=1005;callbackGapMs=1005;fusion=GPS_IMU
LOCATION,1790577578614,29.7563733,52.4400633,245.000,true,11.30,79.970,source=fused:fused;speedReason=OK;derived=60.38;locationGapMs=998;callbackGapMs=998;fusion=GPS_IMU
LOCATION,1790577579944,29.7563083,52.4399050,245.000,true,11.30,78.510,source=fused:fused;speedReason=OK;derived=59.16;locationGapMs=1057;callbackGapMs=1057;fusion=GPS_IMU
LOCATION,1790577580605,29.7562417,52.4397400,245.000,true,11.30,77.594,source=fused:fused;speedReason=OK;derived=59.16;locationGapMs=934;callbackGapMs=934;fusion=GPS_IMU
LOCATION,1790577581887,29.7561717,52.4395700,245.000,true,11.30,76.948,source=fused:fused;speedReason=OK;derived=65.45;locationGapMs=1000;callbackGapMs=1000;fusion=GPS_IMU
LOCATION,1790577582611,29.7561017,52.4393967,245.000,true,11.30,76.135,source=fused:fused;speedReason=OK;derived=66.16;locationGapMs=1005;callbackGapMs=1005;fusion=GPS_IMU
LOCATION,1790577583909,29.7560283,52.4392217,245.000,true,11.32,75.463,source=fused:fused;speedReason=OK;derived=66.16;locationGapMs=1006;callbackGapMs=1006;fusion=GPS_IMU
LOCATION,1790577584616,29.7559550,52.4390450,245.000,true,11.33,74.893,source=fused:fused;speedReason=OK;derived=67.21;locationGapMs=999;callbackGapMs=999;fusion=GPS_IMU
LOCATION,1790577585882,29.7558833,52.4388650,245.000,true,11.36,74.452,source=fused:fused;speedReason=OK;derived=68.19;locationGapMs=998;callbackGapMs=998;fusion=GPS_IMU
LOCATION,1790577587253,29.7558100,52.4386850,245.000,true,11.38,74.068,source=fused:fused;speedReason=OK;derived=69.04;locationGapMs=999;callbackGapMs=999;fusion=GPS_IMU
LOCATION,1790577587613,29.7557383,52.4385050,245.000,true,11.38,73.718,source=fused:fused;speedReason=OK;derived=69.23;locationGapMs=990;callbackGapMs=990;fusion=GPS_IMU
LOCATION,1790577588914,29.7556683,52.4383233,245.000,true,11.40,73.398,source=fused:fused;speedReason=OK;derived=69.23;locationGapMs=1009;callbackGapMs=1009;fusion=GPS_IMU
LOCATION,1790577590226,29.7555950,52.4381433,245.000,true,11.38,73.170,source=fused:fused;speedReason=OK;derived=69.51;locationGapMs=995;callbackGapMs=995;fusion=GPS_IMU
LOCATION,1790577590666,29.7555233,52.4379650,245.000,true,11.37,72.904,source=fused:fused;speedReason=OK;derived=68.54;locationGapMs=1050;callbackGapMs=1050;fusion=GPS_IMU
LOCATION,1790577591911,29.7554533,52.4377883,245.000,true,11.35,72.656,source=fused:fused;speedReason=OK;derived=69.51;locationGapMs=957;callbackGapMs=957;fusion=GPS_IMU
LOCATION,1790577592608,29.7553867,52.4376167,245.000,true,11.32,72.463,source=fused:fused;speedReason=OK;derived=65.72;locationGapMs=995;callbackGapMs=995;fusion=GPS_IMU
LOCATION,1790577593616,29.7553167,52.4374467,245.000,true,11.30,72.073,source=fused:fused;speedReason=OK;derived=65.72;locationGapMs=1005;callbackGapMs=1005;fusion=GPS_IMU
LOCATION,1790577594607,29.7552467,52.4372750,245.000,true,11.30,71.615,source=fused:fused;speedReason=OK;derived=65.72;locationGapMs=992;callbackGapMs=992;fusion=GPS_IMU
LOCATION,1790577595622,29.7551750,52.4371017,245.000,true,11.30,71.264,source=fused:fused;speedReason=OK;derived=65.73;locationGapMs=1016;callbackGapMs=1016;fusion=GPS_IMU
LOCATION,1790577596626,29.7551033,52.4369250,245.000,true,11.30,71.025,source=fused:fused;speedReason=OK;derived=66.52;locationGapMs=1001;callbackGapMs=1001;fusion=GPS_IMU
LOCATION,1790577597621,29.7550317,52.4367483,245.000,true,11.30,70.874,source=fused:fused;speedReason=OK;derived=67.79;locationGapMs=1000;callbackGapMs=1000;fusion=GPS_IMU
LOCATION,1790577598625,29.7549583,52.4365650,245.000,true,11.30,70.771,source=fused:fused;speedReason=OK;derived=67.84;locationGapMs=1002;callbackGapMs=1002;fusion=GPS_IMU
LOCATION,1790577599619,29.7548833,52.4363800,245.000,true,11.30,70.655,source=fused:fused;speedReason=OK;derived=70.09;locationGapMs=994;callbackGapMs=994;fusion=GPS_IMU
LOCATION,1790577600619,29.7548100,52.4361917,245.000,true,11.30,70.685,source=fused:fused;speedReason=OK;derived=71.46;locationGapMs=1000;callbackGapMs=1000;fusion=GPS_IMU
LOCATION,1790577601683,29.7547350,52.4360017,245.000,true,11.30,70.803,source=fused:fused;speedReason=OK;derived=71.46;locationGapMs=1058;callbackGapMs=1058;fusion=GPS_IMU
LOCATION,1790577602619,29.7546600,52.4358133,245.000,true,11.30,70.914,source=fused:fused;speedReason=OK;derived=71.80;locationGapMs=943;callbackGapMs=943;fusion=GPS_IMU
LOCATION,1790577603614,29.7545850,52.4356267,244.000,true,11.30,71.016,source=fused:fused;speedReason=OK;derived=71.97;locationGapMs=994;callbackGapMs=994;fusion=GPS_IMU
LOCATION,1790577604616,29.7545083,52.4354417,244.000,true,11.30,71.086,source=fused:fused;speedReason=OK;derived=71.97;locationGapMs=1004;callbackGapMs=1004;fusion=GPS_IMU
LOCATION,1790577605613,29.7544300,52.4352600,243.000,true,11.30,71.090,source=fused:fused;speedReason=OK;derived=71.03;locationGapMs=996;callbackGapMs=996;fusion=GPS_IMU
LOCATION,1790577606615,29.7543500,52.4350750,243.000,true,11.30,71.095,source=fused:fused;speedReason=OK;derived=71.03;locationGapMs=1001;callbackGapMs=1001;fusion=GPS_IMU
LOCATION,1790577607653,29.7542733,52.4348900,244.000,true,11.30,71.111,source=fused:fused;speedReason=OK;derived=70.85;locationGapMs=1035;callbackGapMs=1035;fusion=GPS_IMU
LOCATION,1790577608617,29.7541983,52.4347000,245.000,true,11.30,71.235,source=fused:fused;speedReason=OK;derived=71.82;locationGapMs=968;callbackGapMs=968;fusion=GPS_IMU
LOCATION,1790577609618,29.7541233,52.4345083,246.000,true,11.30,71.371,source=fused:fused;speedReason=OK;derived=73.15;locationGapMs=1000;callbackGapMs=1000;fusion=GPS_IMU
LOCATION,1790577610614,29.7540500,52.4343133,247.000,true,11.30,71.539,source=fused:fused;speedReason=OK;derived=74.08;locationGapMs=998;callbackGapMs=998;fusion=GPS_IMU
LOCATION,1790577611612,29.7539783,52.4341150,247.000,true,11.30,71.645,source=fused:fused;speedReason=OK;derived=74.08;locationGapMs=997;callbackGapMs=997;fusion=GPS_IMU
LOCATION,1790577612621,29.7539083,52.4339150,248.000,true,11.30,71.799,source=fused:fused;speedReason=OK;derived=74.44;locationGapMs=1008;callbackGapMs=1008;fusion=GPS_IMU
LOCATION,1790577613679,29.7538417,52.4337133,249.000,true,11.30,72.070,source=fused:fused;speedReason=OK;derived=74.44;locationGapMs=1055;callbackGapMs=1055;fusion=GPS_IMU
LOCATION,1790577614616,29.7537800,52.4335117,250.000,true,11.30,72.287,source=fused:fused;speedReason=OK;derived=74.44;locationGapMs=940;callbackGapMs=940;fusion=GPS_IMU
LOCATION,1790577615614,29.7537183,52.4333150,250.000,true,11.30,72.475,source=fused:fused;speedReason=OK;derived=72.93;locationGapMs=998;callbackGapMs=998;fusion=GPS_IMU
LOCATION,1790577616623,29.7536567,52.4331200,250.000,true,11.30,72.487,source=fused:fused;speedReason=OK;derived=72.93;locationGapMs=1010;callbackGapMs=1010;fusion=GPS_IMU
LOCATION,1790577617619,29.7535967,52.4329250,250.000,true,11.30,72.471,source=fused:fused;speedReason=OK;derived=72.29;locationGapMs=996;callbackGapMs=996;fusion=GPS_IMU
LOCATION,1790577618616,29.7535350,52.4327317,249.000,true,11.30,72.434,source=fused:fused;speedReason=OK;derived=71.96;locationGapMs=996;callbackGapMs=996;fusion=GPS_IMU
LOCATION,1790577619693,29.7534717,52.4325417,248.000,true,11.30,72.384,source=fused:fused;speedReason=OK;derived=71.96;locationGapMs=1072;callbackGapMs=1072;fusion=GPS_IMU
LOCATION,1790577620620,29.7534083,52.4323550,248.000,true,11.30,72.296,source=fused:fused;speedReason=OK;derived=71.96;locationGapMs=934;callbackGapMs=934;fusion=GPS_IMU
LOCATION,1790577621622,29.7533450,52.4321717,248.000,true,11.30,72.138,source=fused:fused;speedReason=OK;derived=68.64;locationGapMs=1000;callbackGapMs=1000;fusion=GPS_IMU
LOCATION,1790577622603,29.7532817,52.4319867,248.000,true,11.30,71.959,source=fused:fused;speedReason=OK;derived=70.39;locationGapMs=983;callbackGapMs=983;fusion=GPS_IMU
LOCATION,1790577623624,29.7532200,52.4318000,249.000,true,11.30,71.791,source=fused:fused;speedReason=OK;derived=68.64;locationGapMs=1020;callbackGapMs=1020;fusion=GPS_IMU
LOCATION,1790577624618,29.7531600,52.4316133,249.000,true,11.30,71.651,source=fused:fused;speedReason=OK;derived=69.77;locationGapMs=993;callbackGapMs=993;fusion=GPS_IMU
LOCATION,1790577625683,29.7531000,52.4314250,250.000,true,11.30,71.525,source=fused:fused;speedReason=OK;derived=68.15;locationGapMs=1063;callbackGapMs=1063;fusion=GPS_IMU
LOCATION,1790577626616,29.7530417,52.4312367,250.000,true,11.30,71.407,source=fused:fused;speedReason=OK;derived=69.77;locationGapMs=936;callbackGapMs=936;fusion=GPS_IMU
LOCATION,1790577627627,29.7529767,52.4310500,247.000,true,11.30,71.343,source=fused:fused;speedReason=OK;derived=69.37;locationGapMs=1009;callbackGapMs=1009;fusion=GPS_IMU
LOCATION,1790577628620,29.7528983,52.4308683,244.000,true,11.30,71.251,source=fused:fused;speedReason=OK;derived=70.94;locationGapMs=995;callbackGapMs=995;fusion=GPS_IMU
LOCATION,1790577629626,29.7528067,52.4306983,237.000,true,11.30,71.159,source=fused:fused;speedReason=OK;derived=69.37;locationGapMs=1004;callbackGapMs=1004;fusion=GPS_IMU
LOCATION,1790577630628,29.7527000,52.4305517,230.000,true,11.30,70.961,source=fused:fused;speedReason=OK;derived=69.29;locationGapMs=1002;callbackGapMs=1002;fusion=GPS_IMU
LOCATION,1790577631664,29.7525800,52.4304250,224.000,true,11.30,70.586,source=fused:fused;speedReason=OK;derived=66.34;locationGapMs=1035;callbackGapMs=1035;fusion=GPS_IMU
LOCATION,1790577632622,29.7524517,52.4303150,216.000,true,11.30,70.137,source=fused:fused;speedReason=OK;derived=66.34;locationGapMs=960;callbackGapMs=960;fusion=GPS_IMU
LOCATION,1790577633627,29.7523117,52.4302283,209.000,true,11.32,69.687,source=fused:fused;speedReason=OK;derived=63.31;locationGapMs=1003;callbackGapMs=1003;fusion=GPS_IMU
LOCATION,1790577634624,29.7521633,52.4301633,201.000,true,11.34,69.141,source=fused:fused;speedReason=OK;derived=63.40;locationGapMs=1000;callbackGapMs=1000;fusion=GPS_IMU
LOCATION,1790577635625,29.7520067,52.4301200,194.000,true,11.35,68.762,source=fused:fused;speedReason=OK;derived=63.40;locationGapMs=999;callbackGapMs=999;fusion=GPS_IMU
LOCATION,1790577636623,29.7518433,52.4300983,188.000,true,11.37,68.531,source=fused:fused;speedReason=OK;derived=64.35;locationGapMs=999;callbackGapMs=999;fusion=GPS_IMU
LOCATION,1790577637605,29.7516783,52.4300950,182.000,true,11.38,68.245,source=fused:fused;speedReason=OK;derived=65.71;locationGapMs=981;callbackGapMs=981;fusion=GPS_IMU
LOCATION,1790577638622,29.7515133,52.4301100,175.000,true,11.40,68.011,source=fused:fused;speedReason=OK;derived=65.71;locationGapMs=1019;callbackGapMs=1019;fusion=GPS_IMU
LOCATION,1790577639620,29.7513467,52.4301467,168.000,true,11.40,67.767,source=fused:fused;speedReason=OK;derived=67.13;locationGapMs=997;callbackGapMs=997;fusion=GPS_IMU
LOCATION,1790577640628,29.7511850,52.4302050,163.000,true,11.40,67.700,source=fused:fused;speedReason=OK;derived=67.31;locationGapMs=1005;callbackGapMs=1005;fusion=GPS_IMU
LOCATION,1790577641630,29.7510217,52.4302750,160.000,true,11.40,67.703,source=fused:fused;speedReason=OK;derived=67.90;locationGapMs=1001;callbackGapMs=1001;fusion=GPS_IMU
LOCATION,1790577642626,29.7508550,52.4303500,159.000,true,11.40,67.846,source=fused:fused;speedReason=OK;derived=69.51;locationGapMs=996;callbackGapMs=996;fusion=GPS_IMU
LOCATION,1790577643622,29.7506850,52.4304267,158.000,true,11.40,68.027,source=fused:fused;speedReason=OK;derived=71.75;locationGapMs=1000;callbackGapMs=1000;fusion=GPS_IMU
LOCATION,1790577644624,29.7505167,52.4305000,158.000,true,11.40,68.317,source=fused:fused;speedReason=OK;derived=71.75;locationGapMs=1002;callbackGapMs=1002;fusion=GPS_IMU
LOCATION,1790577645621,29.7503467,52.4305767,158.000,true,11.40,68.612,source=fused:fused;speedReason=OK;derived=72.91;locationGapMs=998;callbackGapMs=998;fusion=GPS_IMU
LOCATION,1790577646632,29.7501750,52.4306533,158.000,true,11.40,68.974,source=fused:fused;speedReason=OK;derived=73.05;locationGapMs=1005;callbackGapMs=1005;fusion=GPS_IMU
LOCATION,1790577647627,29.7500017,52.4307300,158.000,true,11.42,69.240,source=fused:fused;speedReason=OK;derived=73.16;locationGapMs=998;callbackGapMs=998;fusion=GPS_IMU
LOCATION,1790577648678,29.7498250,52.4308067,158.000,true,11.43,69.492,source=fused:fused;speedReason=OK;derived=73.16;locationGapMs=1053;callbackGapMs=1053;fusion=GPS_IMU
LOCATION,1790577649629,29.7496500,52.4308783,158.000,true,11.45,69.735,source=fused:fused;speedReason=OK;derived=74.28;locationGapMs=951;callbackGapMs=951;fusion=GPS_IMU
LOCATION,1790577650619,29.7494750,52.4309550,158.000,true,11.47,69.967,source=fused:fused;speedReason=OK;derived=75.52;locationGapMs=990;callbackGapMs=990;fusion=GPS_IMU
LOCATION,1790577651631,29.7493000,52.4310300,159.000,true,11.50,70.304,source=fused:fused;speedReason=OK;derived=75.52;locationGapMs=1008;callbackGapMs=1008;fusion=GPS_IMU
LOCATION,1790577652620,29.7491250,52.4311050,159.000,true,11.50,70.555,source=fused:fused;speedReason=OK;derived=75.01;locationGapMs=994;callbackGapMs=994;fusion=GPS_IMU
LOCATION,1790577653632,29.7489550,52.4311750,159.000,true,11.50,70.741,source=fused:fused;speedReason=OK;derived=73.97;locationGapMs=1007;callbackGapMs=1007;fusion=GPS_IMU
LOCATION,1790577654685,29.7487900,52.4312433,160.000,true,11.50,70.897,source=fused:fused;speedReason=OK;derived=71.58;locationGapMs=1058;callbackGapMs=1058;fusion=GPS_IMU
LOCATION,1790577655616,29.7486300,52.4313083,160.000,true,11.48,70.714,source=fused:fused;speedReason=OK;derived=71.58;locationGapMs=931;callbackGapMs=931;fusion=GPS_IMU
LOCATION,1790577656619,29.7484767,52.4313733,160.000,true,11.45,70.355,source=fused:fused;speedReason=OK;derived=66.17;locationGapMs=1001;callbackGapMs=1001;fusion=GPS_IMU
LOCATION,1790577657621,29.7483233,52.4314367,159.000,true,11.42,69.990,source=fused:fused;speedReason=OK;derived=65.16;locationGapMs=1001;callbackGapMs=1001;fusion=GPS_IMU
LOCATION,1790577658916,29.7481733,52.4314983,160.000,true,11.38,69.584,source=fused:fused;speedReason=OK;derived=65.01;locationGapMs=1008;callbackGapMs=1008;fusion=GPS_IMU
LOCATION,1790577659620,29.7480267,52.4315617,159.000,true,11.35,69.043,source=fused:fused;speedReason=OK;derived=63.08;locationGapMs=994;callbackGapMs=994;fusion=GPS_IMU
LOCATION,1790577660658,29.7478867,52.4316300,158.000,true,11.32,68.712,source=fused:fused;speedReason=OK;derived=62.91;locationGapMs=1037;callbackGapMs=1037;fusion=GPS_IMU
LOCATION,1790577661620,29.7477517,52.4316967,157.000,true,11.30,68.109,source=fused:fused;speedReason=OK;derived=61.05;locationGapMs=961;callbackGapMs=961;fusion=GPS_IMU
LOCATION,1790577662618,29.7476200,52.4317650,156.000,true,11.30,67.598,source=fused:fused;speedReason=OK;derived=58.55;locationGapMs=999;callbackGapMs=999;fusion=GPS_IMU
LOCATION,1790577663623,29.7474917,52.4318300,156.000,true,11.30,67.252,source=fused:fused;speedReason=OK;derived=57.74;locationGapMs=1002;callbackGapMs=1002;fusion=GPS_IMU
LOCATION,1790577664917,29.7473633,52.4318883,157.000,true,11.30,66.800,source=fused:fused;speedReason=OK;derived=55.87;locationGapMs=1003;callbackGapMs=1003;fusion=GPS_IMU
LOCATION,1790577665613,29.7472367,52.4319450,158.000,true,11.30,66.406,source=fused:fused;speedReason=OK;derived=54.95;locationGapMs=991;callbackGapMs=991;fusion=GPS_IMU
LOCATION,1790577666670,29.7471083,52.4320033,159.000,true,11.30,65.853,source=fused:fused;speedReason=OK;derived=54.73;locationGapMs=1057;callbackGapMs=1057;fusion=GPS_IMU
LOCATION,1790577667612,29.7469850,52.4320617,159.000,true,11.30,65.028,source=fused:fused;speedReason=OK;derived=54.73;locationGapMs=941;callbackGapMs=941;fusion=GPS_IMU
LOCATION,1790577668625,29.7468600,52.4321133,159.000,true,11.30,64.394,source=fused:fused;speedReason=OK;derived=52.44;locationGapMs=1011;callbackGapMs=1011;fusion=GPS_IMU
LOCATION,1790577669621,29.7467400,52.4321633,159.000,true,11.30,63.937,source=fused:fused;speedReason=OK;derived=52.44;locationGapMs=997;callbackGapMs=997;fusion=GPS_IMU
LOCATION,1790577670891,29.7466267,52.4322100,159.000,true,11.30,62.890,source=fused:fused;speedReason=OK;derived=51.11;locationGapMs=1003;callbackGapMs=1003;fusion=GPS_IMU
LOCATION,1790577671610,29.7465133,52.4322583,159.000,true,11.30,62.331,source=fused:fused;speedReason=OK;derived=48.91;locationGapMs=987;callbackGapMs=987;fusion=GPS_IMU
LOCATION,1790577672659,29.7464050,52.4323050,160.000,true,11.30,61.662,source=fused:fused;speedReason=OK;derived=47.90;locationGapMs=1048;callbackGapMs=1048;fusion=GPS_IMU
LOCATION,1790577673615,29.7462933,52.4323500,160.000,true,11.30,60.803,source=fused:fused;speedReason=OK;derived=48.91;locationGapMs=955;callbackGapMs=955;fusion=GPS_IMU
LOCATION,1790577674609,29.7461850,52.4323950,160.000,true,11.30,59.785,source=fused:fused;speedReason=OK;derived=46.29;locationGapMs=993;callbackGapMs=993;fusion=GPS_IMU
LOCATION,1790577675619,29.7460767,52.4324383,160.000,true,11.30,59.000,source=fused:fused;speedReason=OK;derived=46.29;locationGapMs=1014;callbackGapMs=1014;fusion=GPS_IMU
LOCATION,1790577676888,29.7459683,52.4324850,160.000,true,11.30,58.254,source=fused:fused;speedReason=OK;derived=46.26;locationGapMs=999;callbackGapMs=999;fusion=GPS_IMU
LOCATION,1790577677591,29.7458583,52.4325317,160.000,true,11.30,57.379,source=fused:fused;speedReason=OK;derived=46.26;locationGapMs=973;callbackGapMs=973;fusion=GPS_IMU
LOCATION,1790577678657,29.7457517,52.4325800,159.000,true,11.30,57.003,source=fused:fused;speedReason=OK;derived=46.26;locationGapMs=1065;callbackGapMs=1065;fusion=GPS_IMU
LOCATION,1790577679902,29.7456500,52.4326267,159.000,true,11.30,56.321,source=fused:fused;speedReason=OK;derived=45.54;locationGapMs=960;callbackGapMs=960;fusion=GPS_IMU
LOCATION,1790577680613,29.7455517,52.4326700,159.000,true,11.30,55.542,source=fused:fused;speedReason=OK;derived=42.95;locationGapMs=997;callbackGapMs=997;fusion=GPS_IMU
LOCATION,1790577681626,29.7454550,52.4327150,158.000,true,11.30,54.527,source=fused:fused;speedReason=OK;derived=42.15;locationGapMs=1012;callbackGapMs=1012;fusion=GPS_IMU
LOCATION,1790577682599,29.7453617,52.4327583,158.000,true,11.30,53.311,source=fused:fused;speedReason=OK;derived=41.24;locationGapMs=974;callbackGapMs=974;fusion=GPS_IMU
LOCATION,1790577683841,29.7452683,52.4328017,158.000,true,11.30,52.389,source=fused:fused;speedReason=OK;derived=41.16;locationGapMs=987;callbackGapMs=987;fusion=GPS_IMU
LOCATION,1790577684665,29.7451717,52.4328433,158.000,true,11.30,51.297,source=fused:fused;speedReason=OK;derived=40.75;locationGapMs=1077;callbackGapMs=1077;fusion=GPS_IMU
LOCATION,1790577685619,29.7450717,52.4328867,158.000,true,11.30,50.461,source=fused:fused;speedReason=OK;derived=40.75;locationGapMs=955;callbackGapMs=955;fusion=GPS_IMU
LOCATION,1790577686906,29.7449667,52.4329317,158.000,true,11.30,49.830,source=fused:fused;speedReason=OK;derived=44.68;locationGapMs=998;callbackGapMs=998;fusion=GPS_IMU
LOCATION,1790577687618,29.7448600,52.4329767,158.000,true,11.30,49.375,source=fused:fused;speedReason=OK;derived=44.82;locationGapMs=999;callbackGapMs=999;fusion=GPS_IMU
LOCATION,1790577688894,29.7447567,52.4330233,158.000,true,11.30,48.962,source=fused:fused;speedReason=OK;derived=44.82;locationGapMs=998;callbackGapMs=998;fusion=GPS_IMU
LOCATION,1790577689617,29.7446550,52.4330667,158.000,true,11.30,48.560,source=fused:fused;speedReason=OK;derived=44.39;locationGapMs=1001;callbackGapMs=1001;fusion=GPS_IMU
LOCATION,1790577690965,29.7445567,52.4331117,159.000,true,11.30,48.009,source=fused:fused;speedReason=OK;derived=43.26;locationGapMs=1053;callbackGapMs=1053;fusion=GPS_IMU
LOCATION,1790577691608,29.7444600,52.4331533,159.000,true,11.30,47.252,source=fused:fused;speedReason=OK;derived=43.26;locationGapMs=942;callbackGapMs=942;fusion=GPS_IMU
LOCATION,1790577692897,29.7443650,52.4331950,159.000,true,11.30,46.700,source=fused:fused;speedReason=OK;derived=40.47;locationGapMs=1003;callbackGapMs=1003;fusion=GPS_IMU
LOCATION,1790577693608,29.7442700,52.4332350,159.000,true,11.30,46.250,source=fused:fused;speedReason=OK;derived=40.75;locationGapMs=991;callbackGapMs=991;fusion=GPS_IMU
LOCATION,1790577694905,29.7441750,52.4332767,159.000,true,11.30,45.716,source=fused:fused;speedReason=OK;derived=40.47;locationGapMs=1010;callbackGapMs=1010;fusion=GPS_IMU
LOCATION,1790577695612,29.7440817,52.4333150,159.000,true,11.30,45.333,source=fused:fused;speedReason=OK;derived=40.19;locationGapMs=999;callbackGapMs=999;fusion=GPS_IMU
LOCATION,1790577696900,29.7439850,52.4333550,159.000,true,11.30,44.886,source=fused:fused;speedReason=OK;derived=40.19;locationGapMs=1002;callbackGapMs=1002;fusion=GPS_IMU
LOCATION,1790577697609,29.7438817,52.4333967,160.000,true,11.30,44.658,source=fused:fused;speedReason=OK;derived=40.94;locationGapMs=994;callbackGapMs=994;fusion=GPS_IMU
LOCATION,1790577698885,29.7437733,52.4334383,160.000,true,11.30,44.675,source=fused:fused;speedReason=OK;derived=43.97;locationGapMs=1007;callbackGapMs=1007;fusion=GPS_IMU
LOCATION,1790577699613,29.7436617,52.4334833,160.000,true,11.30,44.770,source=fused:fused;speedReason=OK;derived=45.30;locationGapMs=998;callbackGapMs=998;fusion=GPS_IMU
LOCATION,1790577700912,29.7435467,52.4335317,160.000,true,11.30,45.145,source=fused:fused;speedReason=OK;derived=47.31;locationGapMs=1003;callbackGapMs=1003;fusion=GPS_IMU
LOCATION,1790577701667,29.7434267,52.4335817,160.000,true,11.30,45.413,source=fused:fused;speedReason=OK;derived=48.74;locationGapMs=1044;callbackGapMs=1044;fusion=GPS_IMU
LOCATION,1790577702886,29.7433050,52.4336333,160.000,true,11.30,45.804,source=fused:fused;speedReason=OK;derived=48.81;locationGapMs=951;callbackGapMs=951;fusion=GPS_IMU
LOCATION,1790577703609,29.7431800,52.4336850,160.000,true,11.30,46.188,source=fused:fused;speedReason=OK;derived=53.19;locationGapMs=997;callbackGapMs=997;fusion=GPS_IMU
LOCATION,1790577704613,29.7430533,52.4337367,160.000,true,11.30,46.873,source=fused:fused;speedReason=OK;derived=53.40;locationGapMs=1005;callbackGapMs=1005;fusion=GPS_IMU
LOCATION,1790577705618,29.7429250,52.4337900,160.000,true,11.30,47.284,source=fused:fused;speedReason=OK;derived=53.40;locationGapMs=1004;callbackGapMs=1004;fusion=GPS_IMU
LOCATION,1790577706625,29.7427967,52.4338417,160.000,true,11.30,47.767,source=fused:fused;speedReason=OK;derived=54.00;locationGapMs=1005;callbackGapMs=1005;fusion=GPS_IMU
LOCATION,1790577707677,29.7426700,52.4338933,160.000,true,11.30,47.987,source=fused:fused;speedReason=OK;derived=54.00;locationGapMs=1051;callbackGapMs=1051;fusion=GPS_IMU
LOCATION,1790577708627,29.7425450,52.4339433,160.000,true,11.30,48.367,source=fused:fused;speedReason=OK;derived=54.00;locationGapMs=954;callbackGapMs=954;fusion=GPS_IMU
LOCATION,1790577709614,29.7424200,52.4339950,160.000,true,11.30,48.651,source=fused:fused;speedReason=OK;derived=53.78;locationGapMs=986;callbackGapMs=986;fusion=GPS_IMU
LOCATION,1790577710622,29.7422900,52.4340483,160.000,true,11.30,48.991,source=fused:fused;speedReason=OK;derived=54.66;locationGapMs=1008;callbackGapMs=1008;fusion=GPS_IMU
LOCATION,1790577711632,29.7421583,52.4341067,159.000,true,11.30,49.460,source=fused:fused;speedReason=OK;derived=54.66;locationGapMs=1009;callbackGapMs=1009;fusion=GPS_IMU
LOCATION,1790577712624,29.7420233,52.4341650,159.000,true,11.30,50.038,source=fused:fused;speedReason=OK;derived=55.85;locationGapMs=994;callbackGapMs=994;fusion=GPS_IMU
LOCATION,1790577713685,29.7418867,52.4342233,159.000,true,11.30,50.628,source=fused:fused;speedReason=OK;derived=55.85;locationGapMs=1058;callbackGapMs=1058;fusion=GPS_IMU
LOCATION,1790577714625,29.7417500,52.4342800,159.000,true,11.30,51.335,source=fused:fused;speedReason=OK;derived=57.92;locationGapMs=942;callbackGapMs=942;fusion=GPS_IMU
LOCATION,1790577715628,29.7416117,52.4343367,159.000,true,11.30,51.837,source=fused:fused;speedReason=OK;derived=58.44;locationGapMs=1003;callbackGapMs=1003;fusion=GPS_IMU
LOCATION,1790577716616,29.7414733,52.4343933,159.000,true,11.30,52.304,source=fused:fused;speedReason=OK;derived=59.35;locationGapMs=988;callbackGapMs=988;fusion=GPS_IMU
LOCATION,1790577717618,29.7413350,52.4344500,159.000,true,11.30,52.683,source=fused:fused;speedReason=OK;derived=58.44;locationGapMs=1003;callbackGapMs=1003;fusion=GPS_IMU
LOCATION,1790577718623,29.7411933,52.4345067,160.000,true,11.30,53.263,source=fused:fused;speedReason=OK;derived=59.35;locationGapMs=1004;callbackGapMs=1004;fusion=GPS_IMU
LOCATION,1790577719686,29.7410533,52.4345633,160.000,true,11.30,53.816,source=fused:fused;speedReason=OK;derived=58.44;locationGapMs=1059;callbackGapMs=1059;fusion=GPS_IMU
LOCATION,1790577720619,29.7409117,52.4346217,160.000,true,11.30,54.351,source=fused:fused;speedReason=OK;derived=59.66;locationGapMs=938;callbackGapMs=938;fusion=GPS_IMU
LOCATION,1790577721622,29.7407717,52.4346800,159.000,true,11.30,54.655,source=fused:fused;speedReason=OK;derived=59.26;locationGapMs=1003;callbackGapMs=1003;fusion=GPS_IMU
LOCATION,1790577722631,29.7406317,52.4347400,159.000,true,11.30,55.036,source=fused:fused;speedReason=OK;derived=59.26;locationGapMs=1008;callbackGapMs=1008;fusion=GPS_IMU
LOCATION,1790577723625,29.7404917,52.4348033,159.000,true,11.30,55.406,source=fused:fused;speedReason=OK;derived=59.26;locationGapMs=994;callbackGapMs=994;fusion=GPS_IMU
LOCATION,1790577724622,29.7403533,52.4348650,158.000,true,11.30,55.845,source=fused:fused;speedReason=OK;derived=59.50;locationGapMs=996;callbackGapMs=996;fusion=GPS_IMU
LOCATION,1790577725697,29.7402150,52.4349250,158.000,true,11.30,56.131,source=fused:fused;speedReason=OK;derived=59.50;locationGapMs=1072;callbackGapMs=1072;fusion=GPS_IMU
LOCATION,1790577726629,29.7400800,52.4349850,159.000,true,11.30,56.285,source=fused:fused;speedReason=OK;derived=59.50;locationGapMs=936;callbackGapMs=936;fusion=GPS_IMU
LOCATION,1790577727626,29.7399483,52.4350417,159.000,true,11.30,56.356,source=fused:fused;speedReason=OK;derived=56.25;locationGapMs=998;callbackGapMs=998;fusion=GPS_IMU
LOCATION,1790577728624,29.7398167,52.4350967,159.000,true,11.30,56.378,source=fused:fused;speedReason=OK;derived=56.25;locationGapMs=997;callbackGapMs=997;fusion=GPS_IMU
LOCATION,1790577729617,29.7396833,52.4351517,160.000,true,11.30,56.393,source=fused:fused;speedReason=OK;derived=56.25;locationGapMs=994;callbackGapMs=994;fusion=GPS_IMU
LOCATION,1790577730617,29.7395500,52.4352067,160.000,true,11.30,56.407,source=fused:fused;speedReason=OK;derived=56.54;locationGapMs=1000;callbackGapMs=1000;fusion=GPS_IMU
LOCATION,1790577731675,29.7394133,52.4352650,159.000,true,11.30,56.468,source=fused:fused;speedReason=OK;derived=56.54;locationGapMs=1053;callbackGapMs=1053;fusion=GPS_IMU
LOCATION,1790577732621,29.7392800,52.4353200,159.000,true,11.30,56.524,source=fused:fused;speedReason=OK;derived=56.54;locationGapMs=950;callbackGapMs=950;fusion=GPS_IMU
LOCATION,1790577733624,29.7391500,52.4353733,159.000,true,11.30,56.493,source=fused:fused;speedReason=OK;derived=55.28;locationGapMs=1004;callbackGapMs=1004;fusion=GPS_IMU
LOCATION,1790577734625,29.7390250,52.4354250,159.000,true,11.30,56.254,source=fused:fused;speedReason=OK;derived=54.88;locationGapMs=1000;callbackGapMs=1000;fusion=GPS_IMU
LOCATION,1790577735620,29.7389017,52.4354750,159.000,true,11.30,55.960,source=fused:fused;speedReason=OK;derived=53.03;locationGapMs=995;callbackGapMs=995;fusion=GPS_IMU
LOCATION,1790577736617,29.7387850,52.4355250,159.000,true,11.30,55.550,source=fused:fused;speedReason=OK;derived=52.46;locationGapMs=997;callbackGapMs=997;fusion=GPS_IMU
LOCATION,1790577737681,29.7386700,52.4355733,159.000,true,11.30,55.087,source=fused:fused;speedReason=OK;derived=49.87;locationGapMs=1062;callbackGapMs=1062;fusion=GPS_IMU
LOCATION,1790577738629,29.7385633,52.4356183,159.000,true,11.30,54.484,source=fused:fused;speedReason=OK;derived=47.81;locationGapMs=949;callbackGapMs=949;fusion=GPS_IMU
LOCATION,1790577739632,29.7384567,52.4356633,159.000,true,11.30,53.936,source=fused:fused;speedReason=OK;derived=46.02;locationGapMs=1005;callbackGapMs=1005;fusion=GPS_IMU
LOCATION,1790577740626,29.7383483,52.4357083,160.000,true,11.30,53.114,source=fused:fused;speedReason=OK;derived=46.29;locationGapMs=994;callbackGapMs=994;fusion=GPS_IMU
LOCATION,1790577741625,29.7382383,52.4357550,160.000,true,11.30,52.677,source=fused:fused;speedReason=OK;derived=46.29;locationGapMs=999;callbackGapMs=999;fusion=GPS_IMU
LOCATION,1790577742620,29.7381283,52.4358017,159.000,true,11.30,52.272,source=fused:fused;speedReason=OK;derived=46.86;locationGapMs=994;callbackGapMs=994;fusion=GPS_IMU
LOCATION,1790577743682,29.7380150,52.4358533,159.000,true,11.30,51.896,source=fused:fused;speedReason=OK;derived=46.86;locationGapMs=1060;callbackGapMs=1060;fusion=GPS_IMU
LOCATION,1790577744627,29.7378983,52.4359083,157.000,true,11.30,51.644,source=fused:fused;speedReason=OK;derived=47.09;locationGapMs=947;callbackGapMs=947;fusion=GPS_IMU
LOCATION,1790577745625,29.7377817,52.4359683,156.000,true,11.30,51.461,source=fused:fused;speedReason=OK;derived=51.06;locationGapMs=999;callbackGapMs=999;fusion=GPS_IMU
LOCATION,1790577746618,29.7376633,52.4360317,155.000,true,11.30,51.474,source=fused:fused;speedReason=OK;derived=52.57;locationGapMs=992;callbackGapMs=992;fusion=GPS_IMU
LOCATION,1790577747624,29.7375400,52.4360983,154.000,true,11.30,51.591,source=fused:fused;speedReason=OK;derived=52.57;locationGapMs=1007;callbackGapMs=1007;fusion=GPS_IMU
LOCATION,1790577748624,29.7374117,52.4361683,153.000,true,11.30,51.816,source=fused:fused;speedReason=OK;derived=54.02;locationGapMs=999;callbackGapMs=999;fusion=GPS_IMU
LOCATION,1790577749610,29.7372767,52.4362467,152.000,true,11.30,52.224,source=fused:fused;speedReason=OK;derived=56.76;locationGapMs=985;callbackGapMs=985;fusion=GPS_IMU
LOCATION,1790577750609,29.7371317,52.4363317,152.000,true,11.30,53.120,source=fused:fused;speedReason=OK;derived=61.32;locationGapMs=1001;callbackGapMs=1001;fusion=GPS_IMU
LOCATION,1790577751572,29.7369817,52.4364217,151.000,true,11.30,54.038,source=fused:fused;speedReason=OK;derived=64.93;locationGapMs=964;callbackGapMs=964;fusion=GPS_IMU
LOCATION,1790577752615,29.7368267,52.4365133,151.000,true,11.30,55.103,source=fused:fused;speedReason=OK;derived=66.85;locationGapMs=1041;callbackGapMs=1041;fusion=GPS_IMU
LOCATION,1790577753616,29.7366733,52.4366050,151.000,true,11.30,56.365,source=fused:fused;speedReason=OK;derived=68.98;locationGapMs=1001;callbackGapMs=1001;fusion=GPS_IMU
LOCATION,1790577754622,29.7365233,52.4366950,151.000,true,11.30,57.271,source=fused:fused;speedReason=OK;derived=67.30;locationGapMs=1004;callbackGapMs=1004;fusion=GPS_IMU
LOCATION,1790577755668,29.7363767,52.4367833,151.000,true,11.30,58.057,source=fused:fused;speedReason=OK;derived=67.30;locationGapMs=1048;callbackGapMs=1048;fusion=GPS_IMU
LOCATION,1790577756627,29.7362317,52.4368717,151.000,true,11.30,58.648,source=fused:fused;speedReason=OK;derived=67.30;locationGapMs=959;callbackGapMs=959;fusion=GPS_IMU
LOCATION,1790577757620,29.7360917,52.4369583,151.000,true,11.30,59.049,source=fused:fused;speedReason=OK;derived=63.87;locationGapMs=994;callbackGapMs=994;fusion=GPS_IMU
LOCATION,1790577758625,29.7359500,52.4370450,151.000,true,11.30,59.422,source=fused:fused;speedReason=OK;derived=63.87;locationGapMs=1005;callbackGapMs=1005;fusion=GPS_IMU
LOCATION,1790577759623,29.7358050,52.4371317,151.000,true,11.30,59.848,source=fused:fused;speedReason=OK;derived=63.87;locationGapMs=995;callbackGapMs=995;fusion=GPS_IMU
LOCATION,1790577760617,29.7356567,52.4372200,152.000,true,11.30,60.245,source=fused:fused;speedReason=OK;derived=65.60;locationGapMs=997;callbackGapMs=997;fusion=GPS_IMU
LOCATION,1790577761689,29.7355050,52.4373083,153.000,true,11.30,60.709,source=fused:fused;speedReason=OK;derived=65.60;locationGapMs=1070;callbackGapMs=1070;fusion=GPS_IMU
LOCATION,1790577762628,29.7353500,52.4373950,153.000,true,11.30,61.222,source=fused:fused;speedReason=OK;derived=66.89;locationGapMs=938;callbackGapMs=938;fusion=GPS_IMU
LOCATION,1790577763634,29.7351950,52.4374850,153.000,true,11.30,61.746,source=fused:fused;speedReason=OK;derived=68.93;locationGapMs=1006;callbackGapMs=1006;fusion=GPS_IMU
LOCATION,1790577764620,29.7350417,52.4375733,153.000,true,11.30,62.232,source=fused:fused;speedReason=OK;derived=69.23;locationGapMs=989;callbackGapMs=989;fusion=GPS_IMU
LOCATION,1790577765616,29.7348900,52.4376650,152.000,true,11.30,62.683,source=fused:fused;speedReason=OK;derived=68.93;locationGapMs=995;callbackGapMs=995;fusion=GPS_IMU
LOCATION,1790577766624,29.7347367,52.4377567,152.000,true,11.30,63.055,source=fused:fused;speedReason=OK;derived=68.79;locationGapMs=1008;callbackGapMs=1008;fusion=GPS_IMU
LOCATION,1790577767687,29.7345883,52.4378467,152.000,true,11.30,63.400,source=fused:fused;speedReason=OK;derived=68.46;locationGapMs=1059;callbackGapMs=1059;fusion=GPS_IMU
LOCATION,1790577768618,29.7344417,52.4379350,151.000,true,11.30,63.622,source=fused:fused;speedReason=OK;derived=68.46;locationGapMs=936;callbackGapMs=936;fusion=GPS_IMU
LOCATION,1790577769621,29.7342967,52.4380233,151.000,true,11.30,63.785,source=fused:fused;speedReason=OK;derived=65.40;locationGapMs=1002;callbackGapMs=1002;fusion=GPS_IMU
LOCATION,1790577770628,29.7341500,52.4381083,151.000,true,11.30,63.932,source=fused:fused;speedReason=OK;derived=65.40;locationGapMs=1003;callbackGapMs=1003;fusion=GPS_IMU
LOCATION,1790577771625,29.7340050,52.4381933,152.000,true,11.30,64.051,source=fused:fused;speedReason=OK;derived=65.40;locationGapMs=997;callbackGapMs=997;fusion=GPS_IMU
LOCATION,1790577772620,29.7338633,52.4382800,152.000,true,11.30,64.097,source=fused:fused;speedReason=OK;derived=65.19;locationGapMs=999;callbackGapMs=999;fusion=GPS_IMU
LOCATION,1790577773675,29.7337183,52.4383667,152.000,true,11.30,64.159,source=fused:fused;speedReason=OK;derived=64.17;locationGapMs=1053;callbackGapMs=1053;fusion=GPS_IMU
LOCATION,1790577774611,29.7335733,52.4384517,152.000,true,11.30,64.217,source=fused:fused;speedReason=OK;derived=64.17;locationGapMs=938;callbackGapMs=938;fusion=GPS_IMU
LOCATION,1790577775635,29.7334267,52.4385367,153.000,true,11.30,64.302,source=fused:fused;speedReason=OK;derived=64.22;locationGapMs=1021;callbackGapMs=1021;fusion=GPS_IMU
LOCATION,1790577776634,29.7332783,52.4386200,153.000,true,11.30,64.406,source=fused:fused;speedReason=OK;derived=66.21;locationGapMs=996;callbackGapMs=996;fusion=GPS_IMU
LOCATION,1790577777612,29.7331317,52.4387067,153.000,true,11.30,64.507,source=fused:fused;speedReason=OK;derived=66.21;locationGapMs=986;callbackGapMs=986;fusion=GPS_IMU
LOCATION,1790577778618,29.7329883,52.4387933,152.000,true,11.30,64.600,source=fused:fused;speedReason=OK;derived=66.21;locationGapMs=1004;callbackGapMs=1004;fusion=GPS_IMU
LOCATION,1790577779672,29.7328467,52.4388783,152.000,true,11.30,64.574,source=fused:fused;speedReason=OK;derived=64.43;locationGapMs=1055;callbackGapMs=1055;fusion=GPS_IMU
LOCATION,1790577780627,29.7327067,52.4389617,152.000,true,11.30,64.481,source=fused:fused;speedReason=OK;derived=64.43;locationGapMs=954;callbackGapMs=954;fusion=GPS_IMU
LOCATION,1790577781625,29.7325700,52.4390417,152.000,true,11.30,64.252,source=fused:fused;speedReason=OK;derived=61.56;locationGapMs=995;callbackGapMs=995;fusion=GPS_IMU
LOCATION,1790577782625,29.7324367,52.4391217,152.000,true,11.30,63.986,source=fused:fused;speedReason=OK;derived=61.56;locationGapMs=1000;callbackGapMs=1000;fusion=GPS_IMU
LOCATION,1790577783622,29.7323067,52.4392000,152.000,true,11.30,63.629,source=fused:fused;speedReason=OK;derived=60.05;locationGapMs=1000;callbackGapMs=1000;fusion=GPS_IMU
LOCATION,1790577784619,29.7321817,52.4392767,151.000,true,11.30,63.170,source=fused:fused;speedReason=OK;derived=58.61;locationGapMs=997;callbackGapMs=997;fusion=GPS_IMU
LOCATION,1790577785676,29.7320550,52.4393583,150.000,true,11.30,62.744,source=fused:fused;speedReason=OK;derived=56.75;locationGapMs=1057;callbackGapMs=1057;fusion=GPS_IMU
LOCATION,1790577786619,29.7319267,52.4394433,149.000,true,11.30,62.453,source=fused:fused;speedReason=OK;derived=56.75;locationGapMs=943;callbackGapMs=943;fusion=GPS_IMU
LOCATION,1790577787620,29.7317933,52.4395300,149.000,true,11.30,62.270,source=fused:fused;speedReason=OK;derived=61.26;locationGapMs=999;callbackGapMs=999;fusion=GPS_IMU
LOCATION,1790577788616,29.7316550,52.4396183,150.000,true,11.30,62.221,source=fused:fused;speedReason=OK;derived=62.72;locationGapMs=995;callbackGapMs=995;fusion=GPS_IMU
LOCATION,1790577789619,29.7315133,52.4397067,150.000,true,11.30,62.333,source=fused:fused;speedReason=OK;derived=63.50;locationGapMs=1006;callbackGapMs=1006;fusion=GPS_IMU
LOCATION,1790577790599,29.7313683,52.4397983,150.000,true,11.32,62.509,source=fused:fused;speedReason=OK;derived=64.00;locationGapMs=982;callbackGapMs=982;fusion=GPS_IMU
LOCATION,1790577791603,29.7312167,52.4398900,151.000,true,11.33,62.660,source=fused:fused;speedReason=OK;derived=67.29;locationGapMs=1003;callbackGapMs=1003;fusion=GPS_IMU
LOCATION,1790577792629,29.7310633,52.4399817,151.000,true,11.36,63.071,source=fused:fused;speedReason=OK;derived=67.49;locationGapMs=1023;callbackGapMs=1023;fusion=GPS_IMU
LOCATION,1790577793629,29.7309067,52.4400733,152.000,true,11.38,63.461,source=fused:fused;speedReason=OK;derived=68.20;locationGapMs=999;callbackGapMs=999;fusion=GPS_IMU
LOCATION,1790577794618,29.7307433,52.4401667,152.000,true,11.40,64.005,source=fused:fused;speedReason=OK;derived=70.23;locationGapMs=992;callbackGapMs=992;fusion=GPS_IMU
LOCATION,1790577795615,29.7305783,52.4402583,152.000,true,11.40,64.609,source=fused:fused;speedReason=OK;derived=73.39;locationGapMs=997;callbackGapMs=997;fusion=GPS_IMU
LOCATION,1790577796614,29.7304133,52.4403500,152.000,true,11.40,65.199,source=fused:fused;speedReason=OK;derived=73.39;locationGapMs=1000;callbackGapMs=1000;fusion=GPS_IMU
LOCATION,1790577797679,29.7302533,52.4404433,152.000,true,11.40,65.751,source=fused:fused;speedReason=OK;derived=73.18;locationGapMs=1060;callbackGapMs=1060;fusion=GPS_IMU
LOCATION,1790577798617,29.7300933,52.4405350,152.000,true,11.40,66.308,source=fused:fused;speedReason=OK;derived=73.18;locationGapMs=943;callbackGapMs=943;fusion=GPS_IMU
LOCATION,1790577799622,29.7299367,52.4406250,152.000,true,11.40,66.826,source=fused:fused;speedReason=OK;derived=69.77;locationGapMs=1002;callbackGapMs=1002;fusion=GPS_IMU
LOCATION,1790577800627,29.7297833,52.4407150,151.000,true,11.40,67.001,source=fused:fused;speedReason=OK;derived=69.77;locationGapMs=1007;callbackGapMs=1007;fusion=GPS_IMU
LOCATION,1790577801629,29.7296333,52.4408067,151.000,true,11.42,67.051,source=fused:fused;speedReason=OK;derived=68.30;locationGapMs=1001;callbackGapMs=1001;fusion=GPS_IMU
LOCATION,1790577802624,29.7294883,52.4409000,151.000,true,11.44,67.061,source=fused:fused;speedReason=OK;derived=67.78;locationGapMs=997;callbackGapMs=997;fusion=GPS_IMU
LOCATION,1790577803673,29.7293467,52.4409867,151.000,true,11.43,66.907,source=fused:fused;speedReason=OK;derived=66.56;locationGapMs=1043;callbackGapMs=1043;fusion=GPS_IMU
LOCATION,1790577804628,29.7292133,52.4410683,152.000,true,11.42,66.747,source=fused:fused;speedReason=OK;derived=63.06;locationGapMs=957;callbackGapMs=957;fusion=GPS_IMU
LOCATION,1790577805621,29.7290850,52.4411433,153.000,true,11.40,66.241,source=fused:fused;speedReason=OK;derived=61.43;locationGapMs=997;callbackGapMs=997;fusion=GPS_IMU
LOCATION,1790577806619,29.7289567,52.4412133,154.000,true,11.38,65.594,source=fused:fused;speedReason=OK;derived=57.65;locationGapMs=997;callbackGapMs=997;fusion=GPS_IMU
LOCATION,1790577807618,29.7288317,52.4412833,154.000,true,11.35,64.941,source=fused:fused;speedReason=OK;derived=56.88;locationGapMs=999;callbackGapMs=999;fusion=GPS_IMU
LOCATION,1790577808621,29.7287100,52.4413533,153.000,true,11.30,64.220,source=fused:fused;speedReason=OK;derived=55.58;locationGapMs=1003;callbackGapMs=1003;fusion=GPS_IMU
LOCATION,1790577809691,29.7285917,52.4414233,152.000,true,11.30,63.490,source=fused:fused;speedReason=OK;derived=54.18;locationGapMs=1063;callbackGapMs=1063;fusion=GPS_IMU
LOCATION,1790577810623,29.7284733,52.4414950,152.000,true,11.30,62.865,source=fused:fused;speedReason=OK;derived=54.18;locationGapMs=937;callbackGapMs=937;fusion=GPS_IMU
LOCATION,1790577811615,29.7283550,52.4415667,152.000,true,11.30,62.131,source=fused:fused;speedReason=OK;derived=53.73;locationGapMs=994;callbackGapMs=994;fusion=GPS_IMU
LOCATION,1790577812619,29.7282333,52.4416383,152.000,true,11.30,61.504,source=fused:fused;speedReason=OK;derived=54.38;locationGapMs=1004;callbackGapMs=1004;fusion=GPS_IMU
LOCATION,1790577813617,29.7281133,52.4417100,152.000,true,11.30,60.833,source=fused:fused;speedReason=OK;derived=54.11;locationGapMs=998;callbackGapMs=998;fusion=GPS_IMU
LOCATION,1790577814615,29.7279917,52.4417817,152.000,true,11.30,60.224,source=fused:fused;speedReason=OK;derived=54.38;locationGapMs=999;callbackGapMs=999;fusion=GPS_IMU
LOCATION,1790577815676,29.7278717,52.4418533,153.000,true,11.30,59.772,source=fused:fused;speedReason=OK;derived=54.11;locationGapMs=1056;callbackGapMs=1056;fusion=GPS_IMU
LOCATION,1790577816616,29.7277533,52.4419233,153.000,true,11.30,59.346,source=fused:fused;speedReason=OK;derived=54.63;locationGapMs=943;callbackGapMs=943;fusion=GPS_IMU
LOCATION,1790577817623,29.7276350,52.4419933,153.000,true,11.30,58.897,source=fused:fused;speedReason=OK;derived=52.66;locationGapMs=1009;callbackGapMs=1009;fusion=GPS_IMU
LOCATION,1790577818599,29.7275183,52.4420600,153.000,true,11.30,58.361,source=fused:fused;speedReason=OK;derived=53.27;locationGapMs=977;callbackGapMs=977;fusion=GPS_IMU
LOCATION,1790577819619,29.7274067,52.4421267,152.000,true,11.30,57.875,source=fused:fused;speedReason=OK;derived=52.66;locationGapMs=1017;callbackGapMs=1017;fusion=GPS_IMU
LOCATION,1790577820620,29.7273017,52.4421900,152.000,true,11.30,57.157,source=fused:fused;speedReason=OK;derived=49.39;locationGapMs=1003;callbackGapMs=1003;fusion=GPS_IMU
LOCATION,1790577821680,29.7271983,52.4422550,151.000,true,11.30,56.171,source=fused:fused;speedReason=OK;derived=47.21;locationGapMs=1052;callbackGapMs=1052;fusion=GPS_IMU
LOCATION,1790577822617,29.7271017,52.4423167,150.000,true,11.30,55.423,source=fused:fused;speedReason=OK;derived=46.75;locationGapMs=944;callbackGapMs=944;fusion=GPS_IMU
LOCATION,1790577823625,29.7270117,52.4423767,149.000,true,11.30,54.505,source=fused:fused;speedReason=OK;derived=44.74;locationGapMs=1008;callbackGapMs=1008;fusion=GPS_IMU
LOCATION,1790577824610,29.7269217,52.4424350,150.000,true,11.30,53.532,source=fused:fused;speedReason=OK;derived=41.93;locationGapMs=984;callbackGapMs=984;fusion=GPS_IMU
LOCATION,1790577825607,29.7268300,52.4424900,151.000,true,11.30,52.379,source=fused:fused;speedReason=OK;derived=41.35;locationGapMs=999;callbackGapMs=999;fusion=GPS_IMU
LOCATION,1790577826617,29.7267333,52.4425433,153.000,true,11.30,51.446,source=fused:fused;speedReason=OK;derived=41.93;locationGapMs=1010;callbackGapMs=1010;fusion=GPS_IMU
LOCATION,1790577827684,29.7266333,52.4425967,155.000,true,11.30,50.759,source=fused:fused;speedReason=OK;derived=41.57;locationGapMs=1059;callbackGapMs=1059;fusion=GPS_IMU
LOCATION,1790577828618,29.7265283,52.4426500,155.000,true,11.30,50.258,source=fused:fused;speedReason=OK;derived=42.40;locationGapMs=941;callbackGapMs=941;fusion=GPS_IMU
LOCATION,1790577829617,29.7264250,52.4427083,154.000,true,11.30,49.827,source=fused:fused;speedReason=OK;derived=46.00;locationGapMs=999;callbackGapMs=999;fusion=GPS_IMU
LOCATION,1790577830623,29.7263233,52.4427700,152.000,true,11.30,49.448,source=fused:fused;speedReason=OK;derived=46.00;locationGapMs=1006;callbackGapMs=1006;fusion=GPS_IMU
LOCATION,1790577831615,29.7262233,52.4428350,150.000,true,11.30,49.178,source=fused:fused;speedReason=OK;derived=46.00;locationGapMs=992;callbackGapMs=992;fusion=GPS_IMU
LOCATION,1790577832617,29.7261217,52.4429017,148.000,true,11.30,49.071,source=fused:fused;speedReason=OK;derived=46.25;locationGapMs=1001;callbackGapMs=1001;fusion=GPS_IMU
LOCATION,1790577833685,29.7260167,52.4429717,148.000,true,11.30,49.000,source=fused:fused;speedReason=OK;derived=46.25;locationGapMs=1062;callbackGapMs=1062;fusion=GPS_IMU
LOCATION,1790577834618,29.7259117,52.4430467,148.000,true,11.30,48.985,source=fused:fused;speedReason=OK;derived=46.68;locationGapMs=941;callbackGapMs=941;fusion=GPS_IMU
LOCATION,1790577835615,29.7258100,52.4431167,148.000,true,11.30,48.948,source=fused:fused;speedReason=OK;derived=47.44;locationGapMs=998;callbackGapMs=998;fusion=GPS_IMU
LOCATION,1790577836618,29.7257083,52.4431850,148.000,true,11.30,48.889,source=fused:fused;speedReason=OK;derived=47.44;locationGapMs=999;callbackGapMs=999;fusion=GPS_IMU
LOCATION,1790577837620,29.7256050,52.4432550,149.000,true,11.30,48.820,source=fused:fused;speedReason=OK;derived=47.44;locationGapMs=1003;callbackGapMs=1003;fusion=GPS_IMU
LOCATION,1790577838611,29.7254983,52.4433267,149.000,true,11.30,48.774,source=fused:fused;speedReason=OK;derived=47.75;locationGapMs=991;callbackGapMs=991;fusion=GPS_IMU
LOCATION,1790577839681,29.7253900,52.4434017,149.000,true,11.30,48.748,source=fused:fused;speedReason=OK;derived=47.75;locationGapMs=1064;callbackGapMs=1064;fusion=GPS_IMU
LOCATION,1790577840613,29.7252783,52.4434800,148.000,true,11.30,48.952,source=fused:fused;speedReason=OK;derived=49.81;locationGapMs=939;callbackGapMs=939;fusion=GPS_IMU
LOCATION,1790577841619,29.7251700,52.4435567,148.000,true,11.30,49.141,source=fused:fused;speedReason=OK;derived=50.50;locationGapMs=1006;callbackGapMs=1006;fusion=GPS_IMU
LOCATION,1790577842612,29.7250583,52.4436350,148.000,true,11.30,49.317,source=fused:fused;speedReason=OK;derived=52.68;locationGapMs=992;callbackGapMs=992;fusion=GPS_IMU
LOCATION,1790577843616,29.7249400,52.4437167,149.000,true,11.30,49.600,source=fused:fused;speedReason=OK;derived=52.68;locationGapMs=1006;callbackGapMs=1006;fusion=GPS_IMU
LOCATION,1790577844614,29.7248117,52.4438033,149.000,true,11.30,49.881,source=fused:fused;speedReason=OK;derived=54.79;locationGapMs=998;callbackGapMs=998;fusion=GPS_IMU
LOCATION,1790577845673,29.7246833,52.4438900,150.000,true,11.30,50.565,source=fused:fused;speedReason=OK;derived=56.54;locationGapMs=1052;callbackGapMs=1052;fusion=GPS_IMU
LOCATION,1790577846618,29.7245567,52.4439733,149.000,true,11.30,51.217,source=fused:fused;speedReason=OK;derived=59.54;locationGapMs=948;callbackGapMs=948;fusion=GPS_IMU
LOCATION,1790577847616,29.7244300,52.4440567,149.000,true,11.30,51.821,source=fused:fused;speedReason=OK;derived=58.25;locationGapMs=1001;callbackGapMs=1001;fusion=GPS_IMU
LOCATION,1790577848613,29.7242983,52.4441433,149.000,true,11.30,52.322,source=fused:fused;speedReason=OK;derived=60.72;locationGapMs=998;callbackGapMs=998;fusion=GPS_IMU
LOCATION,1790577849617,29.7241683,52.4442283,149.000,true,11.30,52.909,source=fused:fused;speedReason=OK;derived=59.55;locationGapMs=1003;callbackGapMs=1003;fusion=GPS_IMU
LOCATION,1790577850612,29.7240400,52.4443117,149.000,true,11.30,53.359,source=fused:fused;speedReason=OK;derived=59.55;locationGapMs=995;callbackGapMs=995;fusion=GPS_IMU
LOCATION,1790577851685,29.7239150,52.4443933,150.000,true,11.30,53.634,source=fused:fused;speedReason=OK;derived=59.16;locationGapMs=1067;callbackGapMs=1067;fusion=GPS_IMU
LOCATION,1790577852625,29.7237933,52.4444750,150.000,true,11.30,53.748,source=fused:fused;speedReason=OK;derived=59.16;locationGapMs=947;callbackGapMs=947;fusion=GPS_IMU
LOCATION,1790577853614,29.7236767,52.4445517,150.000,true,11.30,53.815,source=fused:fused;speedReason=OK;derived=54.31;locationGapMs=988;callbackGapMs=988;fusion=GPS_IMU
LOCATION,1790577854617,29.7235700,52.4446183,150.000,true,11.30,53.803,source=fused:fused;speedReason=OK;derived=54.31;locationGapMs=1004;callbackGapMs=1004;fusion=GPS_IMU
LOCATION,1790577855619,29.7234733,52.4446733,150.000,true,11.30,53.416,source=fused:fused;speedReason=OK;derived=48.29;locationGapMs=1001;callbackGapMs=1001;fusion=GPS_IMU
LOCATION,1790577856625,29.7233950,52.4447267,150.000,true,11.30,52.027,source=fused:fused;speedReason=OK;derived=43.04;locationGapMs=1006;callbackGapMs=1006;fusion=GPS_IMU
LOCATION,1790577857591,29.7233233,52.4447700,151.000,true,11.32,50.956,source=fused:fused;speedReason=OK;derived=36.15;locationGapMs=964;callbackGapMs=964;fusion=GPS_IMU
LOCATION,1790577858621,29.7232583,52.4448117,152.000,true,11.32,49.616,source=fused:fused;speedReason=OK;derived=33.55;locationGapMs=1033;callbackGapMs=1033;fusion=GPS_IMU
LOCATION,1790577859616,29.7231900,52.4448500,153.000,true,11.32,47.833,source=fused:fused;speedReason=OK;derived=30.50;locationGapMs=995;callbackGapMs=995;fusion=GPS_IMU
LOCATION,1790577860615,29.7231267,52.4448850,156.000,true,11.32,46.435,source=fused:fused;speedReason=OK;derived=28.78;locationGapMs=1000;callbackGapMs=1000;fusion=GPS_IMU
LOCATION,1790577861605,29.7230667,52.4449133,160.000,true,11.32,45.067,source=fused:fused;speedReason=OK;derived=28.05;locationGapMs=985;callbackGapMs=985;fusion=GPS_IMU
LOCATION,1790577862622,29.7230067,52.4449300,166.000,true,11.30,43.198,source=fused:fused;speedReason=OK;derived=26.29;locationGapMs=1016;callbackGapMs=1016;fusion=GPS_IMU
LOCATION,1790577863678,29.7229433,52.4449383,174.000,true,11.30,41.871,source=fused:fused;speedReason=OK;derived=24.25;locationGapMs=1060;callbackGapMs=1060;fusion=GPS_IMU
LOCATION,1790577864617,29.7228733,52.4449317,183.000,true,11.30,40.558,source=fused:fused;speedReason=OK;derived=24.25;locationGapMs=938;callbackGapMs=938;fusion=GPS_IMU
LOCATION,1790577865623,29.7228033,52.4449100,193.000,true,11.30,39.716,source=fused:fused;speedReason=OK;derived=28.74;locationGapMs=1007;callbackGapMs=1007;fusion=GPS_IMU
LOCATION,1790577866615,29.7227367,52.4448717,204.000,true,11.30,39.196,source=fused:fused;speedReason=OK;derived=29.88;locationGapMs=993;callbackGapMs=993;fusion=GPS_IMU
LOCATION,1790577867616,29.7226800,52.4448150,217.000,true,11.30,38.620,source=fused:fused;speedReason=OK;derived=29.95;locationGapMs=1001;callbackGapMs=1001;fusion=GPS_IMU
LOCATION,1790577868626,29.7226300,52.4447467,229.000,true,11.30,38.096,source=fused:fused;speedReason=OK;derived=30.00;locationGapMs=1002;callbackGapMs=1002;fusion=GPS_IMU
LOCATION,1790577869671,29.7225933,52.4446633,241.000,true,11.30,37.643,source=fused:fused;speedReason=OK;derived=30.95;locationGapMs=1051;callbackGapMs=1051;fusion=GPS_IMU
LOCATION,1790577870619,29.7225733,52.4445700,254.000,true,11.30,37.170,source=fused:fused;speedReason=OK;derived=30.99;locationGapMs=948;callbackGapMs=948;fusion=GPS_IMU
LOCATION,1790577871625,29.7225733,52.4444667,265.000,true,11.30,36.938,source=fused:fused;speedReason=OK;derived=35.30;locationGapMs=1007;callbackGapMs=1007;fusion=GPS_IMU
LOCATION,1790577872616,29.7225933,52.4443633,278.000,true,11.30,36.805,source=fused:fused;speedReason=OK;derived=35.73;locationGapMs=992;callbackGapMs=992;fusion=GPS_IMU
LOCATION,1790577873629,29.7226283,52.4442667,290.000,true,11.30,36.686,source=fused:fused;speedReason=OK;derived=36.18;locationGapMs=1007;callbackGapMs=1007;fusion=GPS_IMU
LOCATION,1790577874622,29.7226783,52.4441833,301.000,true,11.30,36.570,source=fused:fused;speedReason=OK;derived=36.18;locationGapMs=998;callbackGapMs=998;fusion=GPS_IMU
LOCATION,1790577875663,29.7227400,52.4441167,313.000,true,11.30,36.307,source=fused:fused;speedReason=OK;derived=35.31;locationGapMs=1042;callbackGapMs=1042;fusion=GPS_IMU
LOCATION,1790577876609,29.7228067,52.4440600,324.000,true,11.30,36.255,source=fused:fused;speedReason=OK;derived=35.04;locationGapMs=946;callbackGapMs=946;fusion=GPS_IMU
LOCATION,1790577877615,29.7228833,52.4440183,335.000,true,11.32,36.223,source=fused:fused;speedReason=OK;derived=33.64;locationGapMs=1006;callbackGapMs=1006;fusion=GPS_IMU
LOCATION,1790577878617,29.7229600,52.4440000,347.000,true,11.33,35.912,source=fused:fused;speedReason=OK;derived=33.64;locationGapMs=1002;callbackGapMs=1002;fusion=GPS_IMU
LOCATION,1790577879629,29.7230367,52.4440017,356.000,true,11.35,35.382,source=fused:fused;speedReason=OK;derived=31.20;locationGapMs=1004;callbackGapMs=1004;fusion=GPS_IMU
LOCATION,1790577880623,29.7231050,52.4440183,5.000,true,11.38,35.080,source=fused:fused;speedReason=OK;derived=30.49;locationGapMs=1001;callbackGapMs=1001;fusion=GPS_IMU
LOCATION,1790577881663,29.7231600,52.4440383,12.000,true,11.40,34.031,source=fused:fused;speedReason=OK;derived=27.83;locationGapMs=1040;callbackGapMs=1040;fusion=GPS_IMU
LOCATION,1790577882615,29.7232083,52.4440600,19.000,true,11.42,31.901,source=fused:fused;speedReason=OK;derived=22.14;locationGapMs=953;callbackGapMs=953;fusion=GPS_IMU
LOCATION,1790577883617,29.7232583,52.4440917,27.000,true,11.46,30.914,source=fused:fused;speedReason=OK;derived=22.14;locationGapMs=1001;callbackGapMs=1001;fusion=GPS_IMU
LOCATION,1790577884631,29.7233067,52.4441300,33.000,true,11.46,30.341,source=fused:fused;speedReason=OK;derived=22.78;locationGapMs=1008;callbackGapMs=1008;fusion=GPS_IMU
LOCATION,1790577885611,29.7233567,52.4441817,39.000,true,11.43,29.894,source=fused:fused;speedReason=OK;derived=23.29;locationGapMs=987;callbackGapMs=987;fusion=GPS_IMU
LOCATION,1790577886623,29.7234100,52.4442467,44.000,true,11.42,29.614,source=fused:fused;speedReason=OK;derived=27.23;locationGapMs=1011;callbackGapMs=1011;fusion=GPS_IMU
LOCATION,1790577887676,29.7234700,52.4443267,46.000,true,11.40,29.913,source=fused:fused;speedReason=OK;derived=30.73;locationGapMs=1051;callbackGapMs=1051;fusion=GPS_IMU
LOCATION,1790577888616,29.7235400,52.4444217,48.000,true,11.40,30.779,source=fused:fused;speedReason=OK;derived=34.96;locationGapMs=941;callbackGapMs=941;fusion=GPS_IMU
LOCATION,1790577889632,29.7236133,52.4445217,48.000,true,11.36,32.110,source=fused:fused;speedReason=OK;derived=44.94;locationGapMs=1012;callbackGapMs=1012;fusion=GPS_IMU
LOCATION,1790577890633,29.7236867,52.4446217,48.000,true,11.36,33.319,source=fused:fused;speedReason=OK;derived=45.28;locationGapMs=1005;callbackGapMs=1005;fusion=GPS_IMU
LOCATION,1790577891624,29.7237617,52.4447217,49.000,true,11.36,34.874,source=fused:fused;speedReason=OK;derived=45.28;locationGapMs=992;callbackGapMs=992;fusion=GPS_IMU
LOCATION,1790577892629,29.7238417,52.4448300,50.000,true,11.34,35.987,source=fused:fused;speedReason=OK;derived=46.29;locationGapMs=1004;callbackGapMs=1004;fusion=GPS_IMU
LOCATION,1790577893664,29.7239250,52.4449500,51.000,true,11.32,36.872,source=fused:fused;speedReason=OK;derived=49.22;locationGapMs=1036;callbackGapMs=1036;fusion=GPS_IMU
LOCATION,1790577894639,29.7240117,52.4450783,52.000,true,11.32,37.917,source=fused:fused;speedReason=OK;derived=51.55;locationGapMs=965;callbackGapMs=965;fusion=GPS_IMU
LOCATION,1790577895626,29.7241050,52.4452167,52.000,true,11.30,39.423,source=fused:fused;speedReason=OK;derived=58.57;locationGapMs=998;callbackGapMs=998;fusion=GPS_IMU
LOCATION,1790577896622,29.7241983,52.4453633,53.000,true,11.30,40.745,source=fused:fused;speedReason=OK;derived=61.03;locationGapMs=996;callbackGapMs=996;fusion=GPS_IMU
LOCATION,1790577897633,29.7242967,52.4455217,53.000,true,11.30,43.019,source=fused:fused;speedReason=OK;derived=63.45;locationGapMs=1008;callbackGapMs=1008;fusion=GPS_IMU
LOCATION,1790577898577,29.7244017,52.4456883,54.000,true,11.30,44.922,source=fused:fused;speedReason=OK;derived=67.18;locationGapMs=948;callbackGapMs=948;fusion=GPS_IMU
LOCATION,1790577899579,29.7245100,52.4458617,53.000,true,11.30,47.063,source=fused:fused;speedReason=OK;derived=74.04;locationGapMs=1003;callbackGapMs=1003;fusion=GPS_IMU
LOCATION,1790577900588,29.7246200,52.4460350,53.000,true,11.30,48.656,source=fused:fused;speedReason=OK;derived=74.19;locationGapMs=1006;callbackGapMs=1006;fusion=GPS_IMU
LOCATION,1790577901590,29.7247267,52.4462050,53.000,true,11.30,49.883,source=fused:fused;speedReason=OK;derived=74.04;locationGapMs=1005;callbackGapMs=1005;fusion=GPS_IMU
LOCATION,1790577902628,29.7248383,52.4463800,53.000,true,11.30,51.311,source=fused:fused;speedReason=OK;derived=72.94;locationGapMs=1035;callbackGapMs=1035;fusion=GPS_IMU
LOCATION,1790577903650,29.7249517,52.4465583,53.000,true,11.30,52.139,source=fused:fused;speedReason=OK;derived=72.94;locationGapMs=1021;callbackGapMs=1021;fusion=GPS_IMU
LOCATION,1790577904618,29.7250717,52.4467417,53.000,true,11.30,53.177,source=fused:fused;speedReason=OK;derived=75.26;locationGapMs=969;callbackGapMs=969;fusion=GPS_IMU
LOCATION,1790577905627,29.7251883,52.4469300,54.000,true,11.30,55.601,source=fused:fused;speedReason=OK;derived=80.25;locationGapMs=1002;callbackGapMs=1002;fusion=GPS_IMU
LOCATION,1790577906627,29.7253033,52.4471250,56.000,true,11.30,57.377,source=fused:fused;speedReason=OK;derived=81.48;locationGapMs=1006;callbackGapMs=1006;fusion=GPS_IMU
LOCATION,1790577907631,29.7254100,52.4473233,58.000,true,11.30,59.482,source=fused:fused;speedReason=OK;derived=80.82;locationGapMs=1004;callbackGapMs=1004;fusion=GPS_IMU
LOCATION,1790577908626,29.7255050,52.4475250,61.000,true,11.30,60.971,source=fused:fused;speedReason=OK;derived=80.82;locationGapMs=996;callbackGapMs=996;fusion=GPS_IMU
LOCATION,1790577909681,29.7255933,52.4477333,64.000,true,11.30,62.728,source=fused:fused;speedReason=OK;derived=80.15;locationGapMs=1052;callbackGapMs=1052;fusion=GPS_IMU
LOCATION,1790577910596,29.7256683,52.4479467,67.000,true,11.30,63.976,source=fused:fused;speedReason=OK;derived=80.15;locationGapMs=921;callbackGapMs=921;fusion=GPS_IMU
LOCATION,1790577911625,29.7257333,52.4481667,71.000,true,11.30,64.935,source=fused:fused;speedReason=OK;derived=79.23;locationGapMs=1021;callbackGapMs=1021;fusion=GPS_IMU
LOCATION,1790577912626,29.7257850,52.4483917,74.000,true,11.30,66.426,source=fused:fused;speedReason=OK;derived=80.55;locationGapMs=1006;callbackGapMs=1006;fusion=GPS_IMU
LOCATION,1790577913617,29.7258217,52.4486200,78.000,true,11.30,67.485,source=fused:fused;speedReason=OK;derived=80.55;locationGapMs=991;callbackGapMs=991;fusion=GPS_IMU
LOCATION,1790577914621,29.7258483,52.4488483,82.000,true,11.30,68.740,source=fused:fused;speedReason=OK;derived=80.55;locationGapMs=1005;callbackGapMs=1005;fusion=GPS_IMU
LOCATION,1790577915665,29.7258683,52.4490833,85.000,true,11.30,69.681,source=fused:fused;speedReason=OK;derived=79.82;locationGapMs=1044;callbackGapMs=1044;fusion=GPS_IMU
LOCATION,1790577916630,29.7258783,52.4493200,88.000,true,11.30,70.937,source=fused:fused;speedReason=OK;derived=79.82;locationGapMs=959;callbackGapMs=959;fusion=GPS_IMU
LOCATION,1790577917835,29.7258733,52.4495583,91.000,true,11.30,71.876,source=fused:fused;speedReason=OK;derived=86.07;locationGapMs=957;callbackGapMs=957;fusion=GPS_IMU
LOCATION,1790577918616,29.7258583,52.4497967,94.000,true,11.30,72.450,source=fused:fused;speedReason=OK;derived=86.07;locationGapMs=1034;callbackGapMs=1034;fusion=GPS_IMU
LOCATION,1790577919617,29.7258333,52.4500317,98.000,true,11.30,72.834,source=fused:fused;speedReason=OK;derived=82.29;locationGapMs=1002;callbackGapMs=1002;fusion=GPS_IMU
LOCATION,1790577920887,29.7258000,52.4502617,101.000,true,11.30,73.447,source=fused:fused;speedReason=OK;derived=81.78;locationGapMs=993;callbackGapMs=993;fusion=GPS_IMU
LOCATION,1790577921618,29.7257517,52.4504883,104.000,true,11.30,73.664,source=fused:fused;speedReason=OK;derived=81.78;locationGapMs=1008;callbackGapMs=1008;fusion=GPS_IMU
LOCATION,1790577922613,29.7256917,52.4507117,108.000,true,11.30,74.190,source=fused:fused;speedReason=OK;derived=81.78;locationGapMs=993;callbackGapMs=993;fusion=GPS_IMU
LOCATION,1790577923905,29.7256200,52.4509317,111.000,true,11.30,74.454,source=fused:fused;speedReason=OK;derived=81.79;locationGapMs=1000;callbackGapMs=1000;fusion=GPS_IMU
LOCATION,1790577924617,29.7255367,52.4511483,115.000,true,11.30,74.825,source=fused:fused;speedReason=OK;derived=81.98;locationGapMs=1005;callbackGapMs=1005;fusion=GPS_IMU
LOCATION,1790577925615,29.7254383,52.4513617,119.000,true,11.30,75.365,source=fused:fused;speedReason=OK;derived=82.03;locationGapMs=999;callbackGapMs=999;fusion=GPS_IMU
LOCATION,1790577926945,29.7253283,52.4515650,122.000,true,11.30,75.728,source=fused:fused;speedReason=OK;derived=82.03;locationGapMs=1051;callbackGapMs=1051;fusion=GPS_IMU
LOCATION,1790577927618,29.7252083,52.4517617,126.000,true,11.30,76.257,source=fused:fused;speedReason=OK;derived=84.15;locationGapMs=947;callbackGapMs=947;fusion=GPS_IMU
LOCATION,1790577928607,29.7250783,52.4519483,129.000,true,11.30,76.926,source=fused:fused;speedReason=OK;derived=83.58;locationGapMs=995;callbackGapMs=995;fusion=GPS_IMU
LOCATION,1790577929607,29.7249400,52.4521283,132.000,true,11.30,77.415,source=fused:fused;speedReason=OK;derived=83.69;locationGapMs=998;callbackGapMs=998;fusion=GPS_IMU
LOCATION,1790577930877,29.7247883,52.4523017,135.000,true,11.30,77.891,source=fused:fused;speedReason=OK;derived=83.69;locationGapMs=1000;callbackGapMs=1000;fusion=GPS_IMU
LOCATION,1790577931588,29.7246317,52.4524650,138.000,true,11.30,78.335,source=fused:fused;speedReason=OK;derived=85.51;locationGapMs=983;callbackGapMs=983;fusion=GPS_IMU
LOCATION,1790577932877,29.7244667,52.4526167,141.000,true,11.30,78.477,source=fused:fused;speedReason=OK;derived=85.51;locationGapMs=1025;callbackGapMs=1025;fusion=GPS_IMU
LOCATION,1790577933622,29.7243050,52.4527617,143.000,true,11.30,78.741,source=fused:fused;speedReason=OK;derived=82.36;locationGapMs=1004;callbackGapMs=1004;fusion=GPS_IMU
LOCATION,1790577934887,29.7241417,52.4528983,144.000,true,11.30,78.915,source=fused:fused;speedReason=OK;derived=81.61;locationGapMs=991;callbackGapMs=991;fusion=GPS_IMU
LOCATION,1790577935569,29.7239833,52.4530267,145.000,true,11.30,78.877,source=fused:fused;speedReason=OK;derived=81.42;locationGapMs=962;callbackGapMs=962;fusion=GPS_IMU
LOCATION,1790577936882,29.7238267,52.4531500,146.000,true,11.32,78.708,source=fused:fused;speedReason=OK;derived=80.49;locationGapMs=1037;callbackGapMs=1037;fusion=GPS_IMU
LOCATION,1790577937607,29.7236717,52.4532683,147.000,true,11.34,78.395,source=fused:fused;speedReason=OK;derived=74.47;locationGapMs=998;callbackGapMs=998;fusion=GPS_IMU
LOCATION,1790577938904,29.7235183,52.4533883,148.000,true,11.35,78.017,source=fused:fused;speedReason=OK;derived=73.68;locationGapMs=1006;callbackGapMs=1006;fusion=GPS_IMU
LOCATION,1790577939617,29.7233617,52.4535067,148.000,true,11.38,77.735,source=fused:fused;speedReason=OK;derived=74.47;locationGapMs=1003;callbackGapMs=1003;fusion=GPS_IMU
LOCATION,1790577940611,29.7232017,52.4536283,149.000,true,11.40,77.470,source=fused:fused;speedReason=OK;derived=74.65;locationGapMs=995;callbackGapMs=995;fusion=GPS_IMU
LOCATION,1790577941617,29.7230400,52.4537517,148.000,true,11.40,77.310,source=fused:fused;speedReason=OK;derived=76.92;locationGapMs=1008;callbackGapMs=1008;fusion=GPS_IMU
LOCATION,1790577942625,29.7228800,52.4538783,148.000,true,11.40,77.335,source=fused:fused;speedReason=OK;derived=77.00;locationGapMs=1003;callbackGapMs=1003;fusion=GPS_IMU
LOCATION,1790577943670,29.7227200,52.4540033,148.000,true,11.40,77.354,source=fused:fused;speedReason=OK;derived=76.92;locationGapMs=1046;callbackGapMs=1046;fusion=GPS_IMU
LOCATION,1790577944629,29.7225617,52.4541267,148.000,true,11.40,77.294,source=fused:fused;speedReason=OK;derived=77.36;locationGapMs=961;callbackGapMs=961;fusion=GPS_IMU
LOCATION,1790577945619,29.7224083,52.4542467,148.000,true,11.40,77.181,source=fused:fused;speedReason=OK;derived=74.95;locationGapMs=989;callbackGapMs=989;fusion=GPS_IMU
LOCATION,1790577946619,29.7222567,52.4543667,148.000,true,11.40,77.015,source=fused:fused;speedReason=OK;derived=74.95;locationGapMs=1001;callbackGapMs=1001;fusion=GPS_IMU
LOCATION,1790577947620,29.7221083,52.4544917,148.000,true,11.42,76.741,source=fused:fused;speedReason=OK;derived=73.46;locationGapMs=1002;callbackGapMs=1002;fusion=GPS_IMU
LOCATION,1790577948630,29.7219567,52.4546150,148.000,true,11.43,76.487,source=fused:fused;speedReason=OK;derived=73.46;locationGapMs=1008;callbackGapMs=1008;fusion=GPS_IMU
LOCATION,1790577949688,29.7218017,52.4547350,148.000,true,11.45,76.346,source=fused:fused;speedReason=OK;derived=73.36;locationGapMs=1055;callbackGapMs=1055;fusion=GPS_IMU
LOCATION,1790577950623,29.7216467,52.4548583,148.000,true,11.48,76.216,source=fused:fused;speedReason=OK;derived=73.60;locationGapMs=940;callbackGapMs=940;fusion=GPS_IMU
LOCATION,1790577951631,29.7214967,52.4549817,148.000,true,11.50,76.094,source=fused:fused;speedReason=OK;derived=73.25;locationGapMs=1006;callbackGapMs=1006;fusion=GPS_IMU
LOCATION,1790577952623,29.7213467,52.4551017,148.000,true,11.50,75.951,source=fused:fused;speedReason=OK;derived=73.52;locationGapMs=993;callbackGapMs=993;fusion=GPS_IMU
LOCATION,1790577953628,29.7211950,52.4552200,148.000,true,11.50,75.793,source=fused:fused;speedReason=OK;derived=73.25;locationGapMs=1005;callbackGapMs=1005;fusion=GPS_IMU
LOCATION,1790577954624,29.7210417,52.4553417,148.000,true,11.50,75.623,source=fused:fused;speedReason=OK;derived=73.52;locationGapMs=996;callbackGapMs=996;fusion=GPS_IMU
LOCATION,1790577955678,29.7208850,52.4554650,148.000,true,11.50,75.497,source=fused:fused;speedReason=OK;derived=72.87;locationGapMs=1050;callbackGapMs=1050;fusion=GPS_IMU
LOCATION,1790577956630,29.7207233,52.4555917,148.000,true,11.50,75.348,source=fused:fused;speedReason=OK;derived=74.73;locationGapMs=955;callbackGapMs=955;fusion=GPS_IMU
LOCATION,1790577957625,29.7205617,52.4557200,148.000,true,11.50,75.224,source=fused:fused;speedReason=OK;derived=78.77;locationGapMs=996;callbackGapMs=996;fusion=GPS_IMU
LOCATION,1790577958622,29.7203967,52.4558517,148.000,true,11.52,75.489,source=fused:fused;speedReason=OK;derived=80.41;locationGapMs=998;callbackGapMs=998;fusion=GPS_IMU
LOCATION,1790577959621,29.7202300,52.4559817,148.000,true,11.53,75.785,source=fused:fused;speedReason=OK;derived=80.41;locationGapMs=998;callbackGapMs=998;fusion=GPS_IMU
LOCATION,1790577960624,29.7200617,52.4561133,148.000,true,11.56,76.085,source=fused:fused;speedReason=OK;derived=80.63;locationGapMs=1003;callbackGapMs=1003;fusion=GPS_IMU
LOCATION,1790577961598,29.7198900,52.4562483,148.000,true,11.57,76.435,source=fused:fused;speedReason=OK;derived=81.07;locationGapMs=974;callbackGapMs=974;fusion=GPS_IMU
LOCATION,1790577962587,29.7197133,52.4563850,148.000,true,11.58,76.873,source=fused:fused;speedReason=OK;derived=85.32;locationGapMs=991;callbackGapMs=991;fusion=GPS_IMU
LOCATION,1790577963684,29.7195333,52.4565233,148.000,true,11.60,77.386,source=fused:fused;speedReason=OK;derived=85.32;locationGapMs=1099;callbackGapMs=1099;fusion=GPS_IMU
LOCATION,1790577964624,29.7193550,52.4566650,148.000,true,11.60,78.044,source=fused:fused;speedReason=OK;derived=85.86;locationGapMs=936;callbackGapMs=936;fusion=GPS_IMU
LOCATION,1790577965627,29.7191733,52.4568117,147.000,true,11.60,78.593,source=fused:fused;speedReason=OK;derived=88.44;locationGapMs=1003;callbackGapMs=1003;fusion=GPS_IMU
LOCATION,1790577966596,29.7189950,52.4569683,146.000,true,11.60,79.609,source=fused:fused;speedReason=OK;derived=92.43;locationGapMs=970;callbackGapMs=970;fusion=GPS_IMU
LOCATION,1790577967627,29.7188217,52.4571267,144.000,true,11.60,80.530,source=fused:fused;speedReason=OK;derived=88.44;locationGapMs=1028;callbackGapMs=1028;fusion=GPS_IMU
LOCATION,1790577968909,29.7186550,52.4572917,142.000,true,11.60,81.244,source=fused:fused;speedReason=OK;derived=87.91;locationGapMs=1000;callbackGapMs=1000;fusion=GPS_IMU
LOCATION,1790577969612,29.7185000,52.4574617,140.000,true,11.60,81.580,source=fused:fused;speedReason=OK;derived=86.93;locationGapMs=985;callbackGapMs=985;fusion=GPS_IMU
LOCATION,1790577970612,29.7183567,52.4576367,137.000,true,11.58,81.678,source=fused:fused;speedReason=OK;derived=86.93;locationGapMs=1004;callbackGapMs=1004;fusion=GPS_IMU
LOCATION,1790577971613,29.7182233,52.4578133,134.000,true,11.56,81.712,source=fused:fused;speedReason=OK;derived=83.25;locationGapMs=1000;callbackGapMs=1000;fusion=GPS_IMU
LOCATION,1790577972680,29.7181033,52.4579967,131.000,true,11.55,81.698,source=fused:fused;speedReason=OK;derived=81.35;locationGapMs=1063;callbackGapMs=1063;fusion=GPS_IMU
LOCATION,1790577973631,29.7179933,52.4581817,129.000,true,11.52,81.622,source=fused:fused;speedReason=OK;derived=81.35;locationGapMs=954;callbackGapMs=954;fusion=GPS_IMU
LOCATION,1790577974623,29.7178883,52.4583733,126.000,true,11.50,81.509,source=fused:fused;speedReason=OK;derived=79.36;locationGapMs=993;callbackGapMs=993;fusion=GPS_IMU
LOCATION,1790577975618,29.7177900,52.4585717,123.000,true,11.50,81.349,source=fused:fused;speedReason=OK;derived=79.94;locationGapMs=994;callbackGapMs=994;fusion=GPS_IMU
LOCATION,1790577976624,29.7176917,52.4587767,121.000,true,11.50,81.270,source=fused:fused;speedReason=OK;derived=79.94;locationGapMs=1007;callbackGapMs=1007;fusion=GPS_IMU
LOCATION,1790577977620,29.7175983,52.4589883,119.000,true,11.50,81.255,source=fused:fused;speedReason=OK;derived=80.91;locationGapMs=994;callbackGapMs=994;fusion=GPS_IMU
LOCATION,1790577978689,29.7175117,52.4592083,117.000,true,11.50,81.341,source=fused:fused;speedReason=OK;derived=80.91;locationGapMs=1066;callbackGapMs=1066;fusion=GPS_IMU
LOCATION,1790577979580,29.7174250,52.4594333,116.000,true,11.50,81.466,source=fused:fused;speedReason=OK;derived=83.09;locationGapMs=897;callbackGapMs=897;fusion=GPS_IMU
LOCATION,1790577980628,29.7173383,52.4596617,115.000,true,11.50,81.681,source=fused:fused;speedReason=OK;derived=82.94;locationGapMs=1046;callbackGapMs=1046;fusion=GPS_IMU
LOCATION,1790577981620,29.7172550,52.4598900,112.000,true,9.83,81.886,source=fused:fused;speedReason=OK;derived=86.89;locationGapMs=992;callbackGapMs=992;fusion=GPS_IMU
LOCATION,1790577982620,29.7171733,52.4601183,112.000,true,7.50,82.126,source=fused:fused;speedReason=OK;derived=85.86;locationGapMs=1001;callbackGapMs=1001;fusion=GPS_IMU
LOCATION,1790577983614,29.7170917,52.4603483,112.000,true,6.50,82.355,source=fused:fused;speedReason=OK;derived=86.89;locationGapMs=994;callbackGapMs=994;fusion=GPS_IMU
LOCATION,1790577984912,29.7170117,52.4605750,111.000,true,3.50,82.565,source=fused:fused;speedReason=OK;derived=85.86;locationGapMs=1030;callbackGapMs=1030;fusion=GPS_IMU
LOCATION,1790577985615,29.7169333,52.4608067,112.000,true,3.17,82.861,source=fused:fused;speedReason=OK;derived=87.00;locationGapMs=971;callbackGapMs=971;fusion=GPS_IMU
LOCATION,1790577986613,29.7168517,52.4610400,112.000,true,1.52,83.047,source=fused:fused;speedReason=OK;derived=87.81;locationGapMs=997;callbackGapMs=997;fusion=GPS_IMU
LOCATION,1790577987616,29.7167683,52.4612800,112.000,true,1.53,83.310,source=fused:fused;speedReason=OK;derived=89.15;locationGapMs=1000;callbackGapMs=1000;fusion=GPS_IMU
LOCATION,1790577988625,29.7166817,52.4615250,112.000,true,1.56,83.680,source=fused:fused;speedReason=OK;derived=89.98;locationGapMs=1013;callbackGapMs=1013;fusion=GPS_IMU
LOCATION,1790577989617,29.7165900,52.4617767,113.000,true,1.57,83.943,source=fused:fused;speedReason=OK;derived=90.89;locationGapMs=991;callbackGapMs=991;fusion=GPS_IMU
LOCATION,1790577990605,29.7164950,52.4620300,112.000,true,3.20,84.456,source=fused:fused;speedReason=OK;derived=95.87;locationGapMs=987;callbackGapMs=987;fusion=GPS_IMU
LOCATION,1790577991594,29.7163967,52.4622867,113.000,true,4.83,85.037,source=fused:fused;speedReason=OK;derived=97.30;locationGapMs=992;callbackGapMs=992;fusion=GPS_IMU
LOCATION,1790577992614,29.7162950,52.4625417,114.000,true,6.45,85.720,source=fused:fused;speedReason=OK;derived=97.30;locationGapMs=1020;callbackGapMs=1020;fusion=GPS_IMU
LOCATION,1790577993608,29.7161900,52.4627950,114.000,true,8.07,86.363,source=fused:fused;speedReason=OK;derived=98.37;locationGapMs=993;callbackGapMs=993;fusion=GPS_IMU
LOCATION,1790577994627,29.7160833,52.4630450,115.000,true,11.30,87.119,source=fused:fused;speedReason=OK;derived=95.74;locationGapMs=1018;callbackGapMs=1018;fusion=GPS_IMU
LOCATION,1790577995617,29.7159750,52.4632900,116.000,true,11.30,88.004,source=fused:fused;speedReason=OK;derived=96.72;locationGapMs=989;callbackGapMs=989;fusion=GPS_IMU
LOCATION,1790577996619,29.7158633,52.4635333,117.000,true,11.30,88.318,source=fused:fused;speedReason=OK;derived=95.47;locationGapMs=1003;callbackGapMs=1003;fusion=GPS_IMU
LOCATION,1790577997616,29.7157483,52.4637733,118.000,true,11.30,88.772,source=fused:fused;speedReason=OK;derived=95.56;locationGapMs=998;callbackGapMs=998;fusion=GPS_IMU
LOCATION,1790577998892,29.7156300,52.4640067,119.000,true,11.30,89.155,source=fused:fused;speedReason=OK;derived=95.47;locationGapMs=994;callbackGapMs=994;fusion=GPS_IMU
LOCATION,1790577999611,29.7155083,52.4642383,121.000,true,11.30,89.447,source=fused:fused;speedReason=OK;derived=94.58;locationGapMs=1001;callbackGapMs=1001;fusion=GPS_IMU
LOCATION,1790578000613,29.7153883,52.4644633,121.000,true,11.30,89.586,source=fused:fused;speedReason=OK;derived=94.07;locationGapMs=999;callbackGapMs=999;fusion=GPS_IMU
LOCATION,1790578001663,29.7152650,52.4646867,122.000,true,11.30,89.639,source=fused:fused;speedReason=OK;derived=91.94;locationGapMs=1048;callbackGapMs=1048;fusion=GPS_IMU
LOCATION,1790578002619,29.7151400,52.4649067,122.000,true,11.30,89.685,source=fused:fused;speedReason=OK;derived=91.94;locationGapMs=960;callbackGapMs=960;fusion=GPS_IMU
LOCATION,1790578003896,29.7150117,52.4651283,123.000,true,11.30,89.714,source=fused:fused;speedReason=OK;derived=92.63;locationGapMs=1000;callbackGapMs=1000;fusion=GPS_IMU
LOCATION,1790578004610,29.7148800,52.4653483,124.000,true,11.30,89.857,source=fused:fused;speedReason=OK;derived=93.67;locationGapMs=992;callbackGapMs=992;fusion=GPS_IMU
LOCATION,1790578005608,29.7147467,52.4655667,125.000,true,11.30,89.973,source=fused:fused;speedReason=OK;derived=93.11;locationGapMs=997;callbackGapMs=997;fusion=GPS_IMU
LOCATION,1790578006614,29.7146067,52.4657867,125.000,true,11.30,90.214,source=fused:fused;speedReason=OK;derived=93.67;locationGapMs=1007;callbackGapMs=1007;fusion=GPS_IMU
LOCATION,1790578007619,29.7144667,52.4660067,125.000,true,11.30,90.561,source=fused:fused;speedReason=OK;derived=94.18;locationGapMs=1002;callbackGapMs=1002;fusion=GPS_IMU
LOCATION,1790578008883,29.7143267,52.4662233,125.000,true,11.30,90.754,source=fused:fused;speedReason=OK;derived=94.18;locationGapMs=1005;callbackGapMs=1005;fusion=GPS_IMU
LOCATION,1790578009608,29.7141883,52.4664400,125.000,true,11.30,91.061,source=fused:fused;speedReason=OK;derived=94.65;locationGapMs=986;callbackGapMs=986;fusion=GPS_IMU
LOCATION,1790578010611,29.7140517,52.4666517,125.000,true,11.30,91.191,source=fused:fused;speedReason=OK;derived=93.42;locationGapMs=1001;callbackGapMs=1001;fusion=GPS_IMU
LOCATION,1790578011608,29.7139183,52.4668567,125.000,true,11.30,91.264,source=fused:fused;speedReason=OK;derived=91.61;locationGapMs=1000;callbackGapMs=1000;fusion=GPS_IMU
LOCATION,1790578012572,29.7137883,52.4670600,125.000,true,11.30,91.163,source=fused:fused;speedReason=OK;derived=90.88;locationGapMs=966;callbackGapMs=966;fusion=GPS_IMU
LOCATION,1790578013918,29.7136617,52.4672617,125.000,true,11.30,91.022,source=fused:fused;speedReason=OK;derived=89.07;locationGapMs=1048;callbackGapMs=1048;fusion=GPS_IMU
LOCATION,1790578014607,29.7135350,52.4674633,125.000,true,11.30,90.685,source=fused:fused;speedReason=OK;derived=87.85;locationGapMs=985;callbackGapMs=985;fusion=GPS_IMU
LOCATION,1790578015615,29.7134083,52.4676633,125.000,true,11.30,90.510,source=fused:fused;speedReason=OK;derived=85.65;locationGapMs=1005;callbackGapMs=1005;fusion=GPS_IMU
LOCATION,1790578016615,29.7132833,52.4678633,125.000,true,11.30,90.179,source=fused:fused;speedReason=OK;derived=85.65;locationGapMs=1003;callbackGapMs=1003;fusion=GPS_IMU
LOCATION,1790578017935,29.7131600,52.4680583,126.000,true,11.30,89.665,source=fused:fused;speedReason=OK;derived=85.43;locationGapMs=1030;callbackGapMs=1030;fusion=GPS_IMU
LOCATION,1790578018615,29.7130383,52.4682500,126.000,true,11.30,89.350,source=fused:fused;speedReason=OK;derived=85.21;locationGapMs=969;callbackGapMs=969;fusion=GPS_IMU
LOCATION,1790578019621,29.7129167,52.4684367,126.000,true,11.30,88.772,source=fused:fused;speedReason=OK;derived=81.43;locationGapMs=1003;callbackGapMs=1003;fusion=GPS_IMU
LOCATION,1790578020621,29.7127983,52.4686200,126.000,true,11.30,88.160,source=fused:fused;speedReason=OK;derived=80.90;locationGapMs=1002;callbackGapMs=1002;fusion=GPS_IMU
LOCATION,1790578021889,29.7126833,52.4688000,126.000,true,11.30,87.423,source=fused:fused;speedReason=OK;derived=79.27;locationGapMs=997;callbackGapMs=997;fusion=GPS_IMU
LOCATION,1790578022606,29.7125683,52.4689817,126.000,true,11.30,86.849,source=fused:fused;speedReason=OK;derived=78.97;locationGapMs=990;callbackGapMs=990;fusion=GPS_IMU
LOCATION,1790578023879,29.7124533,52.4691617,125.000,true,11.30,86.153,source=fused:fused;speedReason=OK;derived=77.94;locationGapMs=997;callbackGapMs=997;fusion=GPS_IMU
LOCATION,1790578024601,29.7123400,52.4693417,125.000,true,11.30,85.507,source=fused:fused;speedReason=OK;derived=77.94;locationGapMs=999;callbackGapMs=999;fusion=GPS_IMU
LOCATION,1790578025876,29.7122267,52.4695233,125.000,true,11.30,84.740,source=fused:fused;speedReason=OK;derived=77.38;locationGapMs=1006;callbackGapMs=1006;fusion=GPS_IMU
LOCATION,1790578026603,29.7121133,52.4697050,125.000,true,11.30,84.195,source=fused:fused;speedReason=OK;derived=77.38;locationGapMs=996;callbackGapMs=996;fusion=GPS_IMU
LOCATION,1790578027907,29.7120017,52.4698867,125.000,true,11.32,83.690,source=fused:fused;speedReason=OK;derived=77.29;locationGapMs=1012;callbackGapMs=1012;fusion=GPS_IMU
LOCATION,1790578029249,29.7118867,52.4700683,125.000,true,11.34,83.114,source=fused:fused;speedReason=OK;derived=76.47;locationGapMs=1035;callbackGapMs=1035;fusion=GPS_IMU
LOCATION,1790578029604,29.7117750,52.4702500,125.000,true,11.35,82.733,source=fused:fused;speedReason=OK;derived=76.47;locationGapMs=945;callbackGapMs=945;fusion=GPS_IMU
LOCATION,1790578030904,29.7116633,52.4704317,125.000,true,11.37,82.453,source=fused:fused;speedReason=OK;derived=75.90;locationGapMs=1020;callbackGapMs=1020;fusion=GPS_IMU
LOCATION,1790578032244,29.7115500,52.4706150,125.000,true,11.40,82.191,source=fused:fused;speedReason=OK;derived=78.40;locationGapMs=998;callbackGapMs=998;fusion=GPS_IMU
LOCATION,1790578032611,29.7114333,52.4707967,125.000,true,11.40,81.951,source=fused:fused;speedReason=OK;derived=78.40;locationGapMs=995;callbackGapMs=995;fusion=GPS_IMU
LOCATION,1790578033616,29.7113183,52.4709767,125.000,true,11.40,81.680,source=fused:fused;speedReason=OK;derived=78.40;locationGapMs=1006;callbackGapMs=1006;fusion=GPS_IMU
LOCATION,1790578034611,29.7112017,52.4711600,124.000,true,11.40,81.453,source=fused:fused;speedReason=OK;derived=78.98;locationGapMs=996;callbackGapMs=996;fusion=GPS_IMU
LOCATION,1790578035618,29.7110850,52.4713450,124.000,true,11.40,81.301,source=fused:fused;speedReason=OK;derived=79.19;locationGapMs=1004;callbackGapMs=1004;fusion=GPS_IMU
LOCATION,1790578036629,29.7109667,52.4715283,125.000,true,11.40,81.227,source=fused:fused;speedReason=OK;derived=79.19;locationGapMs=1009;callbackGapMs=1009;fusion=GPS_IMU
LOCATION,1790578037619,29.7108467,52.4717117,125.000,true,11.40,81.141,source=fused:fused;speedReason=OK;derived=79.19;locationGapMs=991;callbackGapMs=991;fusion=GPS_IMU
LOCATION,1790578038619,29.7107267,52.4718983,125.000,true,11.42,81.097,source=fused:fused;speedReason=OK;derived=80.42;locationGapMs=1004;callbackGapMs=1004;fusion=GPS_IMU
LOCATION,1790578039668,29.7106083,52.4720850,125.000,true,11.44,81.049,source=fused:fused;speedReason=OK;derived=80.42;locationGapMs=1050;callbackGapMs=1050;fusion=GPS_IMU
LOCATION,1790578040619,29.7104850,52.4722733,125.000,true,11.46,81.127,source=fused:fused;speedReason=OK;derived=80.42;locationGapMs=950;callbackGapMs=950;fusion=GPS_IMU
LOCATION,1790578041627,29.7103583,52.4724667,126.000,true,11.48,81.363,source=fused:fused;speedReason=OK;derived=83.81;locationGapMs=1005;callbackGapMs=1005;fusion=GPS_IMU
LOCATION,1790578042620,29.7102267,52.4726583,127.000,true,11.50,81.592,source=fused:fused;speedReason=OK;derived=85.27;locationGapMs=996;callbackGapMs=996;fusion=GPS_IMU
LOCATION,1790578043620,29.7100900,52.4728517,128.000,true,11.50,81.871,source=fused:fused;speedReason=OK;derived=85.27;locationGapMs=1000;callbackGapMs=1000;fusion=GPS_IMU
LOCATION,1790578044620,29.7099433,52.4730450,129.000,true,11.50,82.266,source=fused:fused;speedReason=OK;derived=86.69;locationGapMs=1000;callbackGapMs=1000;fusion=GPS_IMU
LOCATION,1790578045678,29.7097900,52.4732350,131.000,true,11.50,82.880,source=fused:fused;speedReason=OK;derived=86.69;locationGapMs=1053;callbackGapMs=1053;fusion=GPS_IMU
LOCATION,1790578046909,29.7096283,52.4734217,132.000,true,11.50,83.354,source=fused:fused;speedReason=OK;derived=89.23;locationGapMs=951;callbackGapMs=951;fusion=GPS_IMU
LOCATION,1790578047617,29.7094633,52.4736050,133.000,true,11.50,83.778,source=fused:fused;speedReason=OK;derived=92.65;locationGapMs=990;callbackGapMs=990;fusion=GPS_IMU
LOCATION,1790578048610,29.7092967,52.4737833,134.000,true,11.50,84.003,source=fused:fused;speedReason=OK;derived=92.65;locationGapMs=996;callbackGapMs=996;fusion=GPS_IMU
LOCATION,1790578049617,29.7091283,52.4739567,136.000,true,11.50,84.320,source=fused:fused;speedReason=OK;derived=91.35;locationGapMs=1006;callbackGapMs=1006;fusion=GPS_IMU
LOCATION,1790578050612,29.7089617,52.4741217,137.000,true,11.50,84.487,source=fused:fused;speedReason=OK;derived=89.82;locationGapMs=996;callbackGapMs=996;fusion=GPS_IMU
LOCATION,1790578051672,29.7087917,52.4742750,139.000,true,11.50,84.575,source=fused:fused;speedReason=OK;derived=88.24;locationGapMs=1056;callbackGapMs=1056;fusion=GPS_IMU
LOCATION,1790578052621,29.7086217,52.4744233,140.000,true,11.50,84.673,source=fused:fused;speedReason=OK;derived=88.24;locationGapMs=953;callbackGapMs=953;fusion=GPS_IMU
LOCATION,1790578053619,29.7084467,52.4745667,141.000,true,11.50,84.820,source=fused:fused;speedReason=OK;derived=86.12;locationGapMs=997;callbackGapMs=997;fusion=GPS_IMU
LOCATION,1790578054583,29.7082667,52.4747083,142.000,true,11.50,84.924,source=fused:fused;speedReason=OK;derived=89.48;locationGapMs=966;callbackGapMs=966;fusion=GPS_IMU
LOCATION,1790578055620,29.7080867,52.4748433,144.000,true,11.50,85.021,source=fused:fused;speedReason=OK;derived=86.12;locationGapMs=1036;callbackGapMs=1036;fusion=GPS_IMU
LOCATION,1790578056623,29.7079033,52.4749733,145.000,true,11.50,85.067,source=fused:fused;speedReason=OK;derived=85.81;locationGapMs=1003;callbackGapMs=1003;fusion=GPS_IMU
LOCATION,1790578057623,29.7077200,52.4751000,146.000,true,11.50,85.122,source=fused:fused;speedReason=OK;derived=85.69;locationGapMs=997;callbackGapMs=997;fusion=GPS_IMU
LOCATION,1790578058615,29.7075367,52.4752200,147.000,true,11.50,85.102,source=fused:fused;speedReason=OK;derived=85.69;locationGapMs=994;callbackGapMs=994;fusion=GPS_IMU
LOCATION,1790578059890,29.7073517,52.4753367,149.000,true,11.50,85.081,source=fused:fused;speedReason=OK;derived=84.76;locationGapMs=999;callbackGapMs=999;fusion=GPS_IMU
LOCATION,1790578060608,29.7071617,52.4754450,150.000,true,11.50,85.066,source=fused:fused;speedReason=OK;derived=84.76;locationGapMs=995;callbackGapMs=995;fusion=GPS_IMU
LOCATION,1790578061613,29.7069650,52.4755483,151.000,true,11.50,85.060,source=fused:fused;speedReason=OK;derived=85.11;locationGapMs=1005;callbackGapMs=1005;fusion=GPS_IMU
LOCATION,1790578062667,29.7067683,52.4756500,152.000,true,11.50,85.065,source=fused:fused;speedReason=OK;derived=85.11;locationGapMs=1049;callbackGapMs=1049;fusion=GPS_IMU
LOCATION,1790578063620,29.7065783,52.4757517,153.000,true,11.52,85.067,source=fused:fused;speedReason=OK;derived=85.92;locationGapMs=959;callbackGapMs=959;fusion=GPS_IMU
LOCATION,1790578064600,29.7063867,52.4758483,153.000,true,11.53,85.070,source=fused:fused;speedReason=OK;derived=85.59;locationGapMs=976;callbackGapMs=976;fusion=GPS_IMU
LOCATION,1790578065886,29.7061917,52.4759517,153.000,true,11.56,85.073,source=fused:fused;speedReason=OK;derived=85.59;locationGapMs=1019;callbackGapMs=1019;fusion=GPS_IMU
LOCATION,1790578066607,29.7059967,52.4760517,154.000,true,11.57,85.078,source=fused:fused;speedReason=OK;derived=85.59;locationGapMs=991;callbackGapMs=991;fusion=GPS_IMU
LOCATION,1790578067605,29.7057967,52.4761500,154.000,true,11.58,85.072,source=fused:fused;speedReason=OK;derived=86.03;locationGapMs=998;callbackGapMs=998;fusion=GPS_IMU
LOCATION,1790578068611,29.7056017,52.4762433,154.000,true,11.60,85.050,source=fused:fused;speedReason=OK;derived=86.03;locationGapMs=998;callbackGapMs=998;fusion=GPS_IMU
LOCATION,1790578069623,29.7054083,52.4763383,154.000,true,11.60,84.961,source=fused:fused;speedReason=OK;derived=84.50;locationGapMs=1019;callbackGapMs=1019;fusion=GPS_IMU
LOCATION,1790578070886,29.7052150,52.4764333,154.000,true,11.60,84.895,source=fused:fused;speedReason=OK;derived=84.02;locationGapMs=999;callbackGapMs=999;fusion=GPS_IMU
LOCATION,1790578071619,29.7050217,52.4765283,154.000,true,11.60,84.834,source=fused:fused;speedReason=OK;derived=84.02;locationGapMs=997;callbackGapMs=997;fusion=GPS_IMU
LOCATION,1790578072614,29.7048283,52.4766250,154.000,true,11.60,84.795,source=fused:fused;speedReason=OK;derived=84.19;locationGapMs=996;callbackGapMs=996;fusion=GPS_IMU
LOCATION,1790578073652,29.7046350,52.4767217,153.000,true,11.60,84.741,source=fused:fused;speedReason=OK;derived=84.19;locationGapMs=1038;callbackGapMs=1038;fusion=GPS_IMU
LOCATION,1790578074893,29.7044417,52.4768200,153.000,true,11.60,84.668,source=fused:fused;speedReason=OK;derived=84.55;locationGapMs=965;callbackGapMs=965;fusion=GPS_IMU
LOCATION,1790578075618,29.7042500,52.4769133,153.000,true,11.60,84.613,source=fused:fused;speedReason=OK;derived=83.28;locationGapMs=998;callbackGapMs=998;fusion=GPS_IMU
LOCATION,1790578076620,29.7040583,52.4770083,153.000,true,11.60,84.570,source=fused:fused;speedReason=OK;derived=83.28;locationGapMs=1004;callbackGapMs=1004;fusion=GPS_IMU
LOCATION,1790578077612,29.7038700,52.4771033,153.000,true,11.60,84.481,source=fused:fused;speedReason=OK;derived=83.02;locationGapMs=991;callbackGapMs=991;fusion=GPS_IMU
LOCATION,1790578078894,29.7036800,52.4772000,153.000,true,11.60,84.359,source=fused:fused;speedReason=OK;derived=82.85;locationGapMs=1004;callbackGapMs=1004;fusion=GPS_IMU
LOCATION,1790578079613,29.7034917,52.4772967,152.000,true,11.60,84.216,source=fused:fused;speedReason=OK;derived=82.64;locationGapMs=997;callbackGapMs=997;fusion=GPS_IMU
LOCATION,1790578080613,29.7033017,52.4773967,152.000,true,11.60,84.083,source=fused:fused;speedReason=OK;derived=82.64;locationGapMs=1002;callbackGapMs=1002;fusion=GPS_IMU
LOCATION,1790578081614,29.7031100,52.4774983,151.000,true,11.60,83.967,source=fused:fused;speedReason=OK;derived=83.27;locationGapMs=1000;callbackGapMs=1000;fusion=GPS_IMU
LOCATION,1790578082910,29.7029183,52.4776017,151.000,true,11.60,84.021,source=fused:fused;speedReason=OK;derived=83.88;locationGapMs=1008;callbackGapMs=1008;fusion=GPS_IMU
LOCATION,1790578083618,29.7027267,52.4777100,150.000,true,11.60,84.053,source=fused:fused;speedReason=OK;derived=84.29;locationGapMs=993;callbackGapMs=993;fusion=GPS_IMU
LOCATION,1790578084883,29.7025383,52.4778217,150.000,true,11.60,84.099,source=fused:fused;speedReason=OK;derived=84.07;locationGapMs=1007;callbackGapMs=1007;fusion=GPS_IMU
LOCATION,1790578085609,29.7023533,52.4779333,149.000,true,11.60,84.113,source=fused:fused;speedReason=OK;derived=84.54;locationGapMs=987;callbackGapMs=987;fusion=GPS_IMU
LOCATION,1790578086906,29.7021700,52.4780483,147.000,true,11.60,84.046,source=fused:fused;speedReason=OK;derived=84.07;locationGapMs=1003;callbackGapMs=1003;fusion=GPS_IMU
LOCATION,1790578088245,29.7019917,52.4781700,145.000,true,11.60,83.983,source=fused:fused;speedReason=OK;derived=83.15;locationGapMs=1002;callbackGapMs=1002;fusion=GPS_IMU
LOCATION,1790578088617,29.7018150,52.4783033,143.000,true,11.60,83.993,source=fused:fused;speedReason=OK;derived=83.15;locationGapMs=993;callbackGapMs=993;fusion=GPS_IMU
LOCATION,1790578089895,29.7016417,52.4784417,141.000,true,11.58,84.034,source=fused:fused;speedReason=OK;derived=83.72;locationGapMs=1007;callbackGapMs=1007;fusion=GPS_IMU
LOCATION,1790578091205,29.7014733,52.4785900,139.000,true,11.57,84.084,source=fused:fused;speedReason=OK;derived=85.03;locationGapMs=972;callbackGapMs=972;fusion=GPS_IMU
LOCATION,1790578091608,29.7013117,52.4787450,137.000,true,11.55,84.103,source=fused:fused;speedReason=OK;derived=83.72;locationGapMs=1015;callbackGapMs=1015;fusion=GPS_IMU
LOCATION,1790578092840,29.7011550,52.4789050,136.000,true,11.53,84.152,source=fused:fused;speedReason=OK;derived=85.65;locationGapMs=978;callbackGapMs=978;fusion=GPS_IMU
LOCATION,1790578093617,29.7010000,52.4790700,134.000,true,11.50,84.191,source=fused:fused;speedReason=OK;derived=82.87;locationGapMs=1034;callbackGapMs=1034;fusion=GPS_IMU
LOCATION,1790578094601,29.7008483,52.4792417,132.000,true,11.50,84.250,source=fused:fused;speedReason=OK;derived=85.65;locationGapMs=986;callbackGapMs=986;fusion=GPS_IMU
LOCATION,1790578095908,29.7006983,52.4794217,130.000,true,11.50,84.385,source=fused:fused;speedReason=OK;derived=85.58;locationGapMs=1013;callbackGapMs=1013;fusion=GPS_IMU
LOCATION,1790578096612,29.7005517,52.4796067,129.000,true,11.50,84.553,source=fused:fused;speedReason=OK;derived=86.31;locationGapMs=1000;callbackGapMs=1000;fusion=GPS_IMU
LOCATION,1790578097616,29.7004100,52.4797950,127.000,true,11.50,84.791,source=fused:fused;speedReason=OK;derived=86.18;locationGapMs=1005;callbackGapMs=1005;fusion=GPS_IMU
LOCATION,1790578098617,29.7002700,52.4799917,125.000,true,11.50,85.098,source=fused:fused;speedReason=OK;derived=87.04;locationGapMs=997;callbackGapMs=997;fusion=GPS_IMU
LOCATION,1790578099629,29.7001400,52.4801983,123.000,true,11.50,85.264,source=fused:fused;speedReason=OK;derived=87.76;locationGapMs=1011;callbackGapMs=1011;fusion=GPS_IMU
LOCATION,1790578100891,29.7000150,52.4804100,121.000,true,11.50,85.458,source=fused:fused;speedReason=OK;derived=88.68;locationGapMs=991;callbackGapMs=991;fusion=GPS_IMU
LOCATION,1790578101609,29.6998933,52.4806267,119.000,true,11.50,85.607,source=fused:fused;speedReason=OK;derived=89.85;locationGapMs=994;callbackGapMs=994;fusion=GPS_IMU
LOCATION,1790578102614,29.6997767,52.4808500,117.000,true,11.50,85.721,source=fused:fused;speedReason=OK;derived=90.31;locationGapMs=1000;callbackGapMs=1000;fusion=GPS_IMU
LOCATION,1790578103938,29.6996667,52.4810783,115.000,true,11.50,85.946,source=fused:fused;speedReason=OK;derived=90.31;locationGapMs=1051;callbackGapMs=1051;fusion=GPS_IMU
LOCATION,1790578104612,29.6995633,52.4813083,113.000,true,11.50,86.096,source=fused:fused;speedReason=OK;derived=90.65;locationGapMs=951;callbackGapMs=951;fusion=GPS_IMU
LOCATION,1790578105608,29.6994700,52.4815383,111.000,true,11.50,86.229,source=fused:fused;speedReason=OK;derived=89.25;locationGapMs=990;callbackGapMs=990;fusion=GPS_IMU
LOCATION,1790578106585,29.6993817,52.4817683,109.000,true,11.50,86.295,source=fused:fused;speedReason=OK;derived=89.25;locationGapMs=983;callbackGapMs=983;fusion=GPS_IMU
LOCATION,1790578107605,29.6992967,52.4819967,109.000,true,11.50,86.314,source=fused:fused;speedReason=OK;derived=89.05;locationGapMs=1021;callbackGapMs=1021;fusion=GPS_IMU
LOCATION,1790578108624,29.6992100,52.4822233,110.000,true,11.50,86.295,source=fused:fused;speedReason=OK;derived=84.92;locationGapMs=1015;callbackGapMs=1015;fusion=GPS_IMU
LOCATION,1790578109608,29.6991183,52.4824483,111.000,true,11.50,86.280,source=fused:fused;speedReason=OK;derived=84.92;locationGapMs=985;callbackGapMs=985;fusion=GPS_IMU
LOCATION,1790578110618,29.6990217,52.4826717,112.000,true,11.50,86.281,source=fused:fused;speedReason=OK;derived=86.25;locationGapMs=1007;callbackGapMs=1007;fusion=GPS_IMU
LOCATION,1790578111619,29.6989200,52.4828933,113.000,true,11.50,86.283,source=fused:fused;speedReason=OK;derived=86.53;locationGapMs=1008;callbackGapMs=1008;fusion=GPS_IMU
LOCATION,1790578112888,29.6988100,52.4831033,115.000,true,11.50,86.266,source=fused:fused;speedReason=OK;derived=86.25;locationGapMs=995;callbackGapMs=995;fusion=GPS_IMU
LOCATION,1790578113607,29.6986967,52.4833050,118.000,true,11.50,86.258,source=fused:fused;speedReason=OK;derived=85.75;locationGapMs=992;callbackGapMs=992;fusion=GPS_IMU
LOCATION,1790578114580,29.6985733,52.4835000,120.000,true,11.50,86.247,source=fused:fused;speedReason=OK;derived=85.75;locationGapMs=971;callbackGapMs=971;fusion=GPS_IMU
LOCATION,1790578115590,29.6984450,52.4836883,128.000,true,9.85,86.163,source=fused:fused;speedReason=OK;derived=84.23;locationGapMs=1010;callbackGapMs=1010;fusion=GPS_IMU
LOCATION,1790578116892,29.6983100,52.4838750,130.000,true,8.20,86.084,source=fused:fused;speedReason=OK;derived=82.96;locationGapMs=1018;callbackGapMs=1018;fusion=GPS_IMU
LOCATION,1790578117607,29.6981667,52.4840550,133.000,true,6.55,86.039,source=fused:fused;speedReason=OK;derived=82.96;locationGapMs=999;callbackGapMs=999;fusion=GPS_IMU
LOCATION,1790578118903,29.6980150,52.4842233,136.000,true,4.90,85.896,source=fused:fused;speedReason=OK;derived=84.19;locationGapMs=1001;callbackGapMs=1001;fusion=GPS_IMU
LOCATION,1790578119614,29.6978583,52.4843800,139.000,true,1.58,85.732,source=fused:fused;speedReason=OK;derived=84.19;locationGapMs=1004;callbackGapMs=1004;fusion=GPS_IMU
LOCATION,1790578120899,29.6976967,52.4845267,141.000,true,3.52,85.444,source=fused:fused;speedReason=OK;derived=82.68;locationGapMs=1006;callbackGapMs=1006;fusion=GPS_IMU
LOCATION,1790578121616,29.6975300,52.4846633,144.000,true,5.46,85.186,source=fused:fused;speedReason=OK;derived=82.37;locationGapMs=993;callbackGapMs=993;fusion=GPS_IMU
LOCATION,1790578122885,29.6973617,52.4847833,147.000,true,7.40,84.782,source=fused:fused;speedReason=OK;derived=81.79;locationGapMs=1002;callbackGapMs=1002;fusion=GPS_IMU
LOCATION,1790578124242,29.6971900,52.4848917,150.000,true,9.34,84.436,source=fused:fused;speedReason=OK;derived=78.95;locationGapMs=998;callbackGapMs=998;fusion=GPS_IMU
LOCATION,1790578124588,29.6970150,52.4849933,152.000,true,9.67,84.011,source=fused:fused;speedReason=OK;derived=78.95;locationGapMs=975;callbackGapMs=975;fusion=GPS_IMU
LOCATION,1790578125905,29.6968350,52.4850867,155.000,true,11.30,83.614,source=fused:fused;speedReason=OK;derived=78.39;locationGapMs=1021;callbackGapMs=1021;fusion=GPS_IMU
LOCATION,1790578127250,29.6966550,52.4851700,157.000,true,11.30,83.245,source=fused:fused;speedReason=OK;derived=77.23;locationGapMs=1007;callbackGapMs=1007;fusion=GPS_IMU
LOCATION,1790578127609,29.6964717,52.4852450,160.000,true,11.30,82.850,source=fused:fused;speedReason=OK;derived=77.23;locationGapMs=987;callbackGapMs=987;fusion=GPS_IMU
LOCATION,1790578128864,29.6962850,52.4853117,163.000,true,11.30,82.471,source=fused:fused;speedReason=OK;derived=78.70;locationGapMs=988;callbackGapMs=988;fusion=GPS_IMU
LOCATION,1790578129615,29.6960983,52.4853700,165.000,true,11.30,82.114,source=fused:fused;speedReason=OK;derived=78.70;locationGapMs=1026;callbackGapMs=1026;fusion=GPS_IMU
LOCATION,1790578130618,29.6959117,52.4854217,167.000,true,11.30,81.672,source=fused:fused;speedReason=OK;derived=77.00;locationGapMs=995;callbackGapMs=995;fusion=GPS_IMU
LOCATION,1790578131609,29.6957217,52.4854650,169.000,true,11.30,81.421,source=fused:fused;speedReason=OK;derived=77.00;locationGapMs=1000;callbackGapMs=1000;fusion=GPS_IMU
LOCATION,1790578132626,29.6955317,52.4854983,172.000,true,11.30,81.259,source=fused:fused;speedReason=OK;derived=77.00;locationGapMs=1008;callbackGapMs=1008;fusion=GPS_IMU
LOCATION,1790578133616,29.6953400,52.4855217,174.000,true,11.30,80.994,source=fused:fused;speedReason=OK;derived=77.01;locationGapMs=999;callbackGapMs=999;fusion=GPS_IMU
LOCATION,1790578134616,29.6951467,52.4855367,177.000,true,11.30,80.588,source=fused:fused;speedReason=OK;derived=77.01;locationGapMs=1000;callbackGapMs=1000;fusion=GPS_IMU
LOCATION,1790578135617,29.6949550,52.4855400,180.000,true,11.30,80.362,source=fused:fused;speedReason=OK;derived=77.01;locationGapMs=999;callbackGapMs=999;fusion=GPS_IMU
LOCATION,1790578136670,29.6947600,52.4855350,182.000,true,11.30,80.242,source=fused:fused;speedReason=OK;derived=76.58;locationGapMs=1055;callbackGapMs=1055;fusion=GPS_IMU
LOCATION,1790578137626,29.6945667,52.4855200,185.000,true,11.30,80.007,source=fused:fused;speedReason=OK;derived=76.58;locationGapMs=950;callbackGapMs=950;fusion=GPS_IMU
LOCATION,1790578138622,29.6943700,52.4854950,187.000,true,11.30,79.826,source=fused:fused;speedReason=OK;derived=78.90;locationGapMs=1001;callbackGapMs=1001;fusion=GPS_IMU
LOCATION,1790578139620,29.6941767,52.4854567,190.000,true,11.30,79.754,source=fused:fused;speedReason=OK;derived=78.90;locationGapMs=1000;callbackGapMs=1000;fusion=GPS_IMU
LOCATION,1790578140621,29.6939867,52.4854117,192.000,true,11.30,79.677,source=fused:fused;speedReason=OK;derived=78.28;locationGapMs=998;callbackGapMs=998;fusion=GPS_IMU
LOCATION,1790578141616,29.6938017,52.4853583,194.000,true,11.30,79.598,source=fused:fused;speedReason=OK;derived=77.58;locationGapMs=998;callbackGapMs=998;fusion=GPS_IMU
LOCATION,1790578142679,29.6936183,52.4853000,196.000,true,11.30,79.335,source=fused:fused;speedReason=OK;derived=76.29;locationGapMs=1057;callbackGapMs=1057;fusion=GPS_IMU
LOCATION,1790578143623,29.6934367,52.4852333,199.000,true,11.30,79.139,source=fused:fused;speedReason=OK;derived=76.29;locationGapMs=949;callbackGapMs=949;fusion=GPS_IMU
LOCATION,1790578144589,29.6932533,52.4851600,200.000,true,11.30,78.933,source=fused:fused;speedReason=OK;derived=80.08;locationGapMs=968;callbackGapMs=968;fusion=GPS_IMU
LOCATION,1790578145614,29.6930683,52.4850800,201.000,true,11.30,78.844,source=fused:fused;speedReason=OK;derived=80.08;locationGapMs=1022;callbackGapMs=1022;fusion=GPS_IMU
LOCATION,1790578146596,29.6928817,52.4849983,202.000,true,11.30,78.893,source=fused:fused;speedReason=OK;derived=80.08;locationGapMs=983;callbackGapMs=983;fusion=GPS_IMU
LOCATION,1790578147618,29.6926917,52.4849150,202.000,true,11.30,79.053,source=fused:fused;speedReason=OK;derived=79.36;locationGapMs=1023;callbackGapMs=1023;fusion=GPS_IMU
LOCATION,1790578148678,29.6924950,52.4848300,202.000,true,11.30,79.424,source=fused:fused;speedReason=OK;derived=79.45;locationGapMs=1056;callbackGapMs=1056;fusion=GPS_IMU
LOCATION,1790578149618,29.6922967,52.4847400,203.000,true,11.30,79.820,source=fused:fused;speedReason=OK;derived=79.45;locationGapMs=943;callbackGapMs=943;fusion=GPS_IMU
LOCATION,1790578150614,29.6920933,52.4846500,203.000,true,11.32,80.293,source=fused:fused;speedReason=OK;derived=87.45;locationGapMs=995;callbackGapMs=995;fusion=GPS_IMU
LOCATION,1790578151625,29.6918833,52.4845567,203.000,true,11.34,80.922,source=fused:fused;speedReason=OK;derived=89.08;locationGapMs=1009;callbackGapMs=1009;fusion=GPS_IMU
LOCATION,1790578152887,29.6916700,52.4844600,203.000,true,11.36,81.501,source=fused:fused;speedReason=OK;derived=89.08;locationGapMs=996;callbackGapMs=996;fusion=GPS_IMU
LOCATION,1790578153615,29.6914550,52.4843617,203.000,true,11.37,82.290,source=fused:fused;speedReason=OK;derived=91.91;locationGapMs=997;callbackGapMs=997;fusion=GPS_IMU
LOCATION,1790578154668,29.6912367,52.4842617,203.000,true,11.38,82.845,source=fused:fused;speedReason=OK;derived=91.91;locationGapMs=1051;callbackGapMs=1051;fusion=GPS_IMU
LOCATION,1790578155582,29.6910217,52.4841633,203.000,true,11.40,83.374,source=fused:fused;speedReason=OK;derived=92.66;locationGapMs=918;callbackGapMs=918;fusion=GPS_IMU
LOCATION,1790578156619,29.6908033,52.4840633,203.000,true,11.40,83.733,source=fused:fused;speedReason=OK;derived=90.69;locationGapMs=1035;callbackGapMs=1035;fusion=GPS_IMU
LOCATION,1790578157630,29.6905850,52.4839650,203.000,true,11.40,84.068,source=fused:fused;speedReason=OK;derived=92.86;locationGapMs=1008;callbackGapMs=1008;fusion=GPS_IMU
LOCATION,1790578158604,29.6903683,52.4838667,203.000,true,11.40,84.754,source=fused:fused;speedReason=OK;derived=92.86;locationGapMs=978;callbackGapMs=978;fusion=GPS_IMU
LOCATION,1790578159631,29.6901517,52.4837700,203.000,true,11.40,85.513,source=fused:fused;speedReason=OK;derived=92.86;locationGapMs=1016;callbackGapMs=1016;fusion=GPS_IMU
LOCATION,1790578160618,29.6899367,52.4836767,203.000,true,11.40,85.839,source=fused:fused;speedReason=OK;derived=92.21;locationGapMs=995;callbackGapMs=995;fusion=GPS_IMU
LOCATION,1790578161617,29.6897250,52.4835850,202.000,true,11.42,86.160,source=fused:fused;speedReason=OK;derived=91.31;locationGapMs=1000;callbackGapMs=1000;fusion=GPS_IMU
LOCATION,1790578162614,29.6895167,52.4834983,202.000,true,11.43,86.421,source=fused:fused;speedReason=OK;derived=90.32;locationGapMs=998;callbackGapMs=998;fusion=GPS_IMU
LOCATION,1790578163625,29.6893100,52.4834150,201.000,true,11.46,86.502,source=fused:fused;speedReason=OK;derived=88.62;locationGapMs=1007;callbackGapMs=1007;fusion=GPS_IMU
LOCATION,1790578164617,29.6891050,52.4833400,199.000,true,11.47,86.504,source=fused:fused;speedReason=OK;derived=86.83;locationGapMs=997;callbackGapMs=997;fusion=GPS_IMU
LOCATION,1790578165675,29.6888967,52.4832767,197.000,true,11.48,86.498,source=fused:fused;speedReason=OK;derived=86.14;locationGapMs=1045;callbackGapMs=1045;fusion=GPS_IMU
LOCATION,1790578166572,29.6886850,52.4832217,194.000,true,11.50,86.424,source=fused:fused;speedReason=OK;derived=86.14;locationGapMs=911;callbackGapMs=911;fusion=GPS_IMU
LOCATION,1790578167889,29.6884733,52.4831800,191.000,true,11.50,86.345,source=fused:fused;speedReason=OK;derived=82.34;locationGapMs=1041;callbackGapMs=1041;fusion=GPS_IMU
LOCATION,1790578168608,29.6882583,52.4831500,188.000,true,11.50,86.299,source=fused:fused;speedReason=OK;derived=87.04;locationGapMs=993;callbackGapMs=993;fusion=GPS_IMU
LOCATION,1790578169608,29.6880450,52.4831333,186.000,true,11.50,86.278,source=fused:fused;speedReason=OK;derived=85.49;locationGapMs=998;callbackGapMs=998;fusion=GPS_IMU
LOCATION,1790578170895,29.6878333,52.4831267,183.000,true,11.50,86.237,source=fused:fused;speedReason=OK;derived=85.49;locationGapMs=1002;callbackGapMs=1002;fusion=GPS_IMU
LOCATION,1790578171604,29.6876167,52.4831333,180.000,true,11.50,86.208,source=fused:fused;speedReason=OK;derived=85.49;locationGapMs=990;callbackGapMs=990;fusion=GPS_IMU
LOCATION,1790578172614,29.6873917,52.4831533,178.000,true,11.50,86.244,source=fused:fused;speedReason=OK;derived=87.34;locationGapMs=1016;callbackGapMs=1016;fusion=GPS_IMU
LOCATION,1790578173617,29.6871633,52.4831850,175.000,true,11.50,86.336,source=fused:fused;speedReason=OK;derived=88.64;locationGapMs=1000;callbackGapMs=1000;fusion=GPS_IMU
LOCATION,1790578174673,29.6869350,52.4832267,172.000,true,11.50,86.602,source=fused:fused;speedReason=OK;derived=88.64;locationGapMs=1057;callbackGapMs=1057;fusion=GPS_IMU
LOCATION,1790578175597,29.6867067,52.4832800,170.000,true,11.50,86.794,source=fused:fused;speedReason=OK;derived=91.81;locationGapMs=926;callbackGapMs=926;fusion=GPS_IMU
LOCATION,1790578176670,29.6864783,52.4833483,167.000,true,11.50,87.281,source=fused:fused;speedReason=OK;derived=88.45;locationGapMs=1065;callbackGapMs=1065;fusion=GPS_IMU
LOCATION,1790578177618,29.6862467,52.4834300,165.000,true,11.50,87.603,source=fused:fused;speedReason=OK;derived=100.41;locationGapMs=956;callbackGapMs=956;fusion=GPS_IMU
LOCATION,1790578178625,29.6860217,52.4835233,162.000,true,11.50,88.091,source=fused:fused;speedReason=OK;derived=95.20;locationGapMs=1003;callbackGapMs=1003;fusion=GPS_IMU
LOCATION,1790578179906,29.6858067,52.4836300,158.000,true,11.50,88.768,source=fused:fused;speedReason=OK;derived=95.20;locationGapMs=996;callbackGapMs=996;fusion=GPS_IMU
LOCATION,1790578180619,29.6856017,52.4837483,155.000,true,11.50,88.891,source=fused:fused;speedReason=OK;derived=93.88;locationGapMs=998;callbackGapMs=998;fusion=GPS_IMU
LOCATION,1790578181612,29.6854067,52.4838750,152.000,true,11.50,88.930,source=fused:fused;speedReason=OK;derived=91.79;locationGapMs=997;callbackGapMs=997;fusion=GPS_IMU
LOCATION,1790578182673,29.6852217,52.4840133,149.000,true,11.50,88.852,source=fused:fused;speedReason=OK;derived=89.73;locationGapMs=1052;callbackGapMs=1052;fusion=GPS_IMU
LOCATION,1790578183620,29.6850483,52.4841600,146.000,true,11.50,88.762,source=fused:fused;speedReason=OK;derived=89.73;locationGapMs=957;callbackGapMs=957;fusion=GPS_IMU
LOCATION,1790578184913,29.6848833,52.4843200,143.000,true,11.50,88.629,source=fused:fused;speedReason=OK;derived=85.85;locationGapMs=1005;callbackGapMs=1005;fusion=GPS_IMU
LOCATION,1790578185614,29.6847217,52.4844833,140.000,true,11.50,88.472,source=fused:fused;speedReason=OK;derived=87.22;locationGapMs=986;callbackGapMs=986;fusion=GPS_IMU
LOCATION,1790578186616,29.6845617,52.4846533,135.000,true,9.82,88.374,source=fused:fused;speedReason=OK;derived=87.09;locationGapMs=1000;callbackGapMs=1000;fusion=GPS_IMU
LOCATION,1790578187609,29.6844117,52.4848367,132.000,true,7.46,88.212,source=fused:fused;speedReason=OK;derived=87.22;locationGapMs=998;callbackGapMs=998;fusion=GPS_IMU
LOCATION,1790578188912,29.6842700,52.4850250,129.000,true,6.47,88.116,source=fused:fused;speedReason=OK;derived=87.09;locationGapMs=1011;callbackGapMs=1011;fusion=GPS_IMU
LOCATION,1790578189613,29.6841400,52.4852183,127.000,true,4.80,88.006,source=fused:fused;speedReason=OK;derived=85.88;locationGapMs=990;callbackGapMs=990;fusion=GPS_IMU
LOCATION,1790578190610,29.6840150,52.4854167,125.000,true,3.13,87.817,source=fused:fused;speedReason=OK;derived=85.67;locationGapMs=999;callbackGapMs=999;fusion=GPS_IMU
LOCATION,1790578191609,29.6838983,52.4856217,122.000,true,1.45,87.640,source=fused:fused;speedReason=OK;derived=85.36;locationGapMs=999;callbackGapMs=999;fusion=GPS_IMU
LOCATION,1790578192884,29.6837867,52.4858350,121.000,true,1.46,87.478,source=fused:fused;speedReason=OK;derived=85.36;locationGapMs=1002;callbackGapMs=1002;fusion=GPS_IMU
LOCATION,1790578193610,29.6836767,52.4860517,120.000,true,1.45,87.414,source=fused:fused;speedReason=OK;derived=86.47;locationGapMs=997;callbackGapMs=997;fusion=GPS_IMU
LOCATION,1790578194614,29.6835700,52.4862667,120.000,true,1.43,87.339,source=fused:fused;speedReason=OK;derived=86.47;locationGapMs=1000;callbackGapMs=1000;fusion=GPS_IMU
LOCATION,1790578195606,29.6834633,52.4864783,119.000,true,3.07,87.267,source=fused:fused;speedReason=OK;derived=86.17;locationGapMs=993;callbackGapMs=993;fusion=GPS_IMU
LOCATION,1790578196883,29.6833567,52.4866850,120.000,true,5.36,87.156,source=fused:fused;speedReason=OK;derived=85.74;locationGapMs=1012;callbackGapMs=1012;fusion=GPS_IMU
LOCATION,1790578197571,29.6832483,52.4868867,120.000,true,6.35,87.002,source=fused:fused;speedReason=OK;derived=85.74;locationGapMs=960;callbackGapMs=960;fusion=GPS_IMU
LOCATION,1790578198884,29.6831417,52.4870800,121.000,true,9.32,86.829,source=fused:fused;speedReason=OK;derived=82.66;locationGapMs=1045;callbackGapMs=1045;fusion=GPS_IMU
LOCATION,1790578199619,29.6830367,52.4872733,121.000,true,9.65,86.471,source=fused:fused;speedReason=OK;derived=79.88;locationGapMs=993;callbackGapMs=993;fusion=GPS_IMU
LOCATION,1790578200906,29.6829367,52.4874633,121.000,true,11.30,86.116,source=fused:fused;speedReason=OK;derived=77.30;locationGapMs=1000;callbackGapMs=1000;fusion=GPS_IMU
LOCATION,1790578202200,29.6828400,52.4876483,121.000,true,11.30,85.770,source=fused:fused;speedReason=OK;derived=77.30;locationGapMs=1001;callbackGapMs=1001;fusion=GPS_IMU
LOCATION,1790578202615,29.6827450,52.4878300,121.000,true,11.30,85.492,source=fused:fused;speedReason=OK;derived=75.06;locationGapMs=994;callbackGapMs=994;fusion=GPS_IMU
LOCATION,1790578203901,29.6826517,52.4880100,121.000,true,11.30,85.079,source=fused:fused;speedReason=OK;derived=74.24;locationGapMs=1007;callbackGapMs=1007;fusion=GPS_IMU
LOCATION,1790578205063,29.6825583,52.4881833,120.000,true,11.30,84.427,source=fused:fused;speedReason=OK;derived=72.43;locationGapMs=1003;callbackGapMs=1003;fusion=GPS_IMU
LOCATION,1790578205630,29.6824617,52.4883583,120.000,true,11.30,83.805,source=fused:fused;speedReason=OK;derived=71.85;locationGapMs=1004;callbackGapMs=1004;fusion=GPS_IMU
LOCATION,1790578206597,29.6823700,52.4885350,120.000,true,11.30,83.214,source=fused:fused;speedReason=OK;derived=71.85;locationGapMs=978;callbackGapMs=978;fusion=GPS_IMU
LOCATION,1790578207620,29.6822750,52.4887150,120.000,true,11.30,82.530,source=fused:fused;speedReason=OK;derived=71.85;locationGapMs=1023;callbackGapMs=1023;fusion=GPS_IMU
LOCATION,1790578208903,29.6821800,52.4888967,120.000,true,11.30,81.999,source=fused:fused;speedReason=OK;derived=73.24;locationGapMs=992;callbackGapMs=992;fusion=GPS_IMU
LOCATION,1790578209612,29.6820833,52.4890833,120.000,true,11.30,81.392,source=fused:fused;speedReason=OK;derived=74.39;locationGapMs=1000;callbackGapMs=1000;fusion=GPS_IMU
LOCATION,1790578210622,29.6819850,52.4892717,120.000,true,11.30,80.952,source=fused:fused;speedReason=OK;derived=75.61;locationGapMs=999;callbackGapMs=999;fusion=GPS_IMU
LOCATION,1790578211625,29.6818850,52.4894617,121.000,true,11.30,80.661,source=fused:fused;speedReason=OK;derived=76.39;locationGapMs=1012;callbackGapMs=1012;fusion=GPS_IMU
LOCATION,1790578212623,29.6817817,52.4896517,121.000,true,11.30,80.527,source=fused:fused;speedReason=OK;derived=76.55;locationGapMs=1000;callbackGapMs=1000;fusion=GPS_IMU
LOCATION,1790578213914,29.6816783,52.4898450,121.000,true,11.30,80.352,source=fused:fused;speedReason=OK;derived=77.99;locationGapMs=1005;callbackGapMs=1005;fusion=GPS_IMU
LOCATION,1790578214626,29.6815717,52.4900367,121.000,true,11.30,80.305,source=fused:fused;speedReason=OK;derived=78.60;locationGapMs=998;callbackGapMs=998;fusion=GPS_IMU
LOCATION,1790578215624,29.6814650,52.4902283,122.000,true,11.30,80.283,source=fused:fused;speedReason=OK;derived=79.35;locationGapMs=989;callbackGapMs=989;fusion=GPS_IMU
LOCATION,1790578216596,29.6813600,52.4904117,122.000,true,11.30,80.153,source=fused:fused;speedReason=OK;derived=79.35;locationGapMs=982;callbackGapMs=982;fusion=GPS_IMU
LOCATION,1790578217623,29.6812517,52.4905917,123.000,true,11.30,80.007,source=fused:fused;speedReason=OK;derived=77.82;locationGapMs=1023;callbackGapMs=1023;fusion=GPS_IMU
LOCATION,1790578218911,29.6811417,52.4907700,124.000,true,11.30,79.895,source=fused:fused;speedReason=OK;derived=75.47;locationGapMs=1008;callbackGapMs=1008;fusion=GPS_IMU
LOCATION,1790578219621,29.6810317,52.4909467,125.000,true,11.30,79.626,source=fused:fused;speedReason=OK;derived=75.47;locationGapMs=993;callbackGapMs=993;fusion=GPS_IMU
LOCATION,1790578220618,29.6809183,52.4911233,126.000,true,11.30,79.488,source=fused:fused;speedReason=OK;derived=76.15;locationGapMs=994;callbackGapMs=994;fusion=GPS_IMU
LOCATION,1790578221616,29.6807983,52.4913000,128.000,true,11.30,79.245,source=fused:fused;speedReason=OK;derived=76.85;locationGapMs=994;callbackGapMs=994;fusion=GPS_IMU
LOCATION,1790578222888,29.6806733,52.4914767,129.000,true,11.30,79.181,source=fused:fused;speedReason=OK;derived=78.47;locationGapMs=1005;callbackGapMs=1005;fusion=GPS_IMU
LOCATION,1790578223620,29.6805450,52.4916517,130.000,true,11.30,79.193,source=fused:fused;speedReason=OK;derived=78.85;locationGapMs=1004;callbackGapMs=1004;fusion=GPS_IMU
LOCATION,1790578224617,29.6804083,52.4918267,131.000,true,11.30,79.279,source=fused:fused;speedReason=OK;derived=79.31;locationGapMs=996;callbackGapMs=996;fusion=GPS_IMU
LOCATION,1790578225908,29.6802667,52.4920000,132.000,true,11.30,79.478,source=fused:fused;speedReason=OK;derived=82.15;locationGapMs=1002;callbackGapMs=1002;fusion=GPS_IMU
LOCATION,1790578226581,29.6801217,52.4921733,133.000,true,11.30,79.667,source=fused:fused;speedReason=OK;derived=82.54;locationGapMs=966;callbackGapMs=966;fusion=GPS_IMU
LOCATION,1790578227891,29.6799733,52.4923467,134.000,true,11.30,79.958,source=fused:fused;speedReason=OK;derived=82.54;locationGapMs=1028;callbackGapMs=1028;fusion=GPS_IMU
LOCATION,1790578228611,29.6798200,52.4925150,135.000,true,11.30,80.315,source=fused:fused;speedReason=OK;derived=84.74;locationGapMs=1000;callbackGapMs=1000;fusion=GPS_IMU
LOCATION,1790578229907,29.6796667,52.4926817,136.000,true,11.30,80.646,source=fused:fused;speedReason=OK;derived=84.11;locationGapMs=1003;callbackGapMs=1003;fusion=GPS_IMU
LOCATION,1790578230612,29.6795133,52.4928467,136.000,true,11.30,80.926,source=fused:fused;speedReason=OK;derived=84.11;locationGapMs=999;callbackGapMs=999;fusion=GPS_IMU
LOCATION,1790578231899,29.6793583,52.4930133,137.000,true,11.30,81.257,source=fused:fused;speedReason=OK;derived=84.11;locationGapMs=998;callbackGapMs=998;fusion=GPS_IMU
LOCATION,1790578233166,29.6792033,52.4931800,137.000,true,11.30,81.512,source=fused:fused;speedReason=OK;derived=84.07;locationGapMs=1057;callbackGapMs=1057;fusion=GPS_IMU
LOCATION,1790578234328,29.6790483,52.4933450,137.000,true,11.30,81.814,source=fused:fused;speedReason=OK;derived=85.00;locationGapMs=939;callbackGapMs=939;fusion=GPS_IMU
LOCATION,1790578234631,29.6788933,52.4935000,138.000,true,11.30,81.918,source=fused:fused;speedReason=OK;derived=80.98;locationGapMs=1014;callbackGapMs=1014;fusion=GPS_IMU
LOCATION,1790578235969,29.6787383,52.4936483,139.000,true,11.30,81.945,source=fused:fused;speedReason=OK;derived=80.98;locationGapMs=996;callbackGapMs=996;fusion=GPS_IMU
LOCATION,1790578237308,29.6785800,52.4937883,141.000,true,11.30,81.838,source=fused:fused;speedReason=OK;derived=80.92;locationGapMs=999;callbackGapMs=999;fusion=GPS_IMU
LOCATION,1790578237625,29.6784200,52.4939200,143.000,true,11.30,81.679,source=fused:fused;speedReason=OK;derived=79.89;locationGapMs=1001;callbackGapMs=1001;fusion=GPS_IMU
LOCATION,1790578238903,29.6782583,52.4940433,145.000,true,11.30,81.404,source=fused:fused;speedReason=OK;derived=78.55;locationGapMs=1001;callbackGapMs=1001;fusion=GPS_IMU
LOCATION,1790578239613,29.6780967,52.4941633,147.000,true,11.30,80.994,source=fused:fused;speedReason=OK;derived=77.44;locationGapMs=995;callbackGapMs=995;fusion=GPS_IMU
LOCATION,1790578240622,29.6779417,52.4942783,147.000,true,11.30,80.594,source=fused:fused;speedReason=OK;derived=77.24;locationGapMs=1002;callbackGapMs=1002;fusion=GPS_IMU
LOCATION,1790578241903,29.6777867,52.4943917,147.000,true,11.30,80.126,source=fused:fused;speedReason=OK;derived=73.55;locationGapMs=1003;callbackGapMs=1003;fusion=GPS_IMU
LOCATION,1790578242613,29.6776350,52.4945083,146.000,true,11.30,79.508,source=fused:fused;speedReason=OK;derived=73.27;locationGapMs=995;callbackGapMs=995;fusion=GPS_IMU
LOCATION,1790578243673,29.6774833,52.4946267,146.000,true,11.30,79.110,source=fused:fused;speedReason=OK;derived=73.18;locationGapMs=1058;callbackGapMs=1058;fusion=GPS_IMU
LOCATION,1790578244615,29.6773300,52.4947483,145.000,true,11.30,78.735,source=fused:fused;speedReason=OK;derived=73.27;locationGapMs=945;callbackGapMs=945;fusion=GPS_IMU
LOCATION,1790578245894,29.6771750,52.4948667,145.000,true,11.30,78.636,source=fused:fused;speedReason=OK;derived=74.43;locationGapMs=999;callbackGapMs=999;fusion=GPS_IMU
LOCATION,1790578246605,29.6770117,52.4949917,145.000,true,11.30,78.607,source=fused:fused;speedReason=OK;derived=78.75;locationGapMs=990;callbackGapMs=990;fusion=GPS_IMU
LOCATION,1790578247607,29.6768450,52.4951300,145.000,true,11.30,78.611,source=fused:fused;speedReason=OK;derived=79.17;locationGapMs=999;callbackGapMs=999;fusion=GPS_IMU
LOCATION_ONLY,1790578248606,29.6766667,52.4952833,146.000,true,11.32,78.619,source=fused:fused;speedReason=POOR_SPEED_ACCURACY;derived=82.23;locationGapMs=1002;callbackGapMs=1002;fusion=GPS_IMU
LOCATION_ONLY,1790578249946,29.6764867,52.4954367,146.000,true,11.33,78.634,source=fused:fused;speedReason=POOR_SPEED_ACCURACY;derived=84.39;locationGapMs=1061;callbackGapMs=1061;fusion=GPS_IMU
LOCATION_ONLY,1790578250610,29.6763150,52.4955800,147.000,true,11.38,78.659,source=fused:fused;speedReason=POOR_SPEED_ACCURACY;derived=88.80;locationGapMs=937;callbackGapMs=937;fusion=GPS_IMU
LOCATION,1790578251889,29.6761667,52.4956917,147.000,true,11.50,78.709,source=fused:fused;speedReason=OK;derived=84.39;locationGapMs=1009;callbackGapMs=1009;fusion=GPS_IMU
LOCATION,1790578252606,29.6760033,52.4957800,147.000,true,11.54,78.928,source=fused:fused;speedReason=OK;derived=72.54;locationGapMs=994;callbackGapMs=994;fusion=GPS_IMU
LOCATION,1790578253908,29.6758317,52.4958983,147.000,true,11.54,78.982,source=fused:fused;speedReason=OK;derived=72.54;locationGapMs=999;callbackGapMs=999;fusion=GPS_IMU
LOCATION,1790578255192,29.6756550,52.4960250,146.000,true,11.52,79.070,source=fused:fused;speedReason=OK;derived=80.01;locationGapMs=1000;callbackGapMs=1000;fusion=GPS_IMU
LOCATION,1790578255621,29.6754733,52.4961517,146.000,true,11.48,79.315,source=fused:fused;speedReason=OK;derived=83.19;locationGapMs=1003;callbackGapMs=1003;fusion=GPS_IMU
LOCATION,1790578256911,29.6752883,52.4962850,147.000,true,11.38,79.750,source=fused:fused;speedReason=OK;derived=84.64;locationGapMs=1008;callbackGapMs=1008;fusion=GPS_IMU
LOCATION,1790578258226,29.6751000,52.4964150,148.000,true,11.37,80.186,source=fused:fused;speedReason=OK;derived=86.53;locationGapMs=972;callbackGapMs=972;fusion=GPS_IMU
LOCATION,1790578258611,29.6749083,52.4965433,149.000,true,11.33,80.732,source=fused:fused;speedReason=OK;derived=87.38;locationGapMs=1014;callbackGapMs=1014;fusion=GPS_IMU
LOCATION,1790578259884,29.6747133,52.4966667,150.000,true,11.30,81.272,source=fused:fused;speedReason=OK;derived=87.42;locationGapMs=1017;callbackGapMs=1017;fusion=GPS_IMU
LOCATION,1790578261204,29.6745167,52.4967883,151.000,true,11.30,81.705,source=fused:fused;speedReason=OK;derived=87.42;locationGapMs=995;callbackGapMs=995;fusion=GPS_IMU
LOCATION,1790578261611,29.6743183,52.4969017,153.000,true,11.30,82.356,source=fused:fused;speedReason=OK;derived=88.93;locationGapMs=995;callbackGapMs=995;fusion=GPS_IMU
LOCATION,1790578262619,29.6741233,52.4970033,155.000,true,11.30,82.720,source=fused:fused;speedReason=OK;derived=88.93;locationGapMs=1005;callbackGapMs=1005;fusion=GPS_IMU
LOCATION,1790578263613,29.6739300,52.4970967,157.000,true,11.30,82.833,source=fused:fused;speedReason=OK;derived=85.07;locationGapMs=998;callbackGapMs=998;fusion=GPS_IMU
LOCATION,1790578264625,29.6737383,52.4971800,159.000,true,11.30,82.823,source=fused:fused;speedReason=OK;derived=83.89;locationGapMs=1012;callbackGapMs=1012;fusion=GPS_IMU
LOCATION,1790578265613,29.6735517,52.4972533,161.000,true,11.30,82.695,source=fused:fused;speedReason=OK;derived=80.85;locationGapMs=987;callbackGapMs=987;fusion=GPS_IMU
LOCATION,1790578266894,29.6733717,52.4973200,162.000,true,11.30,82.401,source=fused:fused;speedReason=OK;derived=79.76;locationGapMs=996;callbackGapMs=996;fusion=GPS_IMU
LOCATION,1790578267620,29.6731967,52.4973800,163.000,true,11.30,82.197,source=fused:fused;speedReason=OK;derived=75.80;locationGapMs=1008;callbackGapMs=1008;fusion=GPS_IMU
LOCATION,1790578268608,29.6730233,52.4974367,163.000,true,11.30,81.944,source=fused:fused;speedReason=OK;derived=72.54;locationGapMs=992;callbackGapMs=992;fusion=GPS_IMU
LOCATION,1790578269601,29.6728567,52.4974883,164.000,true,11.30,81.625,source=fused:fused;speedReason=OK;derived=72.32;locationGapMs=994;callbackGapMs=994;fusion=GPS_IMU
LOCATION,1790578270673,29.6726983,52.4975450,164.000,true,11.30,81.462,source=fused:fused;speedReason=OK;derived=69.29;locationGapMs=1071;callbackGapMs=1071;fusion=GPS_IMU
LOCATION,1790578271608,29.6725367,52.4975967,164.000,true,11.30,81.381,source=fused:fused;speedReason=OK;derived=69.29;locationGapMs=934;callbackGapMs=934;fusion=GPS_IMU
LOCATION,1790578272915,29.6723700,52.4976483,164.000,true,11.32,81.310,source=fused:fused;speedReason=OK;derived=68.02;locationGapMs=1013;callbackGapMs=1013;fusion=GPS_IMU
LOCATION,1790578273610,29.6721950,52.4977000,164.000,true,11.33,81.260,source=fused:fused;speedReason=OK;derived=71.69;locationGapMs=989;callbackGapMs=989;fusion=GPS_IMU
LOCATION,1790578274605,29.6720267,52.4977517,165.000,true,11.35,81.246,source=fused:fused;speedReason=OK;derived=69.74;locationGapMs=997;callbackGapMs=997;fusion=GPS_IMU
LOCATION_ONLY,1790578275604,29.6718517,52.4978050,165.000,true,11.38,81.224,source=fused:fused;speedReason=POOR_SPEED_ACCURACY;derived=72.33;locationGapMs=999;callbackGapMs=999;fusion=GPS_IMU
LOCATION_ONLY,1790578276948,29.6716700,52.4978583,165.000,true,11.47,81.198,source=fused:fused;speedReason=POOR_SPEED_ACCURACY;derived=70.81;locationGapMs=1057;callbackGapMs=1057;fusion=GPS_IMU
LOCATION_ONLY,1790578277606,29.6714883,52.4979133,165.000,true,11.60,81.176,source=fused:fused;speedReason=POOR_SPEED_ACCURACY;derived=72.33;locationGapMs=941;callbackGapMs=941;fusion=GPS_IMU
LOCATION_ONLY,1790578278614,29.6713100,52.4979650,165.000,true,11.88,81.157,source=fused:fused;speedReason=POOR_SPEED_ACCURACY;derived=73.25;locationGapMs=1002;callbackGapMs=1002;fusion=GPS_IMU
LOCATION_ONLY,1790578279607,29.6711267,52.4980200,165.000,true,12.24,81.143,source=fused:fused;speedReason=POOR_SPEED_ACCURACY;derived=75.46;locationGapMs=1002;callbackGapMs=1002;fusion=GPS_IMU
LOCATION_ONLY,1790578280897,29.6709433,52.4980733,165.000,true,12.52,81.129,source=fused:fused;speedReason=POOR_SPEED_ACCURACY;derived=75.46;locationGapMs=997;callbackGapMs=997;fusion=GPS_IMU
LOCATION_ONLY,1790578281606,29.6707633,52.4981267,165.000,true,13.30,81.115,source=fused:fused;speedReason=POOR_SPEED_ACCURACY;derived=75.46;locationGapMs=1002;callbackGapMs=1002;fusion=GPS_IMU
LOCATION_ONLY,1790578282613,29.6705800,52.4981800,165.000,true,14.02,81.100,source=fused:fused;speedReason=POOR_SPEED_ACCURACY;derived=75.09;locationGapMs=1005;callbackGapMs=1005;fusion=GPS_IMU
LOCATION_ONLY,1790578283884,29.6704000,52.4982317,165.000,true,14.48,81.084,source=fused:fused;speedReason=POOR_SPEED_ACCURACY;derived=74.50;locationGapMs=994;callbackGapMs=994;fusion=GPS_IMU
LOCATION_ONLY,1790578284605,29.6702217,52.4982833,165.000,true,15.40,81.067,source=fused:fused;speedReason=POOR_SPEED_ACCURACY;derived=74.50;locationGapMs=994;callbackGapMs=994;fusion=GPS_IMU
LOCATION_ONLY,1790578285885,29.6700433,52.4983350,165.000,true,16.45,81.050,source=fused:fused;speedReason=POOR_SPEED_ACCURACY;derived=73.83;locationGapMs=1001;callbackGapMs=1001;fusion=GPS_IMU
LOCATION,1790578286605,29.6698717,52.4983867,165.000,true,17.63,73.358,source=fused:fused;speedReason=OK;derived=73.36;locationGapMs=1005;callbackGapMs=1005;fusion=GPS_IMU
LOCATION,1790578287927,29.6696983,52.4984400,165.000,true,19.60,73.599,source=fused:fused;speedReason=OK;derived=70.46;locationGapMs=1053;callbackGapMs=1053;fusion=GPS_IMU
LOCATION,1790578289186,29.6693450,52.4985683,164.000,true,21.12,73.477,source=fused:fused;speedReason=OK;derived=70.46;locationGapMs=951;callbackGapMs=951;fusion=GPS_IMU
LOCATION,1790578289622,29.6691500,52.4986383,163.000,true,19.92,73.432,source=fused:fused;speedReason=OK;derived=82.04;locationGapMs=994;callbackGapMs=994;fusion=GPS_IMU
LOCATION,1790578290903,29.6689783,52.4987067,162.000,true,18.32,72.969,source=fused:fused;speedReason=OK;derived=82.04;locationGapMs=1006;callbackGapMs=1006;fusion=GPS_IMU
LOCATION,1790578292249,29.6688100,52.4987767,159.000,true,16.40,72.244,source=fused:fused;speedReason=OK;derived=72.11;locationGapMs=997;callbackGapMs=997;fusion=GPS_IMU
LOCATION,1790578292596,29.6686400,52.4988550,156.000,true,13.95,71.903,source=fused:fused;speedReason=OK;derived=72.11;locationGapMs=989;callbackGapMs=989;fusion=GPS_IMU
LOCATION,1790578293901,29.6684733,52.4989400,154.000,true,7.66,71.842,source=fused:fused;speedReason=OK;derived=71.67;locationGapMs=1017;callbackGapMs=1017;fusion=GPS_IMU
LOCATION,1790578294613,29.6683117,52.4990333,151.000,true,5.56,71.830,source=fused:fused;speedReason=OK;derived=72.51;locationGapMs=996;callbackGapMs=996;fusion=GPS_IMU
LOCATION,1790578295606,29.6681567,52.4991350,150.000,true,5.52,71.828,source=fused:fused;speedReason=OK;derived=71.60;locationGapMs=999;callbackGapMs=999;fusion=GPS_IMU
LOCATION,1790578296609,29.6680033,52.4992500,148.000,true,5.50,71.848,source=fused:fused;speedReason=OK;derived=72.51;locationGapMs=1001;callbackGapMs=1001;fusion=GPS_IMU
LOCATION,1790578297623,29.6678467,52.4993583,147.000,true,7.42,71.912,source=fused:fused;speedReason=OK;derived=72.28;locationGapMs=1010;callbackGapMs=1010;fusion=GPS_IMU
LOCATION,1790578298670,29.6676983,52.4994783,145.000,true,9.36,71.958,source=fused:fused;speedReason=OK;derived=72.28;locationGapMs=1053;callbackGapMs=1053;fusion=GPS_IMU
LOCATION,1790578299639,29.6675517,52.4996100,143.000,true,11.30,72.013,source=fused:fused;speedReason=OK;derived=72.28;locationGapMs=958;callbackGapMs=958;fusion=GPS_IMU
LOCATION,1790578300624,29.6674050,52.4997450,142.000,true,11.30,72.170,source=fused:fused;speedReason=OK;derived=75.56;locationGapMs=994;callbackGapMs=994;fusion=GPS_IMU
LOCATION,1790578301622,29.6672550,52.4998817,141.000,true,11.30,72.442,source=fused:fused;speedReason=OK;derived=76.58;locationGapMs=999;callbackGapMs=999;fusion=GPS_IMU
LOCATION,1790578302615,29.6670983,52.5000167,142.000,true,11.30,72.804,source=fused:fused;speedReason=OK;derived=76.58;locationGapMs=995;callbackGapMs=995;fusion=GPS_IMU
LOCATION,1790578303625,29.6669417,52.5001467,142.000,true,11.30,73.232,source=fused:fused;speedReason=OK;derived=76.58;locationGapMs=1010;callbackGapMs=1010;fusion=GPS_IMU
LOCATION,1790578304684,29.6667900,52.5002767,143.000,true,11.30,73.693,source=fused:fused;speedReason=OK;derived=76.42;locationGapMs=1049;callbackGapMs=1049;fusion=GPS_IMU
LOCATION,1790578305619,29.6666333,52.5004033,144.000,true,11.30,74.032,source=fused:fused;speedReason=OK;derived=76.42;locationGapMs=942;callbackGapMs=942;fusion=GPS_IMU
LOCATION,1790578306591,29.6664717,52.5005250,145.000,true,11.30,74.397,source=fused:fused;speedReason=OK;derived=79.16;locationGapMs=975;callbackGapMs=975;fusion=GPS_IMU
LOCATION,1790578307612,29.6663083,52.5006467,147.000,true,11.30,74.675,source=fused:fused;speedReason=OK;derived=79.16;locationGapMs=1020;callbackGapMs=1020;fusion=GPS_IMU
LOCATION,1790578308612,29.6661417,52.5007633,148.000,true,11.30,74.856,source=fused:fused;speedReason=OK;derived=78.07;locationGapMs=998;callbackGapMs=998;fusion=GPS_IMU
LOCATION,1790578309612,29.6659733,52.5008767,149.000,true,11.30,75.024,source=fused:fused;speedReason=OK;derived=77.73;locationGapMs=1003;callbackGapMs=1003;fusion=GPS_IMU
LOCATION,1790578310663,29.6658050,52.5009867,150.000,true,11.30,75.177,source=fused:fused;speedReason=OK;derived=77.73;locationGapMs=1044;callbackGapMs=1044;fusion=GPS_IMU
LOCATION,1790578311621,29.6656383,52.5010950,151.000,true,11.30,75.253,source=fused:fused;speedReason=OK;derived=77.73;locationGapMs=964;callbackGapMs=964;fusion=GPS_IMU
LOCATION,1790578312616,29.6654700,52.5011950,153.000,true,11.30,75.304,source=fused:fused;speedReason=OK;derived=75.97;locationGapMs=996;callbackGapMs=996;fusion=GPS_IMU
LOCATION,1790578313627,29.6652967,52.5012833,155.000,true,11.30,75.337,source=fused:fused;speedReason=OK;derived=75.97;locationGapMs=1006;callbackGapMs=1006;fusion=GPS_IMU
LOCATION,1790578314619,29.6651200,52.5013567,159.000,true,11.30,75.324,source=fused:fused;speedReason=OK;derived=75.31;locationGapMs=996;callbackGapMs=996;fusion=GPS_IMU
LOCATION,1790578315621,29.6649417,52.5014183,162.000,true,11.30,75.278,source=fused:fused;speedReason=OK;derived=75.24;locationGapMs=1002;callbackGapMs=1002;fusion=GPS_IMU
LOCATION,1790578316684,29.6647583,52.5014717,166.000,true,11.30,75.222,source=fused:fused;speedReason=OK;derived=74.17;locationGapMs=1056;callbackGapMs=1056;fusion=GPS_IMU
LOCATION,1790578317587,29.6645767,52.5015150,168.000,true,11.30,75.176,source=fused:fused;speedReason=OK;derived=74.17;locationGapMs=911;callbackGapMs=911;fusion=GPS_IMU
LOCATION,1790578318618,29.6643950,52.5015517,170.000,true,11.30,75.082,source=fused:fused;speedReason=OK;derived=71.51;locationGapMs=1030;callbackGapMs=1030;fusion=GPS_IMU
LOCATION,1790578319918,29.6642133,52.5015833,171.000,true,11.30,75.005,source=fused:fused;speedReason=OK;derived=73.49;locationGapMs=998;callbackGapMs=998;fusion=GPS_IMU
LOCATION,1790578320612,29.6640317,52.5016067,174.000,true,11.30,74.963,source=fused:fused;speedReason=OK;derived=73.14;locationGapMs=997;callbackGapMs=997;fusion=GPS_IMU
LOCATION,1790578321614,29.6638500,52.5016250,176.000,true,11.30,74.904,source=fused:fused;speedReason=OK;derived=73.14;locationGapMs=1001;callbackGapMs=1001;fusion=GPS_IMU
LOCATION,1790578322618,29.6636683,52.5016367,178.000,true,11.30,74.817,source=fused:fused;speedReason=OK;derived=72.71;locationGapMs=999;callbackGapMs=999;fusion=GPS_IMU
LOCATION,1790578323614,29.6634833,52.5016483,178.000,true,11.30,74.783,source=fused:fused;speedReason=OK;derived=72.71;locationGapMs=1001;callbackGapMs=1001;fusion=GPS_IMU
LOCATION,1790578324909,29.6632983,52.5016567,179.000,true,11.30,74.766,source=fused:fused;speedReason=OK;derived=73.01;locationGapMs=1012;callbackGapMs=1012;fusion=GPS_IMU
LOCATION,1790578325625,29.6631133,52.5016617,179.000,true,11.30,74.717,source=fused:fused;speedReason=OK;derived=73.84;locationGapMs=1000;callbackGapMs=1000;fusion=GPS_IMU
LOCATION,1790578326601,29.6629283,52.5016667,180.000,true,11.30,74.697,source=fused:fused;speedReason=OK;derived=73.84;locationGapMs=975;callbackGapMs=975;fusion=GPS_IMU
LOCATION,1790578327673,29.6627450,52.5016717,180.000,true,11.30,74.656,source=fused:fused;speedReason=OK;derived=73.84;locationGapMs=1068;callbackGapMs=1068;fusion=GPS_IMU
LOCATION,1790578328881,29.6625600,52.5016733,180.000,true,11.30,74.568,source=fused:fused;speedReason=OK;derived=75.74;locationGapMs=948;callbackGapMs=948;fusion=GPS_IMU
LOCATION,1790578329625,29.6623800,52.5016750,180.000,true,11.30,74.450,source=fused:fused;speedReason=OK;derived=71.26;locationGapMs=1008;callbackGapMs=1008;fusion=GPS_IMU
LOCATION,1790578330615,29.6622017,52.5016750,180.000,true,11.30,74.309,source=fused:fused;speedReason=OK;derived=72.09;locationGapMs=987;callbackGapMs=987;fusion=GPS_IMU
LOCATION,1790578331887,29.6620317,52.5016683,182.000,true,11.30,74.092,source=fused:fused;speedReason=OK;derived=71.26;locationGapMs=1005;callbackGapMs=1005;fusion=GPS_IMU
LOCATION,1790578332618,29.6618683,52.5016483,185.000,true,11.30,73.383,source=fused:fused;speedReason=OK;derived=67.54;locationGapMs=998;callbackGapMs=998;fusion=GPS_IMU
LOCATION,1790578333630,29.6617117,52.5016167,190.000,true,11.30,72.952,source=fused:fused;speedReason=OK;derived=65.71;locationGapMs=1003;callbackGapMs=1003;fusion=GPS_IMU
LOCATION,1790578334900,29.6615600,52.5015717,195.000,true,11.30,72.391,source=fused:fused;speedReason=OK;derived=63.26;locationGapMs=994;callbackGapMs=994;fusion=GPS_IMU
LOCATION,1790578335621,29.6614150,52.5015133,199.000,true,11.30,71.872,source=fused:fused;speedReason=OK;derived=62.91;locationGapMs=1003;callbackGapMs=1003;fusion=GPS_IMU
LOCATION,1790578336623,29.6612750,52.5014400,204.000,true,11.30,71.120,source=fused:fused;speedReason=OK;derived=61.15;locationGapMs=1008;callbackGapMs=1008;fusion=GPS_IMU
LOCATION,1790578337585,29.6611400,52.5013533,209.000,true,11.30,70.570,source=fused:fused;speedReason=OK;derived=61.15;locationGapMs=963;callbackGapMs=963;fusion=GPS_IMU
LOCATION,1790578338679,29.6610100,52.5012483,214.000,true,11.30,70.012,source=fused:fused;speedReason=OK;derived=60.94;locationGapMs=1090;callbackGapMs=1090;fusion=GPS_IMU
LOCATION,1790578339598,29.6608850,52.5011317,218.000,true,11.30,69.756,source=fused:fused;speedReason=OK;derived=64.14;locationGapMs=923;callbackGapMs=923;fusion=GPS_IMU
LOCATION,1790578340870,29.6607650,52.5010017,223.000,true,11.30,69.476,source=fused:fused;speedReason=OK;derived=65.47;locationGapMs=1007;callbackGapMs=1007;fusion=GPS_IMU
LOCATION,1790578341621,29.6606500,52.5008533,228.000,true,11.30,69.356,source=fused:fused;speedReason=OK;derived=68.73;locationGapMs=1006;callbackGapMs=1006;fusion=GPS_IMU
LOCATION,1790578342611,29.6605500,52.5006950,233.000,true,11.30,69.298,source=fused:fused;speedReason=OK;derived=68.23;locationGapMs=998;callbackGapMs=998;fusion=GPS_IMU
LOCATION,1790578343614,29.6604633,52.5005250,238.000,true,11.30,69.217,source=fused:fused;speedReason=OK;derived=68.47;locationGapMs=1002;callbackGapMs=1002;fusion=GPS_IMU
LOCATION,1790578344913,29.6603867,52.5003450,243.000,true,11.30,69.217,source=fused:fused;speedReason=OK;derived=68.23;locationGapMs=1042;callbackGapMs=1042;fusion=GPS_IMU
LOCATION,1790578345618,29.6603200,52.5001583,247.000,true,11.30,69.243,source=fused:fused;speedReason=OK;derived=68.47;locationGapMs=962;callbackGapMs=962;fusion=GPS_IMU
LOCATION,1790578346615,29.6602567,52.4999650,249.000,true,11.30,69.345,source=fused:fused;speedReason=OK;derived=72.24;locationGapMs=996;callbackGapMs=996;fusion=GPS_IMU
LOCATION,1790578347609,29.6601950,52.4997683,250.000,true,11.30,69.577,source=fused:fused;speedReason=OK;derived=73.06;locationGapMs=997;callbackGapMs=997;fusion=GPS_IMU
LOCATION,1790578348892,29.6601333,52.4995667,251.000,true,11.30,69.903,source=fused:fused;speedReason=OK;derived=73.06;locationGapMs=998;callbackGapMs=998;fusion=GPS_IMU
LOCATION,1790578349613,29.6600750,52.4993583,252.000,true,11.30,70.128,source=fused:fused;speedReason=OK;derived=74.60;locationGapMs=1006;callbackGapMs=1006;fusion=GPS_IMU
LOCATION,1790578350622,29.6600217,52.4991450,254.000,true,11.30,70.676,source=fused:fused;speedReason=OK;derived=75.81;locationGapMs=1004;callbackGapMs=1004;fusion=GPS_IMU
LOCATION,1790578351911,29.6599717,52.4989267,255.000,true,11.30,71.171,source=fused:fused;speedReason=OK;derived=77.02;locationGapMs=996;callbackGapMs=996;fusion=GPS_IMU
LOCATION,1790578352614,29.6599233,52.4987083,255.000,true,11.30,71.848,source=fused:fused;speedReason=OK;derived=78.69;locationGapMs=998;callbackGapMs=998;fusion=GPS_IMU
LOCATION,1790578353901,29.6598750,52.4984900,255.000,true,11.30,72.329,source=fused:fused;speedReason=OK;derived=78.69;locationGapMs=1001;callbackGapMs=1001;fusion=GPS_IMU
LOCATION,1790578354612,29.6598250,52.4982700,256.000,true,11.30,72.776,source=fused:fused;speedReason=OK;derived=78.69;locationGapMs=1000;callbackGapMs=1000;fusion=GPS_IMU
LOCATION,1790578355948,29.6597767,52.4980517,256.000,true,11.30,73.300,source=fused:fused;speedReason=OK;derived=78.41;locationGapMs=1056;callbackGapMs=1056;fusion=GPS_IMU
LOCATION,1790578356625,29.6597317,52.4978350,256.000,true,11.30,73.644,source=fused:fused;speedReason=OK;derived=79.23;locationGapMs=946;callbackGapMs=946;fusion=GPS_IMU
LOCATION,1790578357888,29.6596883,52.4976200,256.000,true,11.30,73.813,source=fused:fused;speedReason=OK;derived=76.76;locationGapMs=1002;callbackGapMs=1002;fusion=GPS_IMU
LOCATION,1790578358619,29.6596417,52.4974050,256.000,true,11.30,73.972,source=fused:fused;speedReason=OK;derived=76.98;locationGapMs=1003;callbackGapMs=1003;fusion=GPS_IMU
LOCATION,1790578359900,29.6595933,52.4971900,255.000,true,11.30,74.191,source=fused:fused;speedReason=OK;derived=76.98;locationGapMs=998;callbackGapMs=998;fusion=GPS_IMU
LOCATION,1790578360613,29.6595400,52.4969767,254.000,true,11.30,74.394,source=fused:fused;speedReason=OK;derived=77.54;locationGapMs=995;callbackGapMs=995;fusion=GPS_IMU
LOCATION,1790578361906,29.6594833,52.4967683,252.000,true,11.30,74.563,source=fused:fused;speedReason=OK;derived=77.54;locationGapMs=1003;callbackGapMs=1003;fusion=GPS_IMU
LOCATION,1790578362612,29.6594233,52.4965633,251.000,true,11.30,74.642,source=fused:fused;speedReason=OK;derived=75.85;locationGapMs=997;callbackGapMs=997;fusion=GPS_IMU
LOCATION,1790578363618,29.6593617,52.4963617,250.000,true,11.30,74.643,source=fused:fused;speedReason=OK;derived=75.58;locationGapMs=1004;callbackGapMs=1004;fusion=GPS_IMU
LOCATION,1790578364617,29.6592967,52.4961617,249.000,true,11.30,74.643,source=fused:fused;speedReason=OK;derived=74.67;locationGapMs=996;callbackGapMs=996;fusion=GPS_IMU
LOCATION,1790578365607,29.6592283,52.4959583,249.000,true,11.30,74.639,source=fused:fused;speedReason=OK;derived=74.67;locationGapMs=996;callbackGapMs=996;fusion=GPS_IMU
LOCATION,1790578366669,29.6591717,52.4957500,249.000,true,11.30,74.639,source=fused:fused;speedReason=OK;derived=74.67;locationGapMs=1060;callbackGapMs=1060;fusion=GPS_IMU
LOCATION,1790578367617,29.6591133,52.4955317,248.000,true,11.30,74.654,source=fused:fused;speedReason=OK;derived=76.27;locationGapMs=948;callbackGapMs=948;fusion=GPS_IMU
LOCATION,1790578368612,29.6590483,52.4953000,248.000,true,11.32,74.667,source=fused:fused;speedReason=OK;derived=83.94;locationGapMs=994;callbackGapMs=994;fusion=GPS_IMU
LOCATION_ONLY,1790578369616,29.6589783,52.4950583,248.000,true,11.33,74.694,source=fused:fused;speedReason=POOR_SPEED_ACCURACY;derived=85.33;locationGapMs=1006;callbackGapMs=1006;fusion=GPS_IMU
LOCATION_ONLY,1790578370616,29.6589000,52.4949150,248.000,true,11.38,74.720,source=fused:fused;speedReason=POOR_SPEED_ACCURACY;derived=85.33;locationGapMs=999;callbackGapMs=999;fusion=GPS_IMU
LOCATION_ONLY,1790578371609,29.6588267,52.4947000,248.000,true,11.47,74.735,source=fused:fused;speedReason=POOR_SPEED_ACCURACY;derived=81.09;locationGapMs=992;callbackGapMs=992;fusion=GPS_IMU
LOCATION_ONLY,1790578372603,29.6587517,52.4944767,248.000,true,11.60,74.751,source=fused:fused;speedReason=POOR_SPEED_ACCURACY;derived=81.09;locationGapMs=995;callbackGapMs=995;fusion=GPS_IMU
LOCATION_ONLY,1790578373610,29.6586783,52.4942583,248.000,true,11.80,74.767,source=fused:fused;speedReason=POOR_SPEED_ACCURACY;derived=81.09;locationGapMs=1006;callbackGapMs=1006;fusion=GPS_IMU
LOCATION_ONLY,1790578374610,29.6586033,52.4940383,248.000,true,12.07,74.785,source=fused:fused;speedReason=POOR_SPEED_ACCURACY;derived=82.23;locationGapMs=1001;callbackGapMs=1001;fusion=GPS_IMU
LOCATION_ONLY,1790578375604,29.6585300,52.4938267,248.000,true,12.45,74.801,source=fused:fused;speedReason=POOR_SPEED_ACCURACY;derived=81.07;locationGapMs=993;callbackGapMs=993;fusion=GPS_IMU
LOCATION_ONLY,1790578376604,29.6584600,52.4936333,247.000,true,12.92,74.813,source=fused:fused;speedReason=POOR_SPEED_ACCURACY;derived=79.90;locationGapMs=1001;callbackGapMs=1001;fusion=GPS_IMU
LOCATION_ONLY,1790578377666,29.6583917,52.4934567,245.000,true,13.78,74.808,source=fused:fused;speedReason=POOR_SPEED_ACCURACY;derived=72.89;locationGapMs=1063;callbackGapMs=1063;fusion=GPS_IMU
LOCATION,1790578378611,29.6583233,52.4932967,242.000,true,14.52,74.790,source=fused:fused;speedReason=OK;derived=65.77;locationGapMs=944;callbackGapMs=944;fusion=GPS_IMU
LOCATION,1790578379610,29.6582533,52.4931517,240.000,true,14.95,74.749,source=fused:fused;speedReason=OK;derived=63.33;locationGapMs=1000;callbackGapMs=1000;fusion=GPS_IMU
LOCATION,1790578380616,29.6581267,52.4929517,238.000,true,16.22,74.646,source=fused:fused;speedReason=OK;derived=65.77;locationGapMs=1006;callbackGapMs=1006;fusion=GPS_IMU
LOCATION,1790578381620,29.6580550,52.4928067,237.000,true,16.02,74.480,source=fused:fused;speedReason=OK;derived=57.90;locationGapMs=1003;callbackGapMs=1003;fusion=GPS_IMU
LOCATION,1790578382621,29.6579833,52.4926633,237.000,true,15.30,74.219,source=fused:fused;speedReason=OK;derived=57.90;locationGapMs=1000;callbackGapMs=1000;fusion=GPS_IMU
LOCATION,1790578383666,29.6579083,52.4925117,236.000,true,14.36,73.283,source=fused:fused;speedReason=OK;derived=57.90;locationGapMs=1046;callbackGapMs=1046;fusion=GPS_IMU
LOCATION,1790578384621,29.6578317,52.4923617,234.000,true,13.22,72.331,source=fused:fused;speedReason=OK;derived=58.05;locationGapMs=956;callbackGapMs=956;fusion=GPS_IMU
LOCATION,1790578385627,29.6577517,52.4922100,234.000,true,11.88,71.448,source=fused:fused;speedReason=OK;derived=61.46;locationGapMs=1005;callbackGapMs=1005;fusion=GPS_IMU
LOCATION,1790578386604,29.6576650,52.4920633,233.000,true,11.80,70.677,source=fused:fused;speedReason=OK;derived=63.12;locationGapMs=978;callbackGapMs=978;fusion=GPS_IMU
LOCATION,1790578387620,29.6575817,52.4919133,233.000,true,11.42,70.005,source=fused:fused;speedReason=OK;derived=61.46;locationGapMs=1016;callbackGapMs=1016;fusion=GPS_IMU
LOCATION,1790578388624,29.6575000,52.4917683,233.000,true,11.42,69.381,source=fused:fused;speedReason=OK;derived=60.98;locationGapMs=1004;callbackGapMs=1004;fusion=GPS_IMU
LOCATION,1790578389681,29.6574167,52.4916217,234.000,true,11.40,68.771,source=fused:fused;speedReason=OK;derived=59.90;locationGapMs=1055;callbackGapMs=1055;fusion=GPS_IMU
LOCATION,1790578390633,29.6573317,52.4914717,233.000,true,11.40,68.317,source=fused:fused;speedReason=OK;derived=59.90;locationGapMs=952;callbackGapMs=952;fusion=GPS_IMU
LOCATION,1790578391621,29.6572433,52.4913167,233.000,true,11.42,67.900,source=fused:fused;speedReason=OK;derived=65.17;locationGapMs=990;callbackGapMs=990;fusion=GPS_IMU
LOCATION,1790578392612,29.6571483,52.4911567,233.000,true,11.43,67.664,source=fused:fused;speedReason=OK;derived=65.46;locationGapMs=991;callbackGapMs=991;fusion=GPS_IMU
LOCATION,1790578393630,29.6570500,52.4909933,233.000,true,11.46,67.651,source=fused:fused;speedReason=OK;derived=68.00;locationGapMs=1017;callbackGapMs=1017;fusion=GPS_IMU
LOCATION,1790578394623,29.6569500,52.4908183,233.000,true,11.47,67.853,source=fused:fused;speedReason=OK;derived=68.04;locationGapMs=993;callbackGapMs=993;fusion=GPS_IMU
LOCATION,1790578395695,29.6568450,52.4906450,233.000,true,11.50,68.178,source=fused:fused;speedReason=OK;derived=68.51;locationGapMs=1073;callbackGapMs=1073;fusion=GPS_IMU
LOCATION,1790578396618,29.6567417,52.4904700,233.000,true,11.50,68.544,source=fused:fused;speedReason=OK;derived=73.40;locationGapMs=923;callbackGapMs=923;fusion=GPS_IMU
LOCATION,1790578397596,29.6566383,52.4903000,233.000,true,11.50,68.949,source=fused:fused;speedReason=OK;derived=73.60;locationGapMs=981;callbackGapMs=981;fusion=GPS_IMU
LOCATION,1790578398597,29.6565367,52.4901317,233.000,true,11.50,69.149,source=fused:fused;speedReason=OK;derived=73.60;locationGapMs=999;callbackGapMs=999;fusion=GPS_IMU
LOCATION,1790578399611,29.6564367,52.4899617,233.000,true,11.50,69.503,source=fused:fused;speedReason=OK;derived=71.38;locationGapMs=1012;callbackGapMs=1012;fusion=GPS_IMU
LOCATION,1790578400656,29.6563400,52.4897933,234.000,true,11.50,69.695,source=fused:fused;speedReason=OK;derived=70.59;locationGapMs=1047;callbackGapMs=1047;fusion=GPS_IMU
LOCATION,1790578401619,29.6562483,52.4896233,234.000,true,11.50,69.690,source=fused:fused;speedReason=OK;derived=70.59;locationGapMs=963;callbackGapMs=963;fusion=GPS_IMU
LOCATION,1790578402584,29.6561567,52.4894550,235.000,true,11.52,69.685,source=fused:fused;speedReason=OK;derived=71.77;locationGapMs=963;callbackGapMs=963;fusion=GPS_IMU
LOCATION,1790578403612,29.6560633,52.4892933,236.000,true,11.54,69.639,source=fused:fused;speedReason=OK;derived=71.77;locationGapMs=1027;callbackGapMs=1027;fusion=GPS_IMU
LOCATION,1790578404576,29.6559717,52.4891317,236.000,true,11.55,69.598,source=fused:fused;speedReason=OK;derived=69.44;locationGapMs=967;callbackGapMs=967;fusion=GPS_IMU
LOCATION,1790578405597,29.6558817,52.4889700,237.000,true,11.57,69.499,source=fused:fused;speedReason=OK;derived=65.79;locationGapMs=1021;callbackGapMs=1021;fusion=GPS_IMU
LOCATION,1790578406590,29.6557983,52.4888133,237.000,true,11.58,69.249,source=fused:fused;speedReason=OK;derived=65.46;locationGapMs=993;callbackGapMs=993;fusion=GPS_IMU
LOCATION,1790578407592,29.6557217,52.4886567,237.000,true,11.57,68.963,source=fused:fused;speedReason=OK;derived=64.41;locationGapMs=1002;callbackGapMs=1002;fusion=GPS_IMU
LOCATION,1790578408596,29.6556517,52.4885017,237.000,true,11.53,68.680,source=fused:fused;speedReason=OK;derived=62.43;locationGapMs=1002;callbackGapMs=1002;fusion=GPS_IMU
LOCATION,1790578409608,29.6555817,52.4883517,238.000,true,11.48,68.125,source=fused:fused;speedReason=OK;derived=60.70;locationGapMs=1013;callbackGapMs=1013;fusion=GPS_IMU
LOCATION,1790578410608,29.6555167,52.4882117,239.000,true,11.42,67.678,source=fused:fused;speedReason=OK;derived=58.52;locationGapMs=1000;callbackGapMs=1000;fusion=GPS_IMU
LOCATION,1790578411657,29.6554567,52.4880767,239.000,true,11.36,67.055,source=fused:fused;speedReason=OK;derived=55.26;locationGapMs=1047;callbackGapMs=1047;fusion=GPS_IMU
LOCATION,1790578412586,29.6553983,52.4879450,239.000,true,11.34,66.636,source=fused:fused;speedReason=OK;derived=55.18;locationGapMs=933;callbackGapMs=933;fusion=GPS_IMU
LOCATION,1790578413616,29.6553400,52.4878117,240.000,true,11.32,65.605,source=fused:fused;speedReason=OK;derived=50.54;locationGapMs=1028;callbackGapMs=1028;fusion=GPS_IMU
LOCATION,1790578414624,29.6552817,52.4876817,240.000,true,11.30,64.838,source=fused:fused;speedReason=OK;derived=50.58;locationGapMs=1007;callbackGapMs=1007;fusion=GPS_IMU
LOCATION,1790578415631,29.6552200,52.4875550,240.000,true,11.30,63.831,source=fused:fused;speedReason=OK;derived=50.54;locationGapMs=1006;callbackGapMs=1006;fusion=GPS_IMU
LOCATION,1790578416621,29.6551617,52.4874333,241.000,true,11.30,63.074,source=fused:fused;speedReason=OK;derived=50.26;locationGapMs=991;callbackGapMs=991;fusion=GPS_IMU
LOCATION,1790578417611,29.6551117,52.4873217,241.000,true,11.30,62.101,source=fused:fused;speedReason=OK;derived=48.82;locationGapMs=991;callbackGapMs=991;fusion=GPS_IMU
LOCATION,1790578418598,29.6550650,52.4872217,242.000,true,11.30,61.159,source=fused:fused;speedReason=OK;derived=44.11;locationGapMs=987;callbackGapMs=987;fusion=GPS_IMU
LOCATION,1790578419626,29.6550283,52.4871333,243.000,true,11.30,59.731,source=fused:fused;speedReason=OK;derived=40.04;locationGapMs=1025;callbackGapMs=1025;fusion=GPS_IMU
LOCATION,1790578420631,29.6549967,52.4870550,243.000,true,11.30,58.101,source=fused:fused;speedReason=OK;derived=33.28;locationGapMs=1007;callbackGapMs=1007;fusion=GPS_IMU
LOCATION,1790578421577,29.6549700,52.4869817,243.000,true,11.30,56.035,source=fused:fused;speedReason=OK;derived=29.85;locationGapMs=948;callbackGapMs=948;fusion=GPS_IMU
LOCATION,1790578422580,29.6549500,52.4869267,242.000,true,11.30,53.174,source=fused:fused;speedReason=OK;derived=29.20;locationGapMs=1004;callbackGapMs=1004;fusion=GPS_IMU
LOCATION,1790578423622,29.6549383,52.4868867,242.000,true,11.30,49.951,source=fused:fused;speedReason=OK;derived=20.68;locationGapMs=1041;callbackGapMs=1041;fusion=GPS_IMU
LOCATION,1790578424615,29.6549317,52.4868617,241.000,true,11.32,46.486,source=fused:fused;speedReason=OK;derived=14.12;locationGapMs=992;callbackGapMs=992;fusion=GPS_IMU
LOCATION,1790578425624,29.6549250,52.4868483,241.000,true,11.33,41.681,source=fused:fused;speedReason=OK;derived=9.18;locationGapMs=1007;callbackGapMs=1007;fusion=GPS_IMU
LOCATION,1790578426620,29.6549200,52.4868350,241.000,true,11.36,38.382,source=fused:fused;speedReason=OK;derived=5.34;locationGapMs=999;callbackGapMs=999;fusion=GPS_IMU
LOCATION,1790578427612,29.6549133,52.4868217,240.000,true,11.38,34.439,source=fused:fused;speedReason=OK;derived=5.34;locationGapMs=992;callbackGapMs=992;fusion=GPS_IMU
LOCATION,1790578428580,29.6549050,52.4868100,239.000,true,11.40,30.977,source=fused:fused;speedReason=OK;derived=5.39;locationGapMs=968;callbackGapMs=968;fusion=GPS_IMU
LOCATION,1790578429619,29.6548983,52.4867983,239.000,true,11.44,29.145,source=fused:fused;speedReason=OK;derived=5.39;locationGapMs=1036;callbackGapMs=1036;fusion=GPS_IMU
LOCATION,1790578430648,29.6548917,52.4867917,239.000,true,11.45,26.068,source=fused:fused;speedReason=OK;derived=4.71;locationGapMs=1032;callbackGapMs=1032;fusion=GPS_IMU
LOCATION,1790578431594,29.6548883,52.4867867,239.000,true,9.78,0.000,source=fused:fused;speedReason=OK;derived=3.39;locationGapMs=945;callbackGapMs=945;fusion=GPS_IMU
LOCATION,1790578432613,29.6548867,52.4867867,239.000,true,8.12,0.000,source=fused:fused;speedReason=OK;derived=2.34;locationGapMs=1017;callbackGapMs=1017;fusion=GPS_IMU
LOCATION,1790578433620,29.6548867,52.4867867,239.000,true,5.44,0.000,source=fused:fused;speedReason=OK;derived=0.63;locationGapMs=1008;callbackGapMs=1008;fusion=GPS_IMU
LOCATION,1790578434621,29.6548867,52.4867867,239.000,true,3.42,0.000,source=fused:fused;speedReason=OK;derived=0.00;locationGapMs=1003;callbackGapMs=1003;fusion=GPS_IMU
LOCATION,1790578435622,29.6548867,52.4867867,239.000,true,1.40,0.000,source=fused:fused;speedReason=OK;derived=0.00;locationGapMs=998;callbackGapMs=998;fusion=GPS_IMU
LOCATION,1790578436618,29.6548867,52.4867867,,false,1.40,0.000,source=fused:fused;speedReason=OK;derived=0.00;locationGapMs=1001;callbackGapMs=1001;fusion=GPS_IMU
LOCATION,1790578437615,29.6548550,52.4867667,205.000,true,3.98,0.000,source=fused:fused;speedReason=OK;derived=0.00;locationGapMs=994;callbackGapMs=994;fusion=GPS_IMU
LOCATION,1790578438619,29.6548383,52.4867700,180.000,true,5.55,2.642,source=fused:fused;speedReason=OK;derived=6.73;locationGapMs=1005;callbackGapMs=1005;fusion=GPS_IMU
LOCATION_ONLY,1790578439463,29.6548383,52.4867700,180.000,true,13.02,2.680,source=fused:fused;speedReason=NO_SPEED;derived=6.73;locationGapMs=842;callbackGapMs=842;fusion=GPS_IMU
LOCATION,1790578440619,29.6548167,52.4868083,117.000,true,14.35,3.505,source=fused:fused;speedReason=OK;derived=6.73;locationGapMs=1155;callbackGapMs=1155;fusion=GPS_IMU
LOCATION,1790578441673,29.6548217,52.4868433,85.000,true,15.79,4.152,source=fused:fused;speedReason=OK;derived=11.73;locationGapMs=1054;callbackGapMs=1054;fusion=GPS_IMU
LOCATION,1790578442583,29.6548417,52.4868917,66.000,true,17.23,4.856,source=fused:fused;speedReason=OK;derived=13.76;locationGapMs=913;callbackGapMs=913;fusion=GPS_IMU
LOCATION,1790578443572,29.6548733,52.4869517,59.000,true,16.83,6.927,source=fused:fused;speedReason=OK;derived=20.44;locationGapMs=990;callbackGapMs=990;fusion=GPS_IMU
LOCATION,1790578444573,29.6549100,52.4870183,57.000,true,11.60,10.488,source=fused:fused;speedReason=OK;derived=24.67;locationGapMs=1001;callbackGapMs=1001;fusion=GPS_IMU
LOCATION,1790578445570,29.6549467,52.4870867,57.000,true,11.47,12.137,source=fused:fused;speedReason=OK;derived=27.42;locationGapMs=997;callbackGapMs=997;fusion=GPS_IMU
LOCATION,1790578446570,29.6549850,52.4871667,57.000,true,11.42,13.637,source=fused:fused;speedReason=OK;derived=28.06;locationGapMs=1000;callbackGapMs=1000;fusion=GPS_IMU
LOCATION,1790578447583,29.6550300,52.4872617,59.000,true,11.38,15.741,source=fused:fused;speedReason=OK;derived=31.80;locationGapMs=1012;callbackGapMs=1012;fusion=GPS_IMU
LOCATION,1790578448627,29.6550783,52.4873700,61.000,true,11.34,17.507,source=fused:fused;speedReason=OK;derived=37.22;locationGapMs=1040;callbackGapMs=1040;fusion=GPS_IMU
LOCATION,1790578449612,29.6551333,52.4874900,61.000,true,9.36,19.009,source=fused:fused;speedReason=OK;derived=40.75;locationGapMs=988;callbackGapMs=988;fusion=GPS_IMU
LOCATION,1790578450614,29.6551900,52.4876200,61.000,true,9.36,21.396,source=fused:fused;speedReason=OK;derived=47.81;locationGapMs=1001;callbackGapMs=1001;fusion=GPS_IMU
LOCATION,1790578451583,29.6552467,52.4877500,61.000,true,9.36,23.510,source=fused:fused;speedReason=OK;derived=50.60;locationGapMs=970;callbackGapMs=970;fusion=GPS_IMU
LOCATION,1790578452573,29.6553067,52.4878783,61.000,true,9.68,25.073,source=fused:fused;speedReason=OK;derived=51.19;locationGapMs=991;callbackGapMs=991;fusion=GPS_IMU
LOCATION,1790578453618,29.6553700,52.4880150,61.000,true,9.68,26.592,source=fused:fused;speedReason=OK;derived=51.65;locationGapMs=1044;callbackGapMs=1044;fusion=GPS_IMU
LOCATION,1790578454615,29.6554367,52.4881583,61.000,true,11.30,28.612,source=fused:fused;speedReason=OK;derived=51.65;locationGapMs=997;callbackGapMs=997;fusion=GPS_IMU
LOCATION,1790578455615,29.6555067,52.4883067,61.000,true,11.30,29.945,source=fused:fused;speedReason=OK;derived=56.77;locationGapMs=1000;callbackGapMs=1000;fusion=GPS_IMU
LOCATION,1790578456617,29.6555767,52.4884600,61.000,true,11.30,31.588,source=fused:fused;speedReason=OK;derived=58.78;locationGapMs=1003;callbackGapMs=1003;fusion=GPS_IMU
LOCATION,1790578457622,29.6556533,52.4886183,61.000,true,11.30,33.256,source=fused:fused;speedReason=OK;derived=60.11;locationGapMs=1004;callbackGapMs=1004;fusion=GPS_IMU
LOCATION,1790578458625,29.6557317,52.4887833,60.000,true,11.30,35.438,source=fused:fused;speedReason=OK;derived=62.82;locationGapMs=1002;callbackGapMs=1002;fusion=GPS_IMU
LOCATION,1790578459613,29.6558133,52.4889550,60.000,true,11.30,37.204,source=fused:fused;speedReason=OK;derived=65.34;locationGapMs=989;callbackGapMs=989;fusion=GPS_IMU
LOCATION,1790578460617,29.6559000,52.4891300,60.000,true,11.30,39.485,source=fused:fused;speedReason=OK;derived=68.89;locationGapMs=1004;callbackGapMs=1004;fusion=GPS_IMU
LOCATION,1790578461616,29.6559833,52.4893067,60.000,true,11.30,41.600,source=fused:fused;speedReason=OK;derived=69.84;locationGapMs=999;callbackGapMs=999;fusion=GPS_IMU
LOCATION,1790578462672,29.6560683,52.4894750,60.000,true,11.30,43.525,source=fused:fused;speedReason=OK;derived=69.84;locationGapMs=1056;callbackGapMs=1056;fusion=GPS_IMU
LOCATION,1790578463627,29.6561550,52.4896433,59.000,true,11.30,45.311,source=fused:fused;speedReason=OK;derived=70.06;locationGapMs=954;callbackGapMs=954;fusion=GPS_IMU
LOCATION,1790578464618,29.6562417,52.4898167,59.000,true,11.30,46.988,source=fused:fused;speedReason=OK;derived=70.41;locationGapMs=989;callbackGapMs=989;fusion=GPS_IMU
LOCATION,1790578465630,29.6563333,52.4899933,58.000,true,11.30,48.011,source=fused:fused;speedReason=OK;derived=70.67;locationGapMs=1013;callbackGapMs=1013;fusion=GPS_IMU
LOCATION,1790578466622,29.6564317,52.4901700,58.000,true,11.32,49.747,source=fused:fused;speedReason=OK;derived=70.67;locationGapMs=994;callbackGapMs=994;fusion=GPS_IMU
LOCATION,1790578467625,29.6565317,52.4903500,57.000,true,11.34,51.988,source=fused:fused;speedReason=OK;derived=73.48;locationGapMs=1003;callbackGapMs=1003;fusion=GPS_IMU
LOCATION,1790578468668,29.6566350,52.4905283,56.000,true,11.35,53.321,source=fused:fused;speedReason=OK;derived=73.48;locationGapMs=1042;callbackGapMs=1042;fusion=GPS_IMU
LOCATION,1790578469620,29.6567400,52.4907083,56.000,true,11.38,54.891,source=fused:fused;speedReason=OK;derived=74.13;locationGapMs=952;callbackGapMs=952;fusion=GPS_IMU
LOCATION,1790578470627,29.6568467,52.4908900,56.000,true,11.38,56.439,source=fused:fused;speedReason=OK;derived=75.78;locationGapMs=1007;callbackGapMs=1007;fusion=GPS_IMU
LOCATION,1790578471626,29.6569567,52.4910700,56.000,true,11.40,58.308,source=fused:fused;speedReason=OK;derived=76.65;locationGapMs=999;callbackGapMs=999;fusion=GPS_IMU
LOCATION,1790578472614,29.6570667,52.4912550,56.000,true,11.40,60.072,source=fused:fused;speedReason=OK;derived=76.65;locationGapMs=988;callbackGapMs=988;fusion=GPS_IMU
LOCATION,1790578473618,29.6571767,52.4914400,56.000,true,11.40,61.682,source=fused:fused;speedReason=OK;derived=77.61;locationGapMs=1005;callbackGapMs=1005;fusion=GPS_IMU
LOCATION,1790578474682,29.6572867,52.4916283,56.000,true,11.40,62.864,source=fused:fused;speedReason=OK;derived=77.61;locationGapMs=1062;callbackGapMs=1062;fusion=GPS_IMU
LOCATION,1790578475625,29.6573950,52.4918133,56.000,true,11.38,64.275,source=fused:fused;speedReason=OK;derived=77.61;locationGapMs=945;callbackGapMs=945;fusion=GPS_IMU
LOCATION,1790578476617,29.6575017,52.4920000,56.000,true,11.37,65.269,source=fused:fused;speedReason=OK;derived=78.39;locationGapMs=992;callbackGapMs=992;fusion=GPS_IMU
LOCATION,1790578477625,29.6576067,52.4921867,57.000,true,11.34,66.199,source=fused:fused;speedReason=OK;derived=78.39;locationGapMs=1008;callbackGapMs=1008;fusion=GPS_IMU
LOCATION,1790578478626,29.6577050,52.4923800,59.000,true,11.32,67.241,source=fused:fused;speedReason=OK;derived=77.96;locationGapMs=1000;callbackGapMs=1000;fusion=GPS_IMU
LOCATION,1790578479614,29.6578000,52.4925767,61.000,true,11.32,68.030,source=fused:fused;speedReason=OK;derived=77.96;locationGapMs=987;callbackGapMs=987;fusion=GPS_IMU
LOCATION,1790578480682,29.6578883,52.4927767,63.000,true,11.30,68.701,source=fused:fused;speedReason=OK;derived=77.96;locationGapMs=1069;callbackGapMs=1069;fusion=GPS_IMU
LOCATION,1790578481608,29.6579700,52.4929817,65.000,true,11.30,69.551,source=fused:fused;speedReason=OK;derived=79.37;locationGapMs=926;callbackGapMs=926;fusion=GPS_IMU
LOCATION,1790578482595,29.6580450,52.4931883,67.000,true,11.30,70.155,source=fused:fused;speedReason=OK;derived=78.93;locationGapMs=988;callbackGapMs=988;fusion=GPS_IMU
LOCATION,1790578483623,29.6581167,52.4933967,68.000,true,11.30,70.604,source=fused:fused;speedReason=OK;derived=78.93;locationGapMs=1027;callbackGapMs=1027;fusion=GPS_IMU
LOCATION,1790578484628,29.6581833,52.4936067,70.000,true,11.30,70.812,source=fused:fused;speedReason=OK;derived=77.64;locationGapMs=1003;callbackGapMs=1003;fusion=GPS_IMU
LOCATION,1790578485623,29.6582467,52.4938200,70.000,true,11.30,70.908,source=fused:fused;speedReason=OK;derived=77.64;locationGapMs=997;callbackGapMs=997;fusion=GPS_IMU
LOCATION,1790578486655,29.6583017,52.4940400,70.000,true,11.30,70.944,source=fused:fused;speedReason=OK;derived=77.64;locationGapMs=1031;callbackGapMs=1031;fusion=GPS_IMU
LOCATION,1790578487621,29.6583550,52.4942600,70.000,true,11.30,70.962,source=fused:fused;speedReason=OK;derived=78.77;locationGapMs=967;callbackGapMs=967;fusion=GPS_IMU
LOCATION_ONLY,1790578488612,29.6584050,52.4944817,71.000,true,11.32,70.985,source=fused:fused;speedReason=POOR_SPEED_ACCURACY;derived=80.45;locationGapMs=992;callbackGapMs=992;fusion=GPS_IMU
LOCATION_ONLY,1790578489615,29.6584900,52.4946850,71.000,true,11.35,71.008,source=fused:fused;speedReason=POOR_SPEED_ACCURACY;derived=80.45;locationGapMs=1002;callbackGapMs=1002;fusion=GPS_IMU
LOCATION_ONLY,1790578490609,29.6585567,52.4949067,71.000,true,11.40,71.032,source=fused:fused;speedReason=POOR_SPEED_ACCURACY;derived=80.45;locationGapMs=994;callbackGapMs=994;fusion=GPS_IMU
LOCATION_ONLY,1790578491611,29.6586217,52.4951233,71.000,true,11.50,71.053,source=fused:fused;speedReason=POOR_SPEED_ACCURACY;derived=79.59;locationGapMs=1003;callbackGapMs=1003;fusion=GPS_IMU
LOCATION_ONLY,1790578492652,29.6586883,52.4953450,70.000,true,11.65,71.074,source=fused:fused;speedReason=POOR_SPEED_ACCURACY;derived=79.59;locationGapMs=1041;callbackGapMs=1041;fusion=GPS_IMU
LOCATION_ONLY,1790578493616,29.6587550,52.4955633,70.000,true,11.96,71.095,source=fused:fused;speedReason=POOR_SPEED_ACCURACY;derived=79.59;locationGapMs=963;callbackGapMs=963;fusion=GPS_IMU
LOCATION_ONLY,1790578494606,29.6588183,52.4957750,70.000,true,12.15,71.113,source=fused:fused;speedReason=POOR_SPEED_ACCURACY;derived=78.70;locationGapMs=991;callbackGapMs=991;fusion=GPS_IMU
LOCATION_ONLY,1790578495608,29.6588833,52.4959900,70.000,true,12.53,71.134,source=fused:fused;speedReason=POOR_SPEED_ACCURACY;derived=79.62;locationGapMs=996;callbackGapMs=996;fusion=GPS_IMU
LOCATION_ONLY,1790578496603,29.6589483,52.4962000,71.000,true,13.02,71.153,source=fused:fused;speedReason=POOR_SPEED_ACCURACY;derived=78.70;locationGapMs=1001;callbackGapMs=1001;fusion=GPS_IMU
LOCATION_ONLY,1790578497608,29.6590083,52.4964000,71.000,true,13.88,71.169,source=fused:fused;speedReason=POOR_SPEED_ACCURACY;derived=77.57;locationGapMs=1003;callbackGapMs=1003;fusion=GPS_IMU
LOCATION,1790578498663,29.6592000,52.4966133,71.000,true,14.32,75.880,source=fused:fused;speedReason=OK;derived=77.57;locationGapMs=1056;callbackGapMs=1056;fusion=GPS_IMU
LOCATION,1790578499617,29.6592133,52.4968383,71.000,true,15.56,75.880,source=fused:fused;speedReason=OK;derived=82.30;locationGapMs=955;callbackGapMs=955;fusion=GPS_IMU
LOCATION,1790578500627,29.6592700,52.4970367,71.000,true,15.22,74.321,source=fused:fused;speedReason=OK;derived=82.30;locationGapMs=1001;callbackGapMs=1001;fusion=GPS_IMU
LOCATION,1790578501615,29.6593267,52.4972333,70.000,true,14.62,73.959,source=fused:fused;speedReason=OK;derived=72.68;locationGapMs=996;callbackGapMs=996;fusion=GPS_IMU
LOCATION,1790578502619,29.6593917,52.4974283,70.000,true,13.82,73.886,source=fused:fused;speedReason=OK;derived=72.67;locationGapMs=1001;callbackGapMs=1001;fusion=GPS_IMU
LOCATION,1790578503619,29.6594567,52.4976183,70.000,true,12.80,73.880,source=fused:fused;speedReason=OK;derived=72.45;locationGapMs=1003;callbackGapMs=1003;fusion=GPS_IMU
LOCATION,1790578504679,29.6595217,52.4978183,70.000,true,11.54,73.894,source=fused:fused;speedReason=OK;derived=70.91;locationGapMs=1059;callbackGapMs=1059;fusion=GPS_IMU
LOCATION,1790578505639,29.6595850,52.4980183,70.000,true,11.38,74.094,source=fused:fused;speedReason=OK;derived=70.91;locationGapMs=956;callbackGapMs=956;fusion=GPS_IMU
LOCATION,1790578506618,29.6596467,52.4982267,71.000,true,11.34,74.566,source=fused:fused;speedReason=OK;derived=77.55;locationGapMs=983;callbackGapMs=983;fusion=GPS_IMU
LOCATION,1790578507624,29.6597083,52.4984400,72.000,true,11.32,75.143,source=fused:fused;speedReason=OK;derived=78.02;locationGapMs=999;callbackGapMs=999;fusion=GPS_IMU
LOCATION,1790578508619,29.6597667,52.4986600,73.000,true,11.30,75.554,source=fused:fused;speedReason=OK;derived=78.38;locationGapMs=1004;callbackGapMs=1004;fusion=GPS_IMU
LOCATION,1790578509613,29.6598183,52.4988817,75.000,true,11.30,76.028,source=fused:fused;speedReason=OK;derived=79.82;locationGapMs=995;callbackGapMs=995;fusion=GPS_IMU
LOCATION,1790578510615,29.6598650,52.4991067,77.000,true,11.30,76.347,source=fused:fused;speedReason=OK;derived=80.37;locationGapMs=1001;callbackGapMs=1001;fusion=GPS_IMU
LOCATION,1790578511588,29.6599067,52.4993350,78.000,true,11.30,76.740,source=fused:fused;speedReason=OK;derived=80.52;locationGapMs=972;callbackGapMs=972;fusion=GPS_IMU
LOCATION,1790578512608,29.6599450,52.4995650,79.000,true,11.30,77.045,source=fused:fused;speedReason=OK;derived=80.52;locationGapMs=1020;callbackGapMs=1020;fusion=GPS_IMU
LOCATION,1790578513626,29.6599800,52.4997933,80.000,true,11.30,77.469,source=fused:fused;speedReason=OK;derived=80.01;locationGapMs=1012;callbackGapMs=1012;fusion=GPS_IMU
LOCATION,1790578514616,29.6600150,52.5000150,79.000,true,11.30,77.539,source=fused:fused;speedReason=OK;derived=79.83;locationGapMs=997;callbackGapMs=997;fusion=GPS_IMU
LOCATION,1790578515619,29.6600467,52.5002317,79.000,true,11.30,77.498,source=fused:fused;speedReason=OK;derived=78.76;locationGapMs=1001;callbackGapMs=1001;fusion=GPS_IMU
LOCATION,1790578516608,29.6600783,52.5004467,79.000,true,11.30,77.489,source=fused:fused;speedReason=OK;derived=77.07;locationGapMs=986;callbackGapMs=986;fusion=GPS_IMU
LOCATION,1790578517615,29.6601117,52.5006550,79.000,true,11.30,77.426,source=fused:fused;speedReason=OK;derived=76.50;locationGapMs=1012;callbackGapMs=1012;fusion=GPS_IMU
LOCATION,1790578518621,29.6601467,52.5008583,80.000,true,11.30,77.281,source=fused:fused;speedReason=OK;derived=72.94;locationGapMs=1002;callbackGapMs=1002;fusion=GPS_IMU
LOCATION,1790578519627,29.6601783,52.5010600,80.000,true,11.30,77.105,source=fused:fused;speedReason=OK;derived=72.08;locationGapMs=1003;callbackGapMs=1003;fusion=GPS_IMU
LOCATION,1790578520679,29.6602117,52.5012567,81.000,true,11.30,76.841,source=fused:fused;speedReason=OK;derived=71.21;locationGapMs=1058;callbackGapMs=1058;fusion=GPS_IMU
LOCATION,1790578521582,29.6602417,52.5014550,81.000,true,11.30,76.422,source=fused:fused;speedReason=OK;derived=71.21;locationGapMs=905;callbackGapMs=905;fusion=GPS_IMU
LOCATION,1790578522621,29.6602700,52.5016500,81.000,true,11.30,76.109,source=fused:fused;speedReason=OK;derived=66.76;locationGapMs=1032;callbackGapMs=1032;fusion=GPS_IMU
LOCATION,1790578523623,29.6602950,52.5018333,81.000,true,11.30,75.528,source=fused:fused;speedReason=OK;derived=66.76;locationGapMs=1005;callbackGapMs=1005;fusion=GPS_IMU
LOCATION,1790578524613,29.6603167,52.5020067,83.000,true,11.30,74.682,source=fused:fused;speedReason=OK;derived=64.34;locationGapMs=992;callbackGapMs=992;fusion=GPS_IMU
LOCATION,1790578525631,29.6603233,52.5021767,86.000,true,11.30,73.556,source=fused:fused;speedReason=OK;derived=61.54;locationGapMs=1012;callbackGapMs=1012;fusion=GPS_IMU
LOCATION,1790578526659,29.6603200,52.5023417,91.000,true,11.30,72.411,source=fused:fused;speedReason=OK;derived=58.60;locationGapMs=1033;callbackGapMs=1033;fusion=GPS_IMU
LOCATION,1790578527923,29.6603033,52.5025050,97.000,true,11.30,71.692,source=fused:fused;speedReason=OK;derived=58.60;locationGapMs=963;callbackGapMs=963;fusion=GPS_IMU
LOCATION,1790578528613,29.6602700,52.5026633,103.000,true,11.30,70.848,source=fused:fused;speedReason=OK;derived=57.27;locationGapMs=991;callbackGapMs=991;fusion=GPS_IMU
LOCATION,1790578529618,29.6602233,52.5028167,109.000,true,11.30,70.350,source=fused:fused;speedReason=OK;derived=57.27;locationGapMs=1003;callbackGapMs=1003;fusion=GPS_IMU
LOCATION,1790578530618,29.6601633,52.5029600,114.000,true,11.30,69.488,source=fused:fused;speedReason=OK;derived=56.45;locationGapMs=1000;callbackGapMs=1000;fusion=GPS_IMU
LOCATION,1790578531884,29.6600900,52.5031033,119.000,true,11.30,68.954,source=fused:fused;speedReason=OK;derived=56.45;locationGapMs=1002;callbackGapMs=1002;fusion=GPS_IMU
LOCATION,1790578532595,29.6600050,52.5032400,123.000,true,11.30,68.526,source=fused:fused;speedReason=OK;derived=57.76;locationGapMs=977;callbackGapMs=977;fusion=GPS_IMU
LOCATION,1790578533624,29.6599150,52.5033717,127.000,true,11.30,67.942,source=fused:fused;speedReason=OK;derived=57.76;locationGapMs=1028;callbackGapMs=1028;fusion=GPS_IMU
LOCATION,1790578534615,29.6598100,52.5034967,130.000,true,11.30,67.626,source=fused:fused;speedReason=OK;derived=59.86;locationGapMs=994;callbackGapMs=994;fusion=GPS_IMU
LOCATION,1790578535910,29.6597050,52.5036200,132.000,true,11.30,67.309,source=fused:fused;speedReason=OK;derived=59.84;locationGapMs=1003;callbackGapMs=1003;fusion=GPS_IMU
LOCATION,1790578536608,29.6595983,52.5037467,133.000,true,11.30,67.087,source=fused:fused;speedReason=OK;derived=60.81;locationGapMs=989;callbackGapMs=989;fusion=GPS_IMU
LOCATION,1790578537884,29.6594883,52.5038733,133.000,true,11.30,66.810,source=fused:fused;speedReason=OK;derived=61.93;locationGapMs=1005;callbackGapMs=1005;fusion=GPS_IMU
LOCATION,1790578538674,29.6593833,52.5039983,133.000,true,11.30,66.519,source=fused:fused;speedReason=OK;derived=61.93;locationGapMs=1058;callbackGapMs=1058;fusion=GPS_IMU
LOCATION,1790578539865,29.6592767,52.5041250,134.000,true,11.30,66.291,source=fused:fused;speedReason=OK;derived=61.93;locationGapMs=918;callbackGapMs=918;fusion=GPS_IMU
LOCATION,1790578540624,29.6591667,52.5042500,134.000,true,11.30,66.030,source=fused:fused;speedReason=OK;derived=59.87;locationGapMs=1033;callbackGapMs=1033;fusion=GPS_IMU
LOCATION,1790578541859,29.6590567,52.5043783,134.000,true,11.30,65.804,source=fused:fused;speedReason=OK;derived=64.27;locationGapMs=975;callbackGapMs=975;fusion=GPS_IMU
LOCATION,1790578542587,29.6589450,52.5045050,134.000,true,11.30,65.544,source=fused:fused;speedReason=OK;derived=63.25;locationGapMs=992;callbackGapMs=992;fusion=GPS_IMU
LOCATION,1790578543900,29.6588317,52.5046317,136.000,true,11.30,65.303,source=fused:fused;speedReason=OK;derived=63.25;locationGapMs=1022;callbackGapMs=1022;fusion=GPS_IMU
LOCATION,1790578545207,29.6587133,52.5047483,139.000,true,11.30,65.042,source=fused:fused;speedReason=OK;derived=62.32;locationGapMs=1000;callbackGapMs=1000;fusion=GPS_IMU
LOCATION,1790578546325,29.6585933,52.5048533,142.000,true,11.30,64.715,source=fused:fused;speedReason=OK;derived=61.84;locationGapMs=1006;callbackGapMs=1006;fusion=GPS_IMU
LOCATION,1790578546615,29.6584733,52.5049533,143.000,true,11.30,64.367,source=fused:fused;speedReason=OK;derived=59.91;locationGapMs=1000;callbackGapMs=1000;fusion=GPS_IMU
LOCATION,1790578547619,29.6583517,52.5050517,144.000,true,11.30,63.927,source=fused:fused;speedReason=OK;derived=59.24;locationGapMs=1003;callbackGapMs=1003;fusion=GPS_IMU
LOCATION,1790578548620,29.6582283,52.5051467,145.000,true,11.30,63.615,source=fused:fused;speedReason=OK;derived=59.24;locationGapMs=1000;callbackGapMs=1000;fusion=GPS_IMU
LOCATION,1790578549914,29.6581083,52.5052383,146.000,true,11.30,63.357,source=fused:fused;speedReason=OK;derived=59.24;locationGapMs=998;callbackGapMs=998;fusion=GPS_IMU
LOCATION,1790578550628,29.6579933,52.5053167,149.000,true,11.30,62.838,source=fused:fused;speedReason=OK;derived=57.67;locationGapMs=1010;callbackGapMs=1010;fusion=GPS_IMU
LOCATION,1790578551619,29.6578817,52.5053717,154.000,true,11.30,61.997,source=fused:fused;speedReason=OK;derived=52.88;locationGapMs=988;callbackGapMs=988;fusion=GPS_IMU
LOCATION,1790578552614,29.6577717,52.5054050,162.000,true,11.30,60.522,source=fused:fused;speedReason=OK;derived=49.07;locationGapMs=998;callbackGapMs=998;fusion=GPS_IMU
LOCATION,1790578553610,29.6576667,52.5054133,173.000,true,11.30,59.003,source=fused:fused;speedReason=OK;derived=45.49;locationGapMs=997;callbackGapMs=997;fusion=GPS_IMU
LOCATION,1790578554902,29.6575650,52.5053933,187.000,true,11.30,57.738,source=fused:fused;speedReason=OK;derived=42.13;locationGapMs=1016;callbackGapMs=1016;fusion=GPS_IMU
LOCATION,1790578555611,29.6574733,52.5053433,201.000,true,11.30,56.793,source=fused:fused;speedReason=OK;derived=41.32;locationGapMs=981;callbackGapMs=981;fusion=GPS_IMU
LOCATION,1790578556617,29.6573967,52.5052717,213.000,true,11.30,56.037,source=fused:fused;speedReason=OK;derived=40.53;locationGapMs=1010;callbackGapMs=1010;fusion=GPS_IMU
LOCATION,1790578557617,29.6573400,52.5051900,225.000,true,11.30,54.820,source=fused:fused;speedReason=OK;derived=39.07;locationGapMs=995;callbackGapMs=995;fusion=GPS_IMU
LOCATION,1790578558618,29.6573050,52.5051150,235.000,true,11.30,53.307,source=fused:fused;speedReason=OK;derived=36.55;locationGapMs=1006;callbackGapMs=1006;fusion=GPS_IMU
LOCATION,1790578559609,29.6572800,52.5050550,239.000,true,11.30,51.990,source=fused:fused;speedReason=OK;derived=29.46;locationGapMs=991;callbackGapMs=991;fusion=GPS_IMU
LOCATION,1790578560629,29.6572633,52.5050083,240.000,true,11.30,50.951,source=fused:fused;speedReason=OK;derived=23.38;locationGapMs=1017;callbackGapMs=1017;fusion=GPS_IMU
LOCATION,1790578561622,29.6572550,52.5049833,239.000,true,11.32,49.210,source=fused:fused;speedReason=OK;derived=17.29;locationGapMs=995;callbackGapMs=995;fusion=GPS_IMU
LOCATION,1790578562618,29.6572567,52.5049800,239.000,true,11.34,47.527,source=fused:fused;speedReason=OK;derived=9.37;locationGapMs=996;callbackGapMs=996;fusion=GPS_IMU
LOCATION,1790578563593,29.6572617,52.5049800,239.000,true,11.37,0.000,source=fused:fused;speedReason=OK;derived=2.04;locationGapMs=977;callbackGapMs=977;fusion=GPS_IMU
LOCATION,1790578564613,29.6572617,52.5049817,239.000,true,11.42,0.000,source=fused:fused;speedReason=OK;derived=1.34;locationGapMs=1018;callbackGapMs=1018;fusion=GPS_IMU
LOCATION,1790578565621,29.6572617,52.5049817,239.000,true,11.85,0.000,source=fused:fused;speedReason=OK;derived=0.58;locationGapMs=1008;callbackGapMs=1008;fusion=GPS_IMU
LOCATION,1790578566674,29.6572617,52.5049817,239.000,true,11.87,0.000,source=fused:fused;speedReason=OK;derived=0.00;locationGapMs=1050;callbackGapMs=1050;fusion=GPS_IMU
LOCATION,1790578567637,29.6572617,52.5049817,239.000,true,12.11,0.000,source=fused:fused;speedReason=OK;derived=0.00;locationGapMs=964;callbackGapMs=964;fusion=GPS_IMU
LOCATION,1790578568622,29.6572617,52.5049817,239.000,true,12.35,0.000,source=fused:fused;speedReason=OK;derived=0.00;locationGapMs=987;callbackGapMs=987;fusion=GPS_IMU
LOCATION,1790578569604,29.6572433,52.5049467,243.000,true,10.80,0.000,source=fused:fused;speedReason=OK;derived=0.00;locationGapMs=983;callbackGapMs=983;fusion=GPS_IMU
LOCATION,1790578570602,29.6572233,52.5049150,238.000,true,8.70,1.034,source=fused:fused;speedReason=OK;derived=13.64;locationGapMs=999;callbackGapMs=999;fusion=GPS_IMU
LOCATION,1790578571600,29.6571950,52.5048683,235.000,true,7.02,2.704,source=fused:fused;speedReason=OK;derived=14.48;locationGapMs=998;callbackGapMs=998;fusion=GPS_IMU
LOCATION,1790578572579,29.6571650,52.5048167,235.000,true,5.32,4.280,source=fused:fused;speedReason=OK;derived=19.85;locationGapMs=976;callbackGapMs=976;fusion=GPS_IMU
LOCATION,1790578573575,29.6571233,52.5047533,234.000,true,3.53,6.291,source=fused:fused;speedReason=OK;derived=22.14;locationGapMs=999;callbackGapMs=999;fusion=GPS_IMU
LOCATION,1790578574577,29.6570817,52.5046900,235.000,true,1.67,7.579,source=fused:fused;speedReason=OK;derived=27.53;locationGapMs=1003;callbackGapMs=1003;fusion=GPS_IMU
LOCATION,1790578575589,29.6570417,52.5046267,236.000,true,1.70,8.959,source=fused:fused;speedReason=OK;derived=27.53;locationGapMs=1013;callbackGapMs=1013;fusion=GPS_IMU
LOCATION,1790578576611,29.6570017,52.5045650,235.000,true,1.72,10.440,source=fused:fused;speedReason=OK;derived=26.88;locationGapMs=1019;callbackGapMs=1019;fusion=GPS_IMU
LOCATION,1790578577630,29.6569617,52.5044967,235.000,true,1.68,11.976,source=fused:fused;speedReason=OK;derived=26.88;locationGapMs=1012;callbackGapMs=1012;fusion=GPS_IMU
LOCATION,1790578578611,29.6569250,52.5044200,239.000,true,1.66,13.700,source=fused:fused;speedReason=OK;derived=28.32;locationGapMs=988;callbackGapMs=988;fusion=GPS_IMU
LOCATION,1790578579606,29.6568850,52.5043400,240.000,true,1.64,15.981,source=fused:fused;speedReason=OK;derived=30.85;locationGapMs=997;callbackGapMs=997;fusion=GPS_IMU
LOCATION,1790578580634,29.6568483,52.5042550,241.000,true,1.62,18.877,source=fused:fused;speedReason=OK;derived=32.23;locationGapMs=1025;callbackGapMs=1025;fusion=GPS_IMU
LOCATION,1790578581599,29.6568100,52.5041650,241.000,true,1.60,21.128,source=fused:fused;speedReason=OK;derived=32.24;locationGapMs=966;callbackGapMs=966;fusion=GPS_IMU
LOCATION,1790578582636,29.6567700,52.5040733,241.000,true,1.56,23.020,source=fused:fused;speedReason=OK;derived=34.62;locationGapMs=1032;callbackGapMs=1032;fusion=GPS_IMU
LOCATION,1790578583634,29.6567283,52.5039800,241.000,true,1.54,24.601,source=fused:fused;speedReason=OK;derived=36.12;locationGapMs=1001;callbackGapMs=1001;fusion=GPS_IMU
LOCATION,1790578584684,29.6566833,52.5038850,240.000,true,1.52,25.861,source=fused:fused;speedReason=OK;derived=35.81;locationGapMs=1052;callbackGapMs=1052;fusion=GPS_IMU
LOCATION,1790578585636,29.6566383,52.5037917,241.000,true,1.52,26.908,source=fused:fused;speedReason=OK;derived=36.49;locationGapMs=951;callbackGapMs=951;fusion=GPS_IMU
LOCATION,1790578586638,29.6565950,52.5037000,240.000,true,1.50,27.798,source=fused:fused;speedReason=OK;derived=36.15;locationGapMs=1005;callbackGapMs=1005;fusion=GPS_IMU
LOCATION,1790578587628,29.6565517,52.5036083,241.000,true,1.50,28.523,source=fused:fused;speedReason=OK;derived=36.85;locationGapMs=986;callbackGapMs=986;fusion=GPS_IMU
LOCATION,1790578588636,29.6565117,52.5035167,243.000,true,1.50,28.873,source=fused:fused;speedReason=OK;derived=36.15;locationGapMs=1004;callbackGapMs=1004;fusion=GPS_IMU
LOCATION,1790578589636,29.6564700,52.5034233,243.000,true,1.50,29.352,source=fused:fused;speedReason=OK;derived=36.41;locationGapMs=1004;callbackGapMs=1004;fusion=GPS_IMU
LOCATION,1790578590696,29.6564317,52.5033283,245.000,true,1.50,29.722,source=fused:fused;speedReason=OK;derived=35.55;locationGapMs=1061;callbackGapMs=1061;fusion=GPS_IMU
LOCATION,1790578591607,29.6563933,52.5032350,246.000,true,1.50,30.059,source=fused:fused;speedReason=OK;derived=36.41;locationGapMs=912;callbackGapMs=912;fusion=GPS_IMU
LOCATION,1790578592624,29.6563567,52.5031450,246.000,true,1.50,30.430,source=fused:fused;speedReason=OK;derived=34.37;locationGapMs=1017;callbackGapMs=1017;fusion=GPS_IMU
LOCATION,1790578593610,29.6563233,52.5030550,247.000,true,1.50,30.704,source=fused:fused;speedReason=OK;derived=34.57;locationGapMs=986;callbackGapMs=986;fusion=GPS_IMU
LOCATION,1790578594639,29.6562950,52.5029750,250.000,true,1.48,30.743,source=fused:fused;speedReason=OK;derived=34.02;locationGapMs=1022;callbackGapMs=1022;fusion=GPS_IMU
LOCATION,1790578595639,29.6562717,52.5029033,251.000,true,1.46,30.605,source=fused:fused;speedReason=OK;derived=29.44;locationGapMs=1005;callbackGapMs=1005;fusion=GPS_IMU
LOCATION,1790578596618,29.6562450,52.5028433,233.000,true,1.44,30.302,source=fused:fused;speedReason=OK;derived=26.53;locationGapMs=981;callbackGapMs=981;fusion=GPS_IMU
LOCATION,1790578597632,29.6562033,52.5027983,215.000,true,1.44,30.077,source=fused:fused;speedReason=OK;derived=23.92;locationGapMs=1013;callbackGapMs=1013;fusion=GPS_IMU
LOCATION,1790578598642,29.6561483,52.5027700,196.000,true,1.44,29.891,source=fused:fused;speedReason=OK;derived=23.85;locationGapMs=1009;callbackGapMs=1009;fusion=GPS_IMU
LOCATION,1790578599622,29.6560867,52.5027617,183.000,true,1.46,29.770,source=fused:fused;speedReason=OK;derived=23.85;locationGapMs=983;callbackGapMs=983;fusion=GPS_IMU
LOCATION,1790578600635,29.6560250,52.5027767,166.000,true,1.48,29.700,source=fused:fused;speedReason=OK;derived=25.04;locationGapMs=1005;callbackGapMs=1005;fusion=GPS_IMU
LOCATION,1790578601688,29.6559717,52.5028250,146.000,true,1.56,29.604,source=fused:fused;speedReason=OK;derived=25.18;locationGapMs=1060;callbackGapMs=1060;fusion=GPS_IMU
LOCATION,1790578602643,29.6559217,52.5028933,132.000,true,1.60,29.510,source=fused:fused;speedReason=OK;derived=25.59;locationGapMs=952;callbackGapMs=952;fusion=GPS_IMU
LOCATION,1790578603640,29.6558717,52.5029750,129.000,true,1.62,29.427,source=fused:fused;speedReason=OK;derived=32.63;locationGapMs=998;callbackGapMs=998;fusion=GPS_IMU
LOCATION,1790578604596,29.6558117,52.5030533,131.000,true,1.63,29.541,source=fused:fused;speedReason=OK;derived=34.84;locationGapMs=959;callbackGapMs=959;fusion=GPS_IMU
LOCATION,1790578605584,29.6557467,52.5031350,136.000,true,1.65,29.755,source=fused:fused;speedReason=OK;derived=37.86;locationGapMs=988;callbackGapMs=988;fusion=GPS_IMU
LOCATION,1790578606600,29.6556700,52.5032200,139.000,true,1.65,30.063,source=fused:fused;speedReason=OK;derived=38.99;locationGapMs=1015;callbackGapMs=1015;fusion=GPS_IMU
LOCATION,1790578607701,29.6555867,52.5033067,141.000,true,1.62,30.738,source=fused:fused;speedReason=OK;derived=40.88;locationGapMs=1099;callbackGapMs=1099;fusion=GPS_IMU
LOCATION,1790578608641,29.6554967,52.5033883,144.000,true,1.58,31.659,source=fused:fused;speedReason=OK;derived=41.97;locationGapMs=938;callbackGapMs=938;fusion=GPS_IMU
LOCATION,1790578609638,29.6554083,52.5034650,145.000,true,1.54,32.347,source=fused:fused;speedReason=OK;derived=44.35;locationGapMs=998;callbackGapMs=998;fusion=GPS_IMU
LOCATION,1790578610630,29.6553133,52.5035467,143.000,true,1.52,32.877,source=fused:fused;speedReason=OK;derived=47.65;locationGapMs=995;callbackGapMs=995;fusion=GPS_IMU
LOCATION,1790578611571,29.6552167,52.5036350,142.000,true,1.52,33.419,source=fused:fused;speedReason=OK;derived=47.65;locationGapMs=942;callbackGapMs=942;fusion=GPS_IMU
LOCATION,1790578612571,29.6551133,52.5037317,140.000,true,1.50,34.010,source=fused:fused;speedReason=OK;derived=52.36;locationGapMs=997;callbackGapMs=997;fusion=GPS_IMU
LOCATION,1790578613573,29.6550083,52.5038350,138.000,true,1.50,34.441,source=fused:fused;speedReason=OK;derived=53.44;locationGapMs=1004;callbackGapMs=1004;fusion=GPS_IMU
LOCATION,1790578614600,29.6548983,52.5039400,137.000,true,1.52,34.858,source=fused:fused;speedReason=OK;derived=55.02;locationGapMs=1027;callbackGapMs=1027;fusion=GPS_IMU
LOCATION,1790578615609,29.6548017,52.5040517,133.000,true,1.53,35.410,source=fused:fused;speedReason=OK;derived=55.02;locationGapMs=1012;callbackGapMs=1012;fusion=GPS_IMU
LOCATION,1790578616589,29.6547100,52.5041683,133.000,true,1.56,35.972,source=fused:fused;speedReason=OK;derived=55.65;locationGapMs=978;callbackGapMs=978;fusion=GPS_IMU
LOCATION,1790578617585,29.6546133,52.5042850,132.000,true,1.58,36.400,source=fused:fused;speedReason=OK;derived=55.92;locationGapMs=996;callbackGapMs=996;fusion=GPS_IMU
LOCATION,1790578618590,29.6545250,52.5044033,130.000,true,1.60,36.954,source=fused:fused;speedReason=OK;derived=55.92;locationGapMs=1005;callbackGapMs=1005;fusion=GPS_IMU
LOCATION,1790578619587,29.6544367,52.5045217,129.000,true,1.60,37.262,source=fused:fused;speedReason=OK;derived=54.37;locationGapMs=998;callbackGapMs=998;fusion=GPS_IMU
LOCATION,1790578620595,29.6543533,52.5046383,129.000,true,1.62,37.716,source=fused:fused;speedReason=OK;derived=53.97;locationGapMs=1005;callbackGapMs=1005;fusion=GPS_IMU
LOCATION,1790578621591,29.6542717,52.5047583,128.000,true,1.62,38.156,source=fused:fused;speedReason=OK;derived=53.17;locationGapMs=997;callbackGapMs=997;fusion=GPS_IMU
LOCATION,1790578622606,29.6541950,52.5048800,126.000,true,1.62,38.861,source=fused:fused;speedReason=OK;derived=52.27;locationGapMs=1012;callbackGapMs=1012;fusion=GPS_IMU
LOCATION,1790578623569,29.6541250,52.5050000,124.000,true,1.60,39.342,source=fused:fused;speedReason=OK;derived=51.96;locationGapMs=968;callbackGapMs=968;fusion=GPS_IMU
LOCATION,1790578624613,29.6540567,52.5051183,124.000,true,1.58,39.851,source=fused:fused;speedReason=OK;derived=51.69;locationGapMs=1043;callbackGapMs=1043;fusion=GPS_IMU
LOCATION,1790578625614,29.6539883,52.5052383,121.000,true,1.54,40.336,source=fused:fused;speedReason=OK;derived=50.09;locationGapMs=997;callbackGapMs=997;fusion=GPS_IMU
LOCATION,1790578626591,29.6539267,52.5053617,120.000,true,1.52,40.662,source=fused:fused;speedReason=OK;derived=50.09;locationGapMs=980;callbackGapMs=980;fusion=GPS_IMU
LOCATION,1790578627616,29.6538650,52.5054833,119.000,true,1.50,40.977,source=fused:fused;speedReason=OK;derived=50.09;locationGapMs=1021;callbackGapMs=1021;fusion=GPS_IMU
LOCATION,1790578628571,29.6538033,52.5056083,120.000,true,1.50,41.282,source=fused:fused;speedReason=OK;derived=50.55;locationGapMs=961;callbackGapMs=961;fusion=GPS_IMU
LOCATION,1790578629568,29.6537383,52.5057333,120.000,true,1.50,41.585,source=fused:fused;speedReason=OK;derived=50.81;locationGapMs=998;callbackGapMs=998;fusion=GPS_IMU
LOCATION,1790578630580,29.6536767,52.5058583,120.000,true,1.52,41.845,source=fused:fused;speedReason=OK;derived=50.81;locationGapMs=1012;callbackGapMs=1012;fusion=GPS_IMU
LOCATION,1790578631620,29.6536133,52.5059850,120.000,true,1.54,42.154,source=fused:fused;speedReason=OK;derived=49.43;locationGapMs=1036;callbackGapMs=1036;fusion=GPS_IMU
LOCATION,1790578632600,29.6535483,52.5061150,119.000,true,1.55,42.582,source=fused:fused;speedReason=OK;derived=49.43;locationGapMs=981;callbackGapMs=981;fusion=GPS_IMU
LOCATION,1790578633600,29.6534833,52.5062450,119.000,true,1.56,42.925,source=fused:fused;speedReason=OK;derived=52.26;locationGapMs=999;callbackGapMs=999;fusion=GPS_IMU
LOCATION,1790578634580,29.6534167,52.5063767,120.000,true,1.56,43.330,source=fused:fused;speedReason=OK;derived=53.22;locationGapMs=981;callbackGapMs=981;fusion=GPS_IMU
LOCATION,1790578635605,29.6533500,52.5065083,119.000,true,1.54,43.724,source=fused:fused;speedReason=OK;derived=52.26;locationGapMs=1026;callbackGapMs=1026;fusion=GPS_IMU
LOCATION,1790578636581,29.6532833,52.5066383,120.000,true,1.55,43.983,source=fused:fused;speedReason=OK;derived=53.90;locationGapMs=975;callbackGapMs=975;fusion=GPS_IMU
LOCATION,1790578637636,29.6532167,52.5067650,122.000,true,1.54,44.234,source=fused:fused;speedReason=OK;derived=51.69;locationGapMs=1048;callbackGapMs=1048;fusion=GPS_IMU
LOCATION,1790578638581,29.6531483,52.5068933,121.000,true,1.55,44.562,source=fused:fused;speedReason=OK;derived=53.90;locationGapMs=952;callbackGapMs=952;fusion=GPS_IMU
LOCATION,1790578639572,29.6530817,52.5070183,121.000,true,1.57,44.849,source=fused:fused;speedReason=OK;derived=51.55;locationGapMs=990;callbackGapMs=990;fusion=GPS_IMU
LOCATION,1790578640600,29.6530167,52.5071417,120.000,true,1.58,45.122,source=fused:fused;speedReason=OK;derived=51.55;locationGapMs=1031;callbackGapMs=1031;fusion=GPS_IMU
LOCATION,1790578641567,29.6529517,52.5072650,119.000,true,1.60,45.245,source=fused:fused;speedReason=OK;derived=51.55;locationGapMs=966;callbackGapMs=966;fusion=GPS_IMU
LOCATION,1790578642592,29.6528883,52.5073883,119.000,true,1.60,45.414,source=fused:fused;speedReason=OK;derived=48.72;locationGapMs=1024;callbackGapMs=1024;fusion=GPS_IMU
LOCATION,1790578643594,29.6528267,52.5075083,119.000,true,1.60,45.571,source=fused:fused;speedReason=OK;derived=48.70;locationGapMs=999;callbackGapMs=999;fusion=GPS_IMU
LOCATION,1790578644594,29.6527650,52.5076233,120.000,true,1.60,45.618,source=fused:fused;speedReason=OK;derived=48.56;locationGapMs=1000;callbackGapMs=1000;fusion=GPS_IMU
LOCATION,1790578645581,29.6527067,52.5077400,120.000,true,1.58,45.673,source=fused:fused;speedReason=OK;derived=47.28;locationGapMs=991;callbackGapMs=991;fusion=GPS_IMU
LOCATION,1790578646596,29.6526483,52.5078550,120.000,true,1.56,45.736,source=fused:fused;speedReason=OK;derived=47.04;locationGapMs=1013;callbackGapMs=1013;fusion=GPS_IMU
LOCATION,1790578647613,29.6525917,52.5079700,120.000,true,1.52,45.810,source=fused:fused;speedReason=OK;derived=45.77;locationGapMs=1017;callbackGapMs=1017;fusion=GPS_IMU
LOCATION,1790578648626,29.6525333,52.5080833,120.000,true,1.48,45.837,source=fused:fused;speedReason=OK;derived=45.49;locationGapMs=1008;callbackGapMs=1008;fusion=GPS_IMU
LOCATION,1790578649595,29.6524733,52.5081950,121.000,true,1.47,45.838,source=fused:fused;speedReason=OK;derived=45.49;locationGapMs=972;callbackGapMs=972;fusion=GPS_IMU
LOCATION,1790578650592,29.6524150,52.5083067,119.000,true,1.42,45.832,source=fused:fused;speedReason=OK;derived=45.49;locationGapMs=1000;callbackGapMs=1000;fusion=GPS_IMU
LOCATION,1790578651597,29.6523583,52.5084200,119.000,true,1.42,45.794,source=fused:fused;speedReason=OK;derived=45.35;locationGapMs=1006;callbackGapMs=1006;fusion=GPS_IMU
LOCATION,1790578652579,29.6523033,52.5085317,120.000,true,1.40,45.757,source=fused:fused;speedReason=OK;derived=45.35;locationGapMs=982;callbackGapMs=982;fusion=GPS_IMU
LOCATION,1790578653592,29.6522467,52.5086400,120.000,true,1.42,45.702,source=fused:fused;speedReason=OK;derived=45.24;locationGapMs=1013;callbackGapMs=1013;fusion=GPS_IMU
LOCATION,1790578654590,29.6521917,52.5087517,119.000,true,1.44,45.652,source=fused:fused;speedReason=OK;derived=44.87;locationGapMs=996;callbackGapMs=996;fusion=GPS_IMU
LOCATION,1790578655609,29.6521367,52.5088617,118.000,true,1.46,45.592,source=fused:fused;speedReason=OK;derived=43.48;locationGapMs=1016;callbackGapMs=1016;fusion=GPS_IMU
LOCATION,1790578656584,29.6520817,52.5089683,121.000,true,1.47,45.460,source=fused:fused;speedReason=OK;derived=44.03;locationGapMs=980;callbackGapMs=980;fusion=GPS_IMU
LOCATION,1790578657596,29.6520267,52.5090767,120.000,true,1.50,45.356,source=fused:fused;speedReason=OK;derived=43.48;locationGapMs=1010;callbackGapMs=1010;fusion=GPS_IMU
LOCATION,1790578658614,29.6519700,52.5091850,121.000,true,1.50,45.256,source=fused:fused;speedReason=OK;derived=43.32;locationGapMs=1016;callbackGapMs=1016;fusion=GPS_IMU
LOCATION,1790578659611,29.6519150,52.5092950,120.000,true,1.50,45.177,source=fused:fused;speedReason=OK;derived=43.32;locationGapMs=998;callbackGapMs=998;fusion=GPS_IMU
LOCATION,1790578660599,29.6518617,52.5094017,118.000,true,1.50,45.025,source=fused:fused;speedReason=OK;derived=43.36;locationGapMs=988;callbackGapMs=988;fusion=GPS_IMU
LOCATION,1790578661612,29.6518083,52.5095100,119.000,true,1.50,44.887,source=fused:fused;speedReason=OK;derived=43.36;locationGapMs=1010;callbackGapMs=1010;fusion=GPS_IMU
LOCATION,1790578662617,29.6517567,52.5096167,119.000,true,1.50,44.762,source=fused:fused;speedReason=OK;derived=42.92;locationGapMs=1011;callbackGapMs=1011;fusion=GPS_IMU
LOCATION,1790578663578,29.6517017,52.5097250,120.000,true,1.50,44.645,source=fused:fused;speedReason=OK;derived=42.92;locationGapMs=961;callbackGapMs=961;fusion=GPS_IMU
LOCATION,1790578664593,29.6516467,52.5098300,119.000,true,1.50,44.590,source=fused:fused;speedReason=OK;derived=42.09;locationGapMs=1014;callbackGapMs=1014;fusion=GPS_IMU
LOCATION,1790578665619,29.6515900,52.5099333,122.000,true,1.50,44.475,source=fused:fused;speedReason=OK;derived=42.09;locationGapMs=1019;callbackGapMs=1019;fusion=GPS_IMU
LOCATION,1790578666608,29.6515317,52.5100350,123.000,true,1.50,44.367,source=fused:fused;speedReason=OK;derived=42.09;locationGapMs=995;callbackGapMs=995;fusion=GPS_IMU
LOCATION,1790578667611,29.6514750,52.5101383,121.000,true,1.50,44.269,source=fused:fused;speedReason=OK;derived=42.31;locationGapMs=1005;callbackGapMs=1005;fusion=GPS_IMU
LOCATION,1790578668574,29.6514167,52.5102433,121.000,true,1.50,44.160,source=fused:fused;speedReason=OK;derived=42.61;locationGapMs=962;callbackGapMs=962;fusion=GPS_IMU
LOCATION,1790578669595,29.6513617,52.5103483,120.000,true,1.48,44.082,source=fused:fused;speedReason=OK;derived=42.31;locationGapMs=1019;callbackGapMs=1019;fusion=GPS_IMU
LOCATION,1790578670605,29.6513083,52.5104533,119.000,true,1.47,44.021,source=fused:fused;speedReason=OK;derived=41.89;locationGapMs=1011;callbackGapMs=1011;fusion=GPS_IMU
LOCATION,1790578671595,29.6512550,52.5105583,119.000,true,1.45,43.902,source=fused:fused;speedReason=OK;derived=41.89;locationGapMs=989;callbackGapMs=989;fusion=GPS_IMU
LOCATION,1790578672569,29.6512033,52.5106650,120.000,true,1.43,43.763,source=fused:fused;speedReason=OK;derived=42.80;locationGapMs=977;callbackGapMs=977;fusion=GPS_IMU
LOCATION,1790578673567,29.6511500,52.5107700,119.000,true,1.40,43.662,source=fused:fused;speedReason=OK;derived=42.80;locationGapMs=998;callbackGapMs=998;fusion=GPS_IMU
LOCATION,1790578674602,29.6510983,52.5108800,119.000,true,1.40,43.571,source=fused:fused;speedReason=OK;derived=42.42;locationGapMs=1033;callbackGapMs=1033;fusion=GPS_IMU
LOCATION,1790578675609,29.6510483,52.5109900,118.000,true,1.40,43.502,source=fused:fused;speedReason=OK;derived=42.42;locationGapMs=1009;callbackGapMs=1009;fusion=GPS_IMU
LOCATION,1790578676617,29.6509933,52.5111000,119.000,true,1.40,43.486,source=fused:fused;speedReason=OK;derived=42.84;locationGapMs=1003;callbackGapMs=1003;fusion=GPS_IMU
LOCATION,1790578677610,29.6509350,52.5112117,119.000,true,1.40,43.592,source=fused:fused;speedReason=OK;derived=44.05;locationGapMs=997;callbackGapMs=997;fusion=GPS_IMU
LOCATION,1790578678633,29.6508783,52.5113233,119.000,true,1.40,43.688,source=fused:fused;speedReason=OK;derived=44.05;locationGapMs=1023;callbackGapMs=1023;fusion=GPS_IMU
LOCATION,1790578679584,29.6508217,52.5114367,121.000,true,1.40,43.833,source=fused:fused;speedReason=OK;derived=45.49;locationGapMs=951;callbackGapMs=951;fusion=GPS_IMU
LOCATION,1790578680609,29.6507617,52.5115517,121.000,true,1.40,43.992,source=fused:fused;speedReason=OK;derived=45.60;locationGapMs=1024;callbackGapMs=1024;fusion=GPS_IMU
LOCATION,1790578681568,29.6507017,52.5116650,122.000,true,1.40,44.141,source=fused:fused;speedReason=OK;derived=47.87;locationGapMs=961;callbackGapMs=961;fusion=GPS_IMU
LOCATION,1790578682574,29.6506383,52.5117783,122.000,true,1.40,44.314,source=fused:fused;speedReason=OK;derived=46.71;locationGapMs=1004;callbackGapMs=1004;fusion=GPS_IMU
LOCATION,1790578683568,29.6505750,52.5118917,121.000,true,1.40,44.443,source=fused:fused;speedReason=OK;derived=47.14;locationGapMs=995;callbackGapMs=995;fusion=GPS_IMU
LOCATION,1790578684591,29.6505167,52.5120017,122.000,true,1.40,44.585,source=fused:fused;speedReason=OK;derived=46.71;locationGapMs=1026;callbackGapMs=1026;fusion=GPS_IMU
LOCATION,1790578685611,29.6504583,52.5121083,121.000,true,1.40,44.623,source=fused:fused;speedReason=OK;derived=43.71;locationGapMs=1017;callbackGapMs=1017;fusion=GPS_IMU
LOCATION,1790578686601,29.6503983,52.5122167,122.000,true,1.40,44.651,source=fused:fused;speedReason=OK;derived=43.71;locationGapMs=990;callbackGapMs=990;fusion=GPS_IMU
LOCATION,1790578687585,29.6503383,52.5123267,120.000,true,1.40,44.694,source=fused:fused;speedReason=OK;derived=45.18;locationGapMs=986;callbackGapMs=986;fusion=GPS_IMU
LOCATION,1790578688567,29.6502767,52.5124433,119.000,true,1.40,44.848,source=fused:fused;speedReason=OK;derived=45.85;locationGapMs=982;callbackGapMs=982;fusion=GPS_IMU
LOCATION,1790578689572,29.6502167,52.5125617,118.000,true,1.42,44.910,source=fused:fused;speedReason=OK;derived=47.52;locationGapMs=1004;callbackGapMs=1004;fusion=GPS_IMU
LOCATION,1790578690578,29.6501583,52.5126800,120.000,true,1.45,45.041,source=fused:fused;speedReason=OK;derived=47.52;locationGapMs=1007;callbackGapMs=1007;fusion=GPS_IMU
LOCATION,1790578691840,29.6500983,52.5127983,119.000,true,1.47,45.101,source=fused:fused;speedReason=OK;derived=47.16;locationGapMs=1011;callbackGapMs=1011;fusion=GPS_IMU
LOCATION,1790578692582,29.6500367,52.5129200,118.000,true,1.48,45.311,source=fused:fused;speedReason=OK;derived=47.16;locationGapMs=991;callbackGapMs=991;fusion=GPS_IMU
LOCATION,1790578693588,29.6499783,52.5130417,119.000,true,1.52,45.419,source=fused:fused;speedReason=OK;derived=48.06;locationGapMs=1007;callbackGapMs=1007;fusion=GPS_IMU
LOCATION,1790578694598,29.6499183,52.5131633,120.000,true,1.52,45.543,source=fused:fused;speedReason=OK;derived=48.15;locationGapMs=1011;callbackGapMs=1011;fusion=GPS_IMU
LOCATION,1790578695590,29.6498567,52.5132850,120.000,true,1.50,45.760,source=fused:fused;speedReason=OK;derived=48.15;locationGapMs=990;callbackGapMs=990;fusion=GPS_IMU
LOCATION,1790578696564,29.6497917,52.5134050,122.000,true,1.50,45.856,source=fused:fused;speedReason=OK;derived=49.52;locationGapMs=977;callbackGapMs=977;fusion=GPS_IMU
LOCATION,1790578697649,29.6497250,52.5135217,123.000,true,1.50,41.891,source=fused:fused;speedReason=OK;derived=49.52;locationGapMs=1083;callbackGapMs=1083;fusion=GPS_IMU
LOCATION,1790578698590,29.6496600,52.5136367,122.000,true,1.50,31.905,source=fused:fused;speedReason=OK;derived=50.38;locationGapMs=941;callbackGapMs=941;fusion=GPS_IMU
LOCATION,1790578699588,29.6495933,52.5137500,125.000,true,1.50,29.981,source=fused:fused;speedReason=OK;derived=47.72;locationGapMs=998;callbackGapMs=998;fusion=GPS_IMU
LOCATION,1790578700582,29.6495267,52.5138583,125.000,true,1.50,27.082,source=fused:fused;speedReason=OK;derived=47.72;locationGapMs=994;callbackGapMs=994;fusion=GPS_IMU
LOCATION,1790578701577,29.6494567,52.5139667,126.000,true,1.50,22.787,source=fused:fused;speedReason=OK;derived=47.22;locationGapMs=995;callbackGapMs=995;fusion=GPS_IMU
LOCATION,1790578702609,29.6493833,52.5140717,130.000,true,1.50,25.424,source=fused:fused;speedReason=OK;derived=46.45;locationGapMs=1031;callbackGapMs=1031;fusion=GPS_IMU
LOCATION,1790578703580,29.6493050,52.5141750,129.000,true,1.50,18.382,source=fused:fused;speedReason=OK;derived=47.22;locationGapMs=972;callbackGapMs=972;fusion=GPS_IMU
LOCATION,1790578704580,29.6492283,52.5142750,132.000,true,1.50,26.709,source=fused:fused;speedReason=OK;derived=46.39;locationGapMs=1000;callbackGapMs=1000;fusion=GPS_IMU
LOCATION,1790578705609,29.6491483,52.5143717,134.000,true,1.50,22.294,source=fused:fused;speedReason=OK;derived=46.39;locationGapMs=1028;callbackGapMs=1028;fusion=GPS_IMU
LOCATION,1790578706588,29.6490633,52.5144617,136.000,true,1.50,23.409,source=fused:fused;speedReason=OK;derived=46.39;locationGapMs=980;callbackGapMs=980;fusion=GPS_IMU
LOCATION,1790578707626,29.6489783,52.5145533,138.000,true,1.50,23.226,source=fused:fused;speedReason=OK;derived=45.16;locationGapMs=1038;callbackGapMs=1038;fusion=GPS_IMU
LOCATION,1790578708625,29.6488933,52.5146350,141.000,true,1.50,22.936,source=fused:fused;speedReason=OK;derived=44.88;locationGapMs=998;callbackGapMs=998;fusion=GPS_IMU
LOCATION,1790578709635,29.6488017,52.5147100,148.000,true,1.50,20.012,source=fused:fused;speedReason=OK;derived=44.76;locationGapMs=1004;callbackGapMs=1004;fusion=GPS_IMU
LOCATION,1790578710626,29.6487100,52.5147600,156.000,true,1.50,21.290,source=fused:fused;speedReason=OK;derived=44.38;locationGapMs=991;callbackGapMs=991;fusion=GPS_IMU
LOCATION,1790578711627,29.6486267,52.5147933,165.000,true,1.50,17.367,source=fused:fused;speedReason=OK;derived=40.90;locationGapMs=1006;callbackGapMs=1006;fusion=GPS_IMU
LOCATION,1790578712627,29.6485483,52.5148117,169.000,true,1.50,15.142,source=fused:fused;speedReason=OK;derived=35.00;locationGapMs=999;callbackGapMs=999;fusion=GPS_IMU
LOCATION,1790578713627,29.6484833,52.5148200,171.000,true,1.50,12.889,source=fused:fused;speedReason=OK;derived=31.97;locationGapMs=1001;callbackGapMs=1001;fusion=GPS_IMU
LOCATION,1790578714625,29.6484250,52.5148267,166.000,true,1.50,11.203,source=fused:fused;speedReason=OK;derived=26.07;locationGapMs=999;callbackGapMs=999;fusion=GPS_IMU
LOCATION,1790578715703,29.6483700,52.5148383,157.000,true,1.50,8.159,source=fused:fused;speedReason=OK;derived=23.40;locationGapMs=1066;callbackGapMs=1066;fusion=GPS_IMU
LOCATION,1790578716635,29.6483167,52.5148667,149.000,true,1.50,7.750,source=fused:fused;speedReason=OK;derived=23.40;locationGapMs=941;callbackGapMs=941;fusion=GPS_IMU
LOCATION,1790578717631,29.6482767,52.5149050,132.000,true,1.52,6.920,source=fused:fused;speedReason=OK;derived=20.94;locationGapMs=999;callbackGapMs=999;fusion=GPS_IMU
LOCATION,1790578718626,29.6482483,52.5149600,118.000,true,1.53,7.182,source=fused:fused;speedReason=OK;derived=22.40;locationGapMs=994;callbackGapMs=994;fusion=GPS_IMU
LOCATION,1790578719909,29.6482417,52.5150267,98.000,true,1.58,7.391,source=fused:fused;speedReason=OK;derived=22.40;locationGapMs=1007;callbackGapMs=1007;fusion=GPS_IMU
LOCATION,1790578720617,29.6482450,52.5150983,92.000,true,1.60,9.907,source=fused:fused;speedReason=OK;derived=23.24;locationGapMs=985;callbackGapMs=985;fusion=GPS_IMU
LOCATION,1790578721696,29.6482517,52.5151700,93.000,true,1.63,8.224,source=fused:fused;speedReason=OK;derived=23.49;locationGapMs=1070;callbackGapMs=1070;fusion=GPS_IMU
LOCATION,1790578722622,29.6482617,52.5152450,83.000,true,1.67,12.812,source=fused:fused;speedReason=OK;derived=25.37;locationGapMs=936;callbackGapMs=936;fusion=GPS_IMU
LOCATION,1790578723922,29.6482867,52.5153167,67.000,true,1.67,16.958,source=fused:fused;speedReason=OK;derived=26.91;locationGapMs=1000;callbackGapMs=1000;fusion=GPS_IMU
LOCATION,1790578724625,29.6483217,52.5153750,49.000,true,1.67,23.601,source=fused:fused;speedReason=OK;derived=26.91;locationGapMs=1001;callbackGapMs=1001;fusion=GPS_IMU
LOCATION,1790578725633,29.6483700,52.5154133,30.000,true,1.62,30.507,source=fused:fused;speedReason=OK;derived=24.63;locationGapMs=1009;callbackGapMs=1009;fusion=GPS_IMU
LOCATION,1790578726628,29.6484217,52.5154400,19.000,true,1.58,36.219,source=fused:fused;speedReason=OK;derived=23.24;locationGapMs=992;callbackGapMs=992;fusion=GPS_IMU
LOCATION,1790578727715,29.6484733,52.5154567,12.000,true,1.54,43.147,source=fused:fused;speedReason=OK;derived=22.82;locationGapMs=1076;callbackGapMs=1076;fusion=GPS_IMU
LOCATION,1790578728620,29.6485250,52.5154683,7.000,true,1.55,49.284,source=fused:fused;speedReason=OK;derived=22.82;locationGapMs=918;callbackGapMs=918;fusion=GPS_IMU
LOCATION,1790578729635,29.6485800,52.5154750,2.000,true,1.54,53.054,source=fused:fused;speedReason=OK;derived=21.77;locationGapMs=1014;callbackGapMs=1014;fusion=GPS_IMU
LOCATION,1790578730925,29.6486317,52.5154800,0.000,true,1.56,57.176,source=fused:fused;speedReason=OK;derived=21.77;locationGapMs=1291;callbackGapMs=1291;fusion=GPS_IMU
LOCATION,1790578731625,29.6486800,52.5154800,356.000,true,1.57,57.294,source=fused:fused;speedReason=OK;derived=21.77;locationGapMs=697;callbackGapMs=697;fusion=GPS_IMU
LOCATION,1790578732628,29.6487250,52.5154750,354.000,true,1.57,55.671,source=fused:fused;speedReason=OK;derived=17.93;locationGapMs=1006;callbackGapMs=1006;fusion=GPS_IMU
LOCATION,1790578733805,29.6487567,52.5154650,341.000,true,1.58,56.025,source=fused:fused;speedReason=OK;derived=17.93;locationGapMs=1157;callbackGapMs=1157;fusion=GPS_IMU
LOCATION,1790578734620,29.6487800,52.5154517,330.000,true,1.58,44.109,source=fused:fused;speedReason=OK;derived=12.43;locationGapMs=836;callbackGapMs=836;fusion=GPS_IMU
LOCATION,1790578735616,29.6487983,52.5154350,318.000,true,1.58,41.363,source=fused:fused;speedReason=OK;derived=11.34;locationGapMs=995;callbackGapMs=995;fusion=GPS_IMU
LOCATION,1790578736624,29.6488167,52.5154150,307.000,true,1.58,41.243,source=fused:fused;speedReason=OK;derived=10.06;locationGapMs=1006;callbackGapMs=1006;fusion=GPS_IMU
LOCATION,1790578737624,29.6488283,52.5153917,289.000,true,1.60,38.134,source=fused:fused;speedReason=OK;derived=9.39;locationGapMs=1003;callbackGapMs=1003;fusion=GPS_IMU
LOCATION,1790578738615,29.6488383,52.5153683,279.000,true,1.60,42.449,source=fused:fused;speedReason=OK;derived=9.32;locationGapMs=990;callbackGapMs=990;fusion=GPS_IMU
LOCATION,1790578739915,29.6488667,52.5153417,316.000,true,1.60,28.789,source=fused:fused;speedReason=OK;derived=9.32;locationGapMs=1017;callbackGapMs=1017;fusion=GPS_IMU
LOCATION,1790578740626,29.6488983,52.5153083,318.000,true,1.60,39.682,source=fused:fused;speedReason=OK;derived=14.40;locationGapMs=994;callbackGapMs=994;fusion=GPS_IMU
LOCATION,1790578741642,29.6489367,52.5152733,324.000,true,1.60,45.396,source=fused:fused;speedReason=OK;derived=17.27;locationGapMs=1007;callbackGapMs=1007;fusion=GPS_IMU
LOCATION,1790578742635,29.6489750,52.5152383,324.000,true,1.60,45.949,source=fused:fused;speedReason=OK;derived=19.45;locationGapMs=997;callbackGapMs=997;fusion=GPS_IMU
LOCATION,1790578743909,29.6490117,52.5152033,318.000,true,1.60,44.605,source=fused:fused;speedReason=OK;derived=19.45;locationGapMs=986;callbackGapMs=986;fusion=GPS_IMU
LOCATION,1790578744713,29.6490450,52.5151733,321.000,true,1.60,40.999,source=fused:fused;speedReason=OK;derived=19.33;locationGapMs=1090;callbackGapMs=1090;fusion=GPS_IMU
LOCATION,1790578745659,29.6490750,52.5151467,317.000,true,2.57,38.778,source=fused:fused;speedReason=OK;derived=15.87;locationGapMs=954;callbackGapMs=954;fusion=GPS_IMU
LOCATION,1790578746614,29.6491017,52.5151200,318.000,true,2.41,37.442,source=fused:fused;speedReason=OK;derived=15.51;locationGapMs=954;callbackGapMs=954;fusion=GPS_IMU
LOCATION,1790578747630,29.6491233,52.5150950,311.000,true,2.53,43.422,source=fused:fused;speedReason=OK;derived=14.83;locationGapMs=1015;callbackGapMs=1015;fusion=GPS_IMU
LOCATION,1790578748627,29.6491383,52.5150733,316.000,true,2.53,45.410,source=fused:fused;speedReason=OK;derived=12.08;locationGapMs=998;callbackGapMs=998;fusion=GPS_IMU
LOCATION,1790578749627,29.6491517,52.5150633,316.000,true,2.55,40.916,source=fused:fused;speedReason=OK;derived=9.67;locationGapMs=1000;callbackGapMs=1000;fusion=GPS_IMU
LOCATION,1790578750637,29.6491567,52.5150633,316.000,true,1.57,0.000,source=fused:fused;speedReason=OK;derived=6.38;locationGapMs=1003;callbackGapMs=1003;fusion=GPS_IMU
LOCATION,1790578751627,29.6491600,52.5150617,316.000,true,1.60,0.000,source=fused:fused;speedReason=OK;derived=1.99;locationGapMs=995;callbackGapMs=995;fusion=GPS_IMU
LOCATION,1790578752629,29.6491600,52.5150617,316.000,true,1.62,0.000,source=fused:fused;speedReason=OK;derived=1.44;locationGapMs=1005;callbackGapMs=1005;fusion=GPS_IMU
LOCATION,1790578753622,29.6491600,52.5150617,316.000,true,1.62,0.000,source=fused:fused;speedReason=OK;derived=0.00;locationGapMs=994;callbackGapMs=994;fusion=GPS_IMU
LOCATION,1790578754628,29.6491600,52.5150617,316.000,true,1.58,0.000,source=fused:fused;speedReason=OK;derived=0.00;locationGapMs=1003;callbackGapMs=1003;fusion=GPS_IMU
LOCATION,1790578755698,29.6491600,52.5150617,316.000,true,1.57,0.000,source=fused:fused;speedReason=OK;derived=0.00;locationGapMs=1065;callbackGapMs=1065;fusion=GPS_IMU
LOCATION,1790578756630,29.6491600,52.5150617,,false,1.54,0.000,source=fused:fused;speedReason=OK;derived=0.00;locationGapMs=942;callbackGapMs=942;fusion=GPS_IMU
LOCATION,1790578757627,29.6491600,52.5150617,,false,1.47,0.000,source=fused:fused;speedReason=OK;derived=0.00;locationGapMs=996;callbackGapMs=996;fusion=GPS_IMU
LOCATION,1790578758635,29.6491600,52.5150617,,false,1.36,0.000,source=fused:fused;speedReason=OK;derived=0.00;locationGapMs=1009;callbackGapMs=1009;fusion=GPS_IMU
LOCATION,1790578759614,29.6491600,52.5150617,,false,1.33,0.000,source=fused:fused;speedReason=OK;derived=0.00;locationGapMs=979;callbackGapMs=979;fusion=GPS_IMU
LOCATION,1790578760636,29.6491600,52.5150617,,false,1.26,0.000,source=fused:fused;speedReason=OK;derived=0.00;locationGapMs=1022;callbackGapMs=1022;fusion=GPS_IMU
LOCATION,1790578761630,29.6491600,52.5150617,,false,1.27,0.000,source=fused:fused;speedReason=OK;derived=0.00;locationGapMs=994;callbackGapMs=994;fusion=GPS_IMU
LOCATION,1790578762625,29.6491600,52.5150617,,false,1.26,0.000,source=fused:fused;speedReason=OK;derived=0.00;locationGapMs=995;callbackGapMs=995;fusion=GPS_IMU
LOCATION,1790578763627,29.6491600,52.5150617,,false,1.27,0.000,source=fused:fused;speedReason=OK;derived=0.00;locationGapMs=1002;callbackGapMs=1002;fusion=GPS_IMU
LOCATION,1790578764611,29.6491600,52.5150617,,false,1.30,0.000,source=fused:fused;speedReason=OK;derived=0.00;locationGapMs=984;callbackGapMs=984;fusion=GPS_IMU
LOCATION,1790578765563,29.6491600,52.5150617,,false,1.32,0.000,source=fused:fused;speedReason=OK;derived=0.00;locationGapMs=953;callbackGapMs=953;fusion=GPS_IMU
LOCATION_ONLY,1790578766417,29.6491600,52.5150617,,false,1.54,0.000,source=fused:fused;speedReason=NO_SPEED;derived=0.00;locationGapMs=854;callbackGapMs=854;fusion=GPS_IMU
LOCATION,1790578767574,29.6491600,52.5150617,,false,1.55,0.000,source=fused:fused;speedReason=OK;derived=0.00;locationGapMs=1156;callbackGapMs=1156;fusion=GPS_IMU
LOCATION,1790578768599,29.6491600,52.5150617,,false,1.58,0.000,source=fused:fused;speedReason=OK;derived=0.00;locationGapMs=1025;callbackGapMs=1025;fusion=GPS_IMU
LOCATION,1790578769577,29.6491600,52.5150617,,false,1.61,0.000,source=fused:fused;speedReason=OK;derived=0.00;locationGapMs=979;callbackGapMs=979;fusion=GPS_IMU
